PMID,Title,Abstract,Authors,Journal
42682293,Single-cell mapping of tumor-driven macrophage reprogramming via ETV4-MC1R underlies immunotherapy resistance in colorectal cancer.,"BACKGROUND: Immunotherapy resistance remains a major clinical challenge in advanced microsatellite instability-high (MSI-H) colorectal cancer (CRC), and the underlying gene regulatory networks (GRNs) distinguishing PD-1-resistant from PD-1-sensitive tumors are poorly defined. METHODS: We performed single-cell RNA sequencing on tumor samples from three PD-1-resistant and three PD-1-sensitive MSI-H metastatic CRC patients. Resistance-associated transcription factors were identified by integrating machine learning-based prognostic modeling with GRN reconstruction. Bioinformatic findings were functionally validated using dual-luciferase reporter assays, chromatin immunoprecipitation, and in vitro co-culture experiments. Furthermore, the therapeutic efficacy of co-targeting the ETV4-MC1R axis with anti-PD-1 treatment was evaluated in vivo. RESULTS: Several transcriptional regulators were highly active in resistant tumors, among which the transcription factor ETV4 was markedly upregulated in malignant epithelial cells and played a central role. A prognostic model based on ETV4 downstream target genes effectively stratified CRC into subtypes with distinct outcomes. Transcriptome-wide correlation analysis revealed a strong positive association between ETV4 expression and macrophage markers. Mechanistically, we identified MC1R as a critical downstream target of ETV4 mediating resistance. Functional assays confirmed direct binding and activation of the MC1R promoter by ETV4. Co-culture experiments demonstrated that ETV4-high CRC cells promoted macrophage polarization toward an immunosuppressive M2 phenotype via the MC1R pathway. In vivo validation showed that combining ETV4-MC1R targeting with anti-PD-1 therapy significantly reduced tumor volume by 55.6% compared to anti-PD-1 monotherapy (P < 0.05). CONCLUSION: This study reconstructs the regulatory network underlying PD-1 resistance in CRC at single-cell resolution and reveals a novel tumor-intrinsic ETV4-MC1R signaling axis that drives M2 macrophage polarization and immune evasion. Targeting this pathway presents a promising combination strategy to overcome immunotherapy resistance in CRC.","['Liang R', 'Zhang Y', 'Xing L', 'Wang W', 'Li Y', 'Shen T', 'Cai X', 'Yang Z', 'Li J', 'Yang X', 'Zhang X', 'Wu T']","International journal of surgery (London, England)"
42682261,A tsRNA Suppresses Lung Adenocarcinoma Progression Through Targeting Glucose-6-Phosphate Dehydrogenase.,"Elucidating the molecular distinctions between invasive and non-invasive forms of lung adenocarcinoma is essential for the development of personalized therapeutic approaches and the optimization of patient outcomes. Transfer RNA-derived small RNAs (tsRNAs) have been recognized as pivotal regulators in oncogenic processes. In this study, we identified a specific tsRNA associated with non-invasive lung adenocarcinoma and demonstrated its suppressive effects on cellular proliferation and metastatic potential. At the molecular level, this tsRNA exerts its regulatory function by targeting and repressing G6PD mRNA, thereby perturbing the equilibrium between NADPH and reactive oxygen species (ROS) production. This discovery positions the identified tsRNA as a promising candidate for therapeutic intervention in non-invasive lung adenocarcinoma. Further investigation into the role of tsRNAs in lung adenocarcinoma is imperative to fully harness their potential in clinical management.","['Sha S', 'Zhang M', 'Tao Q', 'Liu Y', 'Bao J', 'Guo P', 'Yan A', 'Wang C']",Journal of biochemical and molecular toxicology
42682185,MRI-based radiomics model for predicting VEGFA expression and prognosis in lower-grade glioma.,"BACKGROUND: Gliomas are the most common primary tumors of the central nervous system. Their treatment remains highly challenging, with high rates of associated disability and mortality. Conventional prognostic indicators no longer adequately satisfy the clinical demands of precision medicine. Therefore, it is essential to further explore novel prognostic biomarkers to enable accurate risk stratification and to provide new reference indicators for personalized precision therapy. PURPOSES: This study aimed to investigate the prognostic significance of vascular endothelial growth factor A (VEGFA) in patients diag nosed with lower-grade gliomas (LGGs) using an MRI based radiomics model. METHODS: Data regarding VEGFA expression and clinical records of LGG patients were retrieved from The Cancer Genome Atlas (TCGA). Corresponding preoperative MRI data were obtained from The Cancer Imaging Archive (TCIA) for radiomic feature extraction. Patients were stratified into high- and low- VEGFA expression groups based on survival information from the current cohort using the survminer package. The overall survival (OS) was assessed using Kaplan-Meier analysis and Cox proportional hazards regression. Predictive models were developed using logistic regression (LR), and model performance was evaluated via receiver operating characteristic (ROC) curve analysis, with area under the curve (AUC) values reported. An optimized model incorporating the Akaike information criterion (AIC) was also constructed (AIC-LR). RESULTS: VEGFA expression was significantly associated with OS (P = 0.002). Multivariate Cox regression confirmed VEGFA as an independent prognostic factor (hazard ratio [HR] = 2.545, 95% confidence interval: 1.422-4.555). Furthermore, VEGFA expression correlated with immune infiltration levels, particularly of M1 and M2 macrophages and T follicular helper cells, and was associated with enrichment in Wnt signaling and B cell receptor signaling pathways. The LR and AIC-LR models demonstrated acceptable predictive performance, with AUCs of 0.728 (95% CI: 0.612-0.843) and 0.725(95% CI: 0.612-0.839) in the training cohort, and 0.704 (95% CI: 0.562-0.847) and 0.718(95% CI: 0.576-0.861) in the validation cohort, respectively. CONCLUSIONS: The MRI based radiomics model showed potential for noninvasive assessment of VEGFA expression and may provide auxiliary information for prognostic evaluation in LGG. Further validation in larger samples and independent external cohorts is required before clinical application.","['Zhao K', 'Hong X', 'Cheng H', 'Xu S', 'Zhao D', 'Lin J', 'Gu Y', 'Ren G', 'Chen B', 'Zhan L', 'Wang Y']",Medical physics
42682049,Impact of leuprolide and goserelin on androgen suppression and adverse events in patients with prostate cancer.,"BACKGROUND: Androgen deprivation therapy (ADT) is widely employed in the management of advanced prostate cancer, with luteinizing hormone-releasing hormone (LHRH) agonists such as leuprolide and goserelin being common options. However, pharmacological and metabolic differences between these agents may affect the efficacy of hormonal suppression and adverse event profiles. This study compared the effects of leuprolide (22.5 and 45 mg) and goserelin (10.8 mg) on prostate-specific antigen (PSA) and testosterone reduction, as well as their metabolic and cardiovascular impacts and the influence of genetic variants on therapeutic response. METHODS: A prospective, randomized, controlled study was conducted with 174 patients diagnosed with prostate cancer and treated with ADT for 12 months. Serum PSA and testosterone levels, lipid and glycemic profiles, and adverse events were monitored. Genetic analyses were performed to identify mutations in the TP53, BRCA1, BRCA2, and ATM genes. RESULTS: All treatment groups exhibited significant reductions in PSA and testosterone levels. Leuprolide 22.5 mg achieved the most pronounced PSA reduction, whereas goserelin 10.8 mg demonstrated greater variability in testosterone during the early months of therapy. Hot flashes were the most frequent adverse event, reported in 90% of patients treated with leuprolide 22.5 mg, while cardiovascular events were more prevalent in the goserelin 10.8 mg group. The TP53 gene was the most frequently altered (20.4%), followed by BRCA2 (7.4%) and ATM (6.5%), though these mutations did not significantly affect treatment response. CONCLUSION: ADT effectively achieves hormonal suppression in prostate cancer; however, differences between LHRH agonists influence clinical and metabolic outcomes. Leuprolide 22.5 mg showed superior PSA reduction but higher rates of vasomotor symptoms and weight gain, while goserelin 10.8 mg was associated with hormonal instability and cardiovascular risk. Genetic findings suggest that BRCA2 variants may affect lipid metabolism, reinforcing the need for personalized ADT strategies integrating metabolic and genetic profiles.","['Freitas CSM', 'Rocha-Silva F', 'Marques-Silva TA', 'de Oliveira ACR', 'da Silva SG', 'Santos Cardoso FD', 'Soares AN']",The Canadian journal of urology
42681996,METTL3-m6A-IGF2BP2 Axis-Mediated Stabilization of MTFR1 Promotes Glycolytic Reprogramming in Colorectal Cancer.,"BACKGROUND: Metabolic reprogramming fuels colorectal cancer (CRC), yet upstream regulators that lock cells into a glycolytic state remain incompletely defined. METHODS: We integrated single-cell and spatial transcriptomics with GWAS-eQTL-Mendelian randomization to nominate CRC-associated candidate genes, and profiled their expression, spatial localization, and prognostic value in patient cohorts. The function of MTFR1 was tested by proliferation, migration/invasion, EMT marker analysis, and Seahorse extracellular-flux assays. Mechanisms were interrogated using MeRIP-qPCR, mRNA stability, and dual-luciferase assays. In vivo relevance was evaluated in subcutaneous xenografts. RESULTS: MTFR1 emerged as a CRC-associated gene whose high expression was associated with poorer overall and disease-free survival. MTFR1 silencing curtailed proliferation, migration and invasion, reversed EMT marker changes, reduced glycolytic rate and ATP output, and increased mitochondrial respiration. In mice, stable MTFR1 knockdown significantly restrained tumor growth. Mechanistically, METTL3 deposited m;6A on MTFR1 transcripts, while IGF2BP2 bound MTFR1 mRNA and enhanced its stability, thereby sustaining MTFR1 expression. CONCLUSION: A METTL3-m;6A-IGF2BP2 axis maintains MTFR1 expression to drive glycolytic reprogramming and CRC progression. MTFR1 represents a prognostic biomarker and a potential therapeutic node linking epitranscriptomic regulation to metabolic adaptation in CRC.","['Wei L', 'Liu D', 'Lin C', 'Song Y', 'Lan D', 'Chi X']",Journal of gastroenterology and hepatology
42681960,"RNF213 regulates palmitate signaling through AAA+ and RZ-finger domains, a process enhanced by gain-of-function moyamoya disease-associated mutations.","RNF213 was originally identified as a susceptibility gene for Moyamoya disease (MMD), and its variants are also associated with other vascular occlusive disorders, including pulmonary arterial hypertension and large-artery atherosclerosis. RNF213 encodes a large protein with AAA+ ATPase and E3 ubiquitin ligase activities and has been implicated in vasculopathy as well as cellular responses to microbial infection and lipid stress. However, the precise biological functions of RNF213 and the pathogenic mechanisms underlying disease-associated mutations remain poorly understood. Recent studies have suggested lipid-induced stress may play a key role in MMD pathogenesis. Therefore, we performed temporal transcriptomic analyses to identify RNF213-regulated signaling pathways in response to palmitate, the most common saturated fatty acid. Our results demonstrate that RNF213 is required for activation of apoptosis, the unfolded protein response, and NFkappaB signaling, as well as for the regulation of autophagy and oxidative stress responses following palmitate exposure. These functions were dependent on both the AAA+ ATPase and RZ-finger domains of RNF213 while MMD-associated RNF213 mutations enhanced palmitate-induced signaling responses. Together, these findings suggest that gain-of-function RNF213 mutations, combined with dysregulated lipid metabolism, contribute to the pathogenesis of RNF213-associated vasculopathies.","['Huang Q', 'Tezuka T', 'Iida K', 'Yang L', 'Koizumi A', 'Mineharu Y', 'Mizushima T', 'Kim M', 'Youssefian S']",The FEBS journal
42681945,Protein Post-Translational Modifications in UV-Induced Skin Damage.,"Ultraviolet (UV) irradiation leads to acute photodamage, photoaging and skin cancers. Post-translational modifications (PTMs) represent a key regulatory layer by modulating protein function, localization and interactions under UV stress. This review discusses the mechanistic involvement of PTMs in UV-induced skin damage and summarizes emerging PTM-related photoprotective strategies. Phosphorylation is a central mediator of UV-induced signal transduction, driving activation of the epidermal growth factor receptor (EGFR) and its downstream signalling pathways. Acetylation exerts distinct regulatory effects: histone acetylation primarily regulates transcription of inflammation-related genes and matrix metalloproteinases (MMPs), while non-histone acetylation modulates cellular senescence and mitochondrial antioxidant defence through modification of key proteins. Ubiquitination regulates protein degradation and, through non-degradative modifications, participates in DNA damage recognition and nucleotide excision repair (NER). Furthermore, other PTMs, including methylation, glycosylation, citrullination, SUMOylation and poly(ADP-ribosyl)ation (PARylation), participate in diverse regulatory processes during UV-induced cutaneous alterations. Experimental and emerging interventions associated with PTMs in UV-induced skin damage range from natural extracts to small-molecule agents and mainly include upstream-level modulation of oxidative stress, metabolic status or key effector protein function, as well as enzyme-level modulation of PTM writers and erasers. Different classes of PTMs contribute to UV-induced skin damage through distinct regulatory mechanisms. Further studies should explore the roles of emerging and less-characterized PTMs and evaluate interventions targeting PTM-regulating enzymes in physiologically relevant skin models.","['Xu Y', 'Zhang C', 'Zhang T', 'Yan Y', 'Wang B']",Experimental dermatology
42681916,Integrative Multi-Omics Analysis Identifies Thrombosis-Associated Molecular Features Linked to Germline Susceptibility and Immune Cell Communication in Gastric Cancer.,"Emerging evidence indicates that coagulation-related molecular programs are associated with thrombosis, tumor progression, and molecular dysregulation in gastric cancer (GC). However, thrombosis-associated molecular features in GC and their potential links to inherited susceptibility remain insufficiently understood. Integrated analyses of transcriptomic data from The Cancer Genome Atlas (TCGA) and Gene Expression Omnibus (GEO) datasets were performed to identify thrombosis-associated genes and establish a machine learning-based prognostic signature. Genome-wide association study (GWAS), expression quantitative trait loci (eQTL), transcriptome-wide association study (TWAS), and Mendelian randomization (MR) analyses were conducted to investigate susceptibility-associated transcriptional programs in GC. Functional assays were used to evaluate candidate genes associated with malignant phenotypes. Single-cell RNA sequencing (scRNA-seq) and cell-cell communication analyses were further performed to characterize cell-type-specific expression patterns and potential intercellular interactions. A total of 22 differentially expressed thrombosis-associated genes were identified, and a prognostic signature comprising 14 genes was established. The signature stratified patients into high- and low-risk groups and showed prognostic performance in both the training and validation cohorts. Integrative GWAS, eQTL, and TWAS analyses identified susceptibility-associated transcriptional programs that were positively correlated with the thrombosis-associated risk score. Silencing ACTN2 and CRYAB significantly reduced GC cell migration and invasion. scRNA-seq analysis revealed relatively high CRYAB expression in neutrophils, and CellChat analysis suggested potential neutrophil-B cell interactions involving COLLAGEN-related signaling. This integrative multi-omics study identified a thrombosis-associated molecular signature linked to prognosis and germline susceptibility-associated transcriptional programs in GC. ACTN2 and CRYAB may represent candidate genes associated with GC cell migration and invasion, while single-cell analysis suggested potential immune-related communication features.","['Lu X', 'Sun L', 'Jin F', 'Cheng B', 'Huang Y', 'Tang Y', 'Nie X', 'Gao F']",Chemical biology & drug design
42681890,Integrative Multi-Omics Mendelian Randomization Analysis Identifies NIT2 as a Potential Metabolic Risk Gene in Hepatocellular Carcinoma.,"BACKGROUND: Metabolic pathways are crucial in hepatocellular carcinoma (HCC) pathogenesis, but causal metabolic genes remain unclear. This study used Summary data-based Mendelian Randomization (SMR) and colocalization to identify metabolism-related genetic loci influencing HCC risk. METHODS: Differentially expressed genes in hepatic malignancy phenotype versus normal tissues from TCGA and GTEx were analyzed. Metabolism-related candidates were examined via SMR and colocalization using multi-omics data: methylation (mQTL), expression (eQTL), and protein (pQTL) quantitative trait loci. RESULTS: Multi-omics integration identified NIT2 as a key metabolic regulator for HCC. The cg13016775 locus of NIT2 was associated with elevated HCC risk at gene (OR = 1.618, 95% CI: 1.199-2.182) and protein (OR = 4.432, 95% CI: 1.783-11.018) levels. Colocalization supported a shared causal variant (PPH4 > 0.6), linking NIT2 to hepatocarcinogenesis via metabolic regulation. CONCLUSIONS: This study provides multi-omics evidence for NIT2 as a potential causal gene in HCC, enhancing understanding of metabolic contributions to HCC pathogenesis and highlighting integrative genomics for uncovering causal relationships.","['Liao Z', 'Fang Q', 'Chen Y', 'Yang X', 'Wu H', 'Wang H', 'Gao J']",The journal of gene medicine
42681870,Elucidating shared genetic signals between type 2 diabetes and three neurodegenerative dementia phenotypes.,"Type 2 diabetes (T2D) and dementia frequently co-occur, yet the biological mechanisms underlying this comorbidity remain incompletely understood. Here, we systematically investigate shared genetic signals between T2D and three forms of neurodegenerative dementia (Alzheimer's disease, Lewy body dementia, and sporadic frontotemporal dementia) using large-scale genome-wide association studies of clinically diagnosed cases. We identify five genomic regions harbouring shared association signals between T2D and at least one dementia subtype. Among these, the APOE locus was common to all dementia subtypes, whereas the remaining four loci (GBA, CRY2/PEX16/MAPK8IP1, INO80E, and NSF) were each shared exclusively between T2D and one dementia subtype. Integrating multi-omics data across several disease-relevant tissues and orthogonal lines of functional evidence, we prioritize 26 candidate genes, through which these shared genetic loci potentially mediate their effect. Pathway enrichment highlights lipid and lipoprotein regulatory biology as a central shared axis. Mendelian randomization analyses using genetically regulated gene expression in relevant tissues indicate pleiotropic mechanisms with divergent phenotypic consequences. Our findings identify shared genetic loci between T2D and neurodegenerative dementia, revealing systemic metabolic-neurodegenerative trade-offs and highlighting key genes that underpin the comorbidity, providing a framework for improved understanding of age-related multimorbidity.","['Arruda AL', 'Singh A', 'Bocher O', 'Voight BF', 'Morris AP', 'Zeggini E']",HGG advances
42681847,Effect of Tertiary Lymphoid Structures on Immune Cell Infiltration in the Tumor Microenvironment and Prognosis in Lung Adenocarcinoma.,"Tertiary lymphoid structures (TLSs) modulate immune responses in various solid tumors, but their comprehensive role in lung adenocarcinoma (LUAD) remains unclear. In this study, we analyzed RNA-seq data from 539 LUAD patients in The Cancer Genome Atlas (TCGA) and microarray data from 223 samples from the Gene Expression Omnibus (GEO, GSE13213, and GSE37745). TLS signatures were evaluated via unsupervised consensus clustering based on 12 chemokine transcriptome signatures. The relationships between TLS and clinical characteristics, tumor microenvironment (TME) cell infiltration, and prognosis were assessed using ESTIMATE and CIBERSORT. A prognostic model was established using LASSO regression and validated with external datasets. Additionally, H&E and IHC analyses were performed to explore associations between intratumoral TLS density, immune-related molecular expression, and patient prognosis in LUAD. Consensus clustering of the TCGA cohort revealed two distinct LUAD patient clusters according to TLS abundance. Cluster 1 exhibited greater immune cell infiltration, more favorable prognosis, and increased expression of immune checkpoint molecules. We developed a prognostic model comprising eight survival-associated genes that act as independent prognostic factors for patient survival. H&E/IHC analyses revealed that TLS density-regardless of pathological stage-was associated with better prognosis; higher intratumoral TLS density/proportion was also related to more favorable outcomes. IHC confirmed that survival-associated genes (CD5, HLA-DMB, and P2RY13) are independent prognostic indicators in LUAD. Our study demonstrated the close relationship between TLS signatures and an active immune microenvironment, highlighting their potential as independent prognostic indicators in LUAD.","['Le S', 'Fang W', 'Le Y', 'Zhang L']",Cancer medicine
42681680,A modular gammadelta TCR-T platform combining KRAS pMHC targeting with re-dosable mRNA engager redirection.,"Solid tumors often evade TCR-engineered alphabeta T cells when antigen expression varies or when the restricting Human Leukocyte Antigen (HLA) allele is lost. gammadelta T cells, in contrast, detect cellular dysregulation through non-peptide/Major Histocompatibility Complex (MHC) cues, including phosphoantigens and stress ligands, and can be developed as allogeneic therapies. Although intratumoral gammadelta T cell signatures are associated with improved outcome across cancers, gammadelta recognition itself is broad and still selected within the thymus just as alphabeta T cell receptors (TCRs) are. It does not, however, anchor specificity to a defined driver-mutation pMHC epitope. We therefore asked whether a high-affinity, co-receptor-independent alphabeta TCR could graft oncogenic-driver specificity onto gammadelta T cells while leaving the endogenous gammadelta TCR intact. We knocked the KRASG12V/HLA-A*11:01 TCR A11v into primary human gammadelta T cells. Engineered cells co-expressed the transgenic alphabeta TCR and the endogenous gammadelta TCR and lysed KRASG12V/HLA-A*11:01(+) tumor cells in vitro and in vivo. To cover potential resistance through loss of HLA-A*11:01, we delivered an mRNA lipid nanoparticle (LNP) encoding a secreted mesothelinxCD3 (M5) bispecific T cell engager (TCE). LNP-M5 produced circulating TCE that redirected gammadelta A11v T cells and polyclonal bystander T cells to kill mesothelin(+) targets, accompanied by development of higher gammadelta A11v T cell counts in vivo. In humanized mice bearing mixed HLA-A*11:01(+) and HLA-A*11:01 - KRASG12V tumors, gammadelta A11v T cells produced transient control, whereas adding LNP-M5 yielded complete responses and prolonged survival. Thus, this two-part therapy couples invariant driver targeting to tunable redirection and addresses loss of the restricting HLA allele, a central escape route for TCR-based therapy. It provides an off-the-shelf reagent to enable KRAS-anchored treatment with the ability to redeliver the reagent.","['Ramirez-Fernandez A', 'Bear AS', 'Kamali E', 'Bartoszek R', 'Ho M', 'Chen GM', 'Dersh D', 'Cordoba-Espejo L', 'Liu J', 'Deng M', 'Velasco-Sidro M', 'Jain A', 'Noll JH', 'Hopkins CR', 'Koucky O', 'Minehart J', 'Dimitri AJ', 'Williams E', 'Lavorando M', 'Segura-Tudela A', 'Scholler J', 'Barber-Rotenberg J', 'Jadlowsky JK', 'Powell DJ', 'Chew A', 'Gonzalez VE', 'Siegel DL', 'Levine BL', 'Lotze MT', 'June CH', 'Riley JL', 'Vonderheide RH', 'Herbst F', 'Fraietta JA']",Journal of hematology & oncology
42681671,High-definition spatial transcriptomics visualizes the cellular and molecular architecture underlying perineural invasion in localized prostate cancer.,"Distinguishing indolent from aggressive tumors remains a key challenge in the clinical management of prostate cancer (PC), highlighting the need for better tools for accurate risk stratification. A defining feature of aggressive PC is its propensity for perineural invasion (PNI), a pathological finding that is associated with poor prognosis. Despite its clinical significance, very little is known about the spatial and molecular determinants of PNI in PC. To address this, we used high-definition spatial transcriptomics (Visium HD) to profile the PNI-associated tumor microenvironment (TME) of a representative PC patient at near single-cell resolution. Spatial mapping of the expressed genes and inferred cell types revealed transcriptionally divergent malignant cell states spatially linked to PNI within this patient. Nerve-invasive PC cells were organized within a distinct spatially localized niche that exhibited altered TME characteristics, including increased proportions of macrophages, CD4 T-cells, and endothelial cells, suggesting coordinated changes in the tumor- and immune microenvironments. The PNI-associated niche in this patient further displayed enrichment of pathways involved in immune regulation and extracellular matrix remodeling, consistent with PNI-associated niche remodeling. APP-CD74 was identified as a potential signaling axis associated with tumor-nerve, nerve-macrophage, and nerve-endothelial cell interactions, suggesting PNI in this patient may be associated with distinct microenvironmental signaling programs. We further revealed a PNI-associated PC signature that held biomarker potential at the early-localized and advanced-metastatic disease stages. Although based on a single patient, these results contribute to our understanding of the spatial and molecular features of PNI in PC and may help guide personalized treatment choices for PC patients in the future.","['Salachan PV', 'Raaby L', 'Fredsoe J', 'Ulhoi B', 'Borre M', 'Sorensen KD']",Journal of hematology & oncology
42681644,Glutathione reductase deficiency potentiates the immunogenicity of ferroptosis and cuproptosis via amplified reactive oxygen species accumulation and cGAS-STING pathway activation.,"BACKGROUND: Cancer remains a major therapeutic challenge due to drug resistance and metastasis, processes driven by oxidative stress and redox imbalance. Targeting this vulnerability through ferroptosis (iron-dependent lipid peroxidation) and cuproptosis (copper-driven mitochondrial dysfunction), two ROS-mediated cell death pathways, offers a promising therapeutic strategy. However, clinical translation is hindered by incomplete understanding of their redox regulation and limited immunogenicity. METHODS: A genome-wide CRISPR knockout screen was performed to identify key regulators of ferroptosis. Genetic depletion or pharmacological inhibition of candidate genes was evaluated across multiple cancer cell lines for sensitivity to ferroptosis inducer RSL3 and the cuproptosis inducer elesclomol (Es). Antitumor efficacy was assessed in xenograft, orthotopic, metastatic, and syngeneic mouse models, alone or combined with immune checkpoint inhibitors. Mechanistic studies also examined ROS production, mitochondrial stress, mitochondrial DNA release, cGAS-STING activation, and immune responses within the tumor microenvironment. RESULTS: Glutathione reductase (GSR), a central enzyme maintaining reduced glutathione (GSH) homeostasis, was identified as the top suppressor of ferroptosis. GSR knockout or pharmacological inhibition markedly sensitized diverse cancer cell lines to RSL3-induced ferroptosis, while GSR overexpression conferred resistance. Strikingly, GSR depletion also enhanced sensitivity to cuproptosis triggered by the copper ionophore Es. In multiple in vivo tumor models, GSR inhibition synergizes with RSL3 or Es to suppress tumor growth, inhibit lung metastasis, and prolong survival. Mechanistically, GSR deficiency amplified ROS production, induced mitochondrial stress, and triggered the cytosolic mitochondrial DNA release under ferroptotic or cuproptotic stress, activating the cGAS-STING pathway in vitro and in vivo. This increased inflammatory cytokine production, promoted immunogenic cell death, and enhanced the release of damage-associated molecular patterns (DAMPs), including HMGB1. Together, GSR inhibition combined with a ferroptosis or cuproptosis inducer transformed the tumor microenvironment into a highly immune stimulatory state, thereby enhancing the efficacy of immune checkpoint blockade through increased dendritic cell activation and T-cell infiltration and activation. CONCLUSIONS: GSR represents a key molecular node connecting and modulating ferroptosis and cuproptosis through redox regulation. Targeting GSR amplifies ROS-mediated immunogenic cell death, triggers cGAS-STING activation in cancer cells, and enhances the efficacy of cancer immunotherapy, providing a promising redox-based therapeutic strategy.","['Deng X', 'Deng Z', 'Zhu B', 'Hu R', 'Ma J', 'Li C', 'Zhang P', 'Li L', 'Yang H', 'Liu Y', 'Yu YV', 'Jin YN']",Journal of hematology & oncology
42681577,Transcriptome Dynamics From Primary Gastric Cancer to Peritoneal Metastases: Translational Insights for Surgical Oncology.,"BACKGROUND AND AIMS: Peritoneal metastases (PMs) represent the most frequent, clinically challenging dissemination pattern in advanced gastric cancer, especially poorly cohesive (PCGC) subtype, and are associated with poor prognosis. We aimed to characterize the transcriptomic landscape of primary gastric tumors (PGTs) and matched PMs to identify differential molecular programs, tumor-microenvironment (TME) features, and potential biomarkers. METHODS: We analyzed 55 FFPE samples from 23 treatment-naive patients with synchronous peritoneal-only stage IV PCGC and 10 non-neoplastic gastric controls (NNC). RNA sequencing was analyzed using DESeq2 and GSEA, with cell proportions estimated through immune deconvolution (TIMER/xCell). RESULTS: A total of 4279 differentially expressed genes were identified across all groups. CLDN18 expression progressively decreased from NNCs to PGTs and PMs. Direct PGT-PM comparison revealed that PGTs were characterized by cytoskeletal and extracellular-matrix remodeling genes upregulation, mitotic/cell-cycle, NOTCH and apical-junction pathways enrichment, and memory T-cell predominance. Compared with PGTs, PMs showed increased IGF1, IGFN1, NTRK2 and adipogenesis-related transcripts, adipogenesis and MAPK7/11-NTRK2 signaling enrichment, and macrophage-dominant and dendritic-cell-dominant microenvironments. epithelial-mesenchymal transition (EMT), inflammatory pathways, and cancer-associated fibroblasts were shared by both tumor lesions. PMs did not match established TCGA or PCGC subtypes, suggesting a distinct molecular identity. CONCLUSIONS: PMs are characterized by TME remodeling and transcriptional reprogramming. Shared EMT and inflammatory pathways act as bridge linking PGT to PM, consistent with adaptive exploitation of physiological peritoneal programs. Collectively, our findings suggest a transcriptomic framework in which PM can be characterized as a distinct niche-conditioned biological entity and support microenvironment-informed diagnostic and therapeutic strategies.","['Bencivenga M', 'Simbolo M', 'Gobbo S', 'Franceschi A', 'Sandri A', 'Verlato A', 'Filippini F', 'Secchettin E', 'Tedone F', 'Migliore C', 'Luchini C', 'Ewald J', 'Lawlor RT', 'Nottegar A', 'de Manzoni G']",Annals of surgery
42681552,European Consortium for Lipodystrophies consensus definition and classification framework for monogenic lipodystrophy.,"Lipodystrophy comprises a heterogeneous group of disorders characterized by reduced adipose tissue often associated with severe metabolic complications. Lipodystrophy may be genetic, acquired, or secondary to medical therapies initiated for other conditions. Despite major advances in understanding adipose tissue biology and in human genetic technologies, diagnosis of lipodystrophy is still commonly delayed or missed. Conversely, increasing use of next-generation sequencing has led to proliferation of proposed new genetic causes of lipodystrophy with variable supporting evidence. To address these challenges, an international expert working group from the European Consortium for Lipodystrophies first developed a consensus definition of lipodystrophy as deficient development and/or inadequate maintenance of adipose tissue not attributable to nutritional deprivation or a systemic catabolic state. Anatomical adipose deficiency alone is generally insufficient for diagnosis, with evidence of adipose tissue dysfunction or pathology also usually required. Building on this definition, a framework for evaluating candidate monogenic lipodystrophy syndromes is suggested, based on the strength of human phenotypic, genetic, and biological evidence. Primacy was assigned to direct evidence from affected individuals, with genetic and biological evidence considered supportive but not determinative. This approach accommodates both the variable penetrance and expressivity characteristic of many lipodystrophy syndromes and potential discrepancies between human observations and experimental models. Although the proposed definition is applicable across all forms of lipodystrophy, the classification system described here is restricted to monogenic disorders. Together, these tools aim to improve clinical recognition, promote diagnostic consistency, and provide a robust and adaptable framework for evaluating emerging gene-disease associations in lipodystrophy.","['Semple RK', 'Wabitsch M', 'Akinci B', 'Alyaarubi S', 'Broekema MF', 'Brown RJ', 'Ceccarini G', 'Cecchetti C', 'Elsayed SM', 'Fernandez-Pombo A', 'Gambineri A', 'Jazet IM', 'Kleinendorst L', 'Miehle K', 'Oral EA', 'Prodam F', 'Santini F', 'Savage DB', 'Ali NS', 'Sorkina E', 'Szopa M', 'Vantyghem MC', 'Vatier C', 'Vigouroux C', 'von Schnurbein J', 'Araujo-Vilar D']",Journal of internal medicine
42681432,Building the Toolkits to Examine the Expression and Associated Regulation of RBC Alloantigens.,"The Rh blood group system is the most polymorphic and clinically significant blood group system after ABO. The RhD protein, in particular, encompasses numerous conformation-dependent epitopes that can elicit alloimmune responses, leading to hemolytic disease of the fetus and newborn or hemolytic transfusion reactions. Despite this, traditional serologic methods for RhD typing lack sensitivity and specificity to detect RhD variants like partial D and DEL phenotypes. This chapter describes molecular methods to characterize RhD mRNA expression and identify transcript variants in immortalized leukemic or erythroid cell lines and primary reticulocytes. Conventional PCR and quantitative real-time PCR assays were developed using primers designed against the full-length transcripts of RhD and RhCE and known splicing isoforms of RhD. The relative abundance of RhD isoforms in K562 cells was determined from public RNA-seq databases such as Cancer Cell Line Encyclopedia to guide primer design and template input amounts. The methods detail RNA extraction, cDNA synthesis, PCR amplification, and quantitative real-time PCR quantification protocols, with representative results shown for multiple cell lines that are widely used in research settings. To enable unbiased discovery of novel RhD transcript isoforms, a Nanopore long-read cDNA sequencing approach was established. As an orthogonal method, the flow cytometry assay was optimized to detect the RhD full-length protein on the cell surface. These molecular and cellular approaches complement serologic methods and support the transition to genomics-based approaches for Rh typing. Transcriptome-level data, supported by protein-level validation, can provide insights into the regulation of RhD expression and the functional impact of variants. These protocols can be readily applied to erythroid cell lines for mechanistic studies and extended to other blood group genes.","['Liu J', 'Guan X', 'Wang J', 'Shen Z', 'Chang D', 'Li L', 'Liu Z', 'Chai L']","Methods in molecular biology (Clifton, N.J.)"
42681321,isoTar: miRNA-Target Consensus Prediction with Enrichment Analysis for Canonical and Modified miRNAs.,"Over the past few decades, microRNAs (miRNAs) have gained significant attention for their role in regulating gene expression and their association with various diseases, including cancer. These small noncoding RNAs (sncRNAs) have been identified as crucial regulators of different biological functions. However, recent advancements in high-throughput sequencing technologies have revealed a more complex miRNAome, driven by phenomena such as RNA editing and isomiRs, which modify miRNA sequences. This increasing complexity has necessitated the development of new tools to analyze the miRNAome and better understand their biological roles. To address this challenge, isoTar was developed-a high-performance, web-based containerized application designed for miRNA consensus-targeting prediction and functional enrichment analyses. This chapter provides a comprehensive overview of isoTar ( https://ncrnaome.osumc.edu/isotar/ ), including benchmarks of its performance and a guide to its usage.","['Di Bella S', 'Orilio F', 'Gu S', 'Distefano R', 'Liu J', 'Gaggianesi M', 'Brancaccio RN', 'Feng S', 'Lagana A', 'Acunzo M', 'Ma Q', 'Nigita G']","Methods in molecular biology (Clifton, N.J.)"
42681318,Target-Directed miRNA Degradation: Mechanisms and Significance.,"MicroRNAs are small noncoding RNAs that regulate gene expression within cells through the translational repression or degradation of targeted mRNA. miRNAs undergo a multiphase synthesis that includes conformational changes mediated by Drosha, Dicer, and Argonaute to integrate mature miRNA into the RNA-induced silencing complex to target messenger (m)RNA. miRNAs have been characterized through their transcription and biogenesis; however, the mechanism regarding miRNA turnover is less comprehensible because of the stability of each miRNA. Target-directed miRNA degradation (TDMD) is dependent on the stability of miRNAs, which modulates the decay rate of miRNAs. This mechanism is initiated through target RNAs' engagement with miRNAs via the 3' end complements, which induces Argonaute rearrangement. These rearrangements of Argonaute can be induced through tailing and trimming, with one of the central initiators being the ZSWIM8 E3 ubiquitin ligase. Tailing and trimming are often associated with TDMD, and the mechanistic role is context-dependent. This mechanism provides a regulation process in which mRNA is actively repressed and silenced by the miRNA. The significance of TDMD lies in its role in post-transcriptional regulation of miRNA expression, its implications for therapeutic treatments, and its association with various diseases.","['Attathikhun M', 'Jurj A', 'Calin GA']","Methods in molecular biology (Clifton, N.J.)"
42681084,Identification of a metastasis-associated prognostic gene signature in osteosarcoma through integrated bioinformatics and functional analysis.,"Osteosarcoma is a highly aggressive bone malignancy with a strong tendency for metastasis and poor clinical outcomes. The molecular mechanisms driving osteosarcoma progression and metastasis remain incompletely understood, highlighting the need to identify robust biomarkers and therapeutic targets. Weighted gene co-expression network analysis (WGCNA) was performed using osteosarcoma datasets from the Gene Expression Omnibus to identify metastasis-associated gene modules and hub genes. Expression, methylation, mutation, immune infiltration, and drug sensitivity analyses were conducted using multiple public databases, including TCGA, GSCA, UALCAN, and cBioPortal. A prognostic model was developed using the TARGET osteosarcoma cohort and validated in an independent GEO dataset. Functional roles of hub genes were investigated through loss- and gain-of-function experiments in sarcoma cell lines using RT-qPCR, Western blotting, proliferation, colony formation, wound-healing, and luciferase reporter assays. Four hub genes, AURKB, CDC20, KIF11, and TOP2A, were identified as strongly associated with metastasis. These genes were significantly upregulated in sarcoma tissues and cell lines and demonstrated excellent diagnostic performance. Promoter hypomethylation and frequent genomic alterations contributed to their aberrant expression. High expression of the hub genes was associated with poor overall survival, and a four-gene prognostic model showed strong predictive performance in both training and validation cohorts. Functional assays confirmed that these genes promote sarcoma cell proliferation and migration, while miRNA-mediated regulation and drug resistance associations further highlighted their biological relevance. This integrated computational and experimental study identifies AURKB, CDC20, KIF11, and TOP2A as key oncogenic drivers in osteosarcoma, with significant diagnostic, prognostic, and therapeutic implications.","['Xia Q', 'Meng X', 'Wu X', 'Li X', 'Fei T', 'Rong K']",Mammalian genome : official journal of the International Mammalian Genome Society
42680803,Altered ANG/TIE gene expression in advanced ovarian cancer is not accompanied by disproportionate body water accumulation relative to perioperative fluid balance.,"Abdominal cytoreductive surgery due to advanced-stage ovarian cancer (OC) often requires extensive fluid administration to stabilize hemodynamic conditions. Recently, systemic changes in the expression profile of Angiopoietin (ANG)/TIE axis genes have been demonstrated in those patients, raising the question whether they exhibit an inherent clinical phenotype associated with vascular dysfunction and leakage that may explain the significant perioperative fluid demands. Abdominal muscle tissue gene expression analysis as well as pre- and postoperative whole-body bioelectrical impedance analysis (BIA) in patients with OC (n = 20) and in control subjects (n = 16) were performed, and Total Body Water (TBW), Extracellular Water (ECW) and the ECW/TBW ratio were calculated. Intraoperative management comprised advanced hemodynamic monitoring and goal-directed therapy. Data are given as median values with interquartile range (IQR). Postoperative fluid balance normalized to duration of surgery was greater in OC group (11.2 (IQR 9.8-13.2) vs. 8.3 mL/min (6.3-10.8) in controls, p = 0.01), as was the maximum body weight-adjusted norepinephrine administration rate (p < 0.001), whereas the intraoperative fluid administration rate did not differ between groups (p = 0.29). Gene expression analysis revealed significantly increased ANG-2/1 and ANG-2/TIE2 expression ratios in peripheral muscle tissue from OC patients (p < 0.01), while additional markers of angiogenesis, endothelial activation, adhesion, and vascular barrier integrity showed no significant intergroup differences. ANG-2/1 gene expression ratio was significantly associated with postoperative fluid balance in the whole cohort (r = 0.54, p < 0.001). There were no pre- or postoperative intergroup differences in TBW, ECW and in the ECW/TBW ratio. However, intraoperative percentage increase in BIA parameters was significantly more pronounced in the OC group, compared to controls (TBW: 12.3 (9.9-14.6) vs. 8.1% (5.2-9.0), p < 0.001; ECW: 21.7 (17.1-25.9) vs. 15.5% (11.0-18.1), p < 0.001; ECW/TBW: 8.7 (7.7-10.4) vs. 6.9% (5.1-8.5), p = 0.006). Importantly, the relationships between perioperative fluid balance and changes in TBW, ECW and ECW/TBW ratio did not differ between groups (group x fluid balance interactions: p = 0.614, p = 0.511, and p = 0.545, respectively). In contrast, these BIA-derived changes increased progressively with longer duration of surgery in OC patients but not in controls, resulting in significant group x duration of surgery interactions (p = 0.030, p = 0.018, and p = 0.037, respectively). Patients with advanced-stage OC exhibited altered ANG/TIE gene-expression profiles, greater vasopressor requirements, and a distinct time-dependent pattern of perioperative body-water accumulation during cytoreductive surgery. However, BIA did not demonstrate a disproportionate increase in body water relative to positive fluid balance compared with controls. Thus, the observed alterations in ANG/TIE gene expression were not accompanied by a detectable systemic vascular leakage phenotype using BIA.","['Reifenhaeuser S', 'Stein K', 'Frede S', 'Egger EK', 'Mustea A', 'Coburn M', 'Klaschik S', 'Soehle M', 'Hilbert T']",Scientific reports
42680732,In vivo CRISPR screening identifies metastasis suppressors in triple-negative breast cancer.,"Metastatic cancer remains the leading cause of cancer-related mortality, yet tumor cell-intrinsic mechanisms restraining metastatic dissemination remain incompletely defined. Here, we perform an unbiased in vivo genome-wide CRISPR/Cas9 loss-of-function screen in a breast cancer xenograft model to identify regulators of metastatic progression. This approach uncovers clinically relevant metastasis suppressor genes (MSGs), including VPS45, CMTR2, RBSN, and NF2, whose loss enhances lung colonization. Functional validation demonstrates that depletion of these genes promotes epithelial-to-mesenchymal transition, migration, invasion, intravasation, and angiogenesis, whereas CRISPR-mediated activation suppresses metastatic spread. Integration with patient datasets reveals reduced expression in tumors and associations with advanced disease, with higher expression trending toward improved outcomes. Notably, CMTR2 loss induces vascular remodeling and intratumoral heterogeneity, supporting a role in tumor-vascular interactions. Collectively, this study identifies a network of MSGs that constrain tumor dissemination and highlights the power of in vivo CRISPR functional genomics to uncover regulators of metastatic disease.","['Galal S', 'Chaltel Lima L', 'Wang N', 'Moury C', 'Yan G', 'Dai M', 'Ali S', 'Lebrun JJ']",Nature communications
42680753,The insulin-like growth factor 2 mRNA-binding protein 2 affects tumor cell metabolism via mitochondrial transporter activity and lipid alterations.,"The insulin-like growth factor 2 mRNA-binding protein (IGF2BP) family is overexpressed in cancer and associated with poor prognosis. IGF2BP2 has been linked to single metabolic alterations by acting on its RNA targets. Here, we used a comprehensive approach to elucidate the effects of IGF2BP2 on primary and lipid metabolism. (13)C-metabolic flux analysis (MFA) combined with RNA-Seq data revealed that IGF2BP2 affects mitochondrial fluxes by regulating the expression of several mitochondrial transporters, such as mitochondrial pyruvate carrier 1 (MPC1) and uncoupling protein 2 (UCP2). Methyl pyruvate reversed the gene expression patterns of UCP2 and CPT1A in HCT116 IGF2BP2 knockout (KO) cells by bypassing MPC1. Interestingly, an altered expression of the transporter UCP2 was also observed in a patient-derived tumor organoid (PDO), in which IGF2BP2 was knocked down. The altered glutamine metabolism seen in the (13)C-MFA and the citrate label data derived from extracted mitochondria confirm a rerouting of glutamine almost exclusively into the mitochondria and a reduction of glycolytic carbon intake into the mitochondria. Due to changes in palmitate labeling patterns, lipid stainings were performed, suggesting lipid accumulation in KO cells. A lipidomic analysis revealed altered compositions across almost all lipid species. Further, lipogenic genes involved in fatty acid and cholesterol metabolism were differentially expressed. Most of the differentially expressed genes are potential direct targets of IGF2BP2 based on publicly available IGF2BP2 CLIP data. Overall, these results show the influence of IGF2BP2 on the central carbon metabolism of cancer cells, primarily through its effects on MPC1 and the resulting effects on UCP2. The complex interaction of IGF2BP2 with the metabolic network provides important insights into tumor metabolism, particularly relevant to tumor growth and resistance to therapy.","['Kendzia S', 'Franke S', 'Pirritano M', 'Grafahrend-Belau E', 'Kohler N', 'Bauchspiess T', 'Franzenburg S', 'Horing M', 'Raab E', 'Schmeier L', 'Surmeli S', 'Erdmann F', 'Klose J', 'Kleeff J', 'Boettcher M', 'Liebisch G', 'Pauling JK', 'Simon M', 'Junker BH', 'Kessler SM']",Cell death discovery
42680704,Age-Associated Four-Gene Prognostic Signature in Breast Cancer.,"BACKGROUND: Young-onset breast cancer is associated with inferior disease-free survival (DFS), but the contribution of additional molecular heterogeneity remains unclear. AIMS: To identify an exploratory age-associated gene expression signature linked to recurrence-related outcomes and evaluate its prognostic association. METHODS AND RESULTS: We analyzed clinicopathological and RNA-sequencing data from 821 patients with Stages I-III invasive ductal or lobular carcinoma in The Cancer Genome Atlas, including 142 patients aged </= 45 years. Genes associated with both age and DFS were screened, followed by LASSO-Cox and stepwise multivariable Cox regression. A four-gene signature (Sig4: C4orf14 [NOA1], LINC01124, ZNF704, and AGFG2) was identified. Young patients had significantly worse DFS than older patients, whereas overall and disease-specific survival did not differ significantly. After adjustment for clinicopathological factors, young age remained associated with worse DFS. Following inclusion of the continuous Sig4 score, the age association was attenuated and no longer statistically significant, while Sig4 remained independently associated with worse DFS. Sig4-high tumors were enriched for proliferation, cell-cycle, DNA-repair, metabolic, and stress-response pathways. In METABRIC, the fixed TCGA-derived Sig4 score was associated with worse relapse-free survival in the overall cohort but not in patients aged </= 45 years. CONCLUSION: Sig4 is an exploratory age-associated four-gene signature with potential general prognostic relevance in breast cancer. Its utility for risk stratification specifically in young-onset breast cancer was not externally validated and requires confirmation in independent prospective cohorts enriched for young patients.",['Uchida S'],"Cancer reports (Hoboken, N.J.)"
42680595,Real-World Multicentre Evaluation of GALEAS Bladder for Detecting Bladder Cancer in UK NHS Haematuria Clinics.,"BACKGROUND AND OBJECTIVE: Cystoscopy is a core component of haematuria investigations; however, it is invasive and resource intensive. GALEAS Bladder is a DNA-based diagnostic urine test that measures mutations in 23 bladder cancer (BC)-associated genes. OBJECTIVE: We aimed to assess the diagnostic performance of GALEAS Bladder in real-world patients with haematuria and its utility as a molecular triage tool in this setting. METHODS: Patients referred for urgent investigation of haematuria were prospectively enrolled across seven UK National Health Service urology departments between October 2024 and June 2025. Urine samples were collected prior to cystoscopy and analysed by GALEAS Bladder. Assay results were compared with cystoscopy and biopsy/transurethral resection of bladder tumour findings. KEY FINDINGS AND LIMITATIONS: Cystoscopic findings and GALEAS Bladder results were available for 964 participants (575 visible and 294 non-visible haematuria, 95 unknown), including 77 (8.0%) newly diagnosed with pathology-confirmed BC. The assay detected 71 of the 77 BCs, including all 17 muscle-invasive BCs and 35 of the 36 high-grade BCs, with negative predictive value >99% (95% confidence interval [CI] 98-100), positive predictive value 50% (95% CI 42-58), positive likelihood ratio (LR) 11.5, and negative LR 0.09. Decision curve analysis showed net benefit over cystoscopy for all referrals. Limitations include observational study design over a limited timeframe and absence of subsequent diagnoses for participants with positive GALEAS Bladder test results without cystoscopically visible tumour. CONCLUSIONS AND CLINICAL IMPLICATIONS: GALEAS Bladder is a clinically implementable molecular urine test that detects new cases of BC with high negative predictive value and favourable LRs in patients undergoing urgent investigation of haematuria. These data show that GALEAS Bladder can be used now to triage patients with haematuria to immediate or deferred cystoscopy.","['Silcock L', 'Hastings RK', 'Clokie S', 'Sadler R', 'Parks M', 'Smith M', 'Hewitt V', 'Douglas-Moore JL', 'Wignall H', 'Escabelado H', 'Piedad J', 'Kanabar S', 'Blick C', 'Mohee A', 'Pumfrey N', 'Coull N', 'Goffe A', 'Tippett R', 'Laird A', 'Shah CP', 'MacKay M', 'Owen C', 'Mufti U', 'Ward DG', 'Bryan RT']",European urology oncology
42680145,Ploidy-Dependent Response to Anticancer Drugs of Human Embryonic Stem Cells.,"Polyploidy is normally found in numerous tissues and cell types in the generally diploid human body and is crucial for proper development. However, polyploidy, and especially triploidy, can also be found in malignant tumours and is often associated with chemoresistance, stemness and metastatic capabilities. Here, we utilise our isogenic haploid, diploid and triploid human embryonic stem cell (hESC) lines to study the effect of ploidy on the response to four different anticancer drugs. Surprisingly, we show that triploid cells are more sensitive to chemotherapy-induced apoptosis and cell cycle arrest than diploid and haploid cells, correlated with higher levels of DNA damage. This phenotype is regulated by p53, as it was reversed in TP53-KO cells, where triploid mutant cells display higher resistance to the chemotherapies we applied compared to mutant haploid and diploid cells. The reversal from sensitivity to resistance, driven by TP53-KO of the triploid cells, was accompanied by a reversal in the enrichment of DNA repair, replication and cell division related genes, compared to their diploid counterparts. Conversely, triploidy triggered DNA damage-induced differentiation in both WT and TP53-KO treated cells, pointing to a ploidy-dependent response not mediated by p53. In addition, we show that cancer cell lines also display similar ploidy-dependent anticancer drug responses to our TP53-KO hESCs. These findings uncover the interplay between ploidy and the p53 pathway in determining the outcome of anticancer therapeutics, and display the potential use of isogenic hESCs, differing only in their ploidy level, in studying the impact of ploidy on chemotherapy response.","['Haim-Abadi G', 'Benvenisty N']",Cell proliferation
42680131,Immunohistochemical evaluation of Ki-67 and GLI1 in sporadic and nevoid basal cell carcinoma syndrome-associated odontogenic keratocysts.,"INTRODUCTION: Odontogenic keratocyst (OKC) is a developmental odontogenic cyst that may occur sporadically (OKCsp) or in association with nevoid basal cell carcinoma syndrome (NBCCS) (OKC-sy). NBCCS is an autosomal dominant disorder characterised by morphological abnormalities and an increased predisposition to several neoplasms, including basal cell carcinomas. Mutations in the tumour suppressor gene PTCH1 have been reported in patients with OKC and NBCCS. PTCH1 participates in a signalling cascade that culminates in the translocation of GLI transcription factors to the nucleus, thereby activating target genes involved in cell proliferation. Aberrant GLI1 expression has been associated with increased proliferation in lung adenocarcinoma and other cancers. OBJECTIVE: To compare GLI1 and Ki-67 protein expression in OKCs associated with NBCCS versus sporadic OKCs. MATERIALS AND METHODS: We included 13 OKCsp and 9 OKCsy from a children's hospital and university ... Immunohistochemistry was performed using anti-GLI1 and anti-Ki-67 to assess GLI1 expression and cell proliferation. RESULTS: No significant differences were observed in GLI1 or Ki-67 expression in the epithelial component of OKCsy versus OKCsp. A positive correlation between GLI1 and Ki-67 expression was detected in the total sample (r = 0.71, p < 0.05). CONCLUSION: The positive correlation between GLI1 and Ki-67 expression in OKCs suggests an association between SHH pathway activity and cell proliferation in both sporadic and syndromic lesions.","['Oyarzun-Puga E', 'Escobar-Lopez E', 'Velozo-Papez L', 'Espinoza-Santander I', 'Ortega-Pinto A']",Revista espanola de patologia : publicacion oficial de la Sociedad Espanola de Anatomia Patologica y de la Sociedad Espanola de Citologia
42679915,TIL Therapy in Relapsed/Refractory Neuroblastoma: A Translational Roadmap from Immunobiology to Early-Phase Trials.,"Relapsed or refractory neuroblastoma (R/R NB) is one of the most challenging pediatric cancers, with long-term survival rates below 20%. Both standard chemotherapy and single-target immune cell therapies are associated with significant limitations. Chemotherapy is unable to clear minimal residual disease in the majority of cases, and engineered cell therapies lose efficacy when tumors drop the target antigen because of intratumoral heterogeneity. Thus, tumor-infiltrating lymphocyte (TIL) therapy offers an alternative approach. TILs are polyclonal and have previously engaged with the tumor, so they can recognize a broad spectrum of patient-specific antigens and are less likely to be compromised by the loss of a single antigen. Nevertheless, early efforts to evaluate TIL therapy in R/R NB have encountered important challenges. The primary obstacles include unsuccessful TIL manufacturing, immunosuppressive tumor microenvironment (TME), and defective antigen presentation due to MYCN-driven loss of MHC class I and impaired interferon signaling. These challenges necessitate novel approaches, such as antigen enrichment or MHC-independent engineering. This review summarizes the results of preclinical research over three decades, categorizing studies into three major periods with distinctive determinants of TIL therapy efficacy in NB. Key clinical studies are also summarized to inform the development, safety, and feasibility of TIL therapy in pediatric NB patients. Finally, a translational roadmap is proposed that integrates gammadelta TIL enrichment, cell engineering, TME modification, and biomarker-driven patient selection to guide early-phase clinical trials in R/R NB.","['Mohseni R', 'Kalantari A', 'Behfar M', 'Karimizadeh Z', 'Khalilzadeh F', 'Eftekhar A', 'Jafari L', 'Hamidieh AA']",Critical reviews in oncology/hematology
42679897,IL-33/IL1RL1 (ST2) signalling drives immune suppression in squamous intraepithelial hyperplasia.,"IL-33, an alarmin cytokine binding to IL1RL1 (ST2) receptor, plays a multifaceted role in cancer. Using an HPV16-E7 oncoprotein-mediated murine model of squamous intraepithelial hyperplasia, a pre-stage of squamous cell carcinoma (SCC), we characterised the interactions of hyperproliferative epithelial cells and immune cells regulated by IL-33 and IL1RL1. We show that basal epithelial cells in epithelial hyperplasia co-express IL-33 and genes involved in MHC class II antigen presentation and in epithelial stress response. Using spatial transcriptomics, we demonstrate that IL1RL1(+)Foxp3(+)Tregs are in close proximity to IL-33-expressing cells, in both the murine model and in human cervical intraepithelial neoplastic tissues. Cytoplasmic location of IL-33 is associated with its bioactivity, and we show that a subset of epithelial cells in epithelial hyperplasia contains high levels of cytoplasmic IL-33. Genetic deletion of the IL1RL1 gene led to partial rejection of HPV16-E7-expressing skin grafts, demonstrating that IL1RL1 plays a functional role in mediating immune suppression in epithelial hyperplasia. IL1RL1-deletion further led to a significant reduction in Tregs in epithelial hyperplasia. The IL1RL1 signalling pathway, therefore, represents a potential therapeutic target for intraepithelial hyperplasia and SCC.","['Zhou C', 'Gonzalez Cruz J', 'Teoh SM', 'Tran M', 'Goh D', 'Narayanan D', 'Tan X', 'Dang TVT', 'Tuong ZK', 'Gillinder K', 'Bashaw A', 'Wells JW', 'Frazer IH', 'Nguyen Q', 'Chen Y', 'Yu M', 'Chandra J']",Tumour virus research
42679813,Oncogene activation mechanism determines the limits of targeted protein degradation.,"Protein degrader drugs such as PROTACs are being advanced as therapeutics targeted against oncogenic proteins. During tumorigenesis, oncogenic proteins can become constitutively activated via mechanisms including gene amplification, which increases protein production, and point mutations, which can extend protein half-life. Few experimental studies have addressed how disease-associated changes in target protein homeostasis influence PROTAC activity. We developed orthogonal methods to increase production or enhance stability of beta-catenin, an important oncoprotein and target for degrader therapeutics, and used the dTAG system to evaluate the consequences for PROTAC activity. Stabilizing oncogenic missense mutations increase protein expression up to 5-fold but do not alter the PROTAC-imposed minimal steady-state level. In contrast, transcriptional upregulation increases both pre- and post-treatment target levels, revealing a synthesis-dependent ceiling on achievable depletion. Our results highlight distinct constraints on PROTAC activity arising from different mechanisms of oncogene activation, with potential implications for preclinical modeling, drug resistance and personalized medicine.","['Gudauskaite E', 'Hernandez-Moran B', 'Taylor GCA', 'Wood AJ']",Cell chemical biology
42679812,Tumor immune microenvironment remodeling predicts response to checkpoint inhibitor therapy.,"Immune checkpoint inhibitors (ICIs) have transformed cancer therapy, yet the basis of variable patient responses remains unclear. We assemble a longitudinal single-cell RNA sequencing atlas of 441 samples from 241 patients across ten cancer entities to map treatment-associated remodeling of the tumor immune microenvironment (TIME). With a hierarchical reference-guided deep-phenotyping framework, we define 77 immune and stromal subtypes and resolve four conserved TIME subtypes. Approximately 40% of tumors shift between states during therapy, and the transition is more predictive of outcome than the baseline state. Favorable transitions toward inflamed or B cell-enriched subtype track with improved response and survival, while persistence in or shifts toward myeloid dominance indicate resistance. We derive a 59-gene signature that predicted response and survival for 1,383 baseline tumors across 19 independent cohorts. These findings establish immunotype transitions as a central determinant of ICI efficacy, offering new avenues for response prediction and rational immunotherapy design.","['Lin Z', 'Chandra M', 'Srinivas N', 'Ugurel S', 'Becker JC', 'Aran D']",Cancer cell
42679593,Haploidentical transplantation versus umbilical cord blood transplantation in acute myeloid leukemia with measurable residual disease.,"Post-transplant cyclophosphamide-based haploidentical transplantation (PTCy-haplo) and umbilical cord blood transplantation (uCBT) have the potential to mitigate the adverse impact of pretransplant measurable residual disease (MRD) on post-transplant survival of patients with acute myeloid leukemia (AML). To compare outcomes between PTCy-haplo and uCBT in patients with MRD-positive AML, we retrospectively analyzed MRD-positive AML patients aged >/=16 years enrolled in the Japanese nationwide registry from 2015 to 2023 who underwent PTCy-haplo (n = 94) or single uCBT (n = 275) as first transplantation. MRD was evaluated by polymerase chain reaction for chimeric genes (n = 139) or Wilms' tumor 1 expression (n = 230). In multivariable analyses, the PTCy-haplo and uCBT groups showed comparable relapse-free survival (RFS) (hazard ratio [HR], 1.06; 95% confidence interval [CI], 0.67‒1.67; P = 0.809), overall survival (HR, 0.92; 95% CI, 0.57‒1.49; P = 0.735), graft-versus-host disease (GVHD)-free RFS (HR, 0.89; 95% CI, 0.61‒1.31; P = 0.560), chronic GVHD (cGVHD)-free RFS (HR, 1.20; 95% CI, 0.81‒1.78; P = 0.368), relapse (HR, 0.78; 95% CI, 0.39-1.57; P = 0.490) and nonrelapse mortality (HR, 1.48; 95% CI, 0.79-2.79; P = 0.230). Compared to the uCBT group, the PTCy-haplo group showed lower incidences of grade II‒IV (HR, 0.60; 95% CI, 0.39-0.92; P = 0.020) and III‒IV acute GVHD (aGVHD) (HR, 0.28; 95% CI, 0.10-0.79; P = 0.016), but a higher incidence of extensive cGVHD (HR, 2.23; 95% CI, 1.16-4.29; P = 0.017). Furthermore, higher likelihoods of neutrophil (HR, 2.12; 95% CI, 1.61-2.80; P < 0.001) and platelet engraftment (HR, 1.96; 95% CI, 1.39-2.76; P < 0.001) were observed in the PTCy-haplo group. In subgroup analysis, uCBT was associated with improved RFS in AML with poor cytogenetic risk (HR for PTCy-haplo versus uCBT, 2.49; 95% CI, 1.04-5.97; P for interaction = 0.032). In conclusion, survival outcomes were comparable between PTCy-haplo and uCBT in patients with MRD-positive AML. PTCy-haplo was associated with a lower risk of aGVHD, a higher risk of cGVHD and superior hematopoietic engraftment. In the subgroup of patients with poor cytogenetic risk, uCBT was associated with improved RFS.","['Teramoto M', 'Shimomura Y', 'Yanada M', 'Mizuno S', 'Nagafuji K', 'Nakamae H', 'Ogata M', 'Asada N', 'Eto T', 'Ando T', 'Wake A', 'Tanaka M', 'Sawa M', 'Uchida N', 'Hasegawa Y', 'Tokunaga M', 'Nakasone H', 'Ishimaru F', 'Kanda J', 'Atsuta Y', 'Konuma T']",Cytotherapy
42679583,"Nitrogen dioxide exposure promotes CD8(+)T cell infiltration and contributes to increased susceptibility to ulcerative colitis: An integrative multi‑omics, artificial intelligence, and mouse model study.","The global incidence of ulcerative colitis (UC) has significantly increased in rapidly industrializing nations, with numerous studies highlighting environmental exposures, particularly nitrogen dioxide (NO(2)), as potential contributors to disease susceptibility. However, the clinical implications and molecular mechanisms linking NO(2) exposure to UC susceptibility remain poorly understood. This study investigated the associations between NO(2) and UC by integrating multi-omics data. We identified a CD8(+) T cell subpopulation with a distinct phenotype characterized by perforin production, which potentially exacerbated colonic inflammation related to NO(2) exposure. To validate this hypothesis, we established mouse models exposed to NO(2), confirming increased CD8(+) T cell infiltration and elevated perforin secretion through immunofluorescent (IF) staining. Employing artificial intelligence techniques, we identified Cell Division Cycle 25B (CDC25B) as a gene of interest correlated with putative NO(2)-related UC signatures. Finally, through molecular docking (MD) and molecular dynamics simulations (MDS), we identified ozanimod as one of several computationally nominated compounds associated with the CDC25B‑related network; however, none of these computational predictions were experimentally validated in the present study. Collectively, these findings suggest a correlative link between perforin or CD8(+) T cell-associated colonic inflammation and NO(2)-associated UC susceptibility, and nominate CDC25B as a candidate gene for further investigation.","['Wang Z', 'Chang X', 'Fu T', 'Xu D', 'Ma Y', 'Zhang H', 'Xia H', 'Zhang X', 'Hou Y']",Journal of hazardous materials
42679527,Loss of CALU disrupts intracellular Ca(2+) homeostasis and triggers apoptosis in glioma cells.,"Glioma is an aggressive primary tumor of the central nervous system. Calcium (Ca(2+)) signaling between the ER and mitochondria is essential for cell survival and death regulation. Calumenin (CALU), an ER-resident Ca(2+)-binding protein, has been implicated in several cancers, but its role in glioma remains unclear. Public datasets (TCGA, CGGA) were analyzed to assess CALU expression and prognosis. We manipulated CALU through transfection technology and tested its role in Ca(2+) responses, intracellular Ca(2+) store-associated fluorescence, and mitochondrial Ca(2+)-associated fluorescence signals by means of Fluo-4, Mag-Fluo-4, and Rhod-2 probes, respectively. Mitochondrial Ca(2+)uptake was further assessed using an isolated mitochondrial Calcium Green-5 N assay. Mitochondrial function was assessed through the detection of MMP and mPTP utilizing JC-1 staining and calcein-AM/cobalt assay. Mitochondrial ROS and total ROS were estimated via mitoSox red staining and DCFH-DA assay. The cell apoptosis was appraised utilizing flow cytometry and TUNEL staining. A xenograft model using U87 glioma cells was established to further explore the role of CALU in vivo. CALU expression was highly expressed in gliomas and correlated with poor survival and mitochondrial Ca(2+) transport genes. CALU depletion reduced intracellular Ca(2+) store-associated fluorescence, enhanced store-operated Ca(2+) entry (SOCE), and induced sustained cytosolic Ca(2+)elevation accompanied by enhanced mitochondrial Ca(2+)-associated fluorescence signals and enhanced mitochondrial Ca(2+) uptake. These changes were associated with decreased MMP, increased mitochondrial calcein fluorescence, elevated ROS generation, and facilitated apoptosis. In vivo, CALU knockdown reduced tumor growth, increased 4-HNE and cleaved caspase-3 expression and reduced Ki-67 expression, which were partially reversed by NAC treatment. These findings suggest that CALU may contribute to the maintenance of intracellular Ca(2+) homeostasis in glioma cells. Loss of CALU induces SOCE-associated Ca(2+)dysregulation, mitochondrial dysfunction, and ROS-mediated apoptosis, highlighting CALU as a potential therapeutic target for glioma.","['Wu L', 'Wu T', 'Liu H', 'Dai R', 'Zhou Y', 'Xu Y', 'Huang B']",Cell calcium
42679449,"Study on the structure-activity relationship, action pathway and site of lipopolysaccharide protecting macrophage tolerance to chemotherapeutic drugs.","Chemotherapy remains a cornerstone of cancer treatment, but its toxicity toward immune cells can compromise host defense. In this study, we investigated the structural features and cellular processes associated with the effects of low-dose lipopolysaccharide (LPS) on chemotherapy-injured macrophages. Treatment with 100 ng/mL LPS markedly restored the chemotherapy-reduced normalized CCK-8 metabolic signal in Adriamycin (ADR)- and vincristine (VCR)-treated RAW264.7 macrophages, and this response was reproduced in NR8383 rat alveolar macrophages and primary mouse peritoneal macrophages. In an indirect RAW264.7-4T1 co-culture system, LPS did not measurably alter the ADR-associated CCK-8 response or cell-cycle distribution of 4T1 tumor cells. LPS preparations from different bacterial sources produced comparable responses, while Kdo(2)-lipid A partially reproduced the LPS-associated effect, supporting a contribution of lipid A-associated bioactivity. FITC-LPS imaging and flow cytometry demonstrated cellular association and an intracellular fluorescence component, and pharmacological inhibition implicated actin-dependent and other endocytosis-related processes in LPS handling by macrophages. Colchicine sensitivity further implicated microtubule-related processes, while chloroquine attenuated the LPS-associated response and qRT-PCR and western blotting revealed increased expression of multiple lysosome-related genes and proteins. Together, these findings support a model in which lipid A-associated bioactivity, endocytosis-related cellular processing, microtubule-related trafficking, and lysosome-related processes contribute to the macrophage response to low-dose LPS during chemotherapeutic injury. This study provides a theoretical basis for further exploration of the underlying molecular mechanisms of LPS and supports its potential application in immune-cell preservation during chemotherapy.","['Lu Y', 'Zhang X', 'Wang Y', 'Qiao Z', 'Wang Z', 'Su M', 'Song S', 'Zhang E']",Carbohydrate research
42679387,Evaluation of the clinical and mechanistic role of MCM2 expression in the prediction of meningioma recurrence after radiotherapy.,"OBJECTIVE: Postoperative radiotherapy is an effective treatment for meningiomas; however, treatment response varies among patients. In addition, practical methods for predicting tumor recurrence after radiotherapy have not been well established. Minichromosome maintenance protein 2 (MCM2), a key regulator of DNA replication licensing, was recently implicated in highly proliferative molecular subtypes of meningioma. In this study, the authors evaluated whether MCM2 immunohistochemical expression predicts response to radiotherapy in patients with meningiomas. METHODS: The authors retrospectively analyzed the records of patients with WHO grade 1-3 meningiomas treated with resection followed by radiotherapy at a single institution between July 2003 and November 2023. The MCM2 labeling index was assessed immunohistochemically, and patients were stratified into MCM2-high and -low groups using a cutoff of 35%. Progression-free survival (PFS) was defined as the interval from the completion of radiation therapy to postoperative radiological tumor recurrence or regrowth. Patients who showed no progression were censored at their last follow-up. PFS was estimated using Kaplan-Meier analysis and subsequently evaluated with Cox proportional hazards models. To further investigate the biological mechanisms associated with MCM2 expression, comprehensive transcriptomic analyses, including gene set enrichment analysis, was performed to elucidate the molecular processes that occur within MCM2-high tumors. RESULTS: The study population included 15 men (42%) and 21 women (58%), with a mean age of 63 years. Ten tumors (28%) were classified as MCM2-high meningiomas and 26 (72%) as MCM2-low meningiomas. High MCM2 expression was significantly associated with WHO grades 2-3 histology and higher Ki-67 labeling indices. During a median follow-up of 2.52 years, tumor progression after radiotherapy occurred in 47% of the patients. High MCM2 expression (HR 8.34, p = 0.03) was significantly associated with shorter PFS and remained an independent predictor of recurrence after adjustment for WHO grade, tumor size, and Ki-67 labeling index. Transcriptomic analyses of MCM2-high tumors revealed upregulation of cell proliferation-related pathways, accompanied by increased signaling through the E2F8-CHEK1 axis associated with radiation resistance and suppression of the TNF-alpha signaling pathway implicated in radiosensitivity. CONCLUSIONS: In meningiomas, high MCM2 expression is associated with early recurrence following radiotherapy. The study findings suggest that this association is driven by diverse biological mechanisms related to cell cycle regulation and radioresistance. Immunohistochemical assessment of MCM2 expression may serve as a practical and accessible biomarker for risk stratification and may support the future development of individualized postoperative radiotherapy strategies.","['Murakami C', 'Hana T', 'Shimizu T', 'Hasegawa H', 'Okuno H', 'Yokoo H', 'Nobusawa S', 'Momose S', 'Higashi M', 'Hanakita S', 'Oya S']",Neurosurgical focus
42679385,DNA Methylation Readers in Biosensing Strategies.,"DNA methylation is an epigenetic modification that influences gene expression and cellular signaling. Abnormalities in the DNA methylation landscape have been associated with diverse pathologies and diseases, making accurate and accessible detection methods essential for both research and clinical diagnostics. Conventional methylation analysis techniques, such as bisulfite conversion-based assays, are the gold standard; however, they can be labor-intensive, chemically harsh, and poorly suited for real-time or point-of-care applications. Additionally, the potential for incomplete or over-conversion may affect diagnostic performance and has been a longstanding topic of discussion around bisulfite conversion. Alternative strategies, such as methylation-sensitive restriction enzymes (MSREs) and catalytic approaches, have addressed some limitations but still face challenges in specificity and sensitivity, throughput, and operational complexity. Recent advances in bioengineering and nanotechnology have leveraged the development of molecular elements, broadly referred to as ""methylation readers"", capable of specifically recognizing methylated DNA. Methylation readers are naturally occurring proteins, such as methyl-CpG binding domain proteins (MBDs), but also synthetically engineered proteins, such as transcription activator-like effectors (TALEs), as well as abiotic analogs, such as molecularly imprinted polymers (MIPs) and methylation-sensitive intercalators. The recent integration of these methylation readers into various biosensor platforms has enabled a significant advancement in epigenetic analysis, offering rapid, sensitive, and conversion-free DNA methylation detection without the need for relatively complex sample preparation. Such capabilities hold significant potential for early disease detection, personalized diagnostics, and fast monitoring of methylation-associated diseases. This review aims to provide a comprehensive and focused overview of the recent developments in the integration of methylation readers into biosensing technologies. We highlight the potential of these integrated approaches to transform epigenetic analysis in both research and clinical settings, discuss existing limitations, and outline future directions for advancing the field.","['Aphrham S', 'Verheijden M', 'Huskens J']",ACS sensors
42679356,Folic-Acid-Modified Fe-TCPP Metal-Organic Frameworks as Sonosensitive Agents and siATAD3A Carriers for Sonodynamic Co-Gene-Ferroptosis Therapy in Triple-Negative Breast Cancer.,"Triple-negative breast cancer (TNBC) represents the most aggressive form of breast cancer and is associated with the worst prognosis. Ferroptosis holds great promise as an emerging therapeutic strategy; however, TNBC cells demonstrate reduced sensitivity to ferroptosis as a result of elevated mitochondrial membrane potential (MMP), inadequate production of reactive oxygen species (ROS), and the presence of activated antioxidant defencses, making it difficult for lipid peroxidation to accumulate to a lethal threshold. As an emerging therapeutic strategy, sonodynamic therapy (SDT) is particularly suitable for deep-seated tumors due to the excellent tissue penetration capabilities of ultrasound (US). Nevertheless, current sonosensitizer typically experience limited sonodynamic efficacy and inadequate targeting of tumors, whereas small interfering RNA (siRNA) presents a highly promising option for gene therapy, its efficacy is heavily dependent on efficient and safe cellular delivery vectors. Therefore, we designed and synthesized a folate-modified Fe-TCPP metal-organic framework (FTFA) nanoplatform that serves both as a siATAD3A gene therapy carrier and as a sonosensitizer to generate ROS upon ultrasound (US) irradiation. ATAD3A displays high expression levels in TNBC and is linked to a negative prognosis; it's silencing reduces MMPs and increases ROS-induced apoptosis. siATAD3A was loaded onto FTFA to prepare FTFA@siATAD3A, which was delivered to TNBC cells via folate receptor-mediated targeting. Under US irradiation, the Fe3+ loaded within this platform synergistically triggers a ferroptosis cascade involving the Fenton reaction, lipid peroxidation, and GPX4 downregulation, effectively inducing ferroptosis. This method greatly reduces the proliferation of cells, as well as their migration and tumor growth when tested in living organisms, and it also shows excellent compatibility with biological tissues. In summary, FTFA@siATAD3A provides a novel strategy for the synergistic gene-ferroptosis therapy of TNBC using sonodynamic effects.","['Du Y', 'Yang J', 'Chen S', 'Yang X', 'Wang Y', 'Yang Y', 'Fu D']",ACS biomaterials science & engineering
42679032,Rbp-Jkappa controls NK cell late maturation and migration via chromatin landscape remodeling.,"The transcriptional regulator Rbp-Jkappa is a pivotal molecular switch in Notch signaling; however, its cell-intrinsic role in natural killer (NK) cell maturation and migration remains incompletely understood. Here, we demonstrate that NK cell-specific deletion of Rbp-Jkappa (Ncr1(iCre) x Rbp-Jkappa(fl/fl), Rbp-Jkappa(DeltaNK)) impairs NK cell terminal maturation and migration, as evidenced by increased retention of NK cells in bone marrow, a reduced number of circulating NK cells and decreased expression of migration mediators (CD62L, S1pr5, and Cx3cr1). Despite exhibiting an activated phenotype, Rbp-Jkappa-deficient NK cells fail to control B16F10 lung metastases in vivo because of impaired tissue mobilization. Multiomics (scRNA-seq/scATAC-seq, bulk ATAC-seq, and CUT&Tag) reveal that Rbp-Jkappa orchestrates chromatin remodeling in NK cells, suppressing the expression of genes related to NK cell activation and cytotoxicity while promoting the expression of genes involved in ribosome and oxidative phosphorylation. Notably, Rbp-Jkappa directly binds to the Kruppel-like factor 2 (Klf2) promoter, and loss of Rbp-Jkappa reduces both the mRNA and protein levels of Klf2. Klf2 overexpression rescues the decreased expression of CD62L and CX3CR1 in Rbp-Jkappa-deficient NK cells. The cooccupancy of Rbp-Jkappa and Klf2 at shared genomic loci is confirmed by ChIP-qPCR. In summary, our study reveals that Rbp-Jkappa acts as a master regulator of NK cell terminal maturation and tissue homing via chromatin reprogramming, with Klf2 acting as its critical downstream transcription factor.","['Peng H', 'Yang Y', 'Liu Y', 'Wu S', 'Hu D', 'Deng X', 'Huang L', 'Li Y', 'Xiong P', 'Yang Q', 'Li S', 'Gong B', 'Zhang Y', 'Song L', 'Wang F', 'Yu J', 'Xiao Z', 'Deng Y', 'Zhong Z', 'Deng Y']",Proceedings of the National Academy of Sciences of the United States of America
42678847,Multi-view Graph Learning Framework with Spectral Encoding and Sparse Cross-Attention for miRNA-Drug Association Prediction.,"Chemoresistance is a major contributor to cancer treatment failure, and microRNAs (miRNAs) play a critical role in mediating this resistance by regulating gene expression. Therefore, identifying miRNA-drug associations is of great significance for advancing cancer therapy. However, existing computational models face significant challenges, including heterogeneous feature integration and data sparsity. To overcome these limitations, we propose a novel Multi-view Graph Learning Framework with Spectral Encoding and Sparse Cross-Attention (MVGSCA) for predicting miRNA-drug associations. The model constructs node features based on miRNA sequence similarity and drug SMILES similarity. Then it builds two distinct graphs: a gene-mediated functional graph from miRNA-drug target interactions and an association-guided structural graph from known miRNA-drug associations. These two graphs are linearly combined to produce a collaborative feature representation. To capture both local and global topological features, the model applies local power filtering and global heat kernel diffusion, followed by spectral encoding via Poisson-Charlier polynomial approximation to enhance the feature representation. Furthermore, a sparse cross-attention mechanism is introduced to dynamically weight and integrate heterogeneous features from multiple sources. On a benchmark dataset with 8,720 associations, MVGSCA achieves an AUC of 96.32% and an AUPR of 95.69% under five-fold cross-validation, significantly outperforming six state-of-the-art methods. Experimental results show that MVGSCA effectively integrates heterogeneous biological information and achieves superior prediction performance, offering valuable insights into cancer resistance mechanisms and supporting drug discovery efforts.","['Nie R', 'Fu Y', 'Li Z', 'Wang L', 'Xia Z', 'Zhao Y']",IEEE transactions on computational biology and bioinformatics
42678789,Nephropathies Associated with Sickle Cell Trait and How to Study Them.,"Sickle cell trait (SCT), which carries a single point mutation in the hemoglobin-beta (HBB) gene, has long been considered a benign condition. However, epidemiological evidence challenges this assumption, revealing that individuals with SCT face an elevated risk of renal dysfunction. However, this field of study remains ill-defined as it has focused on sickle cell disease (SCD), where renal complications are severe. As SCT is more prevalent than SCD, consequences of nephropathies in this group translate into a substantial and largely unaddressed public health burden. Clinical data, primarily observational, implicate age and sex in the development of SCT-associated nephropathies. These manifestations span glomerular hyperfiltration, tubular damage, hematuria, renal papillary necrosis, renal medullary carcinoma, and progression to chronic kidney disease, all complications that cluster disproportionately in older male individuals. Despite this, the mechanistic basis of SCT nephropathy, the thresholds at which renal injury becomes clinically significant, and the optimal strategies for early identification and prevention remain inadequately defined. In vitro studies have primarily focused on SCD blood cell biology, with SCT receiving comparatively little attention. Humanized murine models (i.e., Berkeley and Townes) have recapitulated some SCT-associated renal phenotypes but need to be more fully characterized. This review aims to provide an overview of the biology of sickle cell trait nephropathies, the gaps in our knowledge, and the model systems we can use to fill those gaps.","['Williams AC', 'Sheehan VA', 'Hong AL']",Kidney360
42678767,Methods for modeling gene-environment interplay using polygenic risk scores.,"Polygenic risk scores (PRS) are increasingly recognized as pivotal tools for quantifying disease risk through the aggregation of multiple genetic variants. As sample sizes in genome-wide association studies (GWAS) continue to expand and PRS become more powerful, they are set to play a key role in translational research and personalized medicine. Understanding the interplay of PRS with environmental factors is critical for interpreting and applying PRS in diverse contexts. This interplay manifests in two forms: PRS-by-environment interaction (PRS x E) and gene-environment correlation (rGE). However, despite the growing application and importance of PRS, there are limited guidelines for performing PRS x E interaction analyses while controlling for rGE, which can lead to inconsistencies across studies and misinterpretation of results. Here we provide a review of different methods for performing PRSxE interaction in various epidemiological study designs, propose recommendations for best-practice, and discuss future challenges.",['Wang Z'],Statistical applications in genetics and molecular biology
42678737,Conserved neuronal-like and secretory programs define the spatial architecture of gastroenteropancreatic neuroendocrine tumors.,"Gastroenteropancreatic neuroendocrine tumors (GEP-NETs) are clinically heterogeneous malignancies whose biology and microenvironmental organization remain poorly understood. Here, we integrated single-nucleus multiomic (snRNA-seq and snATAC-seq) and spatial transcriptomic profiling across 38 well-differentiated pancreatic (PanNET) and small-intestinal (siNET) tumors to define conserved malignant programs, their regulatory circuits, and spatial niches. We observed two conserved malignant cell programs spanning a continuous transcriptional spectrum: a neuronal-like program, and a secretory neuroendocrine program. Matched chromatin accessibility profiles uncovered distinct, tissue-specific regulatory networks, including MAX::MYC and MITF transcription factor binding motifs in siNETs versus ISL1 and TFAP4 in PanNETs, indicating organ-specific epigenetic control. Spatial transcriptomic analyses revealed that neuronal-like-high regions localized to densely cellular tumor areas with relative depletion of stromal infiltration, whereas secretory neuroendocrine-high regions occupied fibrovascular and stromal niches enriched for endothelial, fibroblast, and myeloid populations, and associated with TGFB1-ITGB1, VEGFA-FLT1, and LAMA2-ITGA1 signaling. Across both tumor types, the cNMF2 program was enriched in metastatic lesions and was enriched for pro-fibrotic and pro-angiogenic gene signatures. Thus, GEP-NETs are organized along a conserved neuronal-to-secretory axis defined by distinct epigenetic programs and spatially coupled to specific microenvironmental niches. This framework unifies NET heterogeneity across organ sites and identifies pathway-specific, microenvironment-linked vulnerabilities for therapeutic targeting.","['Karam J', 'Hoffman SE', 'Garza A', 'Gui D', 'Hoffman HI', 'Titchen BM', 'Tanaka Y', 'Pimenta E', 'Pappa T', 'Valderrabano L', 'Bi K', 'Gillani R', 'Brais L', 'Shannon E', 'Hornick JL', 'Park J', 'Chan J', 'Van Allen EM']",The Journal of clinical investigation
42678668,ROBO1 is required for postnatal growth and survival.,"Roundabout guidance receptor 1 (ROBO1) is critical for various processes essential to mammalian development. However, its role in postnatal development and growth remains poorly understood, primarily due to perinatal lethality in knockout models. Robo1 knockout mice on a mixed B6/129S genetic background survive into adulthood and exhibit previously unreported abnormalities across multiple organs. These mice display stunted growth and organ-specific defects, including enlarged lung alveoli, premature hair graying, and diminished subcutaneous fat. Notably, these mice have a reduced lifespan. At 23 days of age, corresponding to the beginning of early puberty in mice, Robo1 knockout mice show significantly reduced plasma levels of growth hormone (GH) and insulin-like growth factor 1 (IGF-1), paralleling decreased expression in the pituitary gland and liver, respectively, compared to wild-type littermates. These findings suggest that ROBO1 contributes to the postnatal development and functional maintenance of multiple organs, with associated modulation of the GH/IGF-1 axis, potentially influencing survival. Further studies with larger cohorts are warranted to elucidate the broader implications of ROBO1 deficiency, particularly in relation to human developmental disorders such as growth hormone deficiencies.","['Kirk NA', 'Hwang YE', 'Lee SG', 'Kang J', 'Ly KL', 'Gan YY', 'Rhee S', 'Kim KB', 'Park KS']",Genes & genomics
42678641,Potassium channels in cancer: from hallmarks to therapeutic targeting.,"Potassium channels constitute important signaling nodes in the progression of human cancers. Through canonical ion conduction-dependent functions, including intracellular K(+) homeostasis, membrane potential and associated Ca(2)(+) signaling, and cell volume, they influence proliferation, cell death, phenotypic plasticity, invasion and metastasis, metabolic reprogramming, and angiogenesis. Beyond ion conduction, potassium channels may affect malignant phenotypes through non-canonical mechanisms, including conformational signaling, protein interactions, transcriptional regulation, and auxiliary-subunit functions. They also contribute to tumor microenvironment remodeling by regulating immune and stromal cells and altering antitumor immune responses. However, their biological effects vary with channel subtype, tumor type, functional state, and non-canonical protein interactions, resulting in oncogenic or tumor-suppressive activity. This heterogeneity makes it hard to infer channel function from expression levels alone and also limits the development of selective therapeutic strategies. This review integrates evidence on the canonical and non-canonical functions of potassium channels across distinct cellular contexts, explains the mechanistic basis of their opposing effects, and evaluates their therapeutic potential and the major challenges to clinical translation.","['Zhang YL', 'Shi RJ', 'Liang XH']",Journal of physiology and biochemistry
42678588,Shared genetic architecture and cellular convergence between female reproductive disorders and pulmonary function: a genome-wide cross-trait analysis.,"Female reproductive disorders (FRDs), including polycystic ovary syndrome, endometriosis, uterine leiomyomata, and infertility, have been epidemiologically associated with impaired pulmonary function. However, it remains unclear whether this cross-organ link reflects shared genetic etiology and, if so, which cellular mechanisms mediate it. We performed a systematic genome-wide cross-trait analysis of three FRDs and lung function traits (FEV(1), FVC, FEV(1)/FVC) using GWAS summary statistics from individuals of European ancestry, integrating genetic correlation, bidirectional causal inference, pleiotropy mapping, and single-cell enrichment analyses. We identified significant negative genetic correlations between FRDs and lung volume traits, most prominently for FVC (rg range: - 0.077 to - 0.178). Bidirectional causal analyses indicated that FRDs have a detrimental effect on lung volume, with higher FRD genetic liability associated with reduced lung volume. Cross-trait meta-analysis identified 17 pleiotropic variants across 11 loci, with the 19q13.2 (LTBP4) and 12q13.13 (HOXC6/HOXC9) loci showing strong evidence of shared causal variants. Critically, single-cell analyses revealed that shared genetic risk converged on mesenchymal lineages across organs, specifically alveolar adventitial fibroblasts in the lung and stromal/smooth muscle cells in the endometrium. Transcriptome-wide analyses further nominated the estrogen-responsive gene RERG as a convergent gene linking these conditions with lung function. Our study revealed a shared genetic architecture between female reproductive disorders and lung function traits, providing a basis for further mechanistic investigations and potential clinical evaluation. Furthermore, our findings suggest that shared fibroproliferative and hormone-responsive pathways may offer insights into the biological mechanisms underlying these conditions.","['Ji E', 'Wang Z', 'Ning S', 'Lu Y', 'Ma H']",Functional & integrative genomics
42678582,"Redox Imbalance, Oxidative DNA Damage, and Mitochondrial Membrane Depolarization Induced by Pervari Honey in SH-SY5Y Neuroblastoma Cells.","Neuroblastoma remains a challenging malignancy in which redox imbalance and mitochondrial dysfunction represent potential cellular vulnerabilities. This study investigated the redox-associated cytotoxic effects and mitochondrial responses of Pervari honey (PH), a region-specific natural product from Turkiye, in SH-SY5Y neuroblastoma cells. MTT-based viability was assessed in SH-SY5Y neuroblastoma cells and L929 fibroblasts, used as a non-cancerous control cell model, after 48 h of PH exposure. Redox status was evaluated by measuring intracellular reactive oxygen species (ROS), total antioxidant capacity (TAC), total oxidant status (TOS), oxidative stress index (OSI), glutathione (GSH), malondialdehyde (MDA), and 8-hydroxy-2'-deoxyguanosine (8-OHdG). Mitochondrial membrane potential (DeltaPsim) was analyzed using the JC-10 assay. Expression levels of apoptosis- and antioxidant-related genes were determined by RT-qPCR. Comparative viability analysis showed that L929 fibroblasts were less affected by PH exposure than SH-SY5Y cells, and the IC50 value of PH was not reached in L929 cells within the tested concentration range. Treatment increased ROS production and shifted the oxidant/antioxidant balance toward oxidative stress, as indicated by increased TOS and OSI and decreased TAC and GSH levels. Elevated MDA and 8-OHdG levels confirmed oxidative damage to lipids and DNA. Additionally, PH reduced mitochondrial membrane potential and altered the expression of apoptosis- and antioxidant-related genes, including cytochrome c (Cyt-c), p53, SOD1, and CAT. PH exerted cytotoxic effects in SH-SY5Y cells through redox imbalance and mitochondrial dysfunction. These findings suggest that PH may influence redox-sensitive pathways in neuroblastoma cells. However, further studies including compositional analysis and appropriate controls are required to clarify the underlying mechanisms.","['Derya-Andeden M', 'Altin-Celik P', 'Donmez-Altuntas H']",Cell biochemistry and biophysics
42678580,DNMT1 is associated with QDPR downregulation and chemotherapy response in lung adenocarcinoma.,"In lung adenocarcinoma (LUAD), DNA methylation-mediated gene silencing may contribute to tumor initiation, progression, and heterogeneity in treatment response. However, the key methyltransferases involved and their therapeutic potential have not been systematically characterized. This study aimed to address three major questions: which methylation-associated gene silencing events occur in LUAD, which upstream methyltransferase predominantly drives these events, and whether targeted inhibition of this enzyme can mitigate drug-resistant phenotypes and enhance chemosensitivity. Differential expression analysis was initially performed using the GSE75037 dataset to screen candidate genes. Expression quantitative trait locus (eQTL) and protein quantitative trait locus (pQTL) data were then integrated, and key candidate genes were prioritized according to the concordance in the directions of genetic effects. Subsequently, mediation Mendelian randomization analysis was conducted to determine whether the effect of locus-specific methylation on LUAD was mediated by QDPR expression, thereby providing genetic causal evidence that methylation contributes to transcriptional repression. In addition, the associations between DNA methylation-related enzymes and QDPR expression were analyzed in the GSE33532, GSE43458, and GSE75037 datasets, followed by cross-dataset validation to identify potential key upstream regulators. Finally, cell-based experiments were performed to verify the functional effects of DNMT1 inhibition. Changes in QDPR expression were assessed by quantitative real-time polymerase chain reaction (qRT-PCR) and Western blotting, and the potential chemosensitizing effect of DNMT1 inhibition in combination with platinum-based chemotherapy was further evaluated in patient-derived organoids. This study provided genetic causal evidence that locus-specific methylation influences LUAD risk, with part of this effect mediated by QDPR expression. Analyses across multiple independent datasets consistently suggested that DNMT1 may act as a key upstream epigenetic regulator contributing to the reduced expression of QDPR. Functional experiments demonstrated that DNMT1 inhibition increased QDPR expression and suppressed the proliferation and migration of LUAD cells. Drug sensitivity assays using patient-derived organoids further showed that DNMT1 inhibition exerted a significant chemosensitizing effect in the platinum low-sensitivity group. This study suggests that DNMT1 may contribute to the reduced expression of QDPR and related malignant phenotypes through epigenetic regulation. Functional and drug sensitivity experiments further support the potential of DNMT1 as a therapeutic target for improving the response to platinum-based chemotherapy in a subset of patients with LUAD. These findings provide a potential therapeutic target and offer mechanistic insights into treatment response heterogeneity and chemoresistance in LUAD.","['Wang L', 'Liang G', 'Zhu L', 'Liu Z', 'Dong Y', 'Wang K', 'Yao H', 'Ge C', 'Duan L']","Medical oncology (Northwood, London, England)"
42678547,"CRISPR-cas systems in pharmacology: functional pharmacogenomics, drug screening, resistance, and therapeutic translation.","CRISPR-Cas9 gene-editing technology has advanced pharmacological research by enabling targeted genetic modification for disease modeling, therapeutic development, and precision medicine. This review discusses the applications of CRISPR-Cas9 in drug discovery, personalized therapy, cancer drug resistance research, genetic disorders, and antimicrobial resistance. By editing disease-associated genes, CRISPR-Cas9 supports the development of patient-specific therapeutic strategies and more accurate preclinical models. In cancer, CRISPR-Cas9 is used to investigate the target genes involved in treatment resistance, while in genetic disorders, it offers potential mutation-correcting approaches, with the most robust clinical evidence currently seen in selected hemoglobinopathies. CRISPR-based strategies also hold promise for restoring antibiotic susceptibility by targeting genes that confer antibiotic resistance. Despite these advances, clinical translation remains limited by off-target effects, delivery challenges, immune responses, long-term safety concerns, and ethical and regulatory issues. Continued improvements in editing precision, delivery systems, and governance frameworks are essential for responsible clinical integration. Overall, CRISPR-Cas9 represents a vital platform for future pharmacological innovation, but its broad clinical use may require further validation of safety, efficacy, durability, and accessibility.","['Akhtar MS', 'Amin A']",Functional & integrative genomics
42678278,Tumor-Secreted ADAMTSL4 Activates Latent TGFbeta1 to Drive Cancer Cachexia.,"Cancer cachexia is a devastating wasting syndrome with no approved therapies. In this study, we identify the tumor-derived glycoprotein ADAMTSL4 as a circulating factor associated with body weight loss in preclinical cachexia models and patients with colorectal and lung cancers. In mice, Adamtsl4 overexpression converted non-cachexia-inducing tumors into cachexia-inducing tumors, whereas its deletion in cachexia-inducing tumors spared fat and muscle, blunted muscle atrophy signatures, and reduced cachexia severity. ADAMTSL4 engages the latency-associated peptide (LAP) of TGFbeta1, promoting local activation of TGFbeta1 at muscle cell membranes. Genetic blockade of proTGFbeta1 or pharmacologic inhibition of TGFbeta signaling reduced ADAMTSL4-dependent wasting in adipocytes and muscle cells. Suppression of tumor-derived ADAMTSL4 attenuated skeletal muscle fibrosis in mice. Together, the association between increased circulating ADAMTSL4 levels and TGFbeta-driven muscle atrophy and fibrosis gene signatures in patients with cachectic cancer identifies ADAMTSL4 as an upstream regulator of TGFbeta1 and a potential therapeutic target in cancer cachexia. SIGNIFICANCE: Cancer cachexia lacks effective therapies and remains a major cause of cancer-related morbidity and mortality. We identify tumor-derived ADAMTSL4 as an upstream regulator of latent TGFbeta activation via LAP engagement that promotes multiorgan wasting and fibrosis-related remodeling. Targeting ADAMTSL4 may provide a selective therapeutic strategy without systemic TGFbeta pathway blockade.","['Machado J', 'Karthikaisamy V', 'Mohr H', 'Kaltenecker D', 'Benedikt P', 'Morigny P', 'Mhamane A', 'Geppert J', 'Fumo AR', 'Haase K', 'Simoes E', 'Lima JDCC', 'Georgiadi A', 'Kruger A', 'Otoch JP', 'Martignoni ME', 'Baracos VE', 'Jamal-Hanjani M', 'Seelaender MCL', 'Prokopchuk O', 'Szendrodi J', 'Rohm M', 'Herzig S', 'Berriel Diaz M']",Cancer discovery
42678247,Epigenetic Repression of Type I Interferon Signaling by RUNX2 Drives Immune Checkpoint Blockade Resistance in Osteosarcoma.,"Interferon (IFN) signaling plays a pivotal role in orchestrating antitumor immunity and shaping the response to immune checkpoint blockade (ICB). Although genetic alterations that impair the IFN pathway have been reported, such events are relatively rare, suggesting a potential contribution of epigenetic dysregulation. Here, we identified a RUNX2-mediated epigenetic mechanism that disrupts the type I interferon (IFN-I) signaling pathway in osteosarcoma (OS), thereby limiting the efficacy of ICB. Development of an algorithm to assess the association of 1,425 transcription factors with IFN pathway activation in human OS tumors enabled identification of RUNX2 as a potential negative regulator of IFN signaling. RUNX2 depletion in OS cells activated the IFNB1-driven IFN-I response. Mechanistically, RUNX2 formed a transcriptional repressor complex with NCOR1 and HDAC3 that reduced H3K9 acetylation at the enhancers of key IFN-I genes, leading to their downregulation. Inhibition of the RUNX2-NCOR1-HDAC3 complex enhanced IFN-I signaling, with cGAS, STING, and IFNB1 being required for the induction of interferon-stimulated genes and tumor suppression. Paradoxically, reactivation of IFN-I signaling also upregulated immune checkpoint molecules PD-L1 and PD-L2. Combination treatment with a selective HDAC3 inhibitor and anti-PD-1 antibody led to durable tumor regression in syngeneic OS mouse models, accompanied by increased cytotoxic T cell infiltration. These findings reveal a mechanistic link between RUNX2-driven epigenetic repression and impaired antitumor immunity via the cGAS-STING-IFN-I axis and suggest a rational combinatorial strategy to overcome OS resistance to ICB.","['Wang S', 'Yan H', 'Mondal P', 'Ayaz G', 'Yang HH', 'Kim YI', 'Tran AD', 'Kruhlak MJ', 'du Bois W', 'Lee MP', 'Huang J']",Cancer research
42678131,Integrative Pan-Cancer Characterization of lncRNA UPK1A-AS1 and Its Role in Hypoxia-Associated Sorafenib Resistance in Hepatocellular Carcinoma.,"Long noncoding RNAs (lncRNAs) are emerging as critical regulators of tumor initiation and progression through transcriptional and posttranscriptional mechanisms. UPK1A antisense RNA 1 (UPK1A-AS1), a cancer-associated lncRNA, has been reported to participate in oncogenic processes; however, its overall landscape across human malignancies and its biological role in therapy resistance remain poorly understood. Given the increasing importance of identifying functional lncRNAs with prognostic and therapeutic potential, this study presents a comprehensive multiomics characterization of UPK1A-AS1 and its experimental validation in hepatocellular carcinoma (HCC). We integrated datasets from The Cancer Genome Atlas (TCGA), the Genotype-Tissue Expression Project (GTEx), the cancer immunology data engine (CIDE), and the cBioPortal for cancer genomics (cBioPortal) to systematically assess its expression pattern, genomic alterations, clinical significance, and immunological associations. Our analyses revealed that UPK1A-AS1 is significantly upregulated in multiple tumor types, with copy-number amplification as the predominant genomic alteration driving its overexpression. Elevated UPK1A-AS1 expression was correlated with advanced disease stage, poor differentiation, immune exclusion, and unfavorable prognosis, supporting its potential as a cancer type-dependent biomarker. In parallel, functional studies demonstrated that hypoxia transcriptionally induces UPK1A-AS1 in HCC, where it promotes sorafenib resistance by suppressing apoptosis. Silencing UPK1A-AS1 restored apoptotic and enhanced sorafenib efficacy both in vitro and in vivo. Collectively, our findings suggest that UPK1A-AS1 is a hypoxia-inducible oncogenic lncRNA that plays dual roles in cancer, with cancer type-dependent associations with progression and immune modulation across malignancies and mechanistically mediating hypoxia-associated drug resistance in HCC.","['Li ZK', 'Luo MR', 'Fang SJ', 'Wu YD', 'Hu QH', 'Zhang DY']",Analytical cellular pathology (Amsterdam)
42678048,Pleomorphic Liposarcoma: Comprehensive Genomic Analysis of 39 Cases With Comparison to Other Genomically Complex Sarcomas.,"Pleomorphic liposarcoma (PLPS) is an aggressive high-grade sarcoma that often shows diverse morphological features and can mimic high-grade undifferentiated pleomorphic sarcoma (UPS)/spindle cell sarcoma or myxofibrosarcoma (MFS), especially when pleomorphic lipoblasts are sparse. The molecular profile of PLPS is distinct from well differentiated/dedifferentiated liposarcoma and myxoid liposarcoma. In this study, we investigate 39 cases of PLPS by comprehensive genomic profiling, occurring in 32 patients with available molecular data. Cases were reviewed and morphologic parameters-lipoblastic component, UPS-like, and MFS-like areas were estimated. The genomic findings were collected and compared to UPS and MFS groups studied using the same platform. The cohort included 15 females and 17 males, with a median age of 56.5 (range, 34-78). The lower extremity (n = 17) was the most common site involved, followed by upper extremity (n = 5) and pelvis (n = 5). UPS-like and MFS-like patterns were the most common morphologic variants, ranging from 15% to 95% and 20% to 90%, respectively. TP53 (87%) and RB1 (51%) mutations and copy number alterations were the most common alterations seen, followed by ATRX (36%). Compared to UPS and MFS, TP53 and RB1 gene alterations were significantly more common in PLPS. Conversely, CDKN2A/B deletions were infrequent in PLPS. Survival analysis showed that MYC amplification was associated with significantly shorter overall survival in PLPS. Among histologic variants, CYSLTR2 alterations were found to be highest in cases with predominantly pleomorphic lipoblasts; additionally, strong correlations were found between gene alteration frequencies of MFS and MFS-like PLPS, and between UPS and UPS-like PLPS. RB1 allele-specific copy number analysis showed loss of heterozygosity in 82% of cases. Our cohort of PLPS showed a complex molecular landscape with distinct genetic alterations, histologic correlations, and clinical outcomes, highlighting its unique position among genomically complex sarcomas and providing insights that may inform future diagnostic and therapeutic approaches.","['Yakoub MA', 'Saoud C', 'Kim D', 'Dickson MA', 'Crago AM', 'Hameed M', 'Agaram NP']","Genes, chromosomes & cancer"
42677951,Changes in Activity of Heat Shock Protein-70 Family Genes is Associated With Early Acute Pancreatitis Severity.,"OBJECTIVES: Acute pancreatitis (AP) is a painful and potentially life-threatening disorder, with no effective therapy available to date. Genome assessment shows promise as a potential method for predicting AP severity. We hypothesized that single nucleotide polymorphisms (SNPs) and expression changes in Heat Shock Protein 70 (HSP70) family genes may play a role in early prediction of AP severity. METHODS: A total of 44 AP patients and 47 age- and sex-matched healthy controls were studied. Leukocyte-extracted total RNA and genomic DNA were used for HSPA1A and HSPA1L gene expression and genotyping in promoter regions (HSPA1A: rs1008438 and HSPA1L: rs2227956) analyses, respectively. RESULTS: No statistically significant differences were found between the genotypes of AP patients and controls, however, HSPA1A expression was 2-fold lower in AP. Decrease in expression was more evident in mild and mild/moderate AP groups vs. controls (P=0.024 and P=0.008, respectively). HSPA1L expression in AG vs. AA carriers was higher in entire cohort (P=0.014) and markedly differed between AP patients (P=0.001). Also, HSPA1L expression was the highest in severe AG cases and significantly differed from AA genotype carriers (P=0.005). CONCLUSIONS: We suggest that HSP70 family genes expression may be a valuable marker for predicting disease severity in AP.","['Kielaite-Gulla A', 'Gaizevska J', 'Sestokaite A', 'Sabaliauskaite R', 'Snipaitiene K', 'Jarmalaite S', 'Damaseviciute R', 'Strupas K']",Pancreas
42677418,[Functional study of Esco2 in promoting proliferation and survival of acute myeloid leukemia cells].,"The present study aimed to investigate the expression pattern of Esco2 in acute myeloid leukemia (AML) and its role in regulating the biological behavior of AML cells. The expression level of ESCO2 and its association with prognosis in patients with AML were analyzed using the TCGA-LAML and GTEx datasets. An sgRNA-mediated Esco2 depletion model was established in MLL-AF9-driven AML cells, and its function was validated through both in vitro and in vivo experiments. A murine bone marrow transplantation model was used to evaluate the effects of Esco2 depletion on leukemia progression. Colony formation assay, cell proliferation assay, and Annexin V-based flow cytometry were performed to assess AML cell growth and apoptosis. Differential gene expression analysis and gene set enrichment analysis (GSEA) were conducted to explore Esco2-related pathways. The results showed that, compared with normal tissues, ESCO2 was significantly up-regulated in AML (P < 2.2 x 10(-16)), and high expression was significantly associated with poor prognosis (P = 0.04). Esco2 depletion markedly prolonged the survival of recipient mice (P = 0.0227) and reduced leukemic burden. In vitro experiments showed that Esco2 depletion suppressed proliferation and colony-forming capacity of AML cells and promoted apoptosis. Transcriptomic and Western blot analyses revealed that Esco2 depletion up-regulated the expression of E2F transcription factor 1 (E2F1) and cyclin-dependent kinase inhibitor 1A (Cdkn1a, p21) in AML cells, suggesting that Esco2 might be involved in cell cycle homeostasis and associated with cell cycle arrest and apoptosis. These results suggest that Esco2 is highly expressed in AML, whereas Esco2 depletion significantly suppresses leukemic cell proliferation and survival and delays AML progression, indicating its important biological significance in the occurrence and development of AML.","['Li PJ', 'Yuan SR', 'Sun GH', 'Cheng H']",Sheng li xue bao : [Acta physiologica Sinica]
42677410,[From hematopoietic suppression to therapy resistance: the dual outcomes of leukemia-induced remodeling of the bone marrow vascular microenvironment].,"The bone marrow vascular microenvironment is primarily composed of endothelial cells (ECs) and mesenchymal stem/stromal cells (MSCs), which maintain hematopoietic homeostasis by regulating the quiescence, activation, proliferation, and differentiation of hematopoietic stem cells (HSCs). During leukemogenesis and disease progression, malignant cells remodel the vascular microenvironment, leading to aberrant vascular architecture, disruption of endothelial barrier integrity, phenotypic conversion of MSCs toward a pro-inflammatory/pro-survival state, and the dismantling of normal signaling networks among ECs, MSCs, and HSCs, alongside the establishment of aberrant communication axes. These alterations, on one hand, disrupt the supportive HSC niche, resulting in bone marrow failure-associated pancytopenia. On the other hand, the remodeled vascular microenvironment transforms into a sanctuary that promotes leukemia cell proliferation, migration, and drug resistance, ultimately driving disease relapse and poor prognosis. This review systematically elucidates the mechanisms underlying leukemia-induced remodeling of the bone marrow vascular microenvironment and, based on these findings, summarizes emerging therapeutic strategies targeting the vascular microenvironment, aiming to provide a theoretical foundation and translational directions for overcoming therapy resistance in leukemia.","['Huang LG', 'Zhao YJ', 'Chen JZ', 'Jiang LJ']",Sheng li xue bao : [Acta physiologica Sinica]
42677327,Comprehensive analysis of SYTL4 differential expression and clinical implications in DLBCL.,"BACKGROUND: Diffuse large B-cell lymphoma (DLBCL), a common type of non-Hodgkin lymphoma (NHL), is associated with heterogeneous clinical outcomes, with a subset of patients experiencing refractory disease or relapse, underscoring the need for novel biomarkers to refine risk stratification. This study aimed to investigate the biological role and clinical significance of synaptotagmin-like 4 (SYTL4) in DLBCL. METHODS: RNA-seq data from TCGA and GTEx were normalized (TPM) and log2-transformed. Survival analysis stratified patients based on the median SYTL4 expression level (cutoff = 0.304), with Kaplan-Meier curves and Cox regression analysis performed. Differentially expressed genes (|log2FC|>1, FDR<0.05) underwent functional annotation (GOKEGG, GSEA) and PPI network constructed. Immune infiltration was assessed via ssGSEA. Formalin-fixed paraffin-embedded (FFPE) tissue blocks from testicular DLBCL patients were obtained. A tissue microarray was constructed. Immunohistochemistry with anti-SYTL4 antibody was performed, and digital images were scored semi-quantitatively (0-3+) by two pathologists. RESULTS: RNA-seq analysis revealed a significant upregulation of SYTL4 expression in DLBCL patients compared to healthy donors, observed in both tissue and peripheral blood samples, a finding further validated by immunohistochemical staining. Survival analysis revealed that elevated SYTL4 expression was correlated with an unfavorable prognosis (P = 0.037), and multivariate Cox regression confirmed that high SYTL4 expression was an independent prognostic factor (HR = 25.541, P = 0.017). Differential gene screening identified 1,074 differentially expressed genes, including 628 upregulated genes and 446 downregulated genes. Enrichment analysis revealed a significant association of SYTL4-related genes with pathways involved in cell-cell adhesion and the immune response. Protein‒protein interaction (PPI) network analysis revealed interactions between SYTL4 and key regulators such as phosphatase and actin regulator 2 (PHACTR2), suggesting its potential role in DLBCL progression. CONCLUSION: These findings highlight the potential of SYTL4 as a promising diagnostic marker, prognostic biomarker, and therapeutic target. Further exploration of its applicability in immunotherapy may lead to the development of personalized treatment strategies for DLBCL patients.","['Li Y', 'Zhou Q']",Frontiers in genetics
42677314,"MST1 and CPNE1 Emerge as Candidate Targets in Breast Cancer: Integration of Mendelian Randomization, Multi-omics Validation, and Functional Interrogation.","BACKGROUND: Breast cancer remains a leading cause of female mortality worldwide, with therapeutic benefit limited by tumor heterogeneity and drug resistance. Identification of novel therapeutic targets through integration of genetic causality inference and functional validation is urgently needed. METHODS: Plasma protein quantitative trait loci (pQTL) from the Fenland cohort (~10,700 individuals) and the FinnGen R10 SomaScan subset (n = 828) were integrated with breast cancer genome-wide association study data from the Breast Cancer Association Consortium (122,977 cases and 105,974 controls). Causal protein-disease relationships were inferred using summary-data-based Mendelian randomization (SMR), with colocalization and HEIDI tests. Multi-level validation was performed using TCGA-BRCA transcriptomic data. Functional validation included CCK-8, EdU, wound healing, Transwell invasion, and flow cytometry apoptosis analysis evaluated CPNE1 knocdown and/or overexpression of the MST1 gene which encodes macrophage-simulating protein (MSP). RESULTS: SMR identified 23 proteins in Fenland and 10 in FinnGen at FDR < 0.05. MST1/MSP and CPNE1 were supported in both datasets with PP.H4 >/= 0.80 and non-significant HEIDI tests. Genetically predicted circulating MSP was positively associated with breast cancer risk, whereas circulating CPNE1 showed an inverse association. TCGA-BRCA showed higher CPNE1 mRNA in tumors (P = 2.57x10(-)(25)) and lower MST1 mRNA (P = 3.04x10(-)(23)). CPNE1 expression was highest in triple-negative breast cancer and correlated positively with clinical stage (rho = 0.211), whereas MST1 expression was lowest in triple-negative breast cancer and correlated inversely with stage (rho = -0.164). In T47D and MDA-MB-231 cells, CPNE1 knockdown and MST1 overexpression each reduced proliferation, migration, and invasion and increased apoptosis; the combined group showed greater changes than either single intervention. CONCLUSION: This study prioritizes the MST1 gene, which encodes MSP, and CPNE1 as candidate proteins for further investigation in breast cancer. However, the circulating-protein associations, tumor-mRNA patterns, and cell-autonomous perturbations represent distinct and directionally discordant biological contexts. The findings therefore support context-dependent candidate roles and justify mechanistic, in vivo, and formal interaction studies, but do not yet establish therapeutic efficacy or synergy.","['Jiang M', 'Wang Q', 'Xu H']",Breast cancer (Dove Medical Press)
42677088,"Non-coding RNAs related to PD1/PD-L1 signaling with potential diagnostic, prognostic, and therapeutic value in the tumorigenesis of brain cancers.","Brain cancers are among the most aggressive malignancies associated with significant global morbidity and mortality. Cancer immunotherapy has emerged as a promising novel approach for the treatment of brain cancer through regulating the PD-1/PD-L1 signaling and disrupting tumor immune escape. Several targeted therapies have been developed to inhibit the PD-1/PD‑L1 route, but reduced therapeutic responses and drug resistance remain a major challenge that needs to be addressed. Notably, non-coding RNAs (ncRNAs), which include microRNAs (miRNAs), circular RNAs (circRNAs), and long non-coding RNAs (lncRNAs), exert crucial effects on cell proliferation, invasion, and immune escape in the tumor microenvironment (TME). It has been shown that ncRNAs reduce tumor formation and progression by regulating the PD-1/PD-L1 pathway and by down-regulating key transcription factors, including NF-kappaB, JAK, and STAT. Therefore, identifying novel regulatory ncRNAs and their associated target genes offers promising opportunities for developing therapeutic interventions against brain cancer. This review highlights recent advances in understanding the regulatory role of ncRNAs on the PD-1/ PD-L1 pathway in brain cancer tumorigenesis.","['Behnam-Rassouli R', 'Entezari F', 'Ghorbanzadeh M', 'Reyhani A', 'Nassiri M', 'Golab F', 'Rahmani F']",Iranian journal of basic medical sciences
42676975,COVID-19 in Patients With Gynecologic Cancer: A Report From the COVID-19 and Cancer Consortium.,"PURPOSE: Limited information exists regarding outcome severity among gynecologic cancer patients with SARS-CoV-2 infection. The objective of this study was to describe patient, cancer, and COVID-19 characteristics, and to identify factors associated with COVID-19 severity. METHODS: Gynecologic cancer patients with SARS-CoV-2 infection were identified from the international COVID-19 and Cancer Consortium registry. We estimated odds ratios (ORs) for associations with severity of COVID-19 outcomes. Multivariable models included adjustment for age, race, cancer status, and time period of COVID-19 diagnosis. RESULTS: Of 920 patients, 438 patients (48%) had endometrial, 249 (27%) had ovarian, 198 (22%) had cervical, and 44 (5%) had vulvar/vaginal cancers. Most were from the United States (86%) and non-Hispanic White (48%). Median age was 62 years (IQR, 52-71). When diagnosed with COVID-19, 457 (49%) patients were in remission and 343 (37%) had active disease. Outcomes included hospitalization in 452 patients (49%), intensive care unit admittance in 107 patients (12%), mechanical ventilation in 70 patients (8%), and death within 30 days of testing positive for SARS-CoV-2 in 91 patients (10%). In multivariable models, increasing age (adjusted OR, 1.35 [95% CI, 1.23 to 1.49]) and non-Hispanic Black race (adjusted OR, 1.75 [95% CI, 1.24 to 2.48]) were associated with increased COVID-19 severity, as were cardiac (adjusted OR, 1.85 [95% CI, 1.36 to 2.52]), pulmonary (adjusted OR, 1.58 [95% CI, 1.12 to 2.22]), and renal (adjusted OR, 2.18 [95% CI, 1.48 to 3.19]) comorbidities. Patients in remission <5 years had decreased COVID-19 severity (adjusted OR, 0.60 [95% CI, 0.42 to 0.87]). Other cancer characteristics associated with increased severity included progression (adjusted OR, 2.91 [95% CI, 1.92 to 4.40]), stage (adjusted OR, 1.57 [95% CI, 1.11 to 2.22]), and metastatic disease (adjusted OR, 1.60 [95% CI, 1.10 to 2.34]). CONCLUSION: Patients with gynecologic cancer experience significant morbidity and mortality related to infection with SARS-CoV-2. Age, race, cancer status, comorbidities, and COVID-19 complications were associated with more severe COVID-19 outcomes.","['Brown AJ', 'Hsu CY', 'Mohsin A', 'Prescott LS', 'Beeghly A', 'Ruiz-Garcia E', 'Vilar-Compte D', 'Garcia-Gordillo JA', 'Hwang C', 'Hijaz M', 'Buekers T', 'Singh SRK', 'Wise-Draper TM', 'Ferrara EK', 'McKay RR', 'Ajmera A', 'Mariano M', 'Bhatt P', 'Nagaraj G', 'Puc M', 'Cosin JA', 'Bashir B', 'Russell K', 'Halabi S', 'McManus H', 'Accordino MK', 'Mavromatis BH', 'Joshi M', 'Polimera HV', 'Del Prete SA', 'Rose SJ', 'Subbiah S', 'Faller BA', 'Mansoor AH', 'Eid M', 'Mishra S', ""O'Cearbhaill RE"", 'Crispens MA', 'Shyr Y', 'Warner JL']",JCO oncology advances
42676966,Lung microbiome features associated with ICU delirium in mechanically ventilated patients: a secondary cohort analysis.,"BACKGROUND: Delirium in mechanically ventilated intensive care unit (ICU) patients is linked to inflammatory dysregulation, but whether the pulmonary microbiome contributes to delirium risk remains unclear. METHODS: We performed a secondary analysis of 132 mechanically ventilated adults from the MicroNAV cohort. Baseline bronchoalveolar lavage (BAL) samples collected within 12 h of intubation were profiled by 16S rRNA gene sequencing; total bacterial burden was quantified by droplet digital PCR (ddPCR; n = 125), and BAL cytokines were measured using a multiplex assay (n = 70). Concordant genus-level signals identified by four differential-abundance methods were aggregated into ecological scores and tested using logistic regression adjusted for age and Glasgow Coma Scale at intubation. Absolute abundance was estimated by multiplying relative abundance by ddPCR-derived bacterial burden. RESULTS: Delirium was recorded in 45 patients (34.1%). Total bacterial DNA concentration was lower in patients with delirium (median 7419 vs 98,326 copies/muL, P = 0.001). A putative short-chain fatty acid (SCFA)-producing commensal score (Phocaeicola, Selenomonas, and Fretibacterium) was inversely associated with delirium in compositional analysis (OR 0.83, 95% CI 0.75-0.92, P < 0.001) and after ddPCR-anchored absolute quantification (OR 0.84, 95% CI 0.75-0.94, P = 0.002). This depletion extended to oral-core commensals (absolute OR 0.80, P < 0.001) and a pre-specified oral anaerobe score (absolute OR 0.82, P = 0.002). Opportunistic colonizers were enriched compositionally but not in absolute abundance (OR 1.10, P = 0.187). Commensal scores were positively associated with BAL IL-1beta and TNF-alpha, whereas opportunistic-colonizer scores showed inverse associations. CONCLUSIONS: Early pulmonary depletion of oral-derived commensals, particularly putative SCFA producers, was associated with ICU delirium. Prospective studies with standardized delirium assessment and functional metabolite measurements are needed.","['Xiao S', 'Lin F', 'Li Y', 'Zhuang Q']","Brain, behavior, & immunity - health"
42676952,AI for prognostic assessment of diffuse large B-cell lymphoma using H&E whole-slide images.,"Prediction of the outcome of large B-cell lymphomas/high-grade B-cell lymphomas (DLBCLs/HGBCLs) is based on clinical parameters and molecular testing, for example, for rearrangements of MYC (MYC-R) and MYC-R in combination with BCL2 and BCL6 translocations (double/triple hit). However, the group of DLBCL/HGBCL with poor outcome is not confined to MYC-R lymphomas, and fluorescence in situ hybridization (FISH) testing for MYC-R misses several high-risk lymphomas. We aimed to understand if artificial intelligence (AI) trained to identify MYC-R will delineate a poor prognostic subgroup. We generated a collection of digital hematoxylin and eosin (H&E)-stained slides of DLBCL/HGBCL (N = 2018) annotated for MYC, BCL2, and BCL6 translocations. A multiple-instance deep learning AI model for the identification of MYC-R alone or as double/triple hit was established using 1035 H&E-stained slides and evaluated on an external test cohort (N = 499). A pretrained tumor tissue classifier improved reliability and interpretability by focusing the model on tumor areas. Our model score reflects a morphological ""MYCness"" in DLBCL/HGBCL and demonstrates a strong association with overall survival (OS) and progression-free survival (PFS) in the external test cohort. This was confirmed with an additional clinical test cohort (N = 484) without FISH labels. The AI model scores correlate with various molecular features of DLBCL/HGBCL, including BCL2 and MYC gene expression, and the high-grade gene expression signature, but also features of the tumor microenvironment. Multivariate analysis, adjusted for International Prognostic Index (IPI) factors, demonstrated the prognostic significance of our model in identifying high-risk cases for both PFS and OS.","['Lippl J', 'Reinke S', 'Schrod S', 'Wolfseher L', 'Huttl P', 'Huttner M', 'Staiger AM', 'Oschlies I', 'Koch K', 'Michaelis EG', 'Richter J', 'Rauert-Wunderlich H', 'Seifert N', 'Kosch R', 'Schmitz N', 'Ziepert M', 'Thurner L', 'Poeschel V', 'Glass B', 'Trumper L', 'Held G', 'Scott DW', 'Rosenwald A', 'Ott G', 'Spang R', 'Altenbuchinger M', 'Klapper W']",HemaSphere
42676843,First report of MUTYH-associated polyposis with c.1353_1355del and c.452A>G mutations in Tolima Grande region from Colombia: a case report.,"INTRODUCTION: The MUTYH gene encodes a protein involved in DNA repair and is known for MUTYH-associated polyposis (MAP), a rare autosomal recessive condition that predisposes individuals to colorectal cancer (CRC), colorectal polyps and familial colorectal cancer syndrome. CASE REPORT: We describe the first Tolima Grande region from a Colombian report of individuals carrying pathogenic MUTYH variants c.452A>G and c.1353_1355del associated with polyposis phenotypes. Three main cases with detailed histopathological findings and family history are presented. Additionally, independent findings from Clinaltec identified three further individuals carrying c.452A>G and one heterozygous carrier of c.1353_1355del detected during predictive multigene panel testing. DISCUSSION: These cases highlight the diagnostic and clinical challenges of distinguishing biallelic pathogenic MUTYH variants, which define MAP and confer high CRC risk, from monoallelic carriers, whose cancer risk is substantially lower. Misclassification may result in inappropriate surveillance strategies and missed opportunities for early detection. From a public health perspective, these findings emphasize persistent gaps in hereditary CRC prevention in underrepresented populations, including fragmented cancer registries and limited incorporation of genetic and family history data into clinical decision-making. CONCLUSION: This report provides evidence in Colombia of polyposis-associated pathogenic MUTYH variants c.452A>G and c.1353_1355del, underscoring the importance of expanding genetic evaluation for hereditary CRC in Latin American populations.","['Bohorquez-Lozano M', 'Suarez-Olaya J', 'Rubio-Vargas AC', 'Castro-Valencia F', 'Diaz-Carmona D', 'Moncada-Jimenez JF', 'Castro JM', 'Mateus G', 'Criollo-Rayo A', 'Buitrago D', 'Echeverry de Polanco MM', 'Carvajal-Carmona L']",Frontiers in oncology
42676718,Smad4 and Eomes converge on a shared transcriptional program associated with inflammatory CD8 T-cell differentiation.,"The ability of CD8 T cells to mediate protective immunity while limiting immunopathology depends on critical transcription factors such as Smad4 and Eomes that regulate differentiation of activated CTLs. Disruption of transcriptional programs mediated by Eomes and Smad4 in activated CTLs has been implicated in viral infections, chronic inflammation and cancer. Smad4 and Eomes have been shown to be critical for differentiation of memory cells, particularly TRM cells. To understand the gene regulation programs mediated by Smad4 and Eomes, we have done an integrated RNAseq and ChIPseq analysis using CD8 T cells that are isolated from Smad4KO (S4KO), EomesKO, and Smad3/Smad4-DKO (S34-DKO) mice. We identified overlapping and distinct gene expression programs mediated by Smad4 and Eomes that are associated with shaping CD8 T cell identity and functional bias. They act as critical regulators of genes involved in T cell differentiation, metabolic programming and epigenetic control in CD8 T cells. Smad4 and Eomes regulate the genes involved in tissue residency and OXPHOS-linked mitochondrial bioenergetics. Finally, we showed that canonical TGF-beta signaling is active in the absence of Smad4 or Eomes and abrogated only when both Smad3 and Smad4 are deleted. Surprisingly, CD8 T cells lacking both Smad3 and Smad4 are more enriched for TRM signature genes compared to Smad4 or Eomes-deficient CD8 T cells.","['Chandiran K', 'Karingari NC', 'Sirigineedi S', 'Cauley LS']",Frontiers in immunology
42676643,GastroAlert: a multimodal epigenetic blood test for early detection of gastric cancer using cell-free DNA.,"BACKGROUND: Gastric cancer remains a leading cause of cancer-related mortality worldwide, frequently diagnosed at advanced stages due to the limitations of current diagnostic approaches. While cell-free DNA (cfDNA)-based epigenetic profiling has emerged as a promising avenue for early cancer detection, comprehensive investigations into the epigenetic landscape of cfDNA in gastric cancer remain scarce. To address this gap, we aimed to develop and validate a multimodal epigenetic blood test for the non-invasive detection of gastric cancer. METHODS: We developed GastroAlert, a multimodal epigenetic blood test that integrates cfDNA methylation, nucleosome footprinting, and fragmentation features into a single diagnostic approach for gastric cancer detection. A custom-designed capture probe panel was utilized to target gastric cancer-associated differentially methylated CpG sites and functionally relevant genes. Targeted enzymatic methylation sequencing was then performed on a discovery dataset consisting of 136 participants, including 53 gastric cancer patients, 55 individuals with benign gastric conditions, and 28 healthy controls. Subsequently, the diagnostic performance of GastroAlert was rigorously validated in an independent external dataset of 149 participants, comprising 79 gastric cancer cases and 70 non-cancer controls. RESULTS: In cross-validation of the discovery dataset, GastroAlert achieved an area under the receiver operating characteristic curve (AUC) of 0.950 [95% confidence interval (CI) 0.874-0.995], with observed AUCs for conventional protein biomarkers ranging from 0.507 to 0.687. Notably, the locked GastroAlert model exhibited robust and reproducible performance in the independent validation dataset, yielding an AUC of 0.965 (95% CI 0.940-0.989) for distinguishing gastric cancer patients from non-cancer controls. For the clinically critical subset of early-stage gastric cancer cases, the model still maintained high diagnostic efficacy with an AUC of 0.921 (95% CI 0.862-0.980) in the discovery dataset and 0.948 (95% CI 0.910-0.985) in the validation dataset. Among all 79 gastric cancer cases in the validation dataset, the model attained an overall sensitivity of 0.898 (95% CI 0.813-0.948) at a specificity of 0.900 in the validation dataset. CONCLUSIONS: The findings demonstrate that multimodal epigenetic analysis of cfDNA provides a robust, non-invasive strategy for early gastric cancer detection, with potential clinical utility to improve patient outcomes.","['Xu YJ', 'Xu JF', 'Xia CF', 'Wu YJ', 'Li DG', 'Liu TY', 'Cui HP', 'Zhang J', 'Shang L', 'Chen WQ']",Military Medical Research
42676484,The prognostic value of liver function abnormalities in adult secondary hemophagocytic lymphohistiocytosis.,"BACKGROUND: Adult secondary hemophagocytic lymphohistiocytosis (sHLH) is a disorder of immune dysregulation and hyperinflammation that is frequently accompanied by hepatic dysfunction. Evidence describing liver function test (LFT) abnormalities and their prognostic associations in adults with sHLH remains limited. METHODS: In this retrospective study, clinical data and LFT results were obtained at admission from 269 patients with sHLH. Multivariable logistic regression and restricted cubic spline models were used to evaluate the associations between LFTs and in-hospital mortality. RESULTS: Abnormal alanine aminotransferase (ALT), aspartate aminotransferase (AST), alkaline phosphatase (ALP), and total bilirubin (TBIL) levels were present in 56.5, 75.8, 61.3, and 42.0% of patients, respectively. In multivariable models, higher log-transformed ALP was associated with 28-day mortality (OR 2.84, 95% CI 1.16-7.22; P = 0.025), and higher log-transformed TBIL was associated with 7-day mortality (OR 2.77, 95% CI 1.06-7.42; P = 0.038) and 28-day mortality (OR 4.84, 95% CI 2.35-10.56; P < 0.001). When analyzed as categorical variables, abnormal TBIL was associated with greater odds of 7-day (OR 3.56, 95% CI 1.25-11.27; P = 0.022) and 28-day mortality (OR 2.03, 95% CI 1.12-3.71; P = 0.020), whereas abnormal ALP was associated with 28-day mortality (OR 2.34, 95% CI 1.26-4.48; P = 0.008). Restricted cubic spline analysis showed a non-linear association between ALP and 28-day mortality (P for non-linearity = 0.018). Neither ALT nor AST was associated with either outcome after multivariable adjustment. CONCLUSION: Abnormal LFTs were common at admission, and ALP and TBIL may be useful prognostic markers of short-term in-hospital mortality in adults with sHLH.","['Wang J', 'Yin G']",Frontiers in medicine
42676459,Glucosidase GANAB drives colorectal cancer progression through Wnt signaling and is modulated by lncRNA FIRRE.,"BACKGROUND: The goal of this study is to investigate the expression pattern of GANAB in colorectal cancer and the role behind it. METHODS: In order to study the expression level of GANAB in the tissue of colorectal cancer, we used quantitative real-time PCR and immunohistochemistry. In the aspect of biological function, we study it through the experimental models. The molecular mechanism is clarified by RNA pull-down and RNA stability assays. Student's t-tests and one-way ANOVA are used for data analysis. RESULTS: Analysis of tissue microarrays and Colorectal cancer (CRC) cell lines revealed elevated GANAB expression in tumors compared to normal counterparts. Increased GANAB levels were linked to enhanced cell migration, invasion, and proliferation, and correlated with metastatic potential and unfavorable patient outcomes. Functional enrichment studies indicated that GANAB-associated genes participate in the Wnt/beta-catenin signaling pathway. Immunohistochemistry confirmed positive correlations between GANAB and both c-Myc and beta-catenin. The oncogenic function of GANAB was shown to rely on Wnt pathway activation. Additionally, lncRNA FIRRE, known to be oncogenic in CRC, was found to physically interact with GANAB mRNA via RNA pull-down assays. FIRRE enhances GANAB mRNA stability through direct binding. CONCLUSION: Our study demonstrates that GANAB exerts oncogenic effects in CRC by binding directly to lncRNA FIRRE, thereby stabilizing GANAB mRNA and activating the Wnt/beta-catenin pathway through nuclear accumulation of beta-catenin.","['Wang Y', 'Li W', 'Hua Q', 'Li Z', 'Jiang M']",Frontiers in molecular biosciences
42676445,TRIM21 suppresses uterine corpus endometrial carcinoma progression by promoting K48 -linked ubiquitination and degradation of SOAT1.,"BACKGROUND: Uterine corpus endometrial carcinoma (UCEC) is one of the most common gynecological malignancies, and its progression is closely associated with dysregulated protein homeostasis and metabolic reprogramming. TRIM21 is an E3 ubiquitin ligase implicated in tumor regulation, but its role in UCEC remains unclear. METHODS: Datasets from TCGA, CPTAC, and GEO were used to assess the expression pattern, clinical significance, and cellular distribution of TRIM21 in UCEC. TRIM21 expression was validated by immunohistochemistry, qRT-PCR, western blotting, and immunofluorescence. Gain-of-function assays, including CCK-8, colony formation, Transwell migration, apoptosis assays, lipid droplet staining, and xenograft experiments, were performed to determine the biological effects of TRIM21. Quantitative proteomics, immunoprecipitation coupled with mass spectrometry, co-immunoprecipitation, cycloheximide chase, ubiquitination assays, and rescue experiments were conducted to investigate the underlying mechanism. RESULTS: TRIM21 was significantly downregulated in UCEC tissues and cell lines and was associated with favorable prognosis and less aggressive clinicopathological features. TRIM21 overexpression inhibited proliferation, migration, lipid droplet accumulation, and tumor growth, while promoting apoptosis. Mechanistically, SOAT1 was identified as a novel interacting protein of TRIM21. TRIM21 negatively regulated SOAT1 by promoting its K48-linked ubiquitination and proteasomal degradation, thereby reducing SOAT1 protein stability. Restoration of SOAT1 partially reversed the inhibitory effects of TRIM21 on malignant phenotypes and its pro-apoptotic effects. CONCLUSION: TRIM21 functions as a tumor suppressor in UCEC by promoting K48-linked ubiquitination and degradation of SOAT1. These findings reveal a novel mechanism linking protein homeostasis to lipid metabolic regulation in UCEC and suggest that TRIM21 and SOAT1 may serve as potential biomarkers and therapeutic targets.","['Chen H', 'Cui D']",Frontiers in immunology
42676425,Plectin promotes an aggressive phenotype and represses cytotoxic T cell activity in pancreatic cancer.,"BACKGROUND: Pancreatic adenocarcinoma (PDAC) is an abysmal disease with poor clinical outcomes, largely due to limited life-extending treatments. Notably, PDAC displays a T cell-suppressive tumor microenvironment, and the underlying molecular mechanisms that lead to this phenotype remain poorly understood. METHODS: Utilizing the TCGA-PAAD dataset, tumor samples were separated by PLEC expression to evaluate patient survival, and pathway analyses associated with increased tumorigenesis. Evaluation of immune infiltration and subsequent immune deconvolution was performed using tidyestimate and CIBERSORTx R packages and immunohistochemistry (IHC) from human PDAC samples was performed to analyze PLEC expression and immune cell infiltration. Single-cell RNA-seq (scRNA-seq) analysis from 229 PDAC patients was analyzed to investigate signaling dynamics and immune cell infiltration in PLEC(High) patients. Functional validation was provided using a monoclonal antibody (mAb) against cell surface plectin (CSP) in two murine PDAC models to examine changes in tumor growth and immune cell subset abundance. RESULTS: Our studies revealed that high plectin expression results in an overall worse survival associated with activation of pro-tumorigenic pathways and decreased anti-tumor immune signature in PDAC patients. Analysis via GSEA indicates PLEC(High) patients display an aggressive phenotype and suppressed pro-inflammatory signaling pathways. Immune ESTIMATE scores were significantly decreased in PLEC(High) patients, and IHC and scRNA-seq analysis revealed that PLEC(High) tumors display a decrease in anti-tumor CD8(+) T cells. In vivo analyses using an anti-CSP mAb revealed a reduction in tumor growth kinetics compared to IgG control corresponding with a significant increase in proliferating and activated cytotoxic CD8(+) T cells. Anti-CSP-mediated tumor suppression was inhibited when CD8(+) T cells were depleted, indicating that anti-CSP treatment is contingent on cytotoxic T cell functionality. DISCUSSION: Our findings identify plectin as a biomarker of aggressive disease in PDAC, with high plectin expression associated with decreased T cell infiltration, and anti-CSP treatment reinstates antitumor immunity and decreases tumor volume in vivo. These findings suggest that plectin is a novel therapeutic target with the potential to enhance immune responses in PDAC and improve patient outcomes.","['Wolf CL', 'Ruiz RK', 'Khou S', 'Cornelison R', 'Stelow EB', 'Kowalewski KM', 'Lazzara MJ', 'Poissonnier A', 'Coussens LM', 'Kelly KA']",Frontiers in immunology
42676387,Multi-Omics Integration Identifies Ferroptosis-Related miRNA-mRNA Networks and Independent Prognostic miRNAs in Triple-Negative Breast Cancer.,"OBJECTIVE: This study aimed to comprehensively characterize the transcriptomic and proteomic landscape of ferroptosis-associated mRNAs, miRNAs, and proteins, elucidate subtype-specific regulatory networks, and identify potential prognostic biomarkers in triple-negative breast cancer (TNBC). MATERIALS AND METHODS: Using the TCGA-BRCA cohort for discovery and the METABRIC dataset for validation, we performed differential expression and functional enrichment analyses comparing TNBC and non-TNBC subtypes. An integrated miRNA-mRNA regulatory network was constructed, and multivariable Cox proportional hazards regression analysis was performed to evaluate the prognostic value of the identified biomarkers. RESULTS: TNBC exhibited profound transcriptional dysregulation, characterized by the marked upregulation of the iron-sequestering gene FTMT (log(2)FC=5.60) and downregulation of the iron exporter SLC40A1 (log(2)FC=-3.13). We identified 197 significantly dysregulated miRNAs, including the overexpressed oncomiR hsa-miR-135b and the suppressed tumor-suppressor miRNA hsa-miR-449a. Functional enrichment analyses consistently highlighted substantial disruptions in iron homeostasis and oxidative stress pathways. Network analysis identified NQO1 and SLC38A1 as central mRNA hubs. Notably, although specific mRNAs, including SLC40A1 and ALOX15, demonstrated prognostic value in univariate analyses, multivariable Cox regression analysis revealed that only hsa-miR-378c and hsa-miR-449a remained significant as independent prognostic factors. CONCLUSION: This multi-omics integration maps the ferroptosis-related regulatory landscape of TNBC. Although specific mRNAs serve as key structural hubs, hsa-miR-378c and hsa-miR-449a emerge as robust independent prognostic biomarkers, providing important insights into TNBC risk stratification and potential targeted therapeutic strategies.","['Ogut S', 'Cingoz Capan E', 'Capan G', 'Yesilkir Baydar S', 'Husseini AA']",Journal of clinical practice and research
42676347,"Clinical features of MEN1 in children, adolescents, and young adults: a single-center study.","BACKGROUND: Multiple endocrine neoplasia type 1 (MEN1) can present during childhood and adolescence, yet data on the full endocrine and non-endocrine phenotype in young patients remain limited. METHODS: We conducted a retrospective single-center study of genetically confirmed MEN1 patients diagnosed at </=21 years and followed between 2001 and 2024. Clinical features, surveillance findings, treatments, and outcomes were extracted from medical records. RESULTS: The cohort included 21 patients (52% males), with a median age at genetic diagnosis of 15 years and a median follow-up of 9 years. At first evaluation, 33% were asymptomatic MEN1 pathogenic/likely pathogenic variant carriers. During follow-up, primary hyperparathyroidism (PHPT) developed in 71% (median age 18 years) and was frequently complicated by renal and skeletal involvement (hypercalciuria, silent nephrolithiasis, and reduced bone mass). Parathyroidectomy was performed in 33% of patients with PHPT, with variable surgical approaches. Both postoperative hypoparathyroidism and persistent or recurrent disease were documented. Gastroenteropancreatic neuroendocrine tumors (GEP-NETs) occurred in 48% (median age ~19.5 years), predominantly non-functioning and pancreatic, with surgery in <40% and no metastatic disease. Pituitary adenomas were detected in 52% (mostly non-functioning); one pediatric prolactinoma responded to cabergoline. Adrenal involvement (14%), cutaneous lesions (angiofibromas 33%; lipomas 19%), and thoracic neuroendocrine lesions (19%, all >21 years) broadened the early-life MEN1 phenotype. CONCLUSIONS: In MEN1 patients diagnosed at </=21 years, early disease expression is common and clinically meaningful. PHPT represents the earliest and most prevalent manifestation and is frequently associated with renal and skeletal morbidity despite sometimes mild biochemical abnormalities. GEP-NETs and pituitary adenomas are also prevalent by late adolescence/young adulthood and are often indolent, suggesting structured, age-adapted multidisciplinary surveillance and early cascade genetic testing in at-risk families.","['Della Valentina S', 'Pierotti L', 'Pardi E', 'Sardella C', 'Dal Lago A', 'Michelucci A', 'Caligo MA', 'Materazzi G', 'Frustaci G', 'Kauffmann EF', 'Boggi U', 'Piaggi P', 'Marcocci C', 'Cetani F']",Frontiers in endocrinology
42676320,"[BRCA1 Gene's Mutations And Hereditary Breast Cancer: Genetic, Biological, And Clinical Aspects].","INTRODUCTION: Hereditary breast cancer accounts for approximately 5 to 10% of all breast cancer cases. Mutations in the BRCA1 gene, which plays a central role in DNA repair and cell cycle regulation, are the main cause of these familial forms and are strongly associated with aggressive subtypes, particularly triple-negative breast cancer. METHODS: A narrative literature review was conducted using biomedical databases (PubMed, Scopus, Web of Science, Google Scholar) between January 2024 and June 2025. Eligible publications addressed the genetic, biological, epidemiological, and clinical aspects of BRCA1 in hereditary breast cancer. RESULTS: BRCA1 ensures genomic stability through its roles in DNA repair, cell cycle checkpoints, and transcriptional regulation. Most mutations are truncating or missense variants, with some reported as founder mutations (e.g., c.68_69delAG, c.5266dupC, 943ins10). Women carrying germline BRCA1 mutations have an estimated lifetime risk of 56-87% of developing breast cancer, with a strong association with aggressive molecular subtypes, especially triple-negative breast cancer. CONCLUSION: A comprehensive understanding of BRCA1 mutations is crucial to enhance prevention, screening, and personalized management of hereditary breast cancer. In low-resource settings, the integration of genetic testing and counseling remains a major challenge and a public health priority to reduce disparities in cancer care.","['Tounkara FK', 'Teguete I', 'Sidibe FM', 'Diallo DA']",Le Mali medical
42675914,"Single-cell RNA sequencing uncovers an immunosuppressive program in PDAC mast cells: tumour-driven activation, proliferation, and association with Treg recruitment.","BACKGROUND: Pancreatic ductal adenocarcinoma (PDAC) is characterized by a highly immunosuppressive tumour microenvironment (TME), which contributes to its resistance to immunotherapy. Although mast cells (MCs) have been implicated in PDAC progression, their functional heterogeneity and candidate signaling models of immune modulation remain poorly understood. METHODS: Through an integrated analysis of multiple single-cell RNA sequencing (scRNA-seq) datasets, we identified a significant enrichment of MCs in PDAC tissues and established a characteristic gene signature (TPSAB1, TPSB2, CPA3, HPGDS, KIT, LTC4S) for their precise identification. RESULTS: Single-cell RNA-seq analysis categorized MCs in PDAC into resting, activated, and proliferating subpopulations. To functionally validate these transcriptomic predictions, in vitro co-culture experiments showed that pancreatic cancer cells promote the activation and proliferation of MCs. Cell-cell communication analysis suggested that activated MCs preferentially interact with regulatory T cells (Tregs) via the MIF-(CD74/CXCR4) signaling axis. This interaction was associated with an immunosuppressive T-cell landscape, characterized by an expanded population of Tregs exhibiting a highly activated immunosuppressive phenotype. Spatial transcriptomics and immunofluorescence validated the confirmed the spatial proximity of MCs and Tregs in PDAC tissues. Clinically, high expression of MC-Treg signature genes correlated with poor patient survival. CONCLUSIONS: Our study suggests that MCs are key orchestrators of immunosuppression in PDAC, predicted to interact with Tregs through the MIF-CD74/CXCR4 axis, offering a novel rationale for targeting the MC-Treg axis in future immunotherapeutic strategies.","['Wu M', 'Ye X', 'Yu Q', 'Huang H', 'Zhang Z', 'Yu X', 'Lou S', 'Xu J']",Annals of medicine
42675705,"Exploring the treatment of liver cancer with Gehua Hugan Gao based on bioinformatics, network pharmacology, and molecular docking.","Gehua Hugan Gao (GHHGG) is a traditional Chinese medicine paste that is chiefly used to treat liver cancer. However, the potential impact of GHHGG on liver cancer remains unclear. We explored how GHHGG treats liver cancer using bioinformatics, network pharmacology, and molecular docking. Network pharmacology included GHHGG active ingredients, predicted targets, predicted targets for liver cancer, and differential gene collection. A protein-protein interaction network was constructed using the Search Tool for the Retrieval of Interacting Genes/Proteins database, and crucial targets were ranked according to their degree values. Gene Ontology and Kyoto Encyclopedia of Genes and Genomes analyses of liver cancer targets were followed by survival, differential analysis, and molecular docking. Venn diagrams show 123 predicted GHHGG targets for the treatment of hepatocellular carcinoma (HCC). Enrichment analysis showed that GHHGG treats HCC through multiple targets and pathways. We also found that estrogen receptor 1, cytochrome P450 3A4, cyclin-dependent kinase 4, type IIA topoisomerase, aurora kinase A, and cyclin E1 targets were closely associated with HCC development through survival and differential analyses. Molecular docking confirmed GHHGG's strong affinity for liver cancer targets. This study helps us understand GHHGG ingredients and targets for liver cancer treatment. To a certain extent, the molecular mechanism of GHHGG in the treatment of liver cancer has been elucidated, thus providing a theoretical basis.","['Ye G', 'Yang Z', 'Yang B', 'Chen D', 'Li D', 'Yan H', 'Qiu H', 'Long F', 'Wu W', 'Tang D']",Medicine
42675616,Cancer-intrinsic SIRPalpha Signaling Triggers Mitochondrial Fission and Immune Tolerance to Promote TNBC Breast-to-Brain Metastasis.,"BACKGROUND: Triple negative breast cancer (require) new treatment strategies due to poor responses to current therapies. While myeloid SIRPalpha mediates immunosuppression, its cancer intrinsic role remains poorly understood. METHODS: Human breast cancer scRNAseq profiles were used to examine SIRPalpha expression across different cell populations and subtypes. TNBC brain-tropic cells were injected into the mouse mammary fat pad for the orthotopic tumor model, and intracardiac-injected for brain metastasis models. Bulk RNA sequencing was used to determine SIRPalpha-regulated pathway. Stably SIRPalpha overexpressed and knockout TNBC cell lines were established to determine SIRPalpha intracellular regulation. Digital spatial profiling was utilized to investigate the orthotopic and brain metastasis tumor immune microenvironment. RESULTS: Human single-cell data showed that SIRPalpha levels increased in malignant TNBC epithelial cells. We observed that SIRPalpha is upregulated in patient breast-to-brain metastatic lesions. SIRPalpha is overexpressed in TNBC brain-tropic cells compared to parental cells. Bulk RNA-Seq showed that targeting SIRPalpha affects genes involved in mitochondrial dynamics, and that SIRPalpha upregulates mitochondrial fission and induces metastasis through the SHP2/Erk/Drp1 signaling pathway. In vivo, overexpression of SIRPalpha in cancer cells significantly increases TNBC systemic metastasis. Next, spatial proteomics revealed changes in the immune microenvironment associated with the SIRPalpha-regulated ECM protein fibronectin. Fibronectin induces microglial tolerance by impairing inflammatory signaling and metabolic reprogramming, allowing cancer to escape microglial immunosurveillance. Most importantly, SIRPalpha inhibition reduced TNBC brain metastatic lesions in mouse metastasis models. CONCLUSION: : Cancer-intrinsic SIRPalpha promotes TNBC brain metastasis through increased mitochondria fission and triggering microglia tolerance, and targeting SIRPalpha reduces brain metastasis.","['Tsai YT', 'Mackert JD', 'Wilson A', 'Kooshki M', 'Payne V', 'Sagastume JJ', 'Szymonski A', 'Westwood B', 'Miller LD', 'Triozzi PL', 'Zhao D', 'Metheny-Barlow L', 'Terabe M', 'Cook KL', 'Lesser GJ', 'Soto-Pantoja DR']",Neuro-oncology
42675603,A CAR-T Tonic Signaling Code Predicts Anti-Tumor Efficacy in Diffuse Midline Glioma.,"BACKGROUND: Diffuse middle glioma (DMG or DIPG) is a fatal pediatric brain tumor. Although chimeric antigen receptor (CAR) T-cell therapy shows promise, clinical outcomes remain inconsistent due to premature exhaustion, underscoring a critical need to improve CAR-T persistence. A major barrier to CAR-T efficacy is antigen-independent tonic signaling, yet the extent to which tonic signaling shapes CAR-T durability and clinical outcomes, particularly in DMG, remains incompletely defined. METHODS: Using a clinically investigated B7-H3 MGA271-based CAR as a reference platform, we generated alternative B7-H3 CARs incorporating either a human codon-optimized 376.96 (B7H3.BC) or Hu8H9 scFv antigen binding domain to systematically assess scFv-dependent effects on tonic signaling and therapeutic efficacy. CAR-T cells were evaluated using integrated in vitro and in vivo functional assays, alongside multi-omics profiling and computational modeling. We further derived a tonic signaling-associated gene signature and evaluated its predictive performance across independent clinical datasets. RESULTS: B7H3.BC CAR-T cells exhibit markedly restrained tonic signaling compared with MGA271- and Hu8H9-based counterparts, accompanied by superior antitumor activity and enhanced persistence across patient-derived DMG cells. Integrated multi-omics and single-cell profiling further identified a tonic signaling-associated gene signature that outperforms conventional T-cell exhaustion signatures in predicting therapeutic efficacy across multiple clinical trials, including DMG and other tumors. CONCLUSIONS: Our findings establish that scFv-dependent modulation of tonic signaling critically governs CAR-T persistence and antitumor efficacy in DMG. By linking CAR design to transcriptional and epigenetic programs, our study provides a principle-based and predictive framework to inform rational CAR engineering and improve therapeutic outcomes.","['Deng B', 'Zhong X', 'Xin D', 'Huang X', 'Soni UK', 'Ma W', 'Cai M', 'Liang PY', 'Bai J', 'Qin Q', 'Mishra S', 'Hu M', 'Bayat AE', 'Luo Z', 'Diao J', 'Xin M', 'Pillay-Smiley N', 'Hummel TR', 'Stevenson CB', 'Foster JB', 'de Blank P', 'Raskin S', 'Koschmann C', 'Cancelas JA', 'Zheng Y', 'Lu QR']",Neuro-oncology
42675601,Transcriptomic Profiling Reveals NF-kappaB-Associated Immune Regulatory Signatures Underlying the Regenerative Effects of Hypoxia-Preconditioned Tendon Stem Cell-Derived Extracellular Vesicles.,"Remodeling of the immune microenvironment is a critical determinant of tissue regeneration, yet the molecular programs associated with the enhanced therapeutic activity of hypoxia-preconditioned extracellular vesicles remain incompletely defined. In this study, we investigated the regenerative and immunomodulatory effects of hypoxia-preconditioned tendon stem cell-derived extracellular vesicles (Hypo-EVs) and employed transcriptomic profiling to identify molecular signatures associated with their biological activity. The therapeutic effects of Hypo-EVs were evaluated using a rat patellar tendon defect model and lipopolysaccharide-stimulated RAW 264.7 macrophages. Histological analysis, immunostaining, biomechanical testing, and reverse transcription-quantitative polymerase chain reaction were performed to assess tendon healing and macrophage polarization, while RNA sequencing was conducted in macrophages treated with Hypo-EVs or normoxia-derived EVs, followed by Gene Set Enrichment Analysis, Gene Ontology, and Kyoto Encyclopaedia of Genes and Genomes pathway analyses. Hypo-EVs significantly alleviated local inflammatory responses, improved collagen organization and biomechanical properties of repaired tendons, and promoted macrophage polarization toward a reparative M2 phenotype both in vivo and in vitro. Consistent with these biological effects, transcriptomic profiling revealed extensive remodeling of inflammation-related gene expression programs, including significant suppression of NF-kappaB, TNF, IL-17, and cytokine-cytokine receptor interaction pathways. Integrative bioinformatic analyses identified an NF-kappaB-associated immune-regulatory signature that distinguished Hypo-EV-treated macrophages from those receiving normoxic EVs. Mechanistically, Hypo-EVs attenuated NF-kappaB activation, as evidenced by reduced phosphorylation of p65 and IkappaBalpha, whereas TNF-alpha-mediated NF-kappaB activation partially diminished their macrophage-repolarizing effects. Collectively, these findings demonstrate that hypoxic preconditioning enhances the immunomodulatory and regenerative functions of tendon stem cell-derived EVs. Transcriptomic analyses identified an NF-kappaB-associated immune-regulatory signature linked to the biological activity of Hypo-EVs, providing a molecular framework for understanding EV-mediated immune modulation and supporting the development of transcriptome-guided molecular signatures for regenerative therapies targeting tendon immune homeostasis.","['He C', 'Liu C', 'Zhang H', 'Zhang M']","BioFactors (Oxford, England)"
42675521,Role and prognostic value of N6-methyladenosine RNA modification regulators in glycolytic reprogramming during sepsis.,"OBJECTIVE: This study aims to investigate the expression profiling characteristics of N6-methyladenosine (m6A) RNA modification regulators in sepsis, their associations with glycolytic metabolic reprogramming, and their preliminary prognostic value. METHODS: We integrated multiple sepsis transcriptomic cohorts (GSE65682, GSE95233, GSE54514) from the GEO database to systematically analyze the differential expression of 15 m6A regulators. Gene Set Variation Analysis (GSVA) scores, weighted gene co-expression network analysis (WGCNA) networks, and Spearman correlation analyses were utilized to assess the associations between m6A regulators and glycolytic activity. The regulation of glycolytic genes by m6A modifications was confirmed using ALKBH5 knockout models (GSE198316, GSE224650) and MeRIP-seq data (GSE225143). A prognostic model was developed by integrating CIBERSORT immune cell infiltration analysis, single-cell RNA sequencing data (GSE147363), and LASSO-Cox regression. RESULTS: Most m6A regulators are significantly downregulated in patients with sepsis, while IGF2BP2 and IGF2BP3 are upregulated. ALKBH5 clusters with IGF2BP2 within the same WGCNA module and exhibits a positive correlation with glycolytic activity (rho=0.592, P=1.0 x 10(-)(29)). The differentially expressed genes (DEGs) resulting from ALKBH5 knockout significantly overlap with sepsis-associated DEGs (n=124; OR=2.48, P=5.10 x 10(-)(11)), which are enriched in the HIF-1 signaling pathway and glycolytic processes. Independent validation confirmed a directional consistency of 89.6%. MeRIP-seq data indicated m6A-mediated associations with glycolytic genes, including ENO1, GAPDH, HK2, and LDHA. Single-cell analysis demonstrated a positive correlation between ALKBH5 and most glycolytic genes in CD14+ monocytes. A prognostic model based on four m6A genes (HNRNPC, YTHDF1, YTHDF2, VIRMA) achieved a C-index of 0.750 in the training set and 0.709-0.718 in external validation sets. CONCLUSION: These integrated analyses suggest that ALKBH5-associated m6A modification is correlated with sepsis-associated glycolytic reprogramming and support a biologically plausible, hypothesis-generating ALKBH5-associated glycolytic program that requires prospective and experimental validation. The m6A-based four-gene model showed preliminary prognostic potential for 28-day mortality, but its external reproducibility was incomplete and requires validation in larger, prospectively collected and clinically harmonized cohorts.","['Liu X', 'Zhang Y', 'Feng L', 'Xiang A', 'Kang Z', 'Zhang Q', 'Kang L']",Journal of intensive care
42675222,Neuromedin U 'innervation' reprograms myeloid immunosuppression in neuroendocrine prostate cancer.,"Neuroendocrine prostate cancer (NEPC) is an increasingly recognized, highly aggressive disease variant with no actionable therapeutic targets and a life expectancy of 7 months or less. Using a transgenic mouse model, we now show that early stages of NEPC are associated with increased intraprostatic recruitment of Ly6G(+) polymorphonuclear neutrophils (PMN) and reduced infiltration of CD8(+) T cells. This coincided with expansive transcriptional changes of increased cell viability and cell migration, as well as upregulation of multiple neuronal mediators with the neuropeptide, Neuromedin U (NMU) as the top hit (Z score = 4.34; FDR < 5%; p = 3.62 x 10(-9)). Analysis of a large cohort of human patient samples revealed that NMU was highly expressed in early and late stage prostate cancer, preferentially segregating with AR(-)/NE(+) metastases. Exposure of PMN to recombinant NMU was sufficient to stimulate cell migration, inflammatory gene expression with increased levels of the cytokine-like alarmin, S100A9 and suppression of T cell proliferation. Genetic or pharmacological targeting of NMU/S100A9 signaling inhibited NEPC growth, reinvigorated an intratumoral immune microenvironment via recruitment of tumor antigen-specific CD8(+) T cells with 'stem-like' (TCF1(+)/PD1(+)) and cytotoxic (GrzB(+)/KLRG1(+)) properties and enhanced the activity of therapeutic immune checkpoint inhibition, in vivo. Therefore, NMU 'innervation' drives myeloid immunosuppression in NEPC and provides a therapeutic target to restore sensitivity to immunotherapy in this highly refractory malignancy.","['Perego M', 'Madzo J', 'Kossenkov AV', 'Atilgan FC', 'Tazzari M', 'Tumedei MM', 'Limarzi F', 'Lolli C', 'Gurioli G', 'Fatatis A', 'Iacocca MV', 'Petrelli NJ', 'Jacobi JJ', 'Goodrich DW', 'Languino LR', 'Altieri DC']",Oncogene
42675095,Nanoparticle-enhanced apigenin suppresses androgen receptor signaling and cellular plasticity in LNCaP cells.,"Prostate cancer remains highly dependent on androgen receptor (AR) signaling, yet therapeutic escape often emerges through incomplete suppression of AR-driven transcription and activation of compensatory survival pathways. Here, we investigated whether a hyaluronic acid-coated selenium nanoparticle formulation loaded with apigenin (HA-SeNP-Api) could enhance the anti-tumor activity of apigenin in androgen-responsive LNCaP prostate cancer cells. Selenium nanoparticles were generated by reduction of sodium selenite with ascorbic acid, followed by apigenin loading and hyaluronic acid coating. After 72 h treatment, HA-SeNP-Api produced a consistent biological response across several measured endpoints among the tested groups. Apigenin screening identified 6.25 microM as a biologically active sub-IC50 working concentration. At this dose, the nanoformulation reduced AR and PSA mRNA expression to 0.27-fold and 0.42-fold, respectively, and lowered PSA protein to 10% of control. Total apoptosis increased to 44.30%, compared with 31.36% for selenium nanoparticles alone, 9.77% for apigenin, and 3.70% for enzalutamide. The formulation also increased p53 and p21 expression, reduced SOX2, OCT3/4 and SLUG, and retained growth-inhibitory activity in 3D spheroids. These findings suggest that HA-SeNP-Api enhances the biological activity of apigenin under the tested in vitro conditions and modulates AR/PSA-associated readouts, apoptosis-associated responses, and selected plasticity-associated transcripts in LNCaP cells.","['Vicil S', 'Serttas R', 'Erdogan S']",Scientific reports
42675037,Precision nanomedicine for pulmonary diseases: from molecular targeting to clinical translation.,"The pulmonary system is a vital interface between the body and the external environment, making it highly vulnerable to environmental, infectious, and genetic insults. Precision nanomedicine offers a promising strategy to overcome the limitations of conventional gene and drug therapies, including safety concerns associated with viral vectors, instability of therapeutic agents, suboptimal cellular internalization, and a critical lack of tissue- and cell-specific targeting. Nanoparticle-based delivery platforms address these challenges by enhancing therapeutic stability and bioavailability, enabling controlled release, facilitating cellular uptake and endosomal escape, and achieving targeted delivery to specific lung compartments. While recent literature often focuses on specific nanoparticle types or isolated pathologies, this work provides a comprehensive overview of the current state of respiratory nanomedicine, bridging fundamental nanoparticle bioengineering with a wide range of pulmonary pathologies and the obstacles to clinical translation. We discuss the key physicochemical properties of nanoparticles for pulmonary biomedical applications, along with advanced design strategies for targeted delivery. Given the unique architecture and physiology of the lung, we compare the advantages and limitations of pulmonary versus systemic administration routes, emphasizing context-specific delivery strategies. Nanoparticle design and therapeutic applications are explored across a broad spectrum of diseases, including pulmonary fibrosis, chronic obstructive pulmonary disease, infections, pulmonary vascular disease, cystic fibrosis, asthma, lung cancers, and neonatal pulmonary disorders. Finally, we evaluate the current status of clinical trials, highlighting translational challenges such as biological barriers, long-term safety, and manufacturing. Future perspectives and interdisciplinary strategies are proposed to advance the clinical translation of nanocarriers for respiratory diseases.","['Deng Z', 'Gao W', 'Do J', 'Aragam S', 'Dawd O', 'Belthur M', 'Shi D', 'Kalin TV', 'Kalinichenko VV']",Signal transduction and targeted therapy
42674845,Transcriptional Regulation by YAP/TAZ via TEADs and Additional Transcription Factors.,"The Hippo pathway regulates cell proliferation, cell death, and differentiation, and thus plays a key role in organ size control and tissue homeostasis throughout animal development and adult life. Aberrant Hippo signaling is a key driver of human cancer, developmental disorders, other pathological conditions, and aging. Yes-associated protein (YAP) and its paralog, transcriptional coactivator with PDZ-binding motif (TAZ), are two transcriptional coactivators that mediate the major functions of the Hippo pathway by binding to specific transcription factors, such as members of the transcriptional enhanced associate domain (TEAD) family. In this review, we provide an updated overview of this transcriptional module within the Hippo pathway, discuss how it modulates gene transcription to contribute to development and disease, and propose outstanding questions that warrant further investigation in future studies.","['Cao X', 'Tang M', 'Lu Z', 'Zhao B']",Cold Spring Harbor perspectives in biology
42674823,Mutual Information-based Prognostic Biomarker Discovery in Cancer Genomics: Conceptual Framework and Representative Applications of MI-POG.,"Mutual information (MI)-based approaches have increasingly been applied to cancer genomics; however, their use for genome-wide prognostic biomarker discovery remains relatively underexplored. The present article summarizes the conceptual workflow of Mutual Information-based Prognostic Omics Gene (MI-POG) based on previously published applications in breast cancer, lower-grade glioma, and other cancer datasets. The framework consists of clinical endpoint discretization, genome-wide MI-based screening, candidate ranking, and downstream validation using conventional survival-analysis approaches. Previous MI-POG applications identified solute carrier family 20 member 1 (SLC20A1) as a prognostic biomarker in hormone receptor-positive breast cancer. Elevated SLC20A1 expression was associated with unfavorable survival outcomes and was independently validated in the Molecular Taxonomy of Breast Cancer International Consortium (METABRIC) cohort. Methodological analyses demonstrated how survival endpoints can be integrated into an information-theoretic framework through fixed-time outcome discretization, enabling model-independent assessment of molecular-clinical dependencies. Applications across multiple cancer datasets suggested the potential applicability of the framework across biologically distinct tumor types, although further validation will be required to establish its robustness and generalizability. In conclusion, MI-POG can be formalized as an information-theoretic framework for genome-wide identification of prognostic biomarkers by quantifying molecular-clinical dependencies using mutual information. Representative applications from previously published studies suggest that MI-POG may complement conventional survival-analysis approaches and provide a useful strategy for biomarker discovery, although additional benchmarking and prospective validation will be required.","['Akimoto K', 'Tamori S', 'Sato K']",Cancer genomics & proteomics
42674822,ERP44 Is Associated With Poor Prognosis and Promotes Proliferation and Temozolomide Resistance in Lower-grade Glioma.,"BACKGROUND/AIM: Endoplasmic reticulum resident protein 44 (ERP44), a protein disulfide isomerase family member, has been implicated in tumor biology, but its role in lower-grade glioma (LGG) remains unclear. This study investigated the prognostic significance and biological function of ERP44 in LGG, focusing on proliferation and temozolomide (TMZ) resistance. MATERIALS AND METHODS: ERP44 expression, clinicopathological associations, and prognostic value were analyzed using The Cancer Genome Atlas (TCGA), Genotype-Tissue Expression (GTEx), and Chinese Glioma Genome Atlas (CGGA) datasets. Time-dependent receiver operating characteristic (ROC) curves, Cox regression, and a prognostic nomogram were constructed. Differential expression, Gene Set Enrichment Analysis (GSEA), Gene Ontology (GO) enrichment, immune infiltration, and drug sensitivity analyses were performed. Functional validation was conducted in SW1088 and SW1783 cells using shRNA-mediated ERP44 knockdown, followed by RT-qPCR, western blotting, CCK-8, colony formation, and TMZ IC(50) assays. Subcutaneous xenograft models with or without TMZ treatment were used for in vivo validation. RESULTS: ERP44 was markedly upregulated in LGG and associated with higher WHO grade, IDH wildtype status, 1p/19q non-codeletion, and poor survival in TCGA and CGGA cohorts. ERP44 showed strong prognostic performance and improved risk stratification in a multivariable nomogram. Enrichment analyses linked high ERP44 expression to immune/inflammatory pathways and reduced neuronal functional signatures. ERP44 positively correlated with immune infiltration, proliferation/stemness markers, and predicted TMZ resistance, while its knockdown inhibited proliferation and colony formation, reduced TMZ IC(50), suppressed xenograft growth, enhanced TMZ efficacy, and decreased Ki67 positivity. CONCLUSION: ERP44 is a prognostic biomarker that promotes LGG proliferation and TMZ resistance, suggesting its potential as a therapeutic target.","['Shao L', 'Liu J', 'Amin MR', 'Jian Z']",Cancer genomics & proteomics
42674821,Integrative Cross-platform Analysis of Kinase Inhibitor Effects on Statin-relevant Cardioprotective Pathways in Human Cardiomyocytes.,"BACKGROUND/AIM: Kinase inhibitors (KIs) can cause cardiotoxicity through mechanisms overlapping with statin cardioprotective pathways, yet their effects on these pathways in cardiomyocytes remain uncertain. We evaluated six literature-defined statin-relevant gene sets using transcriptomic and proteomic data. MATERIALS AND METHODS: Pre-ranked gene set enrichment analysis was performed for 23 KIs in primary cardiac cells (GSE146096; n=319) and iPSC-derived cardiomyocytes (GSE217421; n=541), with cross-platform analysis of 21 KIs by shotgun proteomics (PXD014791; n=300). Pathway-specific concordance was assessed by Spearman correlation with Benjamini-Hochberg correction; protein scores were estimated after adjustment for cell line. RESULTS: KI effects were heterogeneous. The anti-fibrotic pathway showed nominal concordance across the two transcriptomic datasets (rho=0.495, p=0.016, q=0.098; 91% direction concordance) and significant cell-line-adjusted transcriptomic-proteomic concordance (rho=0.644, p=0.0016, q=0.0081). Nilotinib reproducibly upregulated NF-kappaB pathway genes [normalized enrichment score (NES)=+2.29 and +2.18 in discovery and validation], with targeted inter-gene-correlation-adjusted testing supporting higher NF-kappaB expression than under rosuvastatin (CAMERA p=3.54x10(-8)). No global cross-omics summary remained significant after harmonizing pathway universes and accounting for repeated pathways. CONCLUSION: KI effects on statin-relevant pathways were pathway-specific. Anti-fibrotic concordance and nilotinib-associated NF-kappaB upregulation are hypothesis-generating candidates for experimental validation.","['Kuo TY', 'Cheng MC', 'Jhou HJ', 'Lee CH', 'Chen PH']",Cancer genomics & proteomics
42674820,Multi-level Transcriptomic and Machine-learning Analyses Identify MZT1 as a Proliferation-associated Prognostic Marker in Lung Adenocarcinoma.,"BACKGROUND/AIM: Lung adenocarcinoma (LUAD) exhibits substantial molecular heterogeneity and variable clinical outcomes, highlighting the need for biomarkers that reflect core tumor biological processes. Centrosome-associated proteins regulate mitotic fidelity and genome stability, yet their roles in LUAD remain incompletely defined. In this study, we systematically characterized mitotic spindle organizing protein 1 (MOZART1; MZT1) and related family members in LUAD. MATERIALS AND METHODS: We performed integrated analyses combining bulk transcriptomic datasets, survival modeling, gene set enrichment, immune deconvolution, machine-learning based prognostic modeling, and single-cell RNA sequencing. Expression patterns and clinical associations of MZT family genes were evaluated across pan-cancer and LUAD cohorts. RESULTS: MZT family genes were consistently upregulated in tumor tissues, with MZT1 showing the most robust expression pattern. Elevated MZT1 expression was significantly associated with reduced overall survival. Functional analyses revealed coordinated activation of proliferative and genome maintenance pathways, including G(2)/M checkpoint regulation, E2F and MYC signaling, and DNA repair. A multivariable analysis indicated that the prognostic association of MZT1 was reduced after adjusting for canonical proliferation markers, suggesting partial overlap with established proliferation signals. The LASSO-based Cox model demonstrated stable time-dependent predictive performance at 1-, 3-, and 5-year survival. Immune analyses indicated associations between MZT1 expression and tumor microenvironmental features. Single-cell analysis showed that MZT1 expression was predominantly enriched in malignant epithelial cells and associated with proliferative cellular states. Protein-level validation supported concordance with transcriptomic findings. CONCLUSION: MZT1 is a proliferation-associated marker that integrates clinical risk, transcriptional programs, cellular heterogeneity, and predictive modeling in LUAD, providing a potential framework for biomarker development and risk stratification.","['Solomon DD', 'Lin HR', 'Lee YK', 'Kumar S', 'Ko CC', 'Chang KF', 'Lin CH', 'Nhi Nguyen NU', 'Minh Xuan DT', 'Palekkode N', 'Wang CY', 'Lin YS']",Cancer genomics & proteomics
42674819,An Update on Selected Giant Cell-Rich Tumors of Soft Tissue.,"Giant cell-rich tumors of soft tissue present a significant diagnostic challenge due to pronounced morphological overlap, particularly in limited tissue samples. This review provides a streamlined update on the clinicopathological and molecular features of nine distinct entities: nodular fasciitis, juvenile xanthogranuloma, phosphaturic mesenchymal tumor, tenosynovial giant cell tumor, giant cell fibroblastoma, giant cell-rich solitary fibrous tumor, giant cell tumor of soft tissue, keratin-positive giant cell-rich tumor, and undifferentiated pleomorphic sarcoma. While these neoplasms are unified by a prominence of multinucleated giant cells, recent genomic insights have identified signature, diagnostically defining molecular drivers. We highlight characteristic gene fusions, including USP6, NTRK1, FN1, CSF1, COL1A1-PDGFB, NAB2-STAT6, and HMGA2-NCOR2, as well as entities characterized by non-recurrent or highly complex genomic alterations. Synthesizing these data, this review underscores the critical role of advanced molecular testing in resolving diagnostic ambiguities, refining tumor classification, and guiding targeted therapeutic strategies.","['Nishio J', 'Aoki M']",Cancer genomics & proteomics
42674818,Multi-omics Investigations of Immune Microenvironment of Human Colorectal Cancer.,"BACKGROUND/AIM: Colorectal cancer (CRC) remains a leading cause of cancer-related morbidity and mortality worldwide. Although immunotherapy has improved outcomes for a subset of patients, its limited efficacy in many cases highlights the need for a more comprehensive understanding of the CRC immune microenvironment. This study aimed to characterize the molecular landscape of the CRC immune microenvironment using an integrated multi-omics approach and to identify candidate regulatory molecules associated with immune remodelling. MATERIALS AND METHODS: We integrated structural variation, DNA methylation, chromatin accessibility, proteomic, and phosphoproteomic data generated from an in-house CRC cohort with transcriptomic data from The Cancer Genome Atlas (TCGA). Analyses focused on 1,539 immune-related genes (IRGs) associated with CD4(+) T cells, B cells, and natural killer (NK) cells. Multi-layered genomic and proteomic analyses were performed to identify altered immune-related pathways, hub genes, candidate transcription factors, and upstream kinases. RESULTS: Higher infiltration of CD4(+) T cells, B cells, and NK cells was associated with CRC. IRGs exhibited widespread alterations across genomic, epigenomic, transcriptomic, proteomic, and phosphoproteomic levels. IL10, LEP, ITGAM, and EGFR emerged as candidate hub genes. EGFR phosphorylation at S991 and T693 was significantly decreased in CRC. STAT2 and HSF1 were identified as candidate upstream transcription factors, while CDK2 emerged as a candidate upstream kinase associated with immune infiltration and immune checkpoint expression. CONCLUSION: This study provides a systematic multi-omics characterization of immune microenvironment remodelling in CRC and identifies candidate molecular regulators that may serve as potential targets for future immunotherapy research.","['Zeng H', 'Lin L', 'Chen Y', 'Xia L', 'Tang D', 'Dai Y', 'Zhang W']",Cancer genomics & proteomics
42674817,Integrated Immunotherapy Target Atlas for Ewing Sarcoma.,"BACKGROUND/AIM: Ewing sarcoma is a fusion-driven malignancy with low tumor mutational burden, making recurrent tumor-associated antigens with favorable tumor-to-normal contrast central to immunotherapy development. We converted the Deng et al.-defined 32-gene Ewing Sarcoma Specific Signature (ESS32) into a practical target atlas by integrating tumor RNA expression with normal-tissue context, protein evidence, subcellular localization, and therapeutic accessibility. MATERIALS AND METHODS: A 38-gene set was analyzed, including ESS32 and six comparator antigens (STEAP1, LINGO1, PRAME, CD99, CD276/B7-H3, and ENPP1). Eight Gene Expression Omnibus datasets (n=854 samples) were assigned predefined roles spanning tumor-versus-skeletal-muscle comparison, broad normal-organ context, EWSR1::FLI1 perturbation, tumor-only support cohorts, cell-line models, and cross-sarcoma comparison. Results were overlaid with Human Protein Atlas and published proteomic/surfaceome evidence. RESULTS: In GSE17674, the strongest tumor-enriched transcripts included NKX2-2, NPY1R, STEAP1, RBM11, RNF182, LIPI, CD99, STEAP2, LOXHD1, and DCDC2. Normal-tissue and compartment data substantially reordered RNA-only ranking. NKX2-2 showed the strongest Ewing-associated signal but encodes a nuclear transcription factor, favoring peptide-HLA/T-cell receptor (TCR) or vaccine development. RBM11 and LIPI emerged as high-interest intracellular/secretome-associated candidates, with an explicit epididymal/male reproductive caveat for LIPI. CD99 and NPY1R illustrated normal-cell reservoir and receptor-distribution constraints. CONCLUSION: ESS32 should be interpreted as an EWSR1::FLI1-associated RNA discovery set, not as a pre-validated target panel. Practical nomination requires integration of RNA enrichment, normal-tissue distribution, protein evidence, cellular compartment, and modality compatibility before nomination of TCR, vaccine, antibody-drug conjugate (ADC), chimeric antigen receptor (CAR), radioligand, or validation-first candidates.",['Goldman C'],Cancer genomics & proteomics
42674815,Tumor Mutational Landscape and Its Correlation With Histopathological Characteristics in Breast Cancer.,"BACKGROUND/AIM: In breast cancer, knowledge of the associations between clinicopathologic characteristics, genetic changes, and subtype-specific patterns is expanding. This study investigated how pathological and clinical variables affect the actionability of Next Generation Sequencing (NGS)-based tumor molecular data. MATERIALS AND METHODS: 227 breast cancer patients referred to Genekor's laboratory for tumor molecular profile analysis were included in the study. Pathology records were used to assess critical clinicopathological features, including HER2, ER, PR, Ki67, grade, metastatic site, and age. A 1021-gene NGS-based multigene panel was utilized to assess tumor biology alongside tumor mutational burden (TMB) and microsatellite instability (MSI). RESULTS: Comprehensive genomic profiling revealed that 95.6% of the patients harbored at least one oncogenic or likely oncogenic alteration, highlighting the high diagnostic yield of NGS-based testing. Distinct subtype-specific patterns were observed: HR+/HER2- tumors were enriched for PIK3CA and ESR1 gene alterations, whereas triple-negative breast cancer (TNBC) was dominated by TP53 alterations. Clinically actionable alterations were most common in HR+/HER2- tumors (~60% on-label), whereas TNBC more often harbored off-label or trial-associated targets. The inclusion of tumor-agnostic biomarkers (TMB/MSI) increased on-label actionability up to 64.5% in HR+/HER2- tumors, primarily driven by TMB-high cases. Median TMB values were low, and age was the only independent predictor. Furthermore, the presence of actionable alterations was significantly higher in metastatic tumors, and TP53 alterations were associated with aggressive tumor characteristics. CONCLUSION: Comprehensive NGS-based genomic profiling identifies clinically actionable alterations in over half of breast cancer patients, with substantial variability across molecular subtypes. The HR+/HER2- subtype demonstrates the highest prevalence of on-label actionable biomarkers. These findings support the routine implementation of comprehensive genomic profiling, especially in metastatic HER2-negative breast cancer, to guide precision oncology strategies and enable enrollment in biomarker-driven clinical trials.","['Papadopoulou E', 'Stathoulopoulou M', 'Matiatou M', 'Karathanasis P', 'Xenakis X', 'Pesmatzoglou G', 'Fyssas I', 'Louis K', 'Maniatis D', 'Ekmektzoglou A', 'Alexandrou D', 'Kalivopoulos C', 'Kanistras C', 'Katsiakis N', 'Konstantiadou I', 'Kavazis C', 'Kokolakis A', 'Papaioannou N', 'Sachoulidou A', 'Sfakianakis E', 'Triantafyllidou S', 'Filippidou S', 'Damaskos C', 'Lazaridis G', 'Koinis F', 'Biziota E', 'Koutras A', 'Kotsori A', 'Venizelos V']",Cancer genomics & proteomics
42674783,Temporal mapping of radiation-induced neural injury and mitigation in human cortical organoids.,"BACKGROUND: Radiation therapy is a standard-of-care oncological treatment for central nervous system (CNS) malignancies. However, as survival outcomes improve, radiation-induced injury to normal brain tissue has increased in clinical significance. CNS radiation injury is a delayed, multifactorial process characterized by impaired neurogenesis, reactive gliosis, and persistent functional deficits. Mechanistic exploration and development of effective radiation mitigators have been limited by the lack of scalable, human-relevant models. METHODS: Mature human iPSC-derived cortical organoids were exposed to single-dose or clinically relevant fractionated radiation (5 x 2 Gy). DNA damage, apoptosis, and growth dynamics were assessed longitudinally. Structural organization, synaptic integrity, and neuroinflammatory responses were evaluated by immunofluorescence and real-time PCR. Transcriptomic profiling was performed at 72 hours and 2 weeks after fractionated radiation to capture acute and delayed effects. Two candidate radiation mitigators, NSPP and amisulpride, were tested for their therapeutic effects within the organoid system. RESULTS: Cortical organoids exhibited partial recovery following single doses up to 4 Gy or fractioned irradiation. Transcriptomic analyses revealed that radiation not only reduced overall cell viability but also reshaped lineage trajectories, characterized by depletion of neural stem/progenitor populations, loss of neuronal identity, enhanced gliogenesis, increased inflammatory cytokines, and disrupted cortical layering and synaptic integrity. Treatment with NSPP or amisulpride attenuated injury-associated transcriptional and structural alterations. CONCLUSION: Human cortical organoids recapitulate key features of radiation-induced neural injury, recovery, and therapeutic modulation, providing a robust, scalable, and human-relevant platform for studying CNS radiation biology and preclinical screening of candidate radiation mitigators.","['He L', 'Kornblum HI', 'Bhaduri A', 'Pajonk F']",Stem cells translational medicine
42674724,Association Between Kita-Kyushu Lung Cancer Antigen-1 Positivity and Pathological High-grade Lung Adenocarcinoma.,"BACKGROUND/AIM: Kita-Kyushu Lung Cancer antigen-1 (KK-LC-1) is a cancer-testis antigen that represents a promising target for treatment with T-cell receptor (TCR) gene-engineered T cells. This study aimed to evaluate the utility of immunohistochemical detection of KK-LC-1 in resected lung adenocarcinoma specimens. PATIENTS AND METHODS: We reviewed the medical records of 110 patients who underwent curative resection for lung adenocarcinoma. The original monoclonal antibody against KK-LC-1, Kmab34B3, was evaluated in this study. Overall survival (OS) and recurrence-free survival (RFS) were compared based on KK-LC-1 positivity and epidermal growth factor receptor (EGFR) mutation. Cox regression analyses were performed to identify prognostic factors. RESULTS: Thirty-nine patients (35%) were positive for KK-LC-1. KK-LC-1 positivity was significantly associated with larger invasive tumor size, advanced pathological stage, lymphatic invasion, vascular invasion, and lymph node metastasis. No significant difference in OS was observed between KK-LC-1-positive and -negative patients (5-year OS: 79.8% vs. 94.0%, p=0.07). However, KK-LC-1-positive patients had significantly poorer RFS than KK-LC-1-negative patients (5-year RFS: 67.7% vs. 85.5%, p=0.020). In multivariate analysis, KK-LC-1 positivity was not an independent predictor of RFS (hazard ratio=1.230, p=0.63). EGFR mutation analysis was available for 89 patients, of whom 45 (50.5%) harbored EGFR mutations. In the EGFR mutation-positive subgroup, KK-LC-1-positive patients had significantly poorer OS than KK-LC-1-negative patients (5-year OS: 77.0% vs. 100%, p=0.026). RFS also tended to be poorer in KK-LC-1-positive patients, although the difference did not reach statistical significance (5-year RFS: 66.6% vs. 88.4%, p=0.055). CONCLUSION: KK-LC-1 positivity was significantly associated with pathological high-grade tumors and poor RFS in patients with lung adenocarcinoma. Moreover, KK-LC-1 may serve as a prognostic factor for lung adenocarcinoma, and KK-LC-1-positive patients may be suitable candidates for TCR reconstitution therapy.","['Kondo Y', 'Fukuyama T', 'Sonoda D', 'Tamagawa S', 'Matsuo Y', 'Matsumoto T', 'Ichinoe M', 'Okada S', 'Satoh Y']",Anticancer research
42674721,Exploring the Role of TERT Promoter Mutations in Advanced Melanoma Treated With BRAF/MEK Inhibitors or Immune Checkpoint Inhibitors.,"BACKGROUND/AIM: Advanced melanoma treatment remains debated, particularly in patients with B-Raf proto-oncogene serine/threonine kinase (BRAF) V600 mutations eligible for both immune checkpoint inhibitors (ICI) and BRAF/MEK inhibitors. Additional biomarkers are needed to improve treatment selection. Mutations of the telomerase reverse transcriptase (TERT) promoter are frequent in melanoma, although their clinical role remains unclear. PATIENTS AND METHODS: We conducted a retrospective single-center study including patients with metastatic melanoma treated with first-line ICI or BRAF/MEK inhibitors. TERT mutational status and co-mutations were assessed using a customized next-generation sequencing panel. Overall (OS) and progression-free (PFS) survival were estimated using the Kaplan-Meier method and compared with the log-rank test. RESULTS: Among 159 patients, TERT mutations were detected in 73% of cases and frequently co-occurred with BRAFV600 mutations (84%). In the overall population, TERT status was not associated with OS or PFS. Brain and liver metastases, lactate dehydrogenase levels, and metastatic burden were the main determinants of outcome. In the BRAFV600-mutant subgroup, exploratory analyses suggested a potential interaction between TERT status and the agents used in first-line treatment. Patients with BRAF/TERT co-mutations showed longer OS when treated with ICI than with BRAF/MEK inhibitors (50.3 vs. 14.6 months), whereas the opposite trend was observed in patients with wild-type TERT (7.8 vs. 20.9 months). Similar patterns were observed for PFS, although findings were based on small subgroups and not consistently supported by multivariable analyses. CONCLUSION: TERT promoter mutations were not independently associated with survival outcomes in metastatic melanoma. Although exploratory findings suggest a possible interaction between TERT status and treatment type, further investigation of its biological relevance in well-designed prospective studies are needed.","['Marchese PV', 'Zannini I', 'DE Biase D', 'Corti B', 'Dika E', 'Ferracin M', 'Durante G', 'Melotti B', 'Tallini G', 'Maloberti T', 'Comito F']",Anticancer research
42674711,"MMP-2 rs243865 Polymorphism as a Risk Modifier of Hepatocellular Carcinoma in Taiwanese Males, Smokers and Alcohol Consumers.","BACKGROUND/AIM: Hepatocellular carcinoma (HCC) is one of the leading causes of cancer-related mortality worldwide. Matrix metalloproteinase-2 (MMP-2) plays an important role in extracellular matrix remodeling and HCC progression. This study investigated the associations of two functional MMP-2 promoter polymorphisms, rs243865 and rs2285053, with HCC susceptibility in a Taiwanese population and explored their potential interactions with environmental risk factors. MATERIALS AND METHODS: A hospital-based case-control study was conducted at China Medical University Hospital (Taichung, Taiwan), involving 298 HCC patients and 889 age- and sex-matched cancer-free controls recruited in Taiwan. MMP-2 rs243865 and rs2285053 genotypes were determined utilizing polymerase chain reaction-restriction fragment length polymorphism (PCR-RFLP) methods. Stratified analyses were used to explore their potential interactions between MMP-2 genotypes and environmental factors including sex, smoking and alcohol drinking status. RESULTS: No significant association was observed between HCC susceptibility and either rs243865 (CT+TT versus CC: odds ratio (OR)=1.20, 95% confidence interval (CI)=0.87-1.66, p=0.2944] or rs2285053 (CT+TT versus CC: OR=1.12, 95% CI=0.86-1.46, p=0.4219). Similarly, allelic analyses revealed no significant effects. Interestingly, stratified analyses demonstrated significant gene-environment interactions for rs243865. Male carriers of the TT genotype exhibited an increased HCC risk (OR=3.24, 95% CI=1.12-9.37, p=0.0488). Among smokers, the TT genotype was associated with a markedly elevated risk (OR=6.46, 95% CI=1.65-25.29, p=0.0055), while alcohol drinkers carrying the TT genotype showed the highest susceptibility (OR=9.69, 95% CI=1.99-47.13, p=0.0022). No significant association was found for rs2285053 genotype in any genetic variant and subgroup. CONCLUSION: Although MMP-2 rs243865 and rs2285053 do not independently determine HCC susceptibility, rs243865 T allele may serve as a genetic biomarker for identifying Taiwanese males, smokers, and alcohol drinkers at elevated risk of HCC. These findings highlight the importance of gene-environment interactions in hepatocarcinogenesis and support the incorporation of genetic information into personalized HCC risk assessment and prediction strategies.","['Yueh TC', 'Wu MH', 'Yang MD', 'Lu MC', 'Shao YC', 'Ke TW', 'Wang ZH', 'Chen CA', 'Tsai CW', 'Bau DT', 'Chang WS']",Anticancer research
42674699,HER2 and Other ErbB Receptors' Expression and Their Involvement in the Oncogenesis of Clear Cell Renal Cell Carcinoma.,"BACKGROUND/AIM: Clear cell renal cell carcinoma (ccRCC) is the predominant subtype of renal cancer with poor prognosis at advanced stages. The ErbB receptor family, including HER2, EGFR, and ErbB3, is implicated in tumor progression through membrane signaling and nuclear functions, but their roles in ccRCC remain incompletely understood. MATERIALS AND METHODS: We analyzed membrane and nuclear expression of HER2, EGFR, and ErbB3 in ccRCC tissue samples by immunohistochemistry. Pearson correlation analyses evaluated receptor co-expression, while in vitro assays with HEK293 and 786-O cells treated with heregulin assessed nuclear localization. Clinical relevance was investigated by correlating receptor expression with Fuhrman Nuclear Grade and clinical stage using Fisher's exact test. RESULTS: Membrane expression of HER2 and EGFR was positive in approximately 32% and 38% of cases, respectively, showing a significant positive correlation (r=0.3519, p=0.028). Nuclear expression was higher for EGFR and ErbB3, with HER2 nuclear presence correlating significantly with both receptors (r=0.4713 and r=0.42; p=0.001). In vitro, heregulin stimulation induced nuclear translocation of HER2 and ErbB3. Not funding that membrane and nuclear expression co-expression of HER2/EGFR was linked to clinical parameters. However, the nuclear co-expression of HER2/ErbB3 showed significant associations with higher FNG and advanced clinical stage (p<0.05). CONCLUSION: Nuclear co-expression of HER2 with ErbB3 is frequent in clear cell renal cell carcinoma and is significantly associated with higher Fuhrman Nuclear Grade and advanced clinical stage. These findings indicate that nuclear ErbB signaling contributes to tumor progression and dedifferentiation, highlighting nuclear HER2/ErbB3 complexes as potential prognostic biomarkers and therapeutic targets in ccRCC.","['Cortes MA', 'Marin HM', 'Cordo-Ruso R', 'Rott L', 'Giusiano GE', 'Merino LA']",Anticancer research
42674698,Advances in Gynecologic Tumor-associated Lymphatic Vessels.,"The lymphatic system, hematogenous system, and implantation represent the major metastatic routes of gynecologic malignancies, among which lymphatic dissemination is the most prevalent and closely linked to patient prognosis. While vascular metastasis has been extensively studied, with well-established mechanisms such as tumor-induced angiogenesis, immune mimicry, and stromal remodeling, research on lymphatic metastasis remains relatively limited. This gap is largely attributable to the poor visibility of lymphatic vessels, the delayed identification of specific biomarkers, and the technical and economic challenges of isolating primary lymphatic endothelial cells. Consequently, the depth of research on lymphatic metastasis lags far behind than that of hematogenous metastasis, especially the targeted investigations into gynecologic tumor-associated lymphatic vessels (TALVs) are still at an early stage. This manuscript first reviews the current progress in mechanistic studies of lymphatic metastasis in gynecologic malignancies, then highlights the mainstream clinical lymphatic imaging techniques and experimental models in basic research, and finally discusses feasible gene detection approaches for further reference.","['Xu P', 'Xiang M', 'Liu F']",Anticancer research
42674680,Prominent Myxoid and Collagenous Stromal Patterns in Dedifferentiated Liposarcoma: A Comparative Analysis of Immunophenotypic and Genomic Profiles.,"BACKGROUND/AIM: Dedifferentiated liposarcoma (DDL) is defined by amplification of chromosome 12q13-15 but exhibits substantial morphologic heterogeneity, including variable stromal composition. This study aimed to determine whether prominent stromal patterns in DDL are associated with distinct immunophenotypic and genomic profiles. PATIENTS AND METHODS: Nineteen surgically resected DDLs were evaluated for histologic features, immunophenotype, and targeted genomic alterations using next-generation sequencing. Associations between stromal pattern, immunohistochemistry, copy number alterations, and clinical outcome were analyzed. RESULTS: All cases demonstrated MDM2 amplification and strong nuclear MDM2 expression, with frequent co-amplification of CDK4. Beyond canonical 12q alterations, recurrent amplifications were identified, including 1q23 (DDR2), 5p15 (TERT), and 12q13 (STAT6). Notably, DDR2 amplification was significantly enriched in collagenous-dominant DDLs compared with myxoid-dominant tumors. Stromal pattern correlated with immunophenotype, with collagenous-dominant tumors showing frequent SMA expression and absence of CD34, whereas myxoid-dominant tumors more frequently expressed CD34. High mitotic activity and mFNCLCC grade 3, but not stromal pattern, were associated with adverse outcome. CONCLUSION: Prominent stromal patterns in DDL reflect biologically meaningful subsets associated with distinct immunophenotypic features and secondary genomic alterations. In particular, enrichment of DDR2 amplification in collagenous-dominant DDL suggests a potential link between collagen-associated signaling pathways and stromal morphogenesis in this tumor.","['Choi NK', 'Kim SW', 'Kim DH', 'DO SI', 'Yamamoto H', 'Na K']",Anticancer research
42674433,Chimeric Nanocurved Materials Reprogram Receptor Signaling to Induce Apoptosis via a Curvature-Sensing Protein.,"The nanoscale curvature of cell membranes plays a regulatory role in cell activity and response. This paper reports chimeric nanocurved materials functionalized with EGF that are capable of reprogramming growth factor signaling via a curvature-sensing protein. We achieved this by integrating epidermal growth factor (EGF) onto the surface of various nanostructured materials, which were exposed to the apical surface of cell membranes. These materials selectively triggered apoptosis, in contrast to flat EGF-modified surfaces. Serial variation of the nanoscopic parameters of the EGF-functionalized nanomaterials confirmed that the synergistic combination of the nanocurved material-mediated stimulation and receptor activation is critical for apoptosis induction. RNA-seq revealed a shift toward a pro-apoptotic gene expression profile, characterized by the suppression of survival-related pathways and enhancement of apoptosis-associated signals. Furthermore, gene editing experiments demonstrated that the nanocurved materials recruit the curvature-sensing protein PACSIN2, which in turn modulates the signaling cascade to induce apoptosis. Our findings show that chimeric nanocurved EGF-functionalized materials reprogram EGFR signaling from pro-survival to pro-apoptotic outcomes via an endocytosis-independent pathway mediated by PACSIN2. This mechanism underscores the potential of engineered biointerfaces to control receptor-mediated cell fate and suggests opportunities for patch-based anticancer therapies.","['Yamamoto S', 'Fukata N', 'Jevasuwan W', 'Sato M', 'Nakanishi J']",ACS nano
42674292,TRIM41 stabilizes RBPJ through K63 linked ubiquitination and promotes stemness of hepatocellular carcinoma cells.,"Persistent activation of the Notch signaling pathway is closely associated with the maintenance of cancer stem cells (CSCs) and the progression of hepatocellular carcinoma (HCC). Recombination signal binding protein for immunoglobulin kappa J region (RBPJ), a key transcription factor that mediates downstream target gene transcription in the Notch pathway, has not been fully characterized with respect to its role in promoting CSC traits in HCC. In this study, we found that RBPJ is markedly upregulated in HCC and is associated with selected clinicopathologic features. RBPJ also promoted stem-like phenotypes in HCC cells. Mechanistically, TRIM41 interacts with RBPJ and mediates K63-linked polyubiquitination of RBPJ at Lys135, thereby stabilizing RBPJ and enhancing RBPJ-mediated transcriptional activation of the stemness-related genes SOX2 and CD44. Consequently, the TRIM41-RBPJ axis sustains CSC-like properties in HCC cells. Our findings identify a previously unrecognized post-translational mechanism by which TRIM41-mediated stabilization of RBPJ promotes stem-like properties. These findings expand our understanding of the post-translational regulation of RBPJ in HCC and highlight the TRIM41-RBPJ axis as a potential molecular target warranting further investigation.","['Wu H', 'Wu J', 'Zhang X', 'Yao Y', 'Ye D', 'Zhang Z', 'Yang H', 'Wang X', 'Tang N']",Cellular signalling
42674282,"Driver genomic lesions in MDM2, CDK4, and JUN co-opt targetable super-enhancer networks to impose liposarcomagenic core regulatory circuitry.","INTRODUCTION: Amplification of chromosome 12q13-15 spanning MDM2 and CDK4 genes serves as a molecular diagnostic hallmark of dedifferentiated liposarcoma (DDLPS), an aggressive soft-tissue sarcoma. Epigenetic activation of master transcription factors (RUNX proteins, FOSL2, and MYC) establishes a self-reinforcing oncogenic transcriptional circuitry in DDLPS. Nevertheless, the collaborative interplay between genomic alterations and epigenetic dysregulation in defining DDLPS cell identity remains elusive. OBJECTIVES: This work aimed to elucidate the primary genetic drivers and mechanistic basis of DDLPS-specific core transcriptional regulatory circuitry. METHODS: We performed integrative chromatin profiling analysis of DDLPS clinical specimens and cell lines to map cis-regulatory landscapes. Cistromes of MDM2, JUN, and E2F1 were delineated through chromatin immunoprecipitation sequencing in two DDLPS models. Essential driver functions and transcriptional regulatory effects of key regulators were assessed via various genetic manipulation approaches. Synergistic interactions between MDM2-p53, CDK4, and BET-targeting agents were quantified by cell viability assay. In vivo xenograft assays evaluated both the oncogenic potential of key regulators and therapeutic efficacy of novel strategies. RESULTS: Co-amplification of MDM2, CDK4, and JUN during sarcomagenesis converges with BET protein-dependent chromatin remodeling to fuel feed-forward transcriptional circuits among master transcription factors. Mechanistically, excessively expressed MDM2 stabilizes the core regulatory circuitry by forming chromatin-bound complexes with JUN/FOSL2 at cis-regulatory elements, especially super-enhancers across DDLPS genome. Concurrently, CDK4 maintains expression of E2F1 which further fosters transcriptional output of master transcription factors in DDLPS cells. Leveraging DDLPS-selective overexpression of MDM2 and its E3 ligase activity, targeted degradation of BET proteins by MDM2-recruiting proteolysis targeting chimera selectively disrupted the core regulatory circuitry, suppressing DDLPS growth and exhibiting strong synergy with CDK4 inhibitor. CONCLUSION: DDLPS-associated genomic lesions collaborate with BET-dependent chromatin regulation to establish disease-sustaining transcriptional circuitry. Our findings also provide a mechanistic rationale for harnessing MDM2's E3 ligase activity to therapeutically degrade oncoproteins in MDM2-amplified malignancies.","['Chen Y', 'Zhang Y', 'Xie L', 'Fan X', 'Liu J', 'Tan TZ', 'Yang Z', 'Dakle P', 'Zheng S', 'Li N', 'Wang C', 'Lee VK', 'Ding L', 'Sun Q', 'Yi W', 'Koeffler HP', 'Xu L']",Journal of advanced research
