group,names,scores,logfoldchanges,pvals,pvals_adj
0,TPT1,28.106327,,8.19838238989539e-174,2.7327941299651296e-171
0,RPS27A,26.763382,,8.627010956936769e-158,2.156752739234192e-155
0,RPL13,25.762053,,2.3621219106645683e-146,4.7242438213291364e-144
0,RPS3A,24.71937,,6.621583965326283e-135,1.2039243573320516e-132
0,LTB,24.446598,,5.469616240454059e-132,8.414794216083168e-130
0,RPL21,23.939375,,1.1922502938344887e-126,1.589667058445985e-124
0,IL32,22.165287,,7.429639575855297e-109,8.740752442182702e-107
0,JUNB,20.947498,,1.977509530217312e-97,1.977509530217312e-95
0,MALAT1,20.240911,,4.2718985592242117e-91,3.7146943993254015e-89
0,RPS5,18.27298,,1.3582750073765648e-74,8.48921879610353e-73
0,RPL18A,15.397405,,1.7037145510004234e-53,7.924253725583365e-52
0,CD2,15.114287,,1.3037331816573826e-51,5.794369696255034e-50
0,HINT1,14.75296,,2.944586931353587e-49,1.2269112213973277e-47
0,GIMAP7,14.461399,,2.1243598235849487e-47,8.497439294339794e-46
0,RPL34,13.837926,,1.5048712615326881e-43,5.5735972649358816e-42
0,AQP3,11.79145,,4.320412635217388e-32,1.41652873285816e-30
0,GIMAP5,11.573888,,5.589110866941861e-31,1.7465971459193316e-29
0,MAL,11.13317,,8.650312210166134e-29,2.5442094735782743e-27
0,TRAF3IP3,10.348452,,4.253102100356013e-25,1.1652334521523324e-23
0,ACAP1,10.166312,,2.8032290908939218e-24,7.475277575717125e-23
0,FYB,10.08479,,6.450262638849285e-24,1.6974375365392857e-22
0,RPL8,8.668975,,4.360288965803458e-18,1.0023652794950479e-16
0,GIMAP4,8.301103,,1.031498203794642e-16,2.2670290193288835e-15
0,LDLRAP1,8.017703,,1.0774093679832891e-15,2.268230248385872e-14
0,SRSF5,7.7169266,,1.1916831081229275e-14,2.35976853093649e-13
0,SELL,7.554962,,4.1898200015637305e-14,7.905320757667417e-13
0,ITM2A,7.08162,,1.4247864298869336e-12,2.5442614819409527e-11
0,TRABD2A,6.5955987,,4.235436339621172e-11,6.831348934872858e-10
0,PTPRCAP,6.3819647,,1.7483040889300254e-10,2.7532347857165755e-09
0,TRADD,5.311998,,1.0842975370139894e-07,1.4752347442367202e-06
0,B2M,5.1225176,,3.0148292609635296e-07,3.96688060653096e-06
0,CD247,5.075443,,3.8659489033935795e-07,5.053527978292261e-06
0,PPP1R2,4.9733357,,6.581053068766057e-07,8.437247524059047e-06
0,PASK,4.8893247,,1.011824713814093e-06,1.2727354890743309e-05
0,GPR183,4.7527714,,2.0064708813376814e-06,2.4925104115996043e-05
0,STK17A,4.662395,,3.125508750365156e-06,3.834980061797737e-05
0,TNFRSF4,4.548224,,5.410054422422561e-06,6.557641724148558e-05
0,ILF3-AS1,4.195573,,2.721830188203859e-05,0.0003092988850231658
0,CISH,4.1680565,,3.0720757795823295e-05,0.0003471272067324666
0,RIC3,4.0341215,,5.480694456387203e-05,0.0006089660507096892
0,DENND2D,3.9296274,,8.507755003206376e-05,0.0009148123659361695
0,CD96,3.8545747,,0.00011593104516004817,0.0012267835466671763
0,NAP1L4,3.8004923,,0.00014440890593113315,0.001488751607537455
0,SRP9,3.7273645,,0.00019349256829553937,0.0019744139621993813
0,ATP6V0E2,3.7023895,,0.00021357832699849747,0.0021573568383686614
0,SCGB3A1,3.6827793,,0.00023070488306814384,0.0023070488306814385
0,SNHG8,3.6514645,,0.00026074918891436956,0.002531545523440481
0,UBE2D2,3.5583158,,0.00037324062734285025,0.003537825851590998
0,RORA,3.407645,,0.0006552607064540789,0.006123931836019429
0,CORO1B,3.396197,,0.000683291200405496,0.006297614750281069
0,FUS,3.3229153,,0.0008908195617747076,0.007918396104664068
0,TNFRSF25,3.320015,,0.0009001266487507955,0.007965722555316775
0,SUCLG2,3.30926,,0.00093542931166504,0.008241667944185375
0,SIRPG,3.2992494,,0.0009694370593999924,0.008439142475616475
0,CCNG1,3.2989414,,0.0009705013846958947,0.008439142475616475
0,SSBP1,3.2317429,,0.0012303769548794663,0.010516042349397148
0,GTF3A,3.1729379,,0.0015090487426969027,0.012628022951438517
0,RP11-18H21.1,3.1262734,,0.0017703681614577157,0.014570931370022352
0,THYN1,3.0684438,,0.0021517685268847035,0.01756545736232411
0,FAM107B,3.0433404,,0.002339674219214484,0.018910231646461183
0,AKTIP,2.9650278,,0.003026556328625397,0.023737696695101153
0,ABRACL,2.9028344,,0.0036980210315220577,0.02855614696156029
0,IL23A,2.852705,,0.0043348841901339205,0.032471042622725994
0,ARL6IP5,2.7433598,,0.006081402208077183,0.0443897971392495
0,TCEAL8,2.727343,,0.006384663888309661,0.046265680350070004
0,ICOS,2.6720285,,0.007539421361025478,0.052723226300877474
0,NSA2,2.6316273,,0.00849770103340414,0.05880761960833315
0,XXbac-BPG299F13.17,2.6019297,,0.009270088029391776,0.0632770513951657
0,RP11-291B21.2,2.5077028,,0.012151885196465224,0.08074342323232707
0,PNRC1,2.50452,,0.012261770458664318,0.08116510009554533
0,NDUFA12,2.4971018,,0.012521297548716481,0.08237695755734527
0,IL27RA,2.4659925,,0.013663423848058734,0.08872353148090087
0,UBAC2,2.4486666,,0.014338612119634383,0.0922947354242354
0,TMEM14B,2.447178,,0.014397978726180722,0.0922947354242354
0,GPR171,2.4369106,,0.01481333899191199,0.09435247765549039
0,GIMAP2,2.423435,,0.01537450418096593,0.09730698848712614
0,BEX4,2.3559542,,0.018475200957286744,0.11439752914728633
0,TTC3,2.349229,,0.01881232784142389,0.11544488494354631
0,HNRNPH3,2.3420165,,0.01917987119869493,0.11730808072596287
0,REXO2,2.2991767,,0.021494908170377764,0.12919263725193858
0,BUB3,2.2978163,,0.021572247228885497,0.12919263725193858
0,SMDT1,2.297765,,0.021575170421073743,0.12919263725193858
0,SF3B1,2.2957628,,0.021689444212200235,0.12948921917731482
0,PSMC5,2.2523072,,0.02430287186666444,0.14295806980390846
0,C14orf1,2.1848261,,0.028901593463735106,0.16754546935498613
0,CCT4,2.1470175,,0.03179189932046588,0.1821885347877701
0,RP11-589C21.6,2.1421149,,0.03218424572088112,0.18338601550359612
0,SLFN5,2.1217859,,0.033855728344455695,0.19020072103626795
0,TAF1D,2.0788434,,0.0376317450577788,0.20733743833486942
0,UBE2D3,2.0619025,,0.03921701005673869,0.21547807723482795
0,RNF139,2.03798,,0.041551921658649106,0.22705968119480385
0,AP3M2,2.0263782,,0.04272604090955722,0.2315774575043752
0,MAGEH1,1.9422388,,0.0521081933920041,0.2728177664502832
0,ZAP70,1.9383373,,0.0525820824725489,0.27458006513080363
0,GALT,1.9248617,,0.05424666652252237,0.28034452983215696
0,ATP5H,1.9131571,,0.055727943080377935,0.2850534172909357
0,CCDC66,1.8999639,,0.05743787001154271,0.29156279193676504
0,CCND2,1.8759387,,0.06066370516730468,0.30407872264313124
0,EIF3D,1.8424164,,0.06541426973509241,0.3238330184905565
0,ATF7IP2,1.8163635,,0.06931463882802295,0.3383313795387119
0,NOP58,1.8043509,,0.07117632034160454,0.3463567899834771
0,WTAP,1.8001157,,0.07184237697943312,0.34874940281278216
0,ITGB7,1.7885908,,0.07368074472170899,0.3550879263696819
0,ICAM2,1.7635646,,0.07780531726482041,0.3740640253116366
0,PITPNA-AS1,1.7568139,,0.0789495331442136,0.3776000742529898
0,LSM14A,1.7559155,,0.07910283203283286,0.3776000742529898
0,CCT7,1.7558899,,0.07910721555600136,0.3776000742529898
0,THEM4,1.7395394,,0.08193992585097651,0.38559965106341887
0,NUDT16L1,1.736947,,0.0823965343393693,0.38683818938671033
0,IL16,1.7325064,,0.08318343722339311,0.38870765057660334
0,DEXI,1.6978034,,0.08954487332040298,0.41455959870556935
0,UBIAD1,1.6862015,,0.09175699284041673,0.42284328497887896
0,FKBP5,1.6802208,,0.09291434625277993,0.4271923965645054
0,DEF6,1.6550664,,0.09791104054549732,0.44708237692007907
0,MRPS33,1.6381512,,0.10139015695767069,0.4577917095040634
0,BOLA3,1.6380999,,0.10140086365515004,0.4577917095040634
0,RBM4,1.6339417,,0.10227110057811782,0.458240340842239
0,TERF2IP,1.6332487,,0.10241671617824043,0.458240340842239
0,PSMG2,1.6280124,,0.10352226138805926,0.4621529526252645
0,KIAA1430,1.6221344,,0.1047745681121683,0.46670186241500355
0,NKTR,1.6156404,,0.10617207340615523,0.47187588180513435
0,PPP6C,1.5719794,,0.11595534125500957,0.5063552019869414
0,RRS1,1.5581187,,0.11920511761400923,0.5168036447818437
0,C4orf3,1.5474409,,0.1217569817493859,0.5248145765059736
0,PRNP,1.5373276,,0.12421308693320855,0.5331033773957449
0,CHD2,1.5222863,,0.12793736255096236,0.543695345598802
0,SNHG12,1.5218756,,0.12804025388851786,0.543695345598802
0,LPIN1,1.5133538,,0.130189799174639,0.5502319828498682
0,CARS,1.5105817,,0.1308950533455351,0.5511370667180426
0,CTA-29F11.1,1.4828091,,0.13812515007036733,0.5755214586265306
0,SIVA1,1.479883,,0.13890449664103258,0.5767157740213821
0,MTERFD2,1.4775728,,0.13952215891236575,0.5767157740213821
0,XPOT,1.4767514,,0.1397422809048603,0.5767157740213821
0,SLC40A1,1.460632,,0.14411646352931473,0.5882304633849581
0,ATP5O,1.441843,,0.14934664638250017,0.6078660456116171
0,C14orf166,1.431037,,0.15241964162228983,0.6151887730487778
0,MDS2,1.397489,,0.16226658856807064,0.6464804325421141
0,PIK3R1,1.3830123,,0.1666611101969826,0.6550425802068656
0,EXOSC8,1.3805225,,0.16742583851092407,0.656571915729114
0,DNAJA3,1.3667902,,0.17169109598559473,0.6680900539870316
0,CD48,1.3593978,,0.17402057469402898,0.6744983515272441
0,GGNBP2,1.3550086,,0.1754148275040115,0.6783198861636642
0,ADPRM,1.3364763,,0.18139362830597427,0.6963287075085385
0,ZNF32,1.3331138,,0.18249444611396337,0.6992124372182504
0,PITHD1,1.3133496,,0.18906518513971315,0.7132439957658393
0,RP5-1073O3.7,1.3101667,,0.19013943411639167,0.7132439957658393
0,RCN2,1.3084214,,0.19073044373230086,0.7132439957658393
0,PAXIP1-AS1,1.3063166,,0.19144492910819222,0.7132439957658393
0,IFI27,1.300952,,0.19327489731531555,0.7171610289993156
0,RFC1,1.280546,,0.2003531838186835,0.7365925875686893
0,NARG2,1.2793139,,0.20078653161651716,0.7368313086844666
0,DIMT1,1.2579069,,0.20842543074374242,0.7606767545392059
0,SPG20,1.24746,,0.21222885764295374,0.7703406810996505
0,XRRA1,1.2427628,,0.21395524337577054,0.773798348556132
0,LITAF,1.2397597,,0.21506429363692936,0.7764053921910806
0,HDAC1,1.2322646,,0.21785023725807096,0.7822270637632709
0,THOC7,1.2072384,,0.22734032555352512,0.8033227051361312
0,OSTC,1.1898613,,0.23410091793934118,0.8156826409036279
0,CCM2,1.184856,,0.2360743700208655,0.8196705879575318
0,OCIAD1,1.1765397,,0.23937930103434601,0.825445865635676
0,ZC3H15,1.1644244,,0.2442520674002634,0.8336248034138682
0,EMB,1.1533358,,0.24877255750795346,0.8418699069643095
0,LRRC8C,1.1516675,,0.24945775506719614,0.8427626860378249
0,MOCS2,1.1276679,,0.25946017555831113,0.867759784475957
0,NEMF,1.1115742,,0.2663212788194267,0.8827069763740422
0,FHL1,1.1102395,,0.26689585729391563,0.8827069763740422
0,SURF1,1.1098801,,0.2670506970737243,0.8827069763740422
0,FBXO21,1.1089303,,0.2674602138413348,0.8827069763740422
0,PCNX,1.1028471,,0.27009357273503765,0.8899293994564668
0,PRAF2,1.0818764,,0.27930744476931735,0.91426332166716
0,API5,1.0571069,,0.29046280613923947,0.9430610588936347
0,C16orf80,1.0538471,,0.29195293999874605,0.9448630103770747
0,FNTA,1.0490729,,0.2941445959550496,0.9488535353388697
0,SDHAF2,1.0435286,,0.2967035550997824,0.949793601826839
0,C16orf54,1.0408591,,0.29794094169291896,0.950369829961464
0,NARS,1.0363929,,0.30001888378217645,0.9545261304961604
0,MALT1,1.0194007,,0.30801275337102985,0.9731840548847704
0,ISCA2,1.0160125,,0.30962339585915744,0.9751917979815982
0,HSP90AA1,0.9999958,,0.3173125359631477,0.9854426582706449
0,MLLT10,0.989472,,0.3224322777293599,0.9926401367517101
0,YTHDF2,0.9891126,,0.3226080444443058,0.9926401367517101
0,CGRRF1,0.98590416,,0.32418015964949753,0.9928948228162252
0,RDH14,0.9801802,,0.32699718201167804,0.9984646778982535
0,LRBA,0.9612116,,0.3364457806352156,0.9991603192109605
0,LYRM4,0.94991773,,0.342154056289652,0.9991603192109605
0,NDUFAF4,0.94344944,,0.3454510750544605,0.9991603192109605
0,CITED4,0.9378538,,0.3483195394246933,0.9991603192109605
0,FXN,0.9336186,,0.3505006602698385,0.9991603192109605
0,MRPL1,0.93343896,,0.3505933837827425,0.9991603192109605
0,CCDC91,0.9323609,,0.35115005144944067,0.9991603192109605
0,PTPN7,0.92745835,,0.35368862417581315,0.9991603192109605
0,EIF5B,0.92032266,,0.3574041813267189,0.9991603192109605
0,MPHOSPH10,0.9096448,,0.3630098678413112,0.9991603192109605
0,ZCCHC11,0.90936244,,0.3631588381148927,0.9991603192109605
0,USP20,0.90872073,,0.36349754918171984,0.9991603192109605
0,POLR2I,0.907155,,0.364324833289417,0.9991603192109605
0,EIF1AY,0.906693,,0.36456917461284,0.9991603192109605
0,CD82,0.90043,,0.36789145323220596,0.9991603192109605
0,NOG,0.8979146,,0.3692311009354038,0.9991603192109605
0,GBP1,0.88849443,,0.37427484464242167,0.9991603192109605
0,PRMT2,0.87394077,,0.3821505264193925,0.9991603192109605
0,ARL2BP,0.8632116,,0.38802116043101376,0.9991603192109605
0,ATP5A1,0.8591817,,0.39024027985380305,0.9991603192109605
0,TCEAL4,0.859156,,0.39025443905051227,0.9991603192109605
0,ACTR6,0.85594755,,0.3920267968271911,0.9991603192109605
0,RNF113A,0.85394543,,0.39313521804264506,0.9991603192109605
0,GRAP,0.8502749,,0.39517224879570134,0.9991603192109605
0,TOP1MT,0.8482472,,0.39630033241689155,0.9991603192109605
0,NUP54,0.8471178,,0.39692947427004754,0.9991603192109605
0,PRPF19,0.8416762,,0.3999692308261198,0.9991603192109605
0,SPSB2,0.8215782,,0.41131698947075046,0.9991603192109605
0,ATAD1,0.8150586,,0.415038783539992,0.9991603192109605
0,RPUSD2,0.8120298,,0.4167745552175731,0.9991603192109605
0,RIOK2,0.7910591,,0.42890951419816037,0.9991603192109605
0,DHX9,0.7857458,,0.43201640901862826,0.9991603192109605
0,CEP68,0.77778876,,0.4366935445614768,0.9991603192109605
0,NR3C1,0.7764797,,0.43746579330918756,0.9991603192109605
0,SRM,0.77191085,,0.4401672433683578,0.9991603192109605
0,CAMK2G,0.7709611,,0.44072997964437344,0.9991603192109605
0,ZFYVE28,0.76208,,0.44601224565139264,0.9991603192109605
0,URGCP,0.7607196,,0.4468245515248691,0.9991603192109605
0,SAMSN1,0.75807583,,0.44840558867712155,0.9991603192109605
0,HERPUD2,0.7498621,,0.4533377624984365,0.9991603192109605
0,MINA,0.7452932,,0.4560944826863089,0.9991603192109605
0,TDG,0.73854256,,0.4601848171809848,0.9991603192109605
0,USP5,0.7328443,,0.4636534100685309,0.9991603192109605
0,TARSL2,0.7324336,,0.46390396012749757,0.9991603192109605
0,NPHP3,0.72486156,,0.46853696303470727,0.9991603192109605
0,SNAP47,0.72237176,,0.4700659340317789,0.9991603192109605
0,PAICS,0.72167873,,0.47049201378489347,0.9991603192109605
0,CD320,0.71998465,,0.47153443923156646,0.9991603192109605
0,OAT,0.71882963,,0.47224591337432853,0.9991603192109605
0,NONO,0.7173409,,0.47316379614922655,0.9991603192109605
0,SCAPER,0.71687883,,0.4734488557843821,0.9991603192109605
0,TMEM116,0.7155441,,0.474272891740115,0.9991603192109605
0,VPS26B,0.70881915,,0.4784367282651806,0.9991603192109605
0,DPY30,0.7011958,,0.48318085710789704,0.9991603192109605
0,TRIP11,0.7005284,,0.4835973805023186,0.9991603192109605
0,ARRDC3,0.6989626,,0.48457537284399277,0.9991603192109605
0,CLYBL,0.69675523,,0.4859560006040803,0.9991603192109605
0,COPS4,0.6838956,,0.49404109816810293,0.9991603192109605
0,TMEM87A,0.67896736,,0.4971585472001797,0.9991603192109605
0,KIF3A,0.6749888,,0.4996828621953351,0.9991603192109605
0,C15orf61,0.671267,,0.5020504638510588,0.9991603192109605
0,PPIG,0.6624629,,0.5076746085130028,0.9991603192109605
0,EIF2B1,0.6600501,,0.5092216729304044,0.9991603192109605
0,SLC4A7,0.65856135,,0.5101774750013621,0.9991603192109605
0,SAFB2,0.65340215,,0.5134970703588162,0.9991603192109605
0,ARF4,0.6533508,,0.5135301575657019,0.9991603192109605
0,UBE2K,0.64665145,,0.5178575417320281,0.9991603192109605
0,TTPAL,0.6409789,,0.5215364188724809,0.9991603192109605
0,MLLT6,0.6397725,,0.5223205348936961,0.9991603192109605
0,ENTPD3-AS1,0.6389511,,0.5228547475900098,0.9991603192109605
0,RGS14,0.63309884,,0.5266691177446501,0.9991603192109605
0,DNAJB14,0.6259888,,0.5313222852750621,0.9991603192109605
0,ING5,0.6190585,,0.5358778410598081,0.9991603192109605
0,RP11-138A9.2,0.60370904,,0.5460370867542927,0.9991603192109605
0,MRS2,0.60157865,,0.5474546584440271,0.9991603192109605
0,MCM3,0.6012963,,0.5476426659127097,0.9991603192109605
0,NSMAF,0.59924287,,0.5490109526386787,0.9991603192109605
0,BTN3A2,0.59742045,,0.5502267183079125,0.9991603192109605
0,RAD23A,0.59683007,,0.5506208420201961,0.9991603192109605
0,PPA2,0.5944686,,0.5521987249059352,0.9991603192109605
0,GARS,0.5886933,,0.5560670054952411,0.9991603192109605
0,DNMT3A,0.58302075,,0.5598793419040866,0.9991603192109605
0,DUS3L,0.5806593,,0.5614701055309421,0.9991603192109605
0,RBM39,0.57958126,,0.5621970497532262,0.9991603192109605
0,CWC27,0.5779898,,0.5632709881275917,0.9991603192109605
0,FOPNL,0.57704014,,0.5639123578251077,0.9991603192109605
0,ADSL,0.5767834,,0.5640857613544761,0.9991603192109605
0,GOLT1B,0.5738573,,0.5660643743550322,0.9991603192109605
0,CWC15,0.5714702,,0.5676809693812688,0.9991603192109605
0,USP36,0.57044345,,0.5683769581361113,0.9991603192109605
0,SH3KBP1,0.56990445,,0.568742515490605,0.9991603192109605
0,CSNK1A1,0.567158,,0.5706068597771075,0.9991603192109605
0,EFCAB14,0.5666703,,0.5709382156967769,0.9991603192109605
0,RPN2,0.5661569,,0.5712871103440158,0.9991603192109605
0,YIPF5,0.56548953,,0.5717408249958401,0.9991603192109605
0,HOOK2,0.56525856,,0.5718979199758959,0.9991603192109605
0,ARL2,0.56220406,,0.5739769914358446,0.9991603192109605
0,RP11-421L21.3,0.5439542,,0.5864729988036048,0.9991603192109605
0,PGM2L1,0.540489,,0.5888598307393931,0.9991603192109605
0,ZNF567,0.5363051,,0.5917476701591551,0.9991603192109605
0,BZRAP1-AS1,0.5318646,,0.5948197730988585,0.9991603192109605
0,SCAI,0.5309149,,0.5954777568767288,0.9991603192109605
0,PACS1,0.52644867,,0.5985765016903988,0.9991603192109605
0,LIMD2,0.5229835,,0.6009857277802155,0.9991603192109605
0,ZNF276,0.52295786,,0.6010035902304962,0.9991603192109605
0,TASP1,0.52223915,,0.6015038361551004,0.9991603192109605
0,SEPHS2,0.5218028,,0.6018076485287298,0.9991603192109605
0,DDB2,0.5176189,,0.6047241787467426,0.9991603192109605
0,SLBP,0.51615584,,0.6057455637615272,0.9991603192109605
0,TRIM69,0.51192063,,0.6087065485436733,0.9991603192109605
0,RP11-70P17.1,0.5100212,,0.6100365951453428,0.9991603192109605
0,SRP72,0.50370693,,0.6144673472942968,0.9991603192109605
0,TKTL1,0.4975466,,0.6188036358179574,0.9991603192109605
0,RBM48,0.49210504,,0.6226451003838307,0.9991603192109605
0,LARS,0.48717678,,0.6261330537624046,0.9991603192109605
0,PHF3,0.48409665,,0.6283172864137685,0.9991603192109605
0,GTF2B,0.48276192,,0.6292648003590785,0.9991603192109605
0,PLEKHA1,0.47998977,,0.6312346639087731,0.9991603192109605
0,BOLA1,0.4793994,,0.6316545110424243,0.9991603192109605
0,NR2C2AP,0.47911707,,0.6318553495147341,0.9991603192109605
0,CASC7,0.46972263,,0.6385532092775761,0.9991603192109605
0,NOL11,0.4694146,,0.6387733152741939,0.9991603192109605
0,ACAT2,0.46405,,0.6426119180431848,0.9991603192109605
0,POMT1,0.46071318,,0.6450043977494977,0.9991603192109605
0,RCL1,0.45981482,,0.6456491566752462,0.9991603192109605
0,MRPL41,0.4560673,,0.6483415911772782,0.9991603192109605
0,POLR3E,0.45483524,,0.6492277825823667,0.9991603192109605
0,LBR,0.4480589,,0.6541106859630781,0.9991603192109605
0,ARL16,0.4459798,,0.6556118344972408,0.9991603192109605
0,AC093323.3,0.44259164,,0.6580611320800431,0.9991603192109605
0,MRP63,0.43620032,,0.6626913861984742,0.9991603192109605
0,FN3KRP,0.43329987,,0.6647969396535356,0.9991603192109605
0,UBA5,0.43073308,,0.6666624702133286,0.9991603192109605
0,LTV1,0.43060473,,0.66675580099599,0.9991603192109605
0,PPIE,0.4305534,,0.6667931347533473,0.9991603192109605
0,OARD1,0.42780694,,0.668791691748712,0.9991603192109605
0,TCP1,0.42698556,,0.6693898480122839,0.9991603192109605
0,ORC2,0.42467543,,0.6710732863409092,0.9991603192109605
0,PRPS2,0.4212616,,0.673564057055408,0.9991603192109605
0,PRKD2,0.41959321,,0.6747826565176211,0.9991603192109605
0,ST3GAL2,0.41777077,,0.6761147171675671,0.9991603192109605
0,NIT2,0.41597402,,0.6774290096390125,0.9991603192109605
0,CEP85L,0.41540933,,0.6778422761048872,0.9991603192109605
0,RP11-349A22.5,0.41504997,,0.6781053143435065,0.9991603192109605
0,C12orf45,0.4144083,,0.678575123051828,0.9991603192109605
0,TFAM,0.4137666,,0.6790450567105379,0.9991603192109605
0,MARCH6,0.41315055,,0.6794963104274018,0.9991603192109605
0,RP11-706O15.1,0.41073778,,0.6812648254578472,0.9991603192109605
0,KARS,0.4066309,,0.6842790916946278,0.9991603192109605
0,EWSR1,0.40555286,,0.6850711731175758,0.9991603192109605
0,FAM63A,0.39893055,,0.6899443862815656,0.9991603192109605
0,NUPL2,0.39397663,,0.6935982905170126,0.9991603192109605
0,RNF125,0.39395097,,0.6936172413177637,0.9991603192109605
0,WIBG,0.39002377,,0.6965189651152703,0.9991603192109605
0,KRBOX4,0.38945907,,0.6969365731077439,0.9991603192109605
0,TBCK,0.38599393,,0.6995011745401696,0.9991603192109605
0,TMEM222,0.38447952,,0.7006230797782148,0.9991603192109605
0,DGKZ,0.38437682,,0.70069916482678,0.9991603192109605
0,CBX5,0.38263142,,0.7019930695111205,0.9991603192109605
0,PLA2G12A,0.3798336,,0.7040689245416122,0.9991603192109605
0,UBLCP1,0.37919194,,0.7045453497560126,0.9991603192109605
0,PHF12,0.37847322,,0.7050790836333121,0.9991603192109605
0,BBX,0.37236425,,0.7096216601602066,0.9991603192109605
0,PRPF31,0.37018248,,0.7112465235944603,0.9991603192109605
0,WHAMM,0.3683344,,0.7126239057962183,0.9991603192109605
0,ZNF836,0.36746168,,0.7132746625588526,0.9991603192109605
0,ACTL6A,0.36676866,,0.713791588696804,0.9991603192109605
0,LZTS2,0.35768223,,0.7205811405315679,0.9991603192109605
0,LAMP3,0.35734853,,0.7208308980834783,0.9991603192109605
0,TTC1,0.3557828,,0.722003234721097,0.9991603192109605
0,ORAI1,0.35552612,,0.7221954834447136,0.9991603192109605
0,ADAL,0.35398605,,0.7233493438369798,0.9991603192109605
0,RBM7,0.35357535,,0.7236571463079366,0.9991603192109605
0,DHX8,0.35334435,,0.723830304843794,0.9991603192109605
0,PLD6,0.3521636,,0.724715557935963,0.9991603192109605
0,PRKACB,0.35159892,,0.7251390700637466,0.9991603192109605
0,TMEM177,0.35141924,,0.7252738415638285,0.9991603192109605
0,TRUB2,0.35126525,,0.7253893667658204,0.9991603192109605
0,ARGLU1,0.3505979,,0.7258900481633788,0.9991603192109605
0,ANAPC13,0.34569532,,0.7295717097484109,0.9991603192109605
0,IDUA,0.34405255,,0.730806756239173,0.9991603192109605
0,ERCC6L2,0.33971468,,0.7340713993890511,0.9991603192109605
0,GPATCH4,0.33827728,,0.7351542392819693,0.9991603192109605
0,TRIM14,0.33704522,,0.7360828070061121,0.9991603192109605
0,TBC1D15,0.3365062,,0.7364891767363875,0.9991603192109605
0,DOCK10,0.33206564,,0.7398396847150115,0.9991603192109605
0,FNBP4,0.32878017,,0.742321858890631,0.9991603192109605
0,GTF2H2,0.3241086,,0.7458558135806979,0.9991603192109605
0,FAM210B,0.3220295,,0.7474303436076812,0.9991603192109605
0,SURF6,0.31553552,,0.7523550832566429,0.9991603192109605
0,ZNF528,0.31494516,,0.7528032905753331,0.9991603192109605
0,CYB561,0.31448314,,0.753154119663243,0.9991603192109605
0,RFC5,0.3129944,,0.7542849153862594,0.9991603192109605
0,USP33,0.31117198,,0.7556698825605462,0.9991603192109605
0,NME3,0.3110693,,0.7557479322959866,0.9991603192109605
0,YTHDC1,0.31081262,,0.7559430675389233,0.9991603192109605
0,PTPRN2,0.3101196,,0.7564700104257871,0.9991603192109605
0,ATG4C,0.3079635,,0.7581101115989883,0.9991603192109605
0,TIMM22,0.30724478,,0.7586570544178054,0.9991603192109605
0,MRPL42,0.3061924,,0.7594581528287866,0.9991603192109605
0,CDC123,0.30567905,,0.7598490262798525,0.9991603192109605
0,EHMT2,0.30511436,,0.760279057922171,0.9991603192109605
0,KIF5B,0.30490902,,0.760435451443076,0.9991603192109605
0,ABHD13,0.30465233,,0.7606309571138732,0.9991603192109605
0,HPRT1,0.30439565,,0.7608264780733938,0.9991603192109605
0,ATPAF1,0.3014182,,0.7630956346292749,0.9991603192109605
0,ZMAT3,0.2994161,,0.7646225935048244,0.9991603192109605
0,PDCD1,0.2984407,,0.7653668285877007,0.9991603192109605
0,POLD2,0.29782468,,0.7658369834765134,0.9991603192109605
0,HEMGN,0.29751664,,0.7660720932810879,0.9991603192109605
0,CYB5B,0.2952322,,0.7678164954738358,0.9991603192109605
0,ATXN7L3B,0.2934098,,0.7692089415530451,0.9991603192109605
0,TMBIM6,0.2930761,,0.769463977260236,0.9991603192109605
0,CHD7,0.29243442,,0.7699545006249194,0.9991603192109605
0,UQCC1,0.2891746,,0.7724477770975192,0.9991603192109605
0,PRDM2,0.2857094,,0.7751006880555319,0.9991603192109605
0,EXOC4,0.2845287,,0.7760052446099134,0.9991603192109605
0,PCSK7,0.28224427,,0.7777562267750631,0.9991603192109605
0,RABL2B,0.28183356,,0.7780711300935982,0.9991603192109605
0,ANKEF1,0.28134587,,0.7784451251235366,0.9991603192109605
0,RIOK1,0.28096086,,0.7787404206121871,0.9991603192109605
0,SUV420H2,0.28019083,,0.7793311073852336,0.9991603192109605
0,ST7L,0.27762404,,0.7813009820164909,0.9991603192109605
0,ANKHD1,0.27713636,,0.7816754173112487,0.9991603192109605
0,SERPINE2,0.2755706,,0.7828778933478319,0.9991603192109605
0,PEX16,0.2754936,,0.7829370449244305,0.9991603192109605
0,INSL3,0.27336317,,0.7845740683542648,0.9991603192109605
0,GPKOW,0.27238777,,0.7853238676284848,0.9991603192109605
0,ARMCX5,0.27151507,,0.7859949095630685,0.9991603192109605
0,C16orf58,0.26856327,,0.7882657860200484,0.9991603192109605
0,PSMD14,0.2680756,,0.7886411481498515,0.9991603192109605
0,RP11-527L4.5,0.26538044,,0.790716400580187,0.9991603192109605
0,RPL7L1,0.2635837,,0.7921007279674778,0.9991603192109605
0,ALKBH7,0.26016986,,0.7947327531966779,0.9991603192109605
0,SARDH,0.2595795,,0.7951881534467554,0.9991603192109605
0,RP11-727F15.9,0.25760308,,0.7967132613895509,0.9991603192109605
0,ZNF561,0.25719237,,0.7970302645823233,0.9991603192109605
0,MAPK1IP1L,0.2567817,,0.7973473012604602,0.9991603192109605
0,ZNF559,0.25642234,,0.7976247357830331,0.9991603192109605
0,PLEKHA3,0.25570366,,0.7981796814912899,0.9991603192109605
0,SCFD1,0.2552673,,0.7985166625925074,0.9991603192109605
0,SNX14,0.25411224,,0.7994088524234855,0.9991603192109605
0,PDIK1L,0.25305986,,0.8002219645424213,0.9991603192109605
0,ACP1,0.25272617,,0.8004798258417193,0.9991603192109605
0,SAAL1,0.24795194,,0.8041715943305109,0.9991603192109605
0,VDAC3,0.24779794,,0.8042907568655004,0.9991603192109605
0,TMX3,0.24713056,,0.8048071803670468,0.9991603192109605
0,LRIG2,0.24682255,,0.8050455584175032,0.9991603192109605
0,CCDC22,0.24628352,,0.8054627636024105,0.9991603192109605
0,PEMT,0.23971254,,0.8105531125072944,0.9991603192109605
0,ZFP69,0.23937885,,0.8108118226271575,0.9991603192109605
0,TRPV2,0.23629871,,0.8132008883338759,0.9991603192109605
0,CECR5,0.23627304,,0.8132208045527176,0.9991603192109605
0,ACOT13,0.23208918,,0.8164687536863895,0.9991603192109605
0,MTRF1,0.23208918,,0.8164687536863895,0.9991603192109605
0,ZCCHC9,0.23095979,,0.8173460437787596,0.9991603192109605
0,MPP6,0.23034376,,0.8178246621787205,0.9991603192109605
0,STT3A,0.22990741,,0.8181637246494913,0.9991603192109605
0,PPIL4,0.22890635,,0.818941702281608,0.9991603192109605
0,PDXDC1,0.22849567,,0.8192609242108893,0.9991603192109605
0,PCNA,0.22323374,,0.823353588186667,0.9991603192109605
0,C19orf52,0.22269472,,0.823773110127054,0.9991603192109605
0,FKBP3,0.22182201,,0.8244524428510098,0.9991603192109605
0,PIGU,0.22164233,,0.824592321813294,0.9991603192109605
0,PRRG2,0.22138566,,0.8247921585644978,0.9991603192109605
0,PJA1,0.21761248,,0.8277310626368477,0.9991603192109605
0,RFNG,0.21471201,,0.8299918634057029,0.9991603192109605
0,DMTN,0.21453233,,0.8301319595224428,0.9991603192109605
0,MYCBP2,0.21424998,,0.8303521214721272,0.9991603192109605
0,LMF2,0.21337727,,0.8310327061745801,0.9991603192109605
0,WNK1,0.20986077,,0.8337763414229447,0.9991603192109605
0,BABAM1,0.20724264,,0.8358203651457315,0.9991603192109605
0,LRCH4,0.20598492,,0.8368026934085557,0.9991603192109605
0,RP5-827C21.4,0.20436785,,0.838066060680616,0.9991603192109605
0,BBS2,0.20269942,,0.839369972495381,0.9991603192109605
0,MKKS,0.2013647,,0.8404134196629943,0.9991603192109605
0,RBPJ,0.19874656,,0.8424609944391294,0.9991603192109605
0,UBE3A,0.1980022,,0.8430433432119258,0.9991603192109605
0,CTD-2015H6.3,0.19754018,,0.8434048442641863,0.9991603192109605
0,PPIL2,0.19474238,,0.8455946361587285,0.9991603192109605
0,ZNF232,0.1932023,,0.8468005365234252,0.9991603192109605
0,C16orf52,0.19143121,,0.8481877654181644,0.9991603192109605
0,HMG20A,0.19012216,,0.8492134110896874,0.9991603192109605
0,DENND6A,0.18958312,,0.8496358100783133,0.9991603192109605
0,PLXNA1,0.18955746,,0.8496559253935381,0.9991603192109605
0,RP11-314N13.3,0.18955746,,0.8496559253935381,0.9991603192109605
0,IFIT5,0.18863341,,0.8503801418251973,0.9991603192109605
0,CSRNP1,0.1882484,,0.8506819359660621,0.9991603192109605
0,STAU2,0.18614362,,0.8523321294452192,0.9991603192109605
0,OSBPL7,0.18578428,,0.8526139346172913,0.9991603192109605
0,C9orf37,0.18555327,,0.8527951050224263,0.9991603192109605
0,RP11-5C23.1,0.18378218,,0.8541843354432347,0.9991603192109605
0,TBC1D23,0.18224211,,0.8553927296661383,0.9991603192109605
0,RBM5,0.18059936,,0.8566820573132417,0.9991603192109605
0,OBSCN,0.17744221,,0.8591610551441354,0.9991603192109605
0,C21orf33,0.17739087,,0.8592013755943742,0.9991603192109605
0,ASB8,0.17549145,,0.8606934895123097,0.9991603192109605
0,NFE2L2,0.17497809,,0.8610968491539956,0.9991603192109605
0,LYRM2,0.17438772,,0.8615607575298165,0.9991603192109605
0,ERI3,0.17318134,,0.8625088925660258,0.9991603192109605
0,DCAF5,0.17202628,,0.8634168670916571,0.9991603192109605
0,NOL7,0.17148726,,0.86384065035645,0.9991603192109605
0,SEPT11,0.17069155,,0.8644663067393873,0.9991603192109605
0,ST3GAL3,0.16910014,,0.8657178740680329,0.9991603192109605
0,MLLT11,0.16835578,,0.8663034004087113,0.9991603192109605
0,GOT2,0.16830444,,0.8663437842441891,0.9991603192109605
0,SAMD4B,0.16804776,,0.8665457086533039,0.9991603192109605
0,TTC14,0.16786808,,0.8666870609229408,0.9991603192109605
0,SPATA7,0.1676114,,0.8668890001314695,0.9991603192109605
0,PLCL1,0.1676114,-5.075628,0.8668890001314695,0.9991603192109605
0,RFPL2,0.1676114,,0.8668890001314695,0.9991603192109605
0,MZT1,0.1674574,,0.867010167827694,0.9991603192109605
0,NAA25,0.16627668,,0.8679392237758281,0.9991603192109605
0,ELP5,0.16494194,,0.8689896805269992,0.9991603192109605
0,MRM1,0.16304252,,0.8704849596098359,0.9991603192109605
0,MRPL19,0.1606554,,0.8723648178403935,0.9991603192109605
0,HCFC2,0.1574469,,0.8748926430430823,0.9991603192109605
0,FBXO33,0.1572929,,0.8750140109819188,0.9991603192109605
0,STX16,0.15629186,,0.8758029741234737,0.9991603192109605
0,NR2C1,0.15575284,,0.8762278516116864,0.9991603192109605
0,NUDCD1,0.15565015,,0.8763087847051909,0.9991603192109605
0,URB2,0.1538534,,0.8777253224677202,0.9991603192109605
0,IL24,0.15364806,,0.8778872375185502,0.9991603192109605
0,ZNF256,0.15359673,-5.8095045,0.8779277170797362,0.9991603192109605
0,MUM1,0.15346839,,0.8780289173788992,0.9991603192109605
0,KLHL24,0.15303203,,0.8783730132959475,0.9991603192109605
0,C2CD4D,0.15164597,,0.8794661759673041,0.9991603192109605
0,CTD-2227I18.1,0.15164597,-3.3836954,0.8794661759673041,0.9991603192109605
0,FAM65C,0.15164597,-3.2934873,0.8794661759673041,0.9991603192109605
0,CACNA1C-AS1,0.15164597,-3.4451592,0.8794661759673041,0.9991603192109605
0,ARHGEF4,0.15164597,-3.7214856,0.8794661759673041,0.9991603192109605
0,CA6,0.15164597,-3.2600703,0.8794661759673041,0.9991603192109605
0,C8orf44,0.14869416,,0.881794970801138,0.9991603192109605
0,ZNF682,0.14848882,,0.88195701218352,0.9991603192109605
0,EAPP,0.14789845,,0.8824229086569987,0.9991603192109605
0,GTPBP6,0.14769311,,0.8825849691481698,0.9991603192109605
0,ZFAND4,0.14276487,,0.8864758800563253,0.9991603192109605
0,F5,0.13953072,,0.8890307843773757,0.9991603192109605
0,DENND1C,0.13940237,,0.88913219343139,0.9991603192109605
0,C16orf13,0.13904303,,0.8894161484295242,0.9991603192109605
0,DUSP10,0.13896602,,0.8894769977762664,0.9991603192109605
0,ATAD3C,0.1377853,-5.621747,0.8904101024192279,0.9991603192109605
0,PDE6B,0.13621956,,0.8916477142462281,0.9991603192109605
0,KIAA1429,0.1344998,,0.893007362489931,0.9991603192109605
0,NPRL2,0.1329854,,0.8942049252441286,0.9991603192109605
0,GINM1,0.13257472,,0.8945297297132297,0.9991603192109605
0,RP11-950C14.3,0.12969992,-2.2985983,0.896803853161871,0.9991603192109605
0,RP11-432I5.1,0.12969992,-2.7580497,0.896803853161871,0.9991603192109605
0,R3HDM1,0.12633741,,0.8994648401874848,0.9991603192109605
0,TRIM23,0.12561871,,0.9000337484395888,0.9991603192109605
0,PDZD4,0.12371929,-3.499625,0.9015375381727295,0.9991603192109605
0,GRPEL1,0.12287225,,0.9022082613726602,0.9991603192109605
0,SIN3A,0.12233322,,0.9026351216049668,0.9991603192109605
0,GPR55,0.12181986,-2.3798654,0.903041681331085,0.9991603192109605
0,RP11-378J18.3,0.12171719,-2.8603733,0.903122996330795,0.9991603192109605
0,FCGBP,0.12171719,-2.158851,0.903122996330795,0.9991603192109605
0,RP11-502I4.3,0.12171719,-2.2074816,0.903122996330795,0.9991603192109605
0,NNT-AS1,0.1205878,,0.9040175282104566,0.9991603192109605
0,HBP1,0.120228454,,0.9043021775940374,0.9991603192109605
0,EBNA1BP2,0.1190734,,0.905217205156067,0.9991603192109605
0,CEP164,0.11689163,,0.9069459329688336,0.9991603192109605
0,LYSMD4,0.115916245,-2.9632564,0.9077189190999224,0.9991603192109605
0,TMEM60,0.11571091,,0.9078816641835079,0.9991603192109605
0,FBXL22,0.113734476,-2.2117097,0.9094482823451737,0.9991603192109605
0,DPY19L2,0.113734476,-2.1162593,0.9094482823451737,0.9991603192109605
0,RP11-247A12.2,0.113734476,-2.4426746,0.9094482823451737,0.9991603192109605
0,TBPL1,0.11337513,,0.9097331600272457,0.9991603192109605
0,RP11-400F19.6,0.11239974,,0.9105064578519291,0.9991603192109605
0,METTL3,0.11191206,,0.910893138603379,0.9991603192109605
0,VIPR1,0.11119335,,0.9114630223635494,0.9991603192109605
0,ZNF799,0.10949927,,0.9128064994785208,0.9991603192109605
0,SPRY1,0.10913992,-5.6514173,0.9130915116429827,0.9991603192109605
0,RP13-270P17.3,0.10870357,,0.9134376128671016,0.9991603192109605
0,RAD51B,0.1059571,,0.9156163889057576,0.9991603192109605
0,SNRNP35,0.104853384,,0.9164921513374991,0.9991603192109605
0,MED30,0.10472504,,0.9165939907766197,0.9991603192109605
0,SLC20A2,0.10431436,,0.916919886171751,0.9991603192109605
0,RAB40C,0.10405768,,0.9171235778871448,0.9991603192109605
0,TSSC1,0.10374966,,0.9173680151259894,0.9991603192109605
0,ZNF195,0.10297962,,0.9179791423480832,0.9991603192109605
0,DTX3,0.10285129,,0.9180810016064783,0.9991603192109605
0,RP11-798G7.6,0.09989948,-1.8271612,0.9204241322818091,0.9991603192109605
0,WBP2NL,0.099771135,-1.6680887,0.9205260233508465,0.9991603192109605
0,RP11-178G16.4,0.099771135,-1.7236569,0.9205260233508465,0.9991603192109605
0,SNX9,0.09843641,,0.921585767501646,0.9991603192109605
0,ARHGAP21,0.09776904,,0.9221156919107095,0.9991603192109605
0,DDX56,0.09558727,,0.9238483771605938,0.9991603192109605
0,NMNAT3,0.094149865,-2.728045,0.9249901089558534,0.9991603192109605
0,RBM26-AS1,0.09397019,-2.8672771,0.9251328363430711,0.9991603192109605
0,PBLD,0.09178842,-1.4381503,0.9268661455585879,0.9991603192109605
0,CTD-2012K14.7,0.09178842,-1.5030341,0.9268661455585879,0.9991603192109605
0,ZNF587B,0.09178842,-1.4348918,0.9268661455585879,0.9991603192109605
0,CD2AP,0.08899062,,0.9290893666173994,0.9991603192109605
0,ANKAR,0.08721953,,0.9304970139723899,0.9991603192109605
0,ZUFSP,0.08496076,,0.9322925893091077,0.9991603192109605
0,CTNNB1,0.08460141,,0.932578281030666,0.9991603192109605
0,KCNJ14,0.0838057,-1.3409904,0.9332109149848836,0.9991603192109605
0,RP13-270P17.1,0.0838057,-1.3302095,0.9332109149848836,0.9991603192109605
0,LINC00174,0.0838057,-1.3117148,0.9332109149848836,0.9991603192109605
0,NEDD4,0.0838057,-1.3278742,0.9332109149848836,0.9991603192109605
0,TTN-AS1,0.08357469,,0.9333945908267851,0.9991603192109605
0,CEP120,0.08175227,,0.9348437126874409,0.9991603192109605
0,INIP,0.07905714,,0.9369871745970046,0.9991603192109605
0,ALG5,0.07769674,,0.9380692869464606,0.9991603192109605
0,ISOC1,0.07474493,,0.9404176572622827,0.9991603192109605
0,RWDD4,0.07466793,,0.9404789261202693,0.9991603192109605
0,DPY19L4,0.07461659,,0.9405197722213267,0.9991603192109605
0,NAPA-AS1,0.073692545,-7.1161323,0.9412550286915263,0.9991603192109605
0,EOGT,0.07199847,-2.19348,0.9426031284770267,0.9991603192109605
0,CMTM7,0.07063807,,0.9436858126842013,0.9991603192109605
0,LRRIQ3,0.07009904,-2.708264,0.9441148296576954,0.9991603192109605
0,ACVR2A,0.06984236,-1.141297,0.9443191291598828,0.9991603192109605
0,TUBG2,0.06984236,-1.2312806,0.9443191291598828,0.9991603192109605
0,MCF2L,0.06984236,-1.0887212,0.9443191291598828,0.9991603192109605
0,OTUD5,0.06771193,,0.9460149551250752,0.9991603192109605
0,EXOC6,0.066428535,,0.9470366556033859,0.9991603192109605
0,GIT2,0.06619752,,0.9472205709889677,0.9991603192109605
0,SIRT1,0.064785786,-1.9768898,0.9483445590951296,0.9991603192109605
0,PPP1R8,0.06322005,,0.9495912842301025,0.9991603192109605
0,MTIF2,0.0629377,0.19424835,0.9498161167394297,0.9991603192109605
0,OLA1,0.06242434,,0.950224913343619,0.9991603192109605
0,SNTA1,0.061962318,-0.9910304,0.950592841491393,0.9991603192109605
0,RP1-28O10.1,0.061962318,-1.2841253,0.950592841491393,0.9991603192109605
0,CCDC122,0.061859645,-0.8819379,0.9506746047351968,0.9991603192109605
0,CAMK2N1,0.061859645,-1.0450056,0.9506746047351968,0.9991603192109605
0,AP4B1-AS1,0.061859645,-0.89888144,0.9506746047351968,0.9991603192109605
0,JAM3,0.061859645,-0.91675615,0.9506746047351968,0.9991603192109605
0,RASGRP2,0.061346285,,0.9510834287265244,0.9991603192109605
0,HENMT1,0.056597725,,0.9548656470121223,0.9991603192109605
0,TSPAN15,0.05649505,-1.5275427,0.9549474362393192,0.9991603192109605
0,ZNF175,0.055879023,-1.2976598,0.9554381815351289,0.9991603192109605
0,ZNF615,0.055750683,-1.1030188,0.9555404222709138,0.9991603192109605
0,RPA4,0.053876925,-0.822445,0.9570332194540206,0.9991603192109605
0,LY6G5B,0.053876925,-0.81303716,0.9570332194540206,0.9991603192109605
0,KDM4A-AS1,0.053876925,-0.796741,0.9570332194540206,0.9991603192109605
0,RP11-294J22.6,0.053876925,-0.8048389,0.9570332194540206,0.9991603192109605
0,C6orf99,0.053876925,-0.78338444,0.9570332194540206,0.9991603192109605
0,ZNF333,0.0533379,,0.9574626824031903,0.9991603192109605
0,TOMM40,0.052901547,,0.9578103519352403,0.9991603192109605
0,DHX34,0.052644867,,0.9580148671779123,0.9991603192109605
0,RNF14,0.050976455,,0.9593442830174987,0.9991603192109605
0,RASD1,0.050719775,-3.5009484,0.9595488186596044,0.9991603192109605
0,MAP2K7,0.04833266,,0.9614511258850493,0.9991603192109605
0,CTB-113I20.2,0.04820432,-1.866463,0.9615534067812499,0.9991603192109605
0,ZBTB41,0.048050314,-0.8561833,0.9616761446917921,0.9991603192109605
0,RP11-532F6.3,0.047921974,-0.8484596,0.9617784269778562,0.9991603192109605
0,RP3-325F22.5,0.047921974,-1.0334105,0.9617784269778562,0.9991603192109605
0,NDUFB8-1,0.04648457,,0.9629240311691696,0.9991603192109605
0,LRRC24,0.04589421,-0.7423845,0.9633945694868238,0.9991603192109605
0,C19orf44,0.04589421,-0.73655665,0.9633945694868238,0.9991603192109605
0,AC068580.6,0.04589421,-0.74732035,0.9633945694868238,0.9991603192109605
0,CLECL1,0.04589421,-0.7571282,0.9633945694868238,0.9991603192109605
0,NUDT12,0.04589421,-0.718612,0.9633945694868238,0.9991603192109605
0,ZNF763,0.04589421,-0.71496576,0.9633945694868238,0.9991603192109605
0,KCNH3,0.04589421,-0.71082836,0.9633945694868238,0.9991603192109605
0,TAL1,0.04589421,-0.88162905,0.9633945694868238,0.9991603192109605
0,GLS2,0.04589421,-0.74887085,0.9633945694868238,0.9991603192109605
0,ACVR2B,0.04589421,-0.76517653,0.9633945694868238,0.9991603192109605
0,CCDC163P,0.04589421,-0.7016461,0.9633945694868238,0.9991603192109605
0,RP11-178L8.7,0.04589421,-0.71895003,0.9633945694868238,0.9991603192109605
0,SOX13,0.04589421,-0.7700856,0.9633945694868238,0.9991603192109605
0,KRTAP5-AS1,0.04589421,-0.7423096,0.9633945694868238,0.9991603192109605
0,LINC00959,0.04589421,-0.7601631,0.9633945694868238,0.9991603192109605
0,NRN1L,0.04589421,-0.73146665,0.9633945694868238,0.9991603192109605
0,RP11-559M23.1,0.04589421,-0.79176295,0.9633945694868238,0.9991603192109605
0,UNC45A,0.045714535,1.2417192,0.9635377793389496,0.9991603192109605
0,CISD1,0.04527818,,0.9638855795822067,0.9991603192109605
0,ABT1,0.04271139,,0.9659316002865984,0.9991603192109605
0,TMEM194A,0.042326372,-1.3571811,0.9662385230686821,0.9991603192109605
0,ELOVL4,0.041761678,-1.5781105,0.9666886855173049,0.9991603192109605
0,CCT6A,0.040324274,,0.967834601139317,0.9991603192109605
0,C3orf18,0.039913587,-0.59946316,0.9681620179060324,0.9991603192109605
0,USP38,0.038322177,,0.9694308080714162,0.9991603192109605
0,USP25,0.035806723,,0.9714364716624261,0.9991603192109605
0,PURA,0.03562705,-0.04013061,0.9715797404105776,0.9991603192109605
0,CCDC174,0.033239935,,0.9734832533010778,0.9991603192109605
0,CTB-152G17.6,0.03193087,-0.55998707,0.9745271800286175,0.9991603192109605
0,ZNF350,0.031879533,,0.9745681192324931,0.9991603192109605
0,C1GALT1C1,0.029569423,,0.9764104511152717,0.9991603192109605
0,CIAPIN1,0.027490323,,0.9780686576927539,0.9991603192109605
0,PMEPA1,0.02666895,-0.9045966,0.9787237781649804,0.9991603192109605
0,ATP10A,0.026489275,-0.7546875,0.9788670876965676,0.9991603192109605
0,ZBED5-AS1,0.026335267,,0.9789899249809824,0.9991603192109605
0,ASXL2,0.026155593,,0.9791332357756076,0.9991603192109605
0,EMG1,0.025924582,,0.9793174935005295,0.9991603192109605
0,SPEN,0.02533422,,0.9797883793433826,0.9991603192109605
0,BRWD1,0.024487179,,0.9804640104214503,0.9991603192109605
0,RPS6KL1,0.024025157,-0.68872815,0.9808325424016318,0.9991603192109605
0,HIST1H2AH,0.024025157,-0.53012997,0.9808325424016318,0.9991603192109605
0,RP11-42I10.1,0.023948153,-0.3325953,0.9808939647981673,0.9991603192109605
0,CTD-2537I9.12,0.023948153,-0.35883927,0.9808939647981673,0.9991603192109605
0,BGLAP,0.023948153,-0.3285472,0.9808939647981673,0.9991603192109605
0,ARVCF,0.02387115,-0.46671045,0.9809553873079716,0.9991603192109605
0,LDOC1L,0.019969627,-0.43050748,0.9840676010298446,0.9991603192109605
0,SMYD4,0.018686233,-4.9419603,0.9850914108612376,0.9991603192109605
0,FBXO11,0.018686233,3.6368263,0.9850914108612376,0.9991603192109605
0,GOLGB1,0.017325833,,0.9861766760527937,0.9991603192109605
0,LNP1,0.015965436,-0.23547223,0.9872619668243959,0.9991603192109605
0,LIPC,0.015965436,-0.22683026,0.9872619668243959,0.9991603192109605
0,SAMD14,0.015965436,-0.23331994,0.9872619668243959,0.9991603192109605
0,CTC-454I21.3,0.015965436,-0.22992839,0.9872619668243959,0.9991603192109605
0,U73166.2,0.015965436,-0.23656493,0.9872619668243959,0.9991603192109605
0,ACD,0.015811428,,0.9873848314533347,0.9991603192109605
0,WDR91,0.015580417,,0.9875691289568046,0.9991603192109605
0,RPUSD3,0.015503413,,0.9876305616058543,0.9991603192109605
0,ARID4A,0.01309063,,0.989555486561322,0.9991603192109605
0,AAR2,0.011935575,-4.5826254,0.9904770153979596,0.9991603192109605
0,DIS3,0.011858571,0.43398485,0.9905384511190497,0.9991603192109605
0,ERH,0.01101153,,0.9912142476735274,0.9991603192109605
0,MPC2,0.010985862,,0.9912347264578418,0.9991603192109605
0,STK38,0.010113154,,0.9919310084721755,0.9991603192109605
0,ANKRD54,0.0062373,,0.995023386673193,0.9991603192109605
0,C3orf38,0.0058522816,,0.9953305814042513,0.9991603192109605
0,SLC25A14,0.004517551,-2.44975,0.9963955282077425,0.9991603192109605
0,SEL1L,0.0038758533,,0.9969075242658515,0.9991603192109605
0,NME6,0.0035935063,-0.59466535,0.9971328029473,0.9991603192109605
0,ZNF45,0.0025154545,0.8059811,0.9979929598601276,0.9991603192109605
0,FBXL14,0.002104768,-0.16965975,0.998320639351877,0.9991603192109605
0,GDF11,0.0020020965,-0.028791396,0.9984025592712304,0.9991603192109605
0,UBXN1,0.001052384,,0.9991603192109605,0.9991603192109605
0,CRTC1,-0.0013603988,2.4326859,0.9989145591144671,0.9991603192109605
0,ATG16L1,-0.0014630704,3.1515157,0.9988326391040355,0.9991603192109605
0,SLC48A1,-0.0022331076,0.03461585,0.9982182394776811,0.9991603192109605
0,KLHL6,-0.0028491372,,0.9977267205197947,0.9991603192109605
0,ZRANB3,-0.0036961779,-0.3087255,0.9970508833993825,0.9991603192109605
0,TADA2A,-0.0051335804,,0.995904013385671,0.9991603192109605
0,AC004257.3,-0.0059036175,0.049276616,0.9952896220657901,0.9991603192109605
0,SHPK-1,-0.005980621,0.08390552,0.9952281830814073,0.9991603192109605
0,PARS2,-0.005980621,0.08500771,0.9952281830814073,0.9991603192109605
0,DRAXIN,-0.005980621,0.07966029,0.9952281830814073,0.9991603192109605
0,RP11-219B17.1,-0.005980621,0.083650045,0.9952281830814073,0.9991603192109605
0,AP001462.6,-0.005980621,0.08020203,0.9952281830814073,0.9991603192109605
0,LINC00886,-0.005980621,0.10142955,0.9952281830814073,0.9991603192109605
0,CD274,-0.005980621,0.08512767,0.9952281830814073,0.9991603192109605
0,MOB2,-0.0064426437,,0.9948595497820444,0.9991603192109605
0,BBC3,-0.007110009,,0.9943270814185112,0.9991603192109605
0,RUNDC1,-0.00893243,-2.0299532,0.9928730467619523,0.9991603192109605
0,SPRTN,-0.009137773,,0.9927092132652902,0.9991603192109605
0,ELP6,-0.009291781,,0.992586338344156,0.9991603192109605
0,SPIN1,-0.009394452,,0.9925044218275723,0.9991603192109605
0,CHERP,-0.009882143,,0.9921153194675469,0.9991603192109605
0,PRUNE,-0.009959146,2.137172,0.9920538824218529,0.9991603192109605
0,NDUFS1,-0.011345213,-4.159807,0.9909480240090754,0.9991603192109605
0,TBXA2R,-0.011961242,0.21359959,0.9904565368367927,0.9991603192109605
0,FBXW9,-0.012038246,0.31095782,0.9903951011910695,0.9991603192109605
0,SMTN,-0.0139120035,0.040470544,0.9889001855716085,0.9991603192109605
0,RP11-141B14.1,-0.0139120035,0.07955797,0.9889001855716085,0.9991603192109605
0,SDCBP2,-0.013963339,0.19830552,0.9888592295037916,0.9991603192109605
0,CTD-2302E22.4,-0.013963339,0.1936892,0.9888592295037916,0.9991603192109605
0,RP11-423O2.5,-0.013963339,0.19452806,0.9888592295037916,0.9991603192109605
0,C1QC,-0.013963339,0.19710177,0.9888592295037916,0.9991603192109605
0,RP11-493L12.4,-0.013963339,0.2119903,0.9888592295037916,0.9991603192109605
0,DNAJC27,-0.013963339,0.19083963,0.9888592295037916,0.9991603192109605
0,RP11-408A13.4,-0.013963339,0.19181834,0.9888592295037916,0.9991603192109605
0,ARHGAP11A,-0.013963339,0.21073866,0.9888592295037916,0.9991603192109605
0,SYP,-0.013963339,0.20088482,0.9888592295037916,0.9991603192109605
0,NIPSNAP3B,-0.013963339,0.193486,0.9888592295037916,0.9991603192109605
0,ANKRD27,-0.014066011,-0.43649948,0.9887773174563399,0.9991603192109605
0,ZNF628,-0.0155547485,-0.6042836,0.9875896064983165,0.9991603192109605
0,SLC35A2,-0.016093776,,0.9871595798642598,0.9991603192109605
0,PPP2R1B,-0.016478794,0.73660475,0.9868524202594555,0.9991603192109605
0,RNF25,-0.01676114,-0.3208954,0.9866271711186051,0.9991603192109605
0,SLC39A14,-0.01981562,0.13107838,0.98419045685743,0.9991603192109605
0,RP5-894A10.2,-0.01981562,0.1641178,0.98419045685743,0.9991603192109605
0,TRAPPC12-AS1,-0.01981562,0.30211326,0.98419045685743,0.9991603192109605
0,OSBPL1A,-0.019866956,0.15988635,0.9841495048730993,0.9991603192109605
0,RMDN3,-0.019918293,,0.9841085529305348,0.9991603192109605
0,AC092295.7,-0.01994396,0.32521328,0.9840880769749487,0.9991603192109605
0,RNF26,-0.020791002,2.986002,0.9834123764017245,0.9991603192109605
0,DOHH,-0.02104768,,0.9832076209793482,0.9991603192109605
0,WDR11-AS1,-0.021946056,0.33306012,0.9824909858007482,0.9991603192109605
0,RP4-773N10.4,-0.021946056,0.3507209,0.9824909858007482,0.9991603192109605
0,ZNF425,-0.021946056,0.3396023,0.9824909858007482,0.9991603192109605
0,RP11-420A6.2,-0.021946056,0.32343125,0.9824909858007482,0.9991603192109605
0,GUCA1B,-0.021946056,0.3214284,0.9824909858007482,0.9991603192109605
0,OMG,-0.021946056,0.34756497,0.9824909858007482,0.9991603192109605
0,SYTL4,-0.021946056,0.32713738,0.9824909858007482,0.9991603192109605
0,TLR3,-0.021946056,0.35243827,0.9824909858007482,0.9991603192109605
0,AC093642.3,-0.021946056,0.31722242,0.9824909858007482,0.9991603192109605
0,FAM209A,-0.021946056,0.34354347,0.9824909858007482,0.9991603192109605
0,CTC-444N24.6,-0.021946056,0.3248091,0.9824909858007482,0.9991603192109605
0,MAP1A,-0.021946056,0.34424204,0.9824909858007482,0.9991603192109605
0,MEG3,-0.021946056,0.33919683,0.9824909858007482,0.9991603192109605
0,PPT2-EGFL8,-0.021946056,0.38715792,0.9824909858007482,0.9991603192109605
0,MEIS1,-0.021946056,0.33536735,0.9824909858007482,0.9991603192109605
0,AC145110.1,-0.021946056,0.32946733,0.9824909858007482,0.9991603192109605
0,TACR2,-0.021946056,0.3173332,0.9824909858007482,0.9991603192109605
0,RP11-977G19.12,-0.021946056,0.33338842,0.9824909858007482,0.9991603192109605
0,NCKAP1,-0.021946056,0.32620677,0.9824909858007482,0.9991603192109605
0,SERPINE1,-0.021946056,0.3406235,0.9824909858007482,0.9991603192109605
0,RAB12,-0.021946056,0.3319544,0.9824909858007482,0.9991603192109605
0,RP11-77H9.2,-0.021946056,0.31620497,0.9824909858007482,0.9991603192109605
0,RP13-314C10.5,-0.021946056,0.34194362,0.9824909858007482,0.9991603192109605
0,CTC-260E6.6,-0.021946056,0.32776326,0.9824909858007482,0.9991603192109605
0,CPNE2,-0.024127828,1.5411592,0.980750646049743,0.9991603192109605
0,PEX19,-0.024743859,,0.9802592722290235,0.9991603192109605
0,C9orf3,-0.025565231,0.45478165,0.9796041188179416,0.9991603192109605
0,MNAT1,-0.026463607,,0.9788875605425821,0.9991603192109605
0,ISG20L2,-0.027618663,,0.977966296443969,0.9991603192109605
0,ZNF493,-0.02764433,2.43965,0.9779458242376973,0.9991603192109605
0,EGFL7,-0.027926678,0.42550763,0.9777206309304213,0.9991603192109605
0,OXLD1,-0.02987744,,0.9761647993783982,0.9991603192109605
0,KLC4,-0.031366177,0.56701267,0.9749775149384423,0.9991603192109605
0,ZBTB10,-0.03293192,1.0037982,0.973728879098969,0.9991603192109605
0,PDIA5,-0.033701956,0.59159136,0.9731148193267657,0.9991603192109605
0,SMC2,-0.033984303,,0.9728896680505039,0.9991603192109605
0,PRPF8,-0.03413831,,0.9727668591728882,0.9991603192109605
0,BLZF1,-0.034600332,1.4103642,0.972398436425713,0.9991603192109605
0,SETD1B,-0.035165027,,0.9719481499630729,0.9991603192109605
0,HIST1H1B,-0.03575539,0.18443336,0.9714774054966174,0.9991603192109605
0,PRKAR2B,-0.03583239,0.4396874,0.9714160047735398,0.9991603192109605
0,C5orf42,-0.03583239,0.4580864,0.9714160047735398,0.9991603192109605
0,RPH3A,-0.035909396,0.5056018,0.9713546042198805,0.9991603192109605
0,THBS1,-0.035909396,0.5063183,0.9713546042198805,0.9991603192109605
0,RP1-315G1.3,-0.035909396,0.5012691,0.9713546042198805,0.9991603192109605
0,NABP1,-0.038014162,,0.9696763893990061,0.9991603192109605
0,DDX46,-0.03965691,,0.9683666561141843,0.9991603192109605
0,DEDD,-0.041761678,,0.9666886855173049,0.9991603192109605
0,HIST1H2BJ,-0.04235204,0.8373144,0.966218061393763,0.9991603192109605
0,RP11-545I5.3,-0.043789443,0.5279384,0.9650722434928498,0.9991603192109605
0,IPO9-AS1,-0.04389211,0.606848,0.9649904020887409,0.9991603192109605
0,TTC30A,-0.04389211,0.6402191,0.9649904020887409,0.9991603192109605
0,SLC4A8,-0.04389211,0.64705604,0.9649904020887409,0.9991603192109605
0,CCDC121,-0.04389211,0.6103966,0.9649904020887409,0.9991603192109605
0,MTERFD1,-0.04622789,,0.9631286114694039,0.9991603192109605
0,CES4A,-0.046304896,0.078442976,0.9630672371238331,0.9991603192109605
0,SREBF1,-0.04969306,0.9677719,0.9603669877216712,0.9991603192109605
0,TRIP12,-0.051592484,-0.02932147,0.958853408421122,0.9991603192109605
0,LIN52,-0.051669486,-0.9887434,0.9587920501897083,0.9991603192109605
0,RP11-647K16.1,-0.051849164,0.6699816,0.9586488819330906,0.9991603192109605
0,RP11-511B23.1,-0.05187483,0.7222588,0.9586284294337725,0.9991603192109605
0,GATA2,-0.05187483,0.7232246,0.9586284294337725,0.9991603192109605
0,C1orf186,-0.05187483,0.73394984,0.9586284294337725,0.9991603192109605
0,NEUROD2,-0.05187483,0.7372326,0.9586284294337725,0.9991603192109605
0,VIL1,-0.05187483,0.7432885,0.9586284294337725,0.9991603192109605
0,C15orf26,-0.05187483,0.72512805,0.9586284294337725,0.9991603192109605
0,AURKC,-0.05187483,0.7939936,0.9586284294337725,0.9991603192109605
0,RP11-10K16.1,-0.05187483,0.7676918,0.9586284294337725,0.9991603192109605
0,IFT81,-0.05187483,0.74525464,0.9586284294337725,0.9991603192109605
0,TMPRSS11E,-0.05187483,0.8249607,0.9586284294337725,0.9991603192109605
0,SUOX,-0.05187483,0.7879303,0.9586284294337725,0.9991603192109605
0,IP6K1,-0.052824542,,0.9578717062170645,0.9991603192109605
0,FBXO4,-0.054056603,,0.9568900679030153,0.9991603192109605
0,FRY-AS1,-0.055262994,0.5496318,0.9559289437242208,0.9991603192109605
0,SEC61A2,-0.05754744,0.55496687,0.9541091193035505,0.9991603192109605
0,KPNA1,-0.057778448,,0.9539251052758722,0.9991603192109605
0,PRELID2,-0.057855453,0.91516644,0.9538637678119637,0.9991603192109605
0,ALOX12,-0.057906788,0.76502705,0.9538228763211484,0.9991603192109605
0,PCP2,-0.058035128,0.9413512,0.9537206481261596,0.9991603192109605
0,FMO4,-0.058035128,0.9536889,0.9537206481261596,0.9991603192109605
0,PQBP1,-0.060473576,,0.9517784590027398,0.9991603192109605
0,FBXO7,-0.06096127,,0.9513900551751988,0.9991603192109605
0,ZFX,-0.06252701,0.2457049,0.9501431529713055,0.9991603192109605
0,ABCB1,-0.06311737,11.63165,0.9496730410428207,0.9991603192109605
0,SETD5,-0.063322715,,0.9495095279480581,0.9991603192109605
0,HMGCL,-0.06396441,,0.9489985632618405,0.9991603192109605
0,PGRMC2,-0.06422109,,0.9487941832479271,0.9991603192109605
0,AEBP1,-0.06568416,1.1196787,0.9476292819010871,0.9991603192109605
0,SERAC1,-0.065761164,0.9255222,0.9475679743830613,0.9991603192109605
0,SH3BGRL2,-0.06583817,0.92512727,0.947506667175487,0.9991603192109605
0,AP003419.16,-0.06583817,0.97233313,0.947506667175487,0.9991603192109605
0,S100B,-0.067378245,,0.9462805887761836,0.9991603192109605
0,QRICH1,-0.067557916,,0.9461375545277446,0.9991603192109605
0,CCDC94,-0.06776326,0.09436446,0.9459740889414817,0.9991603192109605
0,CUL4B,-0.068841316,,0.9451159320901066,0.9991603192109605
0,TP53BP2,-0.069175,,0.944850324972749,0.9991603192109605
0,TGFBRAP1,-0.06953435,2.337645,0.9445642933958608,0.9991603192109605
0,SYCE1,-0.071177095,0.9619223,0.9432568120455394,0.9991603192109605
0,PPP6R1,-0.07166478,1.0213511,0.9428686827893974,0.9991603192109605
0,USP30,-0.07233215,1.9536266,0.9423375805444271,0.9991603192109605
0,LUC7L,-0.07361554,,0.9413163023327202,0.9991603192109605
0,POLA1,-0.07371821,0.93201506,0.941234604221711,0.9991603192109605
0,CRIP3,-0.073769554,1.0200702,0.9411937553980347,0.9991603192109605
0,RP11-1000B6.3,-0.07382089,1.0336882,0.9411529067290535,0.9991603192109605
0,ARHGAP19,-0.07382089,1.0885447,0.9411529067290535,0.9991603192109605
0,TPM2,-0.07382089,1.0410141,0.9411529067290535,0.9991603192109605
0,TEX2,-0.07382089,1.0548916,0.9411529067290535,0.9991603192109605
0,ZNF653,-0.07382089,1.011837,0.9411529067290535,0.9991603192109605
0,NT5M,-0.07382089,1.0510458,0.9411529067290535,0.9991603192109605
0,PDCD2L,-0.07433425,-0.0687224,0.9407444285710193,0.9991603192109605
0,C12orf10,-0.07438558,,0.940703581610749,0.9991603192109605
0,ERV3-1,-0.07638768,,0.9391106728819058,0.9991603192109605
0,N4BP2L1,-0.07805609,,0.9377834347502864,0.9991603192109605
0,EARS2,-0.07977584,1.5725219,0.9364155394552491,0.9991603192109605
0,NF1,-0.079827175,,0.9363747096243182,0.9991603192109605
0,PEX26,-0.080494545,-1.2243364,0.9358439370872522,0.9991603192109605
0,PVALB,-0.08177794,1.0672649,0.9348233010100464,0.9991603192109605
0,RP11-324I22.4,-0.08177794,0.9941609,0.9348233010100464,0.9991603192109605
0,RP1-266L20.2,-0.081803605,1.2214699,0.9348028893754974,0.9991603192109605
0,ATP9A,-0.081803605,1.1770476,0.9348028893754974,0.9991603192109605
0,CYTH3,-0.081803605,1.1534245,0.9348028893754974,0.9991603192109605
0,RNF165,-0.081803605,1.1508342,0.9348028893754974,0.9991603192109605
0,RAB6B,-0.081803605,1.1444135,0.9348028893754974,0.9991603192109605
0,CTD-3214H19.4,-0.081803605,1.1493334,0.9348028893754974,0.9991603192109605
0,LINC00957,-0.081803605,1.1366705,0.9348028893754974,0.9991603192109605
0,RP1-20N2.6,-0.081803605,1.1742694,0.9348028893754974,0.9991603192109605
0,AC137932.6,-0.081803605,1.189323,0.9348028893754974,0.9991603192109605
0,ZNF594,-0.081803605,1.1396649,0.9348028893754974,0.9991603192109605
0,MYH10,-0.081803605,1.2227122,0.9348028893754974,0.9991603192109605
0,RNF168,-0.084652744,1.8028865,0.93253746739496,0.9991603192109605
0,SAMD1,-0.08485808,1.742341,0.9323742146268449,0.9991603192109605
0,GLRX3,-0.08703986,,0.9306398309995083,0.9991603192109605
0,CTD-2012J19.3,-0.08978632,1.3770801,0.9284570173034072,0.9991603192109605
0,SPOCD1,-0.08978632,1.402294,0.9284570173034072,0.9991603192109605
0,SEC14L5,-0.08978632,1.5749146,0.9284570173034072,0.9991603192109605
0,BEND2,-0.08978632,1.4517239,0.9284570173034072,0.9991603192109605
0,CALD1,-0.08978632,1.3382194,0.9284570173034072,0.9991603192109605
0,HRASLS,-0.08978632,1.5220399,0.9284570173034072,0.9991603192109605
0,RP11-211G3.2,-0.08978632,1.5836122,0.9284570173034072,0.9991603192109605
0,RP11-356N1.2,-0.08978632,1.3327808,0.9284570173034072,0.9991603192109605
0,AL928742.12,-0.08978632,1.3613044,0.9284570173034072,0.9991603192109605
0,SCIN,-0.08978632,1.3570439,0.9284570173034072,0.9991603192109605
0,LCN2,-0.08978632,1.3978304,0.9284570173034072,0.9991603192109605
0,C10orf25,-0.08978632,1.4094958,0.9284570173034072,0.9991603192109605
0,RP11-359I18.5,-0.08978632,1.4168638,0.9284570173034072,0.9991603192109605
0,RP11-490M8.1,-0.08978632,1.3717587,0.9284570173034072,0.9991603192109605
0,CCDC62,-0.08978632,1.4617167,0.9284570173034072,0.9991603192109605
0,BHLHE40-AS1,-0.08978632,1.3892713,0.9284570173034072,0.9991603192109605
0,RP11-805J14.5,-0.08978632,1.355661,0.9284570173034072,0.9991603192109605
0,ZNF433,-0.08978632,1.4053493,0.9284570173034072,0.9991603192109605
0,RP11-159H10.3,-0.08978632,1.3616064,0.9284570173034072,0.9991603192109605
0,NPPA-AS1,-0.08978632,1.3579171,0.9284570173034072,0.9991603192109605
0,RP11-110I1.14,-0.08978632,1.4761918,0.9284570173034072,0.9991603192109605
0,CTD-2541M15.1,-0.08978632,1.4682431,0.9284570173034072,0.9991603192109605
0,RP11-544A12.4,-0.08978632,1.489981,0.9284570173034072,0.9991603192109605
0,AHSA1,-0.09250712,,0.9262951343680731,0.9991603192109605
0,ARSG,-0.09271246,,0.9261319952735397,0.9991603192109605
0,YPEL2,-0.09330282,1.2797368,0.925662987700731,0.9991603192109605
0,DSCR3,-0.09330282,-2.5438857,0.925662987700731,0.9991603192109605
0,C6orf25,-0.09376485,1.8685663,0.9252959563076013,0.9991603192109605
0,MYOM2,-0.09448355,2.192145,0.9247250502172134,0.9991603192109605
0,DLST,-0.09504824,-4.542032,0.9242765083273072,0.9991603192109605
0,TRIT1,-0.09507391,-0.16590379,0.9242561206305192,0.9991603192109605
0,DDI2,-0.095612936,1.1920758,0.9238279905114142,0.9991603192109605
0,RP11-398C13.6,-0.09576695,1.5056617,0.9237056716674849,0.9991603192109605
0,LIX1L,-0.09802572,-0.9800474,0.9219118707255246,0.9991603192109605
0,RARS,-0.09884709,4.182291,0.9212596774607116,0.9991603192109605
0,HDDC3,-0.10056684,,0.9198943198185442,0.9991603192109605
0,STAMBP,-0.10125987,,0.9193441675907674,0.9991603192109605
0,RP11-367G6.3,-0.101850234,,0.9188755498374028,0.9991603192109605
0,FAAH,-0.10195291,2.7322564,0.9187940539693769,0.9991603192109605
0,ARRDC4,-0.10231226,2.3305259,0.91850882515477,0.9991603192109605
0,ANTXR2,-0.102774285,,0.9181421178070004,0.9991603192109605
0,TOP2A,-0.103646986,1.4328432,0.9174494959426188,0.9991603192109605
0,RP11-142C4.6,-0.10369833,1.4216274,0.9174087554258646,0.9991603192109605
0,UBE2C,-0.10369833,1.5465388,0.9174087554258646,0.9991603192109605
0,CDT1,-0.10369833,1.5522848,0.9174087554258646,0.9991603192109605
0,FAXDC2,-0.10374966,1.5494064,0.9173680151259894,0.9991603192109605
0,ACOT11,-0.10374966,1.6068897,0.9173680151259894,0.9991603192109605
0,CTD-2368P22.1,-0.10374966,1.6452276,0.9173680151259894,0.9991603192109605
0,C1orf198,-0.10374966,1.5083517,0.9173680151259894,0.9991603192109605
0,ZNF841,-0.10374966,1.4958732,0.9173680151259894,0.9991603192109605
0,YEATS2,-0.10446836,3.5140042,0.916797673759506,0.9991603192109605
0,CLSTN3,-0.10562342,,0.9158811435398011,0.9991603192109605
0,NUDT5,-0.10629079,,0.915351643632228,0.9991603192109605
0,RP11-488C13.5,-0.108318545,2.6483984,0.9137430099358487,0.9991603192109605
0,U2SURP,-0.10913992,,0.9130915116429827,0.9991603192109605
0,MANEA-AS1,-0.1094736,2.1832001,0.9128268571187853,0.9991603192109605
0,GP1BA,-0.10988429,2.0631223,0.9125011417480653,0.9991603192109605
0,C2orf76,-0.11037198,,0.9121143738406274,0.9991603192109605
0,ARIH2OS,-0.1113987,,0.9113001937720144,0.9991603192109605
0,MMP9,-0.11170671,1.6835066,0.9110559578705609,0.9991603192109605
0,ITGB3,-0.11170671,1.4337978,0.9110559578705609,0.9991603192109605
0,ZNF436,-0.11170671,2.3063123,0.9110559578705609,0.9991603192109605
0,TNS1,-0.11173238,1.7279711,0.9110356052577758,0.9991603192109605
0,PDZK1IP1,-0.11173238,1.6124505,0.9110356052577758,0.9991603192109605
0,LGALSL,-0.11173238,1.682138,0.9110356052577758,0.9991603192109605
0,ENKUR,-0.11173238,1.6289154,0.9110356052577758,0.9991603192109605
0,RP11-390B4.5,-0.11173238,1.556583,0.9110356052577758,0.9991603192109605
0,INPP5A,-0.11173238,1.6648487,0.9110356052577758,0.9991603192109605
0,C5AR2,-0.11173238,1.6745907,0.9110356052577758,0.9991603192109605
0,TGFB1I1,-0.11173238,1.6069366,0.9110356052577758,0.9991603192109605
0,hsa-mir-1199,-0.11173238,1.6297569,0.9110356052577758,0.9991603192109605
0,TIMM10B,-0.11676329,,0.907047636651021,0.9991603192109605
0,CTNNAL1,-0.11758466,1.8181275,0.9063967594914796,0.9991603192109605
0,CDC42BPB,-0.11761033,2.0362973,0.9063764205908592,0.9991603192109605
0,INVS,-0.117713,2.1532826,0.9062950656025021,0.9991603192109605
0,PRSS57,-0.117713,2.112457,0.9062950656025021,0.9991603192109605
0,PTCH1,-0.117713,2.1523838,0.9062950656025021,0.9991603192109605
0,SLC16A5,-0.11781567,1.8809367,0.9062137115973776,0.9991603192109605
0,METTL8,-0.11830336,,0.9058272935262941,0.9991603192109605
0,NUDT1,-0.119715095,,0.9047088408954002,0.9991603192109605
0,WNT5B,-0.119715095,1.8917814,0.9047088408954002,0.9991603192109605
0,RNASE3,-0.119715095,1.8872039,0.9047088408954002,0.9991603192109605
0,RP11-932O9.7,-0.119715095,1.7828236,0.9047088408954002,0.9991603192109605
0,HOXA5,-0.119715095,1.8639554,0.9047088408954002,0.9991603192109605
0,RP11-308N19.1,-0.119715095,1.7600741,0.9047088408954002,0.9991603192109605
0,CCDC153,-0.119715095,2.0325384,0.9047088408954002,0.9991603192109605
0,AK4,-0.119715095,1.8230308,0.9047088408954002,0.9991603192109605
0,ABCG2,-0.119715095,1.846899,0.9047088408954002,0.9991603192109605
0,RP4-781K5.2,-0.119715095,1.8467873,0.9047088408954002,0.9991603192109605
0,AC007879.7,-0.119715095,1.7542827,0.9047088408954002,0.9991603192109605
0,TDRP,-0.119715095,1.8616261,0.9047088408954002,0.9991603192109605
0,TMEM18,-0.12027979,,0.9042615126425806,0.9991603192109605
0,PIGX,-0.120382465,,0.9041801834930469,0.9991603192109605
0,POLR2K,-0.12071615,,0.9039158707036753,0.9991603192109605
0,BAG5,-0.12076748,3.0801091,0.9038752081418514,0.9991603192109605
0,STMN1,-0.12089582,,0.903773552840437,0.9991603192109605
0,P2RY10,-0.121178165,,0.9035499167315403,0.9991603192109605
0,ABCC10,-0.121948205,,0.9029400390117537,0.9991603192109605
0,AC005082.12,-0.12346261,,0.9017407802267952,0.9991603192109605
0,IL4I1,-0.12359095,3.8535426,0.9016391583938261,0.9991603192109605
0,SNRNP27,-0.123924635,,0.9013749491757831,0.9991603192109605
0,EID2,-0.124027304,,0.9012936562283991,0.9991603192109605
0,SNX20,-0.12407864,,0.9012530101428486,0.9991603192109605
0,AKAP8,-0.124617666,,0.9008262418959159,0.9991603192109605
0,PIGF,-0.12464333,2.7386663,0.9008059203125007,0.9991603192109605
0,SEC31A,-0.12502836,,0.9005011043705032,0.9991603192109605
0,TNFRSF9,-0.12561871,1.9600294,0.9000337484395888,0.9991603192109605
0,RAB38,-0.12569572,2.1286807,0.8999727915220442,0.9991603192109605
0,ZNF404,-0.12590106,2.1300077,0.8998102426273427,0.9991603192109605
0,CRTC2,-0.12633741,2.8430486,0.8994648401874848,0.9991603192109605
0,MADD,-0.1269021,,0.899017877068831,0.9991603192109605
0,UCK1,-0.1279545,1.8250048,0.8981849859201687,0.9991603192109605
0,RBM25,-0.13070096,,0.896011873705217,0.9991603192109605
0,BET1,-0.13072662,,0.8959915678987788,0.9991603192109605
0,RP11-430B1.2,-0.13180467,6.0876584,0.8951387857170616,0.9991603192109605
0,ZNF718,-0.13203569,6.716229,0.894956062408774,0.9991603192109605
0,C19orf33,-0.13357577,2.1145601,0.893738049911106,0.9991603192109605
0,GNE,-0.13367844,2.0833547,0.8936568579546181,0.9991603192109605
0,ZNF688,-0.13416612,,0.8932712113934962,0.9991603192109605
0,TMEM87B,-0.13437147,,0.8931088414376893,0.9991603192109605
0,BRAT1,-0.13775963,,0.8904303889934366,0.9991603192109605
0,ZNF212,-0.1391457,,0.8893350169807068,0.9991603192109605
0,FANCI,-0.1391457,2.2492125,0.8893350169807068,0.9991603192109605
0,TRIM16L,-0.13991573,3.5336497,0.8887265681175626,0.9991603192109605
0,GBP4,-0.13994141,,0.888706287615761,0.9991603192109605
0,NOC4L,-0.14030075,,0.8884223682454839,0.9991603192109605
0,MED7,-0.1405061,,0.8882601350297362,0.9991603192109605
0,KIF3C,-0.14158414,3.6852412,0.8874084875953179,0.9991603192109605
0,IDO1,-0.14163549,2.2367353,0.8873679361900684,0.9991603192109605
0,HOMER2,-0.14163549,2.2700295,0.8873679361900684,0.9991603192109605
0,HGD,-0.14163549,2.0733392,0.8873679361900684,0.9991603192109605
0,PLA2G4C,-0.14163549,2.3086548,0.8873679361900684,0.9991603192109605
0,PRICKLE1,-0.14166115,2.1845279,0.8873476605980047,0.9991603192109605
0,ATP8B3,-0.14166115,2.1577666,0.8873476605980047,0.9991603192109605
0,FSTL1,-0.14166115,2.036441,0.8873476605980047,0.9991603192109605
0,ARPP19,-0.1419435,,0.8871246339540247,0.9991603192109605
0,GYS1,-0.14461297,3.164823,0.8850164625722547,0.9991603192109605
0,RPPH1,-0.14651239,,0.8835169121488833,0.9991603192109605
0,VMAC,-0.14705141,,0.88309143983133,0.9991603192109605
0,RBBP6,-0.14712842,,0.8830306608217995,0.9991603192109605
0,AC074138.3,-0.14753911,3.1852186,0.8827065177423883,0.9991603192109605
0,CMTM5,-0.1481808,3.419869,0.8822000835192051,0.9991603192109605
0,AC004069.2,-0.14964387,2.408026,0.8810455938699324,0.9991603192109605
0,RP11-1055B8.7,-0.14964387,2.457305,0.8810455938699324,0.9991603192109605
0,FZD2,-0.14964387,2.503832,0.8810455938699324,0.9991603192109605
0,SEPT4,-0.14964387,2.4397907,0.8810455938699324,0.9991603192109605
0,RP11-879F14.2,-0.14964387,2.5411706,0.8810455938699324,0.9991603192109605
0,CLIP2,-0.14964387,2.367261,0.8810455938699324,0.9991603192109605
0,VSIG10L,-0.14964387,2.353997,0.8810455938699324,0.9991603192109605
0,SCN1B,-0.14964387,2.507941,0.8810455938699324,0.9991603192109605
0,ARHGAP6,-0.14964387,2.1676526,0.8810455938699324,0.9991603192109605
0,RP11-252A24.3,-0.14964387,2.2740898,0.8810455938699324,0.9991603192109605
0,ELOVL3,-0.14964387,2.3114524,0.8810455938699324,0.9991603192109605
0,MCM10,-0.14964387,4.337849,0.8810455938699324,0.9991603192109605
0,NECAB3,-0.15038824,,0.8804583187938982,0.9991603192109605
0,SMARCD1,-0.15051658,,0.8803570711057731,0.9991603192109605
0,AP4S1,-0.15169731,,0.8794256843504094,0.9991603192109605
0,MMADHC,-0.15375073,,0.8778062793541441,0.9991603192109605
0,MMD,-0.15452076,,0.8771991339143201,0.9991603192109605
0,MKLN1,-0.15464911,,0.8770979500213267,0.9991603192109605
0,ANAPC4,-0.15493146,,0.8768753525280245,0.9991603192109605
0,RP11-162G10.5,-0.15547049,2.8891203,0.8764504207305434,0.9991603192109605
0,ZNF69,-0.1556245,3.1644921,0.8763290181806919,0.9991603192109605
0,RABL2A,-0.15775493,,0.8746499159968959,0.9991603192109605
0,SDAD1,-0.15914099,,0.8735577905642952,0.9991603192109605
0,PWP1,-0.159218,,0.8734971239729531,0.9991603192109605
0,ZSWIM6,-0.16037305,5.605529,0.8725872145540137,0.9991603192109605
0,WDR44,-0.16052707,4.2971735,0.8724659060061586,0.9991603192109605
0,TMEM138,-0.16234948,,0.8710306500070643,0.9991603192109605
0,NEFH,-0.16350454,3.8039215,0.8701212002493826,0.9991603192109605
0,ESAM,-0.16355588,2.7155886,0.8700807842374771,0.9991603192109605
0,RP1-111C20.4,-0.16360721,3.2317245,0.8700403685649141,0.9991603192109605
0,DISP1,-0.16360721,3.147754,0.8700403685649141,0.9991603192109605
0,FAM98A,-0.16455692,,0.8692927399591392,0.9991603192109605
0,CHPF2,-0.1654553,,0.8685856312289744,0.9991603192109605
0,CPSF3L,-0.16591732,,0.8682220161993519,0.9991603192109605
0,HNRNPL,-0.16799642,,0.866586094580748,0.9991603192109605
0,MFF,-0.16912581,,0.8656976848172102,0.9991603192109605
0,RP11-701P16.5,-0.17156427,3.9666286,0.8637801074888141,0.9991603192109605
0,CXCL3,-0.17156427,3.213372,0.8637801074888141,0.9991603192109605
0,DNASE1L3,-0.17156427,3.6186993,0.8637801074888141,0.9991603192109605
0,PROK2,-0.17158993,2.6796882,0.8637599267106586,0.9991603192109605
0,EML6,-0.17158993,3.2042603,0.8637599267106586,0.9991603192109605
0,B4GALT4,-0.17243697,,0.8630940109721505,0.9991603192109605
0,TUBB1,-0.17351502,,0.8622466225727432,0.9991603192109605
0,VPS13C,-0.17374603,,0.8620650599324227,0.9991603192109605
0,ZNF747,-0.17526044,,0.8608749968605254,0.9991603192109605
0,SIAH2,-0.17579946,,0.8604514911624703,0.9991603192109605
0,C7orf26,-0.17795557,,0.8587578708592879,0.9991603192109605
0,RP11-219B4.7,-0.17957264,3.0698617,0.8574880815816925,0.9991603192109605
0,LINC00984,-0.17957264,3.7514,0.8574880815816925,0.9991603192109605
0,SMIM5,-0.17957264,3.126039,0.8574880815816925,0.9991603192109605
0,CTTN,-0.17957264,3.2151659,0.8574880815816925,0.9991603192109605
0,LINC00494,-0.17957264,2.9635112,0.8574880815816925,0.9991603192109605
0,TTC8,-0.17957264,4.8028593,0.8574880815816925,0.9991603192109605
0,RSPH9,-0.17957264,3.5712283,0.8574880815816925,0.9991603192109605
0,RIN2,-0.17957264,3.143076,0.8574880815816925,0.9991603192109605
0,ELANE,-0.17957264,3.1709993,0.8574880815816925,0.9991603192109605
0,COLGALT2,-0.17957264,2.8971384,0.8574880815816925,0.9991603192109605
0,IFFO1,-0.1840902,,0.8539426975468418,0.9991603192109605
0,IQCE,-0.18547626,,0.8528554968837126,0.9991603192109605
0,TAF12,-0.18570727,,0.8526743238888699,0.9991603192109605
0,MIS18A,-0.18573295,,0.8526541940357064,0.9991603192109605
0,TCF12,-0.18634897,,0.8521711063791316,0.9991603192109605
0,TOP2B,-0.18637463,,0.8521509789289674,0.9991603192109605
0,PHF14,-0.18735002,,0.8513862072879096,0.9991603192109605
0,FEM1B,-0.18955746,,0.8496559253935381,0.9991603192109605
0,PGM1,-0.19060984,,0.848831277871145,0.9991603192109605
0,AC113189.5,-0.19081518,,0.8486703902955576,0.9991603192109605
0,NIT1,-0.1911232,,0.8484290707539767,0.9991603192109605
0,IRAK4,-0.19155955,,0.8480872257261615,0.9991603192109605
0,LONRF1,-0.1918419,,0.847866047106398,0.9991603192109605
0,ABHD12,-0.19245793,,0.847383517179165,0.9991603192109605
0,ARG2,-0.19353598,4.945711,0.8465392275627066,0.9991603192109605
0,DPH6,-0.19433169,,0.8459161743448425,0.9991603192109605
0,TMEM140,-0.1944857,,0.8457955945148887,0.9991603192109605
0,FASTKD1,-0.19669314,,0.8440676818350826,0.9991603192109605
0,SLC25A12,-0.19674447,,0.844027506712574,0.9991603192109605
0,CR1,-0.19684714,,0.8439471576849629,0.9991603192109605
0,CDKN2A,-0.19836155,,0.8427621985856367,0.9991603192109605
0,GNG3,-0.2015187,4.1355305,0.8402930075644723,0.9991603192109605
0,REPS2,-0.2015187,,0.8402930075644723,0.9991603192109605
0,S100P,-0.2015187,3.94275,0.8402930075644723,0.9991603192109605
0,TCL1B,-0.2015187,4.3203645,0.8402930075644723,0.9991603192109605
0,MED9,-0.20316145,,0.8390088449190912,0.9991603192109605
0,LINC00662,-0.20405982,,0.8383067495078671,0.9991603192109605
0,GNPAT,-0.20683196,,0.8361410973171871,0.9991603192109605
0,AAGAB,-0.20690896,,0.8360809579581648,0.9991603192109605
0,IL1RAP,-0.20708863,,0.8359406365139512,0.9991603192109605
0,SDCCAG8,-0.20837203,,0.834938492579619,0.9991603192109605
0,YES1,-0.20950142,6.633019,0.8340568275226162,0.9991603192109605
0,HP,-0.20950142,3.884837,0.8340568275226162,0.9991603192109605
0,CLDN5,-0.20950142,3.9775832,0.8340568275226162,0.9991603192109605
0,CXCR1,-0.20950142,4.387946,0.8340568275226162,0.9991603192109605
0,LINC00211,-0.20950142,4.378782,0.8340568275226162,0.9991603192109605
0,PHACTR4,-0.21129817,,0.8326546088871014,0.9991603192109605
0,ATXN3,-0.21227355,,0.8318936271032094,0.9991603192109605
0,POLDIP2,-0.21355695,,0.8308925754171107,0.9991603192109605
0,SPNS1,-0.21430132,,0.8303120910355981,0.9991603192109605
0,INTS2,-0.21532804,,0.8295115749198432,0.9991603192109605
0,RMND5A,-0.21668844,,0.8284511637730688,0.9991603192109605
0,EDC3,-0.21689378,,0.8282911288159832,0.9991603192109605
0,TANGO6,-0.21745847,,0.827851069454121,0.9991603192109605
0,NFAT5,-0.21869053,,0.8268911276790825,0.9991603192109605
0,CTNND1,-0.21976858,,0.826051390720804,0.9991603192109605
0,HEMK1,-0.22020493,,0.8257115536924822,0.9991603192109605
0,NBR1,-0.22141133,,0.8247721743781482,0.9991603192109605
0,HNRNPM,-0.22290006,,0.8236132863003734,0.9991603192109605
0,TMTC2,-0.22341342,,0.8232137587513805,0.9991603192109605
0,SARS,-0.22436313,,0.8224747536524116,0.9991603192109605
0,ILF3,-0.2250305,,0.8219555469289587,0.9991603192109605
0,TAOK2,-0.2259802,,0.821216810300355,0.9991603192109605
0,BCDIN3D,-0.22667325,,0.8206778322337851,0.9991603192109605
0,SSBP3,-0.22675025,,0.8206179510035367,0.9991603192109605
0,BMPR2,-0.22677591,,0.8205979908257826,0.9991603192109605
0,ZWINT,-0.228547,,0.8192210198303974,0.9991603192109605
0,SLC35A1,-0.22954805,,0.8184429781113416,0.9991603192109605
0,RP11-468E2.4,-0.2299844,,0.8181038876222727,0.9991603192109605
0,KIFC3,-0.23142181,6.9487104,0.8169871246548013,0.9991603192109605
0,PTGDR2,-0.23144747,,0.8169671858279735,0.9991603192109605
0,C2orf88,-0.23167849,,0.8167877417183401,0.9991603192109605
0,SPG7,-0.23891683,,0.811170070750287,0.9991603192109605
0,ELOF1,-0.2389425,,0.8111501670386062,0.9991603192109605
0,CLEC4C,-0.23943019,,0.8107720197244703,0.9991603192109605
0,SLC22A4,-0.23943019,,0.8107720197244703,0.9991603192109605
0,LY6G6F,-0.23943019,,0.8107720197244703,0.9991603192109605
0,MYO1E,-0.23943019,,0.8107720197244703,0.9991603192109605
0,BIRC5,-0.23943019,,0.8107720197244703,0.9991603192109605
0,CTC-444N24.11,-0.24073926,,0.809757211276662,0.9991603192109605
0,COMMD8,-0.2427927,,0.8081659997031811,0.9991603192109605
0,COMMD10,-0.24322905,,0.8078279692057257,0.9991603192109605
0,THAP2,-0.24548782,,0.806078739122456,0.9991603192109605
0,CLEC2B,-0.24759258,,0.8044496473191549,0.9991603192109605
0,ARHGEF7,-0.24774659,,0.8043304787212174,0.9991603192109605
0,AC147651.3,-0.2531882,,0.8001227929157781,0.9991603192109605
0,FCGR3B,-0.25359887,,0.7998054653728186,0.9991603192109605
0,NFATC1,-0.25793675,,0.7964557209861025,0.9991603192109605
0,F11R,-0.25914314,,0.7955247984977115,0.9991603192109605
0,LILRA4,-0.26135057,,0.7938221626690259,0.9991603192109605
0,KIAA0196,-0.26135057,,0.7938221626690259,0.9991603192109605
0,PALLD,-0.26137626,,0.7938023703386722,0.9991603192109605
0,HMBOX1,-0.26409703,,0.7917051387601028,0.9991603192109605
0,SPATA6,-0.26730552,,0.7892339250861321,0.9991603192109605
0,PXMP4,-0.26799858,,0.7887004203429681,0.9991603192109605
0,TIGIT,-0.26833224,,0.7884435830112501,0.9991603192109605
0,KDM3B,-0.26851192,,0.788305295509605,0.9991603192109605
0,PGM2,-0.26871726,,0.7881472608200254,0.9991603192109605
0,SCGB1C1,-0.26935896,,0.7876534586464228,0.9991603192109605
0,ZNF503,-0.26935896,,0.7876534586464228,0.9991603192109605
0,FEM1A,-0.27095038,,0.7864291979372391,0.9991603192109605
0,RPL39L,-0.2725418,,0.7852054650069513,0.9991603192109605
0,UBE2D4,-0.2763663,,0.7822667339464778,0.9991603192109605
0,SRSF6,-0.27803472,,0.7809857073994165,0.9991603192109605
0,MAEA,-0.28434902,,0.7761429211938021,0.9991603192109605
0,CXCL10,-0.29120237,,0.7708965633819194,0.9991603192109605
0,ACPP,-0.29122803,,0.7708769336219203,0.9991603192109605
0,SEPT5,-0.29158738,,0.7706021323946073,0.9991603192109605
0,SMCHD1,-0.29207507,,0.7702292339317048,0.9991603192109605
0,RCHY1,-0.2922804,,0.770072239937567,0.9991603192109605
0,CSRP1,-0.29325578,,0.7693266472399871,0.9991603192109605
0,AGPAT1,-0.29423118,,0.7685812677781799,0.9991603192109605
0,DDX1,-0.29474452,,0.7681890486661836,0.9991603192109605
0,PTGES2,-0.29538622,,0.7676988582369005,0.9991603192109605
0,C1orf35,-0.29543754,,0.7676596470136613,0.9991603192109605
0,NEK8,-0.29641294,,0.7669147468713717,0.9991603192109605
0,CCL2,-0.29928774,,0.7647205067714888,0.9991603192109605
0,LINC01013,-0.29928774,,0.7647205067714888,0.9991603192109605
0,PHF5A,-0.3015465,,0.7629977840089547,0.9991603192109605
0,EIF2S1,-0.30434433,,0.7608655840989164,0.9991603192109605
0,KIAA0101,-0.30521703,,0.7602008648356855,0.9991603192109605
0,PBRM1,-0.30591005,,0.7596731256302435,0.9991603192109605
0,WARS2,-0.30881053,,0.7574656558349788,0.9991603192109605
0,RPUSD4,-0.311557,,0.755377218266751,0.9991603192109605
0,MORF4L2,-0.31266072,,0.754538441983208,0.9991603192109605
0,DDX17,-0.31399545,,0.7535244945601025,0.9991603192109605
0,VAPA,-0.32030976,,0.748733529807968,0.9991603192109605
0,DENND5B,-0.32118246,,0.7480721214828325,0.9991603192109605
0,CMTM2,-0.32120812,,0.7480526711007317,0.9991603192109605
0,SPTSSB,-0.3212338,,0.7480332208789937,0.9991603192109605
0,CLEC1B,-0.32128513,,0.7479943209166513,0.9991603192109605
0,USP8,-0.32400593,,0.7459335433044121,0.9991603192109605
0,GMPPA,-0.32426262,,0.7457392238451362,0.9991603192109605
0,RP5-1028K7.2,-0.3244423,,0.7456032098457832,0.9991603192109605
0,NT5C3A,-0.325623,,0.7447096009900663,0.9991603192109605
0,MESDC2,-0.32629037,,0.7442046695977704,0.9991603192109605
0,PSMC6,-0.3265214,,0.7440299112586429,0.9991603192109605
0,MGMT,-0.3267524,,0.7438551661010522,0.9991603192109605
0,MBNL1-AS1,-0.32757378,,0.7432339568642681,0.9991603192109605
0,DIDO1,-0.3285748,,0.7424770840987969,0.9991603192109605
0,TCTA,-0.32906252,,0.7421084413413769,0.9991603192109605
0,SLC22A18AS,-0.3292165,,0.7419920401251998,0.9991603192109605
0,RP11-145M9.4,-0.3292165,,0.7419920401251998,0.9991603192109605
0,DLEU7,-0.3292165,,0.7419920401251998,0.9991603192109605
0,FBXW4,-0.33160362,,0.7401885774619399,0.9991603192109605
0,ABHD17B,-0.3386623,,0.7348641411595094,0.9991603192109605
0,DCAF8,-0.33871365,,0.7348254642668149,0.9991603192109605
0,INTS12,-0.33897033,5.9067802,0.7346320898928465,0.9991603192109605
0,PDK2,-0.339535,,0.7342067255068538,0.9991603192109605
0,TMX2,-0.33997136,,0.733878090692853,0.9991603192109605
0,YWHAG,-0.34045905,,0.7335108506508925,0.9991603192109605
0,C18orf21,-0.34120342,,0.7329504439530399,0.9991603192109605
0,PLRG1,-0.3413061,,0.7328731576398648,0.9991603192109605
0,ZNF397,-0.34310284,,0.7315210861984431,0.9991603192109605
0,SRPR,-0.34982786,,0.7264679030411949,0.9991603192109605
0,GTPBP2,-0.34998184,,0.7263523196013086,0.9991603192109605
0,PELI1,-0.3500845,,0.726275267435545,0.9991603192109605
0,TOR1A,-0.3518556,,0.7249465541190186,0.9991603192109605
0,ZBP1,-0.35195827,,0.7248695526086106,0.9991603192109605
0,CASC4,-0.3520866,,0.7247733046335545,0.9991603192109605
0,SLC6A6,-0.3536267,,0.7236186685536692,0.9991603192109605
0,ADIPOR2,-0.35406303,,0.7232916358535973,0.9991603192109605
0,TMEM104,-0.3547561,,0.722772334839302,0.9991603192109605
0,SMARCC2,-0.3551411,,0.7224838894229337,0.9991603192109605
0,PHKG2,-0.35603946,,0.7218110035532127,0.9991603192109605
0,SLFN12,-0.35662985,,0.7213689385512424,0.9991603192109605
0,CCP110,-0.3587346,,0.7197936389982387,0.9991603192109605
0,GFI1B,-0.35914528,,0.7194864019180339,0.9991603192109605
0,CCDC151,-0.35914528,,0.7194864019180339,0.9991603192109605
0,PROCA1,-0.36492056,,0.7151707002652612,0.9991603192109605
0,CYTH2,-0.3657676,,0.7145384917250257,0.9991603192109605
0,ZNF468,-0.36771837,,0.713083241825105,0.9991603192109605
0,METTL21A,-0.3696178,,0.7116672906250749,0.9991603192109605
0,JKAMP,-0.37013116,,0.711284771510229,0.9991603192109605
0,PCGF1,-0.37023383,,0.7112082764055334,0.9991603192109605
0,TMEM234,-0.37141454,,0.7103287918685373,0.9991603192109605
0,ITGA2B,-0.37341663,,0.708838373834576,0.9991603192109605
0,SLC27A1,-0.3751364,,0.7075590320656171,0.9991603192109605
0,VPS13A,-0.3756754,,0.7071582140273203,0.9991603192109605
0,HEXIM2,-0.37575242,,0.7071009609302883,0.9991603192109605
0,JAKMIP1,-0.37788287,,0.705517616522572,0.9991603192109605
0,IRF9,-0.37893525,,0.7047359523146599,0.9991603192109605
0,BLM,-0.37903792,,0.7046597090658218,0.9991603192109605
0,BAZ2A,-0.37908924,,0.7046215885540064,0.9991603192109605
0,ANKRD9,-0.38093734,,0.7032497448690329,0.9991603192109605
0,KLRB1,-0.3825031,,0.7020882437195717,0.9991603192109605
0,SENP2,-0.38414583,,0.7008703671637212,0.9991603192109605
0,R3HDM2,-0.38725165,,0.6985699209921992,0.9991603192109605
0,CRLS1,-0.38794467,,0.6980569749767391,0.9991603192109605
0,KCNE1,-0.38907406,,0.6972213585001776,0.9991603192109605
0,FCAR,-0.38907406,,0.6972213585001776,0.9991603192109605
0,GGA3,-0.39043447,,0.696215307968685,0.9991603192109605
0,PPP2CA,-0.3923082,,0.694830490694164,0.9991603192109605
0,CNEP1R1,-0.39659476,,0.6916663173891532,0.9991603192109605
0,MRE11A,-0.3974418,,0.6910416959909474,0.9991603192109605
0,SLC2A13,-0.39970058,,0.6893770678078289,0.9991603192109605
0,TMEM102,-0.40219036,,0.6875439343538429,0.9991603192109605
0,PI4KB,-0.40231872,,0.6874494925812149,0.9991603192109605
0,THUMPD3,-0.40365344,,0.6864675874504111,0.9991603192109605
0,ZNF330,-0.40860733,,0.6828278445935195,0.9991603192109605
0,TRPM4,-0.41084045,,0.6811895337175021,0.9991603192109605
0,UBE2Q1,-0.4111998,,0.6809260376405433,0.9991603192109605
0,GP9,-0.41125113,,0.6808883985213466,0.9991603192109605
0,SIRT6,-0.41186717,,0.6804367910953205,0.9991603192109605
0,RPUSD1,-0.41461363,,0.6784247706628916,0.9991603192109605
0,TMEM14C,-0.4146393,,0.6784059775141791,0.9991603192109605
0,SELPLG,-0.41517833,,0.6780113676099871,0.9991603192109605
0,TNFRSF17,-0.41756544,,0.676264872174576,0.9991603192109605
0,TSC22D1,-0.41777077,,0.6761147171675671,0.9991603192109605
0,AP001189.4,-0.41900283,,0.675214057803142,0.9991603192109605
0,LARGE,-0.41900283,,0.675214057803142,0.9991603192109605
0,TMEM40,-0.41900283,,0.675214057803142,0.9991603192109605
0,KCNQ1OT1,-0.42146695,,0.6734141346993086,0.9991603192109605
0,AGO4,-0.42293003,,0.6723463137708593,0.9991603192109605
0,WDYHV1,-0.42675453,,0.6695581172799214,0.9991603192109605
0,C9orf69,-0.428962,,0.6679508901278219,0.9991603192109605
0,TM7SF3,-0.43476292,,0.6637345144583713,0.9991603192109605
0,TMEM242,-0.43576398,,0.6630079810994935,0.9991603192109605
0,ST20,-0.4391778,,0.6605327024154142,0.9991603192109605
0,CDK19,-0.43930614,,0.6604397190065447,0.9991603192109605
0,C1QB,-0.44074357,,0.6593986632672655,0.9991603192109605
0,TREML1,-0.44115424,,0.6591013397954105,0.9991603192109605
0,PHRF1,-0.44128257,,0.6590084372546843,0.9991603192109605
0,KLF13,-0.44289964,,0.6578383164370517,0.9991603192109605
0,DNAJC10,-0.44538945,,0.6560383406261544,0.9991603192109605
0,NAIP,-0.44790488,,0.6542218342803827,0.9991603192109605
0,ZNF263,-0.44965032,,0.6529626028238643,0.9991603192109605
0,RRAGC,-0.450138,,0.6526109351861558,0.9991603192109605
0,TMEM62,-0.45301282,,0.6505395178661463,0.9991603192109605
0,UIMC1,-0.45314115,,0.6504471066404148,0.9991603192109605
0,ATP6V1D,-0.45411652,,0.649744957037468,0.9991603192109605
0,VTI1A,-0.45480958,,0.6492462501892544,0.9991603192109605
0,RP11-164H13.1,-0.4558106,,0.648526173369787,0.9991603192109605
0,USP19,-0.4562983,,0.6481754856772719,0.9991603192109605
0,TRMT61A,-0.45665765,,0.6479171341468701,0.9991603192109605
0,C14orf80,-0.45717102,,0.6475481340758047,0.9991603192109605
0,STAU1,-0.46002015,,0.6455017597053065,0.9991603192109605
0,PTCRA,-0.46304896,,0.643329274219277,0.9991603192109605
0,SPHK1,-0.47074932,,0.637819752690552,0.9991603192109605
0,LYPD2,-0.4709547,,0.6376731038834416,0.9991603192109605
0,ARMC7,-0.47329044,,0.6360059729946423,0.9991603192109605
0,MCUR1,-0.47683263,,0.6334813135161192,0.9991603192109605
0,GADD45B,-0.47708932,,0.633298532439224,0.9991603192109605
0,ABCC3,-0.47886038,,0.63203795352232,0.9991603192109605
0,PRR5,-0.48006678,,0.631179910006542,0.9991603192109605
0,RHEBL1,-0.4808368,,0.6306324823479605,0.9991603192109605
0,MAP3K7,-0.48224854,,0.629629391491846,0.9991603192109605
0,TAF10,-0.48455867,,0.6279894433469186,0.9991603192109605
0,PTGDS,-0.48486668,,0.627770922070306,0.9991603192109605
0,CLPX,-0.48848584,,0.6252057457253508,0.9991603192109605
0,NEIL1,-0.4903596,,0.6238794542652326,0.9991603192109605
0,GOLGA1,-0.49059063,,0.6237160231509888,0.9991603192109605
0,KIR2DL3,-0.49246436,,0.6223911001628325,0.9991603192109605
0,TPM1,-0.49374777,,0.6214843235944444,0.9991603192109605
0,RAB21,-0.49408147,,0.6212486557307465,0.9991603192109605
0,PITPNM1,-0.4959552,,0.6199260122090435,0.9991603192109605
0,SNW1,-0.49744394,,0.618876020413382,0.9991603192109605
0,NELFB,-0.50062674,,0.6166338199134778,0.9991603192109605
0,TSPAN33,-0.50065243,,0.6166157521393083,0.9991603192109605
0,DHX15,-0.50257754,,0.6152613314218551,0.9991603192109605
0,F13A1,-0.5035786,,0.6145575500365199,0.9991603192109605
0,CORO7,-0.50517,,0.6134394484404244,0.9991603192109605
0,COA6,-0.5071464,,0.6120520895179884,0.9991603192109605
0,DAGLB,-0.5101239,,0.6099646677452042,0.9991603192109605
0,RAB9A,-0.5101752,,0.6099287054577684,0.9991603192109605
0,KIAA0040,-0.5117923,,0.6087963758771429,0.9991603192109605
0,SDPR,-0.51330674,,0.6077367896084362,0.9991603192109605
0,TMEM251,-0.51330674,,0.6077367896084362,0.9991603192109605
0,WDR55,-0.51690024,,0.605225815213735,0.9991603192109605
0,SLC19A1,-0.5201344,,0.602969921678826,0.9991603192109605
0,EVA1B,-0.52270114,,0.601182227919428,0.9991603192109605
0,FBXO25,-0.52508825,,0.5995218236199347,0.9991603192109605
0,RABIF,-0.52886146,,0.5969015583860442,0.9991603192109605
0,BANP,-0.52896416,,0.5968303315319167,0.9991603192109605
0,CELF1,-0.5301962,,0.5959759111562946,0.9991603192109605
0,MVB12A,-0.5320186,,0.5947131043257092,0.9991603192109605
0,CDC16,-0.532763,,0.5941976618245461,0.9991603192109605
0,CDK16,-0.5343544,,0.5930963670902767,0.9991603192109605
0,MYL9,-0.53835857,,0.5903295128112156,0.9991603192109605
0,HELQ,-0.5408997,,0.5885767128321718,0.9991603192109605
0,C5orf15,-0.54120773,,0.5883644156681085,0.9991603192109605
0,MAP3K7CL,-0.54143876,,0.5882052160169933,0.9991603192109605
0,ATP5SL,-0.54598194,,0.5850783435160396,0.9991603192109605
0,STK11IP,-0.54616165,,0.5849548408339729,0.9991603192109605
0,BTN3A1,-0.54893374,,0.5830509084751572,0.9991603192109605
0,TNFSF12,-0.54919046,,0.5828747647255714,0.9991603192109605
0,ADAM10,-0.55019146,,0.5821880414130414,0.9991603192109605
0,CXXC1,-0.5509102,,0.5816952424505848,0.9991603192109605
0,NFKBIL1,-0.5522449,,0.5807805620712119,0.9991603192109605
0,FAM212A,-0.5530406,,0.5802355924274128,0.9991603192109605
0,CHIC2,-0.55309194,,0.5802004413263373,0.9991603192109605
0,CLIP1,-0.55681384,,0.5776546497414872,0.9991603192109605
0,DHRS4,-0.5578662,,0.576935759981167,0.9991603192109605
0,TAF6L,-0.5621784,,0.5739944777833463,0.9991603192109605
0,SLA,-0.5637698,,0.5729108017045768,0.9991603192109605
0,HDAC2,-0.5649762,,0.5720899528107687,0.9991603192109605
0,TNRC18,-0.5667986,,0.5708510078888336,0.9991603192109605
0,IDI1,-0.567851,,0.5701361432286104,0.9991603192109605
0,AL928768.3,-0.5686467,,0.5695959193037379,0.9991603192109605
0,NXT2,-0.57036644,,0.568429173736239,0.9991603192109605
0,DNAJC2,-0.5723429,,0.5670896999012874,0.9991603192109605
0,ENHO,-0.5736263,,0.566220722415779,0.9991603192109605
0,SPARC,-0.5749867,,0.5653003045041498,0.9991603192109605
0,SYVN1,-0.5754744,,0.5649705185508433,0.9991603192109605
0,PNPLA8,-0.582148,,0.560466978162224,0.9991603192109605
0,SRSF3,-0.58237904,,0.5603113983144866,0.9991603192109605
0,ACBD3,-0.5827127,,0.5600867088191319,0.9991603192109605
0,PAWR,-0.5827127,,0.5600867088191319,0.9991603192109605
0,IL6,-0.58307207,,0.5598447843713372,0.9991603192109605
0,PDZD11,-0.5844325,,0.5589293868406083,0.9991603192109605
0,RCE1,-0.5880516,,0.5564976292039466,0.9991603192109605
0,STX18,-0.5881286,,0.5564459457751856,0.9991603192109605
0,CAPN12,-0.5915168,,0.5541741949330303,0.9991603192109605
0,PUM1,-0.59192747,,0.5538991399300588,0.9991603192109605
0,ARSD,-0.5961627,,0.5510665404168881,0.9991603192109605
0,ATG7,-0.5996022,,0.5487713807414094,0.9991603192109605
0,HDAC5,-0.60101396,,0.5478307053029112,0.9991603192109605
0,MRPS23,-0.60132194,,0.5476255730054329,0.9991603192109605
0,HAGH,-0.60386306,,0.5459346822616467,0.9991603192109605
0,C4orf33,-0.6047358,,0.5453545700629825,0.9991603192109605
0,ODC1,-0.6064555,,0.5442123039152713,0.9991603192109605
0,MDP1,-0.6086373,,0.5427648740843258,0.9991603192109605
0,ICOSLG,-0.61115277,,0.5410984567960297,0.9991603192109605
0,PAX5,-0.6124875,,0.5402152744681493,0.9991603192109605
0,TYW5,-0.6237814,,0.532771180183949,0.9991603192109605
0,C17orf59,-0.62899196,,0.5293543276496544,0.9991603192109605
0,GLYCTK,-0.63127637,,0.5278598207070517,0.9991603192109605
0,CHI3L2,-0.6364613,,0.5244757923766052,0.9991603192109605
0,UBXN4,-0.6387971,,0.5229549436975851,0.9991603192109605
0,MRPS18A,-0.64013183,,0.5220869050779726,0.9991603192109605
0,MAF1,-0.64085054,,0.5216198066726205,0.9991603192109605
0,HCCS,-0.6411329,,0.5214363625668472,0.9991603192109605
0,MRPS12,-0.64444405,,0.5192875437818152,0.9991603192109605
0,GFER,-0.64785784,,0.5170768907272623,0.9991603192109605
0,BLCAP,-0.64865357,,0.5165623270146553,0.9991603192109605
0,FH,-0.65034765,,0.5154676889190888,0.9991603192109605
0,HBA1,-0.65098935,,0.5150533679353666,0.9991603192109605
0,CEPT1,-0.6516824,,0.5146060956361915,0.9991603192109605
0,REEP3,-0.6522984,,0.5142086898014553,0.9991603192109605
0,SERPINF1,-0.658433,,0.510259915644235,0.9991603192109605
0,RAB8B,-0.65922874,,0.5097488959925601,0.9991603192109605
0,C1orf50,-0.6668264,,0.5048830044192564,0.9991603192109605
0,NFIC,-0.66705745,,0.5047354394241201,0.9991603192109605
0,DMAP1,-0.6685718,,0.5037686322089466,0.9991603192109605
0,LUC7L3,-0.6751428,,0.49958502034003505,0.9991603192109605
0,STRA13,-0.6778893,,0.4978418834274122,0.9991603192109605
0,PSMA1,-0.677992,,0.4977767822567838,0.9991603192109605
0,TMED5,-0.68122613,,0.49572841690356917,0.9991603192109605
0,ATXN1L,-0.68379295,,0.49410593817494963,0.9991603192109605
0,TMEM55A,-0.6845373,,0.49363595128658744,0.9991603192109605
0,ACRBP,-0.68666774,,0.4922921400888177,0.9991603192109605
0,SENCR,-0.6875404,,0.4917422302009471,0.9991603192109605
0,KCNG1,-0.6883618,,0.49122496927436077,0.9991603192109605
0,FADS1,-0.69064623,,0.4897878753033419,0.9991603192109605
0,RAB11B,-0.69367504,,0.487886008590942,0.9991603192109605
0,AC010642.1,-0.69377774,,0.48782160843028555,0.9991603192109605
0,PCYT1A,-0.69513816,,0.48696873949206554,0.9991603192109605
0,TMEM167B,-0.70938385,,0.4780863266660398,0.9991603192109605
0,CEACAM4,-0.71007687,,0.477656480149674,0.9991603192109605
0,CPNE5,-0.7106929,,0.47727457189159983,0.9991603192109605
0,CCL4L1,-0.71094954,,0.47711549278376375,0.9991603192109605
0,MLTK,-0.71112925,,0.47700415467905644,0.9991603192109605
0,MFSD10,-0.71410674,,0.4751611956160432,0.9991603192109605
0,MICU1,-0.72255147,,0.46995550371766026,0.9991603192109605
0,SETX,-0.7264016,,0.46759258756536937,0.9991603192109605
0,ELL,-0.72896844,,0.46602097540090515,0.9991603192109605
0,MAT2A,-0.73117584,,0.4646717384966913,0.9991603192109605
0,JAZF1,-0.73974895,,0.4594523421316955,0.9991603192109605
0,ALKBH4,-0.74213606,,0.45800490263057314,0.9991603192109605
0,GLTP,-0.7430858,,0.4574297517930799,0.9991603192109605
0,PAFAH1B1,-0.7451649,,0.456172054541653,0.9991603192109605
0,RP11-792A8.4,-0.7499648,,0.45327592195423105,0.9991603192109605
0,RABL6,-0.75032413,,0.45305951754854334,0.9991603192109605
0,ARHGAP18,-0.7511712,,0.452549652305696,0.9991603192109605
0,GPR35,-0.7525316,,0.4517314565905435,0.9991603192109605
0,PRR5L,-0.75407165,,0.45080620767968116,0.9991603192109605
0,IDH1,-0.75584275,,0.44974349908945543,0.9991603192109605
0,GPS1,-0.75635606,,0.44943573330875053,0.9991603192109605
0,ISY1,-0.75861484,,0.4480829837211905,0.9991603192109605
0,GRSF1,-0.7631837,,0.4453538234787898,0.9991603192109605
0,TAOK3,-0.76354307,,0.4451395730843398,0.9991603192109605
0,RNASEH2B,-0.7655195,,0.44396224687832,0.9991603192109605
0,FCER1A,-0.7697547,,0.44144540111517694,0.9991603192109605
0,STOML2,-0.77191085,,0.4401672433683578,0.9991603192109605
0,PARP1,-0.7769931,,0.43716285703093716,0.9991603192109605
0,RP11-102N12.3,-0.7781481,,0.4364816921638478,0.9991603192109605
0,FAM43A,-0.7797652,,0.43552908952086733,0.9991603192109605
0,MARCH5,-0.7797909,,0.4355139785197695,0.9991603192109605
0,ZNF92,-0.7804839,,0.4351060958300049,0.9991603192109605
0,HSPB11,-0.7816903,,0.4343966040075511,0.9991603192109605
0,CLU,-0.781716,,0.4343815157011982,0.9991603192109605
0,BACH1,-0.7834357,,0.4333712890196575,0.9991603192109605
0,CRELD2,-0.7871062,,0.43121968458830495,0.9991603192109605
0,UBE2E1,-0.78980136,,0.4296437867115541,0.9991603192109605
0,MLEC,-0.79141843,,0.42869985614922734,0.9991603192109605
0,CCDC115,-0.7946783,,0.42680068277003136,0.9991603192109605
0,FRAT1,-0.803354,,0.42177014940041657,0.9991603192109605
0,CD163,-0.80525345,,0.42067344745192525,0.9991603192109605
0,DESI1,-0.80874425,,0.4186622590718073,0.9991603192109605
0,INO80C,-0.8110287,,0.41734918254585673,0.9991603192109605
0,PGRMC1,-0.8139805,,0.4156561103012574,0.9991603192109605
0,JAGN1,-0.8152126,,0.4149506382575916,0.9991603192109605
0,ECHS1,-0.8167527,,0.41406979417013123,0.9991603192109605
0,DICER1,-0.82019216,,0.4121065746360527,0.9991603192109605
0,TPTEP1,-0.8266348,,0.4084440886333688,0.9991603192109605
0,CD47,-0.82848287,,0.4073970834296383,0.9991603192109605
0,MANBA,-0.831024,,0.4059600670281891,0.9991603192109605
0,HBEGF,-0.84465367,,0.39830423738542564,0.9991603192109605
0,LRRK2,-0.85766727,,0.3910762066439215,0.9991603192109605
0,LRRC59,-0.85948974,,0.39007039384987086,0.9991603192109605
0,SIGLEC14,-0.865881,,0.38655541296610263,0.9991603192109605
0,GNG11,-0.8686018,,0.38506496037757587,0.9991603192109605
0,NAT9,-0.8718873,,0.3832698580975319,0.9991603192109605
0,ABHD5,-0.8830528,,0.3772077196715641,0.9991603192109605
0,PPP2R3C,-0.88330954,,0.37706905889226916,0.9991603192109605
0,SMARCA4,-0.88451594,,0.3764177743288888,0.9991603192109605
0,PLEKHB2,-0.8882121,,0.37442667433245724,0.9991603192109605
0,GBGT1,-0.8895468,,0.3737092695148466,0.9991603192109605
0,PTGS1,-0.88975215,,0.3735989750930301,0.9991603192109605
0,AATF,-0.8900602,,0.37343357124083487,0.9991603192109605
0,TMEM165,-0.89575845,,0.3703817814785716,0.9991603192109605
0,NKAP,-0.8960151,,0.37024467903080693,0.9991603192109605
0,CTD-2267D19.2,-0.8965798,,0.3699431646279555,0.9991603192109605
0,RABEP2,-0.89688784,,0.3697787665509601,0.9991603192109605
0,PACSIN2,-0.89937764,,0.3684515494219016,0.9991603192109605
0,RFXANK,-0.90104604,,0.36756383819505856,0.9991603192109605
0,MTIF3,-0.9020214,,0.3670454862000655,0.9991603192109605
0,STX4,-0.90407485,,0.36595570899705343,0.9991603192109605
0,CLNS1A,-0.9084641,,0.36363308892888224,0.9991603192109605
0,TMEM80,-0.90943944,,0.3631182060646022,0.9991603192109605
0,SHOC2,-0.914188,,0.3606180624588373,0.9991603192109605
0,IFI44,-0.9175505,,0.3588542394052001,0.9991603192109605
0,DENND5A,-0.9247118,,0.35511581298757233,0.9991603192109605
0,GOSR2,-0.92566156,,0.3546218885181316,0.9991603192109605
0,RP11-428G5.5,-0.927792,,0.35351547473107947,0.9991603192109605
0,ETHE1,-0.927792,,0.35351547473107947,0.9991603192109605
0,GSTZ1,-0.928254,,0.35327581782879336,0.9991603192109605
0,CKS1B,-0.92845935,,0.3531693366344556,0.9991603192109605
0,UTP6,-0.9301278,,0.352304929475176,0.9991603192109605
0,EIF2AK4,-0.9317192,,0.3514816670376347,0.9991603192109605
0,RGL2,-0.93877786,,0.3478448073692507,0.9991603192109605
0,CTC-378H22.1,-0.9396506,,0.347396827286526,0.9991603192109605
0,COMMD4,-0.9459392,,0.3441795946133924,0.9991603192109605
0,NAA20,-0.9466579,,0.3438131256065595,0.9991603192109605
0,FCRL2,-0.94927603,,0.3424802393072951,0.9991603192109605
0,ATP6V1C1,-0.94935304,,0.3424410868506895,0.9991603192109605
0,CIDEB,-0.9587988,,0.33766010081830267,0.9991603192109605
0,FAM120A,-0.9587988,,0.33766010081830267,0.9991603192109605
0,LPGAT1,-0.95949185,,0.3373110188032399,0.9991603192109605
0,GAS2L1,-0.9632394,,0.33542741040326884,0.9991603192109605
0,TRAPPC3,-0.96431744,,0.33488680742762955,0.9991603192109605
0,SND1,-0.96719223,,0.3334479457487024,0.9991603192109605
0,TMEM91,-0.97132474,,0.33138658164227,0.9991603192109605
0,KIR3DL2,-0.97915345,,0.3275041540381123,0.9984882745064398
0,SHARPIN,-0.98166895,,0.32626297836529694,0.9977461112088591
0,CPQ,-0.98690516,,0.32368912509658543,0.9928948228162252
0,BACE2,-0.98764956,,0.32332431116120264,0.9928948228162252
0,RAMP1,-0.9891383,,0.3225954876067296,0.9926401367517101
0,JARID2,-0.99119174,,0.32159197353629476,0.9926401367517101
0,DTYMK,-0.99211574,,0.3211410578871198,0.9926401367517101
0,USP7,-0.9973264,,0.3186061288999652,0.9879259810851634
0,RIT1,-1.0009198,,0.31686555727020804,0.9854426582706449
0,MVD,-1.0014845,,0.31659260704465797,0.9854426582706449
0,RFC2,-1.003615,,0.3155642296263613,0.9845997804254644
0,C10orf32,-1.0045134,,0.3151312348969262,0.9845997804254644
0,APH1B,-1.0065668,,0.3141429992891547,0.9832331746139427
0,C1QA,-1.0091592,,0.3128982660616243,0.980872307403211
0,ZMAT5,-1.0115978,,0.311730445539392,0.97874551189762
0,PKN2,-1.0147549,,0.3102226993777015,0.9755430798040928
0,CYP27A1,-1.0175784,,0.30887839356546154,0.9743797904273235
0,PF4,-1.0243803,,0.30565567535610194,0.9672647954307023
0,XPNPEP1,-1.0287695,,0.30358798914473406,0.9622440226457498
0,CHN2,-1.0324657,,0.30185400515627425,0.9582666830357913
0,KCNK6,-1.0360079,,0.30019846804104244,0.9545261304961604
0,TRIM8,-1.0422709,,0.2972861256694824,0.9497959286564934
0,SIK1,-1.0432975,,0.2968105005708872,0.949793601826839
0,RARA,-1.0456591,,0.2957184951945324,0.9493370632248231
0,ACADM,-1.0461724,,0.2954814591094429,0.9493370632248231
0,RP5-887A10.1,-1.047507,,0.29486576089069083,0.9493370632248231
0,YPEL3,-1.0527947,,0.2924351017117046,0.9448630103770747
0,TMEM199,-1.053539,,0.2920940051770802,0.9448630103770747
0,HMGXB4,-1.0602127,,0.2890478409162538,0.9399929785894432
0,DCP2,-1.0610341,,0.2886744130569596,0.9399929785894432
0,C19orf24,-1.0663474,,0.2862666584107706,0.933985834945418
0,AP003733.1,-1.0762552,,0.28181316224308417,0.9209580465460268
0,SAMD3,-1.0860603,,0.27745232125206776,0.9096797418100583
0,TMCO1,-1.092657,,0.274544453804092,0.9016238220167224
0,RPL22L1,-1.0967638,,0.272744658021972,0.8971863750722764
0,HDAC9,-1.1120362,,0.2661225847520471,0.8827069763740422
0,AIM2,-1.1192745,,0.2630230290167477,0.8752846223519057
0,NCOR2,-1.1198906,,0.26276039245098926,0.8752846223519057
0,ACADVL,-1.120943,,0.2623121406501274,0.8752846223519057
0,ECSIT,-1.1357534,,0.2560598079324238,0.8578218021186726
0,RALBP1,-1.1417596,,0.2535539453095741,0.8508521654683695
0,CD93,-1.1419393,,0.2534792475599764,0.8508521654683695
0,CHMP4A,-1.1429147,,0.25307401287368925,0.8508521654683695
0,TMEM141,-1.1478173,,0.2510440108738887,0.8466914363368929
0,CDV3,-1.1540545,,0.2484778014404584,0.8418699069643095
0,SLC50A1,-1.1552609,,0.2479835816784156,0.8418699069643095
0,PLA2G7,-1.1591368,,0.24640042607340762,0.8380966873245158
0,PSMC4,-1.1606512,,0.2457837706805145,0.837423409473644
0,NDUFA10,-1.1669142,,0.24324502947422988,0.8316069383734356
0,SMPDL3A,-1.1672221,,0.24312065058061516,0.8316069383734356
0,GMPR2,-1.1682745,,0.24269602666944268,0.8316069383734356
0,STK32C,-1.1738445,,0.24045731119947877,0.8263137841906487
0,VTI1B,-1.1747172,,0.24010786742154766,0.8263137841906487
0,MID1IP1,-1.1817759,,0.23729463521370542,0.8196705879575318
0,PMF1,-1.1821352,,0.2371520417354569,0.8196705879575318
0,EREG,-1.1824689,,0.2370196877326194,0.8196705879575318
0,KLRC1,-1.1863705,,0.23547603668089323,0.8190470841074547
0,POLR3K,-1.190657,,0.23378826969615396,0.8156826409036279
0,MED28,-1.1933007,,0.23275159630417397,0.8138167702943147
0,CA2,-1.1956623,,0.23182839660765664,0.8120083944226153
0,RASGRP4,-1.1981777,,0.23084785132654573,0.8099924607948974
0,TLE4,-1.2008215,,0.229820458723202,0.8078047758284781
0,KLF11,-1.2030545,,0.22895519822118682,0.8061802754267142
0,CXCL2,-1.203645,,0.2287268392519458,0.8061802754267142
0,BCL2A1,-1.2168896,,0.22364622901010656,0.7916680672924127
0,DIAPH1,-1.21902,,0.22283659389307509,0.7902006875640961
0,OTUB1,-1.2226906,,0.22144660500986824,0.7866664476371874
0,GGA2,-1.2237686,,0.22103953943378452,0.7866175780561726
0,ITPA,-1.22613,,0.22014974699831824,0.7848475828817049
0,LAMP2,-1.2287738,,0.2191566186144177,0.782702209337206
0,ORMDL2,-1.2292871,,0.21896415170960626,0.782702209337206
0,ITSN2,-1.2306476,,0.2184547015637197,0.782702209337206
0,C1orf86,-1.2337021,,0.21731394585385022,0.7817048412009
0,RELB,-1.2338817,,0.2172469762494853,0.7817048412009
0,SLC39A1,-1.2430965,,0.21383227069779276,0.773798348556132
0,STUB1,-1.2535434,,0.21000803341288843,0.7636655760468669
0,PLAGL2,-1.2544417,,0.20968149442167572,0.7636655760468669
0,HDGF,-1.2664543,,0.20535047960995978,0.7508244227055202
0,C16orf74,-1.2698168,,0.2041498952959231,0.7478018142707805
0,ATXN10,-1.2814443,,0.20003763175312572,0.7365925875686893
0,FLOT1,-1.2823684,,0.19971344268125124,0.7365925875686893
0,PPBP,-1.2905052,,0.19687533236355315,0.727820082674873
0,LSM6,-1.2938933,,0.1957022820178299,0.7248232667327034
0,LINC01003,-1.3036984,,0.1923364248489916,0.7150052968364
0,YIPF3,-1.3061368,,0.19150601286312785,0.7132439957658393
0,CDC42EP3,-1.3069069,,0.19124432626783483,0.7132439957658393
0,SUMO3,-1.30837,,0.19074784681762902,0.7132439957658393
0,NCOA4,-1.3116812,,0.1896277401919434,0.7132439957658393
0,FAM96A,-1.3118608,,0.18956709814386463,0.7132439957658393
0,GLB1,-1.3138629,,0.18889233905266245,0.7132439957658393
0,GMPR,-1.3154286,,0.18836587814173567,0.7132439957658393
0,ZNF106,-1.3177644,,0.18758251500995204,0.7132415019389812
0,VPS25,-1.3192275,,0.1870930634794168,0.7127354799215877
0,VPS28,-1.3248231,,0.18522982662380671,0.7069840710832317
0,MRPL43,-1.330085,,0.183490255948213,0.7016835791518661
0,COLGALT1,-1.3408399,,0.1799724434367317,0.6922017055258911
0,CNIH4,-1.3476676,,0.17776533447905063,0.6850301906707154
0,RNF187,-1.3541615,,0.17568485051638905,0.6783198861636642
0,SMIM7,-1.3598598,,0.17387429412736,0.6744983515272441
0,PICALM,-1.3667644,,0.17169914387466712,0.6680900539870316
0,TIMMDC1,-1.3681248,,0.17127299470523505,0.6680900539870316
0,DNAJC15,-1.3764412,,0.16868505960169422,0.6602154974625997
0,NFU1,-1.3828583,,0.16670833666264728,0.6550425802068656
0,RP11-139H15.1,-1.3835256,,0.1665037612793342,0.6550425802068656
0,IGJ,-1.3859897,,0.16575004089872736,0.6550425802068656
0,PRDX4,-1.3876581,,0.16524116865419125,0.6544204699175891
0,CAMK1D,-1.3879405,,0.16515516827250365,0.6544204699175891
0,CD9,-1.3887875,,0.16489736927376852,0.6544204699175891
0,CDC40,-1.4024172,,0.16079070520934413,0.6418790627119526
0,QSOX1,-1.4162265,,0.15670919526241098,0.6268367810496439
0,MRPL40,-1.420128,,0.1555704096799135,0.6235286961118778
0,BNIP2,-1.4223355,,0.15492888505063113,0.6222043576330567
0,HIST1H2AC,-1.4282905,,0.1532082816632033,0.6165323205762708
0,SMARCD3,-1.4305235,,0.1525668157160969,0.6151887730487778
0,RAB2A,-1.432962,,0.15186870102105962,0.6148530405710916
0,MPV17,-1.4359908,,0.15100495938458855,0.6125961841159779
0,GABARAPL2,-1.4411757,,0.1495350472204578,0.6078660456116171
0,FAM127A,-1.4632758,,0.14339193244405032,0.5864700713458091
0,ISOC2,-1.4642768,,0.143118325905171,0.5864700713458091
0,SNCA,-1.4733889,,0.14064619269896342,0.5776024340819853
0,ARL4A,-1.4752626,,0.14014193308719583,0.5767157740213821
0,PSMD7,-1.4758273,,0.13999023749715797,0.5767157740213821
0,DDT,-1.4788306,,0.1391856144675937,0.5767157740213821
0,RALY,-1.4854015,,0.13743749556892418,0.573851756028911
0,CTBP2,-1.4882506,,0.1366848046785888,0.5719029484459782
0,TINF2,-1.494565,,0.13502801864447925,0.566155214442261
0,ECHDC1,-1.5067059,,0.1318860662014841,0.5541431353003534
0,MYADM,-1.5125068,,0.13040497993541875,0.5502319828498682
0,GNPTAB,-1.5185901,,0.128865702336179,0.5460411115939788
0,GID8,-1.5286776,,0.12634438932307404,0.5387820440216378
0,TMEM50A,-1.5291909,,0.1262171127822535,0.5387820440216378
0,IER3,-1.53127,,0.1257026636794361,0.5383411720746728
0,RAB1B,-1.5442324,,0.12253205603734652,0.5270195958595548
0,MRPL21,-1.5561422,,0.11967427014256875,0.5169514908966253
0,LTB4R,-1.5573744,,0.1193816419446059,0.5168036447818437
0,FOSL2,-1.557631,,0.11932074836339396,0.5168036447818437
0,FAM173A,-1.5583497,,0.11915037581222769,0.5168036447818437
0,PLCB2,-1.5802444,,0.11405090489893843,0.49912868664743293
0,FAM32A,-1.5803214,,0.11403327819235007,0.49912868664743293
0,PPP1R14A,-1.5930014,,0.11115988637104385,0.48861488514744544
0,SMIM12,-1.6006504,,0.10945437417859546,0.48217785981760114
0,IFIT1,-1.6041669,,0.10867726960607962,0.4798113448392036
0,C15orf57,-1.6106095,,0.10726485336656476,0.4746232449847998
0,HDLBP,-1.6136384,,0.10660589302537136,0.4727534058774783
0,MARCH2,-1.6350197,,0.10204491494144526,0.458240340842239
0,LYAR,-1.6366367,,0.10170638322115604,0.45813686135655873
0,WDR45,-1.6421554,,0.10055780477682665,0.4560444661080573
0,MZB1,-1.647828,,0.09938797201852269,0.4517635091751031
0,SPPL2A,-1.6531156,,0.09830734196354206,0.4478694394694399
0,PLEKHF1,-1.6604053,,0.09683295071811793,0.44317139916758774
0,MLX,-1.6617657,,0.09655976837229568,0.44293471730410866
0,PPT1,-1.6867149,,0.09165819145731012,0.42284328497887896
0,DOK3,-1.7168233,,0.0860114588451601,0.3991250990494668
0,CD1C,-1.7209302,,0.08526349363237468,0.3965743889877892
0,DNTTIP1,-1.7274241,,0.08409151420422699,0.3920350312551375
0,CCDC69,-1.7330197,,0.08309215571203742,0.38870765057660334
0,MBOAT7,-1.7403351,,0.08180019105122023,0.38559965106341887
0,AP3S1,-1.7472655,,0.08059130299871445,0.38104634987571845
0,PCMT1,-1.7476505,,0.08052457027280459,0.38104634987571845
0,CLEC10A,-1.7496269,,0.08018271514064122,0.38091551135696544
0,DNAJA1,-1.7518344,,0.07980229784713054,0.38001094212919306
0,SLC25A11,-1.7923126,,0.07308290284436506,0.35305750166359934
0,FCGR1B,-1.7957264,,0.07253803292684138,0.3512737672002004
0,SGK1,-1.816081,,0.06935793280543594,0.3383313795387119
0,CDC37,-1.8287354,,0.0674392605415762,0.3305846104979226
0,SH3BP1,-1.8290948,,0.0673854191711627,0.3305846104979226
0,CTNNBL1,-1.8291718,,0.06737388633789497,0.3305846104979226
0,TCEA2,-1.8317385,,0.06699038704507342,0.3305846104979226
0,ATP5C1,-1.8624116,,0.06254508663259253,0.3103974522709307
0,PTAFR,-1.8634384,,0.06240061478349623,0.3103974522709307
0,OASL,-1.8661848,,0.06201550888161799,0.30930428369884283
0,FCGR2B,-1.8710874,,0.06133296599773361,0.306664829988668
0,DERL1,-1.87599,,0.060656655530831265,0.30407872264313124
0,PRDX1,-1.8797375,,0.06014386270586196,0.30299175166681086
0,PLEKHJ1,-1.8816112,,0.059888817275925224,0.30246877412083445
0,PDIA3,-1.8852304,,0.05939873456469077,0.30075308640349757
0,COQ7,-1.9016322,,0.05721925309453876,0.2911921277075764
0,ACTN4,-1.9072535,,0.056487770208101216,0.2882029092250062
0,TGOLN2,-1.9151078,,0.055478748982540294,0.28450640503866814
0,TNNI2,-1.9154415,,0.05543621681412793,0.28450640503866814
0,YWHAB,-1.9227313,,0.05451381234266634,0.2809990326941564
0,PRKACA,-1.9263247,,0.05406383833580787,0.28012351469330504
0,CARHSP1,-1.9263761,,0.05405743266180177,0.28012351469330504
0,PFDN2,-1.9366946,,0.05278268977959725,0.274909842602069
0,IFT20,-1.9441125,,0.051881874769807296,0.2723457993165737
0,RAB34,-1.9527884,,0.050844680040221975,0.267603579159063
0,CORO1C,-1.9562279,,0.05043831975544656,0.2661652757543354
0,TMEM9B,-1.9596417,,0.05003768660744593,0.26474966458966104
0,MTCH2,-1.9625164,,0.049702383741835,0.2636731232988594
0,GUSB,-1.9675474,,0.04912013814424874,0.2612773305545146
0,C17orf62,-1.9927276,,0.04629128319996229,0.24688684373313222
0,RNF213,-1.994781,,0.04606676675831128,0.24634634630112984
0,PTGDR,-2.0023017,,0.04525229010636078,0.24263962523517846
0,CCDC124,-2.0076663,,0.04467876178050103,0.24020839666936036
0,NKIRAS2,-2.0192425,,0.04346201629422612,0.23429658379636722
0,ADAM28,-2.0218093,,0.043196052970417946,0.2334921782184754
0,ZNF593,-2.0302541,,0.04233071974440259,0.23005825948044886
0,TPD52L2,-2.0349257,,0.04185835629899869,0.22811093350952966
0,PPIF,-2.0416763,,0.041183651986487345,0.22566384650130053
0,TAPBP,-2.0805888,,0.03747155700177615,0.20702517680539312
0,GUCD1,-2.081975,,0.03734476256889525,0.2068961915174252
0,AKR1C3,-2.083515,,0.037204308351212495,0.20669060195118052
0,ADAP2,-2.092396,,0.03640310033119837,0.2028027873604366
0,GALK1,-2.0941927,,0.036242807104057126,0.20247378270422975
0,CD160,-2.0969136,,0.03600122281922206,0.20168752279676225
0,RGS18,-2.1243012,,0.03364495963128237,0.18954906834525279
0,EIF1B,-2.132053,,0.03300249173775561,0.18645475558054017
0,ZNF467,-2.1334648,,0.032886623546586356,0.18632647901748645
0,MFSD1,-2.1395223,,0.03239338896187131,0.1840533463742688
0,CTNNBIP1,-2.1435266,,0.03207084324607443,0.18326196140613962
0,MIS18BP1,-2.150611,,0.03150692666218339,0.18107429116197352
0,CAPZB,-2.158799,,0.03086576950618124,0.17790068879643367
0,NUMB,-2.1719153,,0.02986205759788199,0.17261304969873983
0,ARHGDIA,-2.189857,,0.02853460263639756,0.16589885253719514
0,ARPC5L,-2.2096727,,0.027127884838178892,0.15818008651999352
0,FCRL6,-2.2121625,,0.026955438936077363,0.1576341458250138
0,EPN1,-2.21668,,0.02664496298461378,0.1562754427250075
0,GNS,-2.262292,,0.023679373746243848,0.13970132003683686
0,C9orf16,-2.2709162,,0.023152043614923554,0.1369943409167074
0,SNRPB,-2.2799,,0.022613614494673497,0.13420542726809195
0,DNAJC7,-2.2890892,,0.02207417002255481,0.13139386918187385
0,ARHGAP24,-2.3040023,,0.021222517040993413,0.1282327313655191
0,CTD-2006K23.1,-2.3089304,,0.020947438653300628,0.12695417365636744
0,NRGN,-2.3103678,,0.020867795004741226,0.126855896685357
0,MRPL51,-2.316605,,0.020525248157899394,0.12515395218231337
0,GPR56,-2.3491263,,0.018817516245798048,0.11544488494354631
0,ARAP1,-2.3508205,,0.018732067429384203,0.11544488494354631
0,XCL1,-2.3759236,,0.017505081326009263,0.10872721320502649
0,ADD1,-2.3825204,,0.017194580768577678,0.1071313443525089
0,FAM96B,-2.3858058,,0.017041744773432566,0.10651090483395353
0,PARVB,-2.3926592,,0.01672677024613161,0.10487003289110727
0,C9orf142,-2.4009757,,0.01635142723119247,0.10283916497605326
0,CD19,-2.4165816,,0.015667010978556405,0.09884549513284797
0,KLRG1,-2.4261045,,0.01526187643035949,0.0969008027324412
0,PNOC,-2.441839,,0.014612666202475578,0.09337166902540306
0,RBCK1,-2.4482303,,0.014355990268166828,0.0922947354242354
0,KIAA0125,-2.4518237,,0.014213427980825593,0.09199629761052164
0,RPS19BP1,-2.475053,,0.013321634687399638,0.08678589372898787
0,PARL,-2.4763622,,0.013272884372994887,0.08675087825486855
0,SNX29P2,-2.487579,,0.012861585142816288,0.08433826323158222
0,PPIB,-2.5035188,,0.012296512664475116,0.08116510009554533
0,MYO9B,-2.5081134,,0.012137770208095014,0.08074342323232707
0,PRSS23,-2.5235398,,0.01161799006846512,0.07771230815026837
0,BLNK,-2.52662,,0.011516604622724698,0.07729264847466241
0,C5orf56,-2.5333962,,0.01129631596216493,0.07606946775868641
0,IGLL5,-2.5348337,,0.011250071918631392,0.07601399945021212
0,RILPL2,-2.5612204,,0.010430519061257115,0.07071538346614993
0,TMBIM4-1,-2.5636332,,0.010358298067803804,0.07046461270614833
0,SNAPIN,-2.6088855,,0.00908376049952033,0.062217537667947465
0,PRDX3,-2.6126075,,0.008985444347908076,0.06175563125710018
0,P2RX5,-2.622079,,0.008739519548791206,0.06027254861235315
0,POLR2E,-2.6350412,,0.008412707325426488,0.05842157864879506
0,TMEM208,-2.6566536,,0.007892049770318675,0.05499686251093154
0,TPM4,-2.6802168,,0.007357451337185848,0.05163123745393578
0,RTFDC1,-2.69341,,0.0070725236831550905,0.04980650481095135
0,APOBEC3B,-2.696413,,0.007009067349055819,0.04953404486965243
0,CRTAP,-2.6972601,,0.006991262093482193,0.04953404486965243
0,UBB,-2.7062182,,0.0068054296436763145,0.04843722166317661
0,UBE2D1,-2.7085028,,0.006758755646000841,0.048276826042863145
0,PKIG,-2.7110696,,0.006706656350068353,0.04807638960622475
0,IFIT2,-2.7186415,,0.006555060179238519,0.04715870632545696
0,SPIB,-2.7258286,,0.006414030342687987,0.046310688394859106
0,NCKAP1L,-2.7296531,,0.006340100604181164,0.046109822575863005
0,CAPZA2,-2.7470815,,0.006012817527363198,0.04404994525540804
0,LYPLA1,-2.7484164,,0.005988391922034254,0.04403229354436951
0,FERMT3,-2.761276,,0.005757600852986042,0.04249151921022909
0,SCP2,-2.7886124,,0.005293439958019053,0.039210666355696686
0,SAMD9L,-2.795594,,0.005180444686710519,0.03851631737331241
0,RETN,-2.814588,,0.004883977817258365,0.03644759565118183
0,ARF6,-2.8621252,,0.004208107417980248,0.031639905398347726
0,ATG16L2,-2.8629978,,0.004196534339629048,0.031639905398347726
0,S1PR5,-2.866232,,0.004153897200695981,0.031468918187090765
0,TMEM219,-2.8680031,,0.004130715205582201,0.03141228293218403
0,LMAN2,-2.88941,,0.0038596534580055413,0.029463003496225503
0,SNX5,-2.8897438,,0.00385555925589301,0.029463003496225503
0,PSME1,-2.8946207,,0.003796169470569198,0.02920130361976306
0,TBCB,-2.9168491,,0.0035358680061034096,0.02740982950467759
0,MPST,-2.9260895,,0.0034325213132449894,0.02671222811863805
0,CD72,-2.9589958,,0.003086433203730801,0.02411275940414688
0,FCRLA,-2.9797611,,0.002884732470226845,0.022714428899423975
0,RELT,-2.9838936,,0.002846056726646667,0.02249847214740448
0,YWHAE,-2.988514,,0.0028033777112333232,0.022249029454232724
0,IDH3G,-3.0066354,,0.002641563708168841,0.02104831639975172
0,SWAP70,-3.0256298,,0.002481159957126025,0.0198492796570082
0,GZMK,-3.0383096,,0.002379093882367855,0.019109187810183576
0,HLA-DOB,-3.042673,,0.0023448687241611867,0.018910231646461183
0,MARCKSL1,-3.0660822,,0.0021688362526865895,0.017632815062492598
0,CAT,-3.0722425,,0.0021245699747408794,0.017414507989679338
0,GSN,-3.131022,,0.001741990691620862,0.014396617286122827
0,PRKCD,-3.1503756,,0.001630606441914687,0.013532003667341802
0,CLIC3,-3.1688051,,0.0015306693680439977,0.012755578067033315
0,RNF7,-3.17571,,0.0014947035024288516,0.012560533633855895
0,SNX17,-3.177327,,0.0014863935740937928,0.012543405688555215
0,TTC38,-3.2044065,,0.0013534119348913977,0.011469592668571168
0,HAVCR2,-3.2098482,,0.0013280508837889746,0.011302560713097657
0,SH3GLB1,-3.2484014,,0.0011605542889951438,0.009961839390516255
0,PHACTR1,-3.279126,,0.0010412918152255509,0.00897665357953061
0,GYG1,-3.281667,,0.0010319540025050876,0.008934666688355736
0,NDUFB10,-3.3072836,,0.0009420548121582273,0.008263638703142345
0,RER1,-3.3473768,,0.0008158023507970104,0.007283949560687592
0,ACTR2,-3.3514066,,0.0008040213268106177,0.00721095360368267
0,ARPC4,-3.3528955,,0.0007997091814031892,0.007204587219848552
0,MPP1,-3.3590558,,0.0007820929788938759,0.007077764514876705
0,NCR3,-3.3607242,,0.0007773842959128261,0.007067129962843874
0,SMAP2,-3.3711452,,0.0007485636621136862,0.006836197827522248
0,SKAP2,-3.379667,,0.0007257369155748868,0.006658136840136576
0,FCGR1A,-3.3973522,,0.0006804132630836798,0.006297614750281069
0,RXRA,-3.4014335,,0.0006703345491281442,0.006235670224447853
0,DRAM2,-3.4819794,,0.0004977221681596058,0.0046734475883531065
0,PLD4,-3.4968925,,0.0004707117389852722,0.004440676782879926
0,LAIR1,-3.561139,,0.0003692493765056626,0.0035166607286253584
0,EIF5,-3.5789013,,0.0003450417400187203,0.003301834832715027
0,IDH2,-3.6109092,,0.0003051255125148501,0.002933899158796636
0,CTSW,-3.6136556,,0.0003019099881037603,0.0029170047159783608
0,SRA1,-3.6594985,,0.00025270931083035174,0.002465456691027822
0,PSMB6,-3.6664546,,0.0002459366413844775,0.0024111435429850737
0,XCL2,-3.669124,,0.00024338303775044097,0.002397862440891044
0,SDHB,-3.6691496,,0.00024335860504205554,0.002397862440891044
0,TNFRSF1A,-3.6728458,,0.00023986421739485757,0.0023867086307946027
0,MAP3K8,-3.6998484,,0.0002157282503867577,0.0021681231194649016
0,HOPX,-3.7136064,,0.0002043264604311406,0.00207438030894559
0,NDUFA2,-3.7440999,,0.00018104160237890173,0.0018568369474759152
0,RBM3,-3.8289838,,0.0001286735430910219,0.0013334045916168072
0,OSCAR,-3.8343227,,0.0001259108073825039,0.0013115709102344156
0,ZYX,-3.8461812,,0.00011997307020630416,0.0012562625152492582
0,NAPRT1,-3.8501596,,0.0001180408372114313,0.001242535128541382
0,G0S2,-3.8589125,,0.00011389272855001764,0.0012116247718086982
0,TXNDC17,-3.899981,,9.620020180515564e-05,0.0010288791636915043
0,NT5C,-3.9542174,,7.678557910535726e-05,0.000830114368706565
0,SPON2,-3.9727497,,7.104772727467698e-05,0.0007722579051595323
0,RAB7A,-3.984403,,6.765003413707463e-05,0.0007393446353778648
0,IL8,-3.992899,,6.527040343642857e-05,0.0007172571806200942
0,VAMP5,-4.0053477,,6.192628940587614e-05,0.0006842683912251507
0,ATP6V0E1,-4.101577,,4.1034427313094455e-05,0.0004584852213753571
0,AHNAK,-4.1218543,,3.7583466423572646e-05,0.0004222861395907039
0,SF3B5,-4.261334,,2.0321043117908662e-05,0.00023224049277609902
0,S100A12,-4.2658,,1.9918712850767535e-05,0.00022895072242261536
0,FOLR3,-4.3437276,,1.4008508129784746e-05,0.00016194807086456354
0,TREX1,-4.35189,,1.3496886773251003e-05,0.00015694054387501168
0,C20orf27,-4.4488635,,8.632584829752983e-06,0.00010096590444155535
0,PHPT1,-4.4599776,,8.196817523493276e-06,9.6433147335215e-05
0,SMS,-4.464367,,8.030584089765733e-06,9.503649810373648e-05
0,GRB2,-4.4751987,,7.634025453190196e-06,9.088125539512138e-05
0,TNFAIP2,-4.4965034,,6.908015961739002e-06,8.27307300807066e-05
0,TNFSF10,-4.5276127,,5.965380486632098e-06,7.18720540558084e-05
0,PRKCB,-4.583646,,4.569382948021036e-06,5.572418229293946e-05
0,TMEM205,-4.7268214,,2.2806188240648704e-06,2.815578795141815e-05
0,CASP4,-4.7950463,,1.6263708973245822e-06,2.0329636216557276e-05
0,SMIM14,-4.9048796,,9.348472729267866e-07,1.1833509783883374e-05
0,JUND,-4.9114246,,9.041697166144602e-07,1.1518085561967646e-05
0,IL1B,-5.0141993,,5.325483044158093e-07,6.87159102472012e-06
0,UQCRC1,-5.017305,,5.240137637609654e-07,6.805373555337214e-06
0,LAMTOR5,-5.1245966,,2.981752696733864e-07,3.949341320177304e-06
0,IRF7,-5.2094293,,1.8942254326404047e-07,2.5256339101872066e-06
0,VAMP8,-5.2812734,,1.2828895051194914e-07,1.7219993357308611e-06
0,CSNK2B,-5.3082247,,1.1069801133904957e-07,1.4959190721493187e-06
0,IFI35,-5.3277326,,9.944644338348679e-08,1.3622800463491342e-06
0,EAF2,-5.4162354,,6.086694903705507e-08,8.395441246490355e-07
0,SAT2,-5.422062,,5.8915428385268164e-08,8.182698386842801e-07
0,ATP5D,-5.4522734,,4.9729989157453706e-08,6.955243238804715e-07
0,BTK,-5.5037374,,3.718234765239188e-08,5.236950373576322e-07
0,LINC00926,-5.670322,,1.4252939649243244e-08,2.0216935672685455e-07
0,DYNLL1,-5.7052817,,1.1615085403946906e-08,1.6592979148495578e-07
0,TNFRSF1B,-5.8190675,,5.91768422267745e-09,8.51465355780928e-08
0,LAT2,-5.9931474,,2.0581840026825753e-09,2.982875366206631e-08
0,FCGR2A,-6.041839,,1.5236727579795961e-09,2.224339792670943e-08
0,DYNLT1,-6.051978,,1.4307799083052144e-09,2.1040881004488446e-08
0,OAS1,-6.083498,,1.1758823146121033e-09,1.7420478734994123e-08
0,IGFBP7,-6.1483355,,7.830035928695571e-10,1.1686620789097866e-08
0,ASGR1,-6.1802664,,6.399360272441149e-10,9.623098154046839e-09
0,GCA,-6.227675,,4.734083721378408e-10,7.172854123300619e-09
0,TCL1A,-6.2611203,,3.8222201569223197e-10,5.83545062125545e-09
0,PLBD1,-6.268025,,3.6565665210505986e-10,5.625486955462459e-09
0,GSTO1,-6.3031898,,2.915814864263511e-10,4.520643200408544e-09
0,APOBEC3G,-6.339895,,2.299219742526899e-10,3.59253084769828e-09
0,C5AR1,-6.4708266,,9.746806963700814e-11,1.5471122164604466e-09
0,MT-CO2,-6.521855,,6.944329594233955e-11,1.1110927350774328e-09
0,GZMH,-6.702608,,2.0473213155119304e-11,3.328977748799887e-10
0,H3F3B,-6.858181,,6.9742777182242845e-12,1.1433242161023417e-10
0,FGFBP2,-6.8917294,,5.5118255830903024e-12,9.11045550924017e-11
0,GNLY,-6.8928328,,5.4692129958890525e-12,9.11045550924017e-11
0,IRF8,-6.89522,,5.3781522958316444e-12,9.038911421565789e-11
0,CCL4,-6.9489174,,3.681004846277536e-12,6.23899126487718e-11
0,RGS19,-6.950175,,3.6483352820902985e-12,6.236470567675724e-11
0,PSMA7,-6.9606986,,3.3858905201905442e-12,5.837742276190594e-11
0,MAFB,-7.0081587,,2.4147477935653426e-12,4.199561380113639e-11
0,GNAI2,-7.0361366,,1.976429887718435e-12,3.4674208556463767e-11
0,SMCO4,-7.0460443,,1.840753427576381e-12,3.2579706682767806e-11
0,HVCN1,-7.223974,,5.048974838470239e-13,9.097251961207636e-12
0,UBE2L6,-7.260962,,3.8434721719853707e-13,6.988131221791583e-12
0,GZMB,-7.2951,,2.9843687774941467e-13,5.475906013750728e-12
0,ARRB2,-7.3225904,,2.4322911859675703e-13,4.504242936976982e-12
0,BLOC1S1,-7.5379953,,4.772500820101388e-14,8.920562280563342e-13
0,FPR1,-7.5597363,,4.038873917692222e-14,7.693093176556613e-13
0,PRF1,-7.589973,,3.19971985222707e-14,6.15330740812898e-13
0,ALDH2,-7.6668997,,1.7620335796367577e-14,3.4214244264791415e-13
0,LINC00936,-7.704914,,1.3093150183612172e-14,2.567284349727877e-13
0,BLVRA,-7.7250633,,1.1179782683838942e-14,2.2359565367677884e-13
0,SCPEP1,-7.732892,,1.0513052472879229e-14,2.123848984420046e-13
0,H2AFY,-7.756096,,8.758391955478643e-15,1.787426929689519e-13
0,FGL2,-7.860256,,3.833489280066374e-15,7.904101608384277e-14
0,IGSF6,-7.9566903,,1.7670214232278585e-15,3.681294631724705e-14
0,CCL5,-8.060748,,7.582896445835178e-16,1.6133822225181232e-14
0,ID2,-8.214319,,2.1337144386684878e-16,4.588633201437608e-15
0,SERPINB1,-8.248791,,1.6000482602097377e-16,3.478365783064647e-15
0,APOBEC3A,-8.425104,,3.6043014579857805e-17,8.009558795523957e-16
0,ATP6V1F,-8.615277,,6.977243809716338e-18,1.5679199572396264e-16
0,GZMA,-8.667409,,4.420649357554557e-18,1.004693035807854e-16
0,CCL3,-8.700982,,3.2902284579328825e-18,7.651694088216007e-17
0,ABI3,-8.778551,,1.6559425607462903e-18,3.8963354370500944e-17
0,PSMB8,-8.784224,,1.574482735063756e-18,3.748768416818467e-17
0,STX11,-8.814922,,1.197680152207506e-18,2.8859762703795326e-17
0,MS4A1,-8.9649515,,3.1041810793797204e-19,7.571173364340781e-18
0,LAMTOR1,-9.068188,,1.2101310648883182e-19,2.9879779379958473e-18
0,CD79A,-9.260132,,2.041793642244905e-20,5.104484105612263e-19
0,CNPY3,-9.268475,,1.8882766939064016e-20,4.780447326345321e-19
0,TNFSF13B,-9.341448,,9.50254729093567e-21,2.4365505874194025e-19
0,CST7,-9.770435,,1.5080212385862613e-22,3.916938282042237e-21
0,CDA,-10.3330765,,4.993309289335334e-25,1.349543051171712e-23
0,CEBPB,-10.428971,,1.828569614659619e-25,5.079360040721164e-24
0,EFHD2,-10.500893,,8.556689666599537e-26,2.4103351173519823e-24
0,MS4A6A,-10.869946,,1.6029573696612564e-27,4.579878199032161e-26
0,C1orf162,-10.902518,,1.1211042474320679e-27,3.2495775287886024e-26
0,FCGRT,-11.13797,,8.196616612165323e-29,2.4467512275120367e-27
0,TALDO1,-11.1870985,,4.716142366101775e-29,1.4291340503338712e-27
0,NCF2,-11.571835,,5.724522743199113e-31,1.7613916132920347e-29
0,FCGR3A,-11.614341,,3.484654806786051e-31,1.106239621201921e-29
0,SNX3,-11.643269,,2.4831353590889853e-31,8.010114061577373e-30
0,HLA-DMB,-12.074566,,1.4392103742762389e-33,4.79736791425413e-32
0,CD79B,-12.092586,,1.15591337747419e-33,3.9183504321158986e-32
0,LGALS3,-12.718138,,4.689031797026267e-37,1.6169075162159542e-35
0,CD37,-12.855718,,7.988112549498421e-38,2.8028465085959373e-36
0,IFI30,-12.933184,,2.9245452066833046e-38,1.044480430958323e-36
0,NKG7,-13.706686,,9.259184070666725e-43,3.3669760256969907e-41
0,IFITM3,-14.25775,,4.011833347674142e-46,1.5138993764808085e-44
0,HLA-DQB1,-14.384909,,6.436314355979534e-47,2.4755055215305903e-45
0,GRN,-14.402389,,4.998582708220453e-47,1.9602285130276285e-45
0,LGALS2,-14.591844,,3.1652891208885804e-48,1.2919547432198287e-46
0,GPX1,-14.804219,,1.3757490504997587e-49,5.854251278722377e-48
0,S100A11,-14.8227005,,1.044978148751846e-49,4.543383255442809e-48
0,COTL1,-15.282824,,9.953374748421286e-53,4.5242612492824033e-51
0,HLA-DQA1,-15.629853,,4.5585253462686804e-55,2.170726355366038e-53
0,S100A8,-15.637605,,4.0362629351783666e-55,1.9689087488674959e-53
0,ARPC1B,-15.767125,,5.238040224999644e-56,2.6190201124998223e-54
0,AIF1,-15.920054,,4.599765577592131e-57,2.358854142354939e-55
0,S100A6,-16.449558,,8.448307345774223e-61,4.446477550407486e-59
0,NPC2,-16.822332,,1.674346844017068e-63,9.050523481173342e-62
0,S100A4,-16.893099,,5.0575361261879255e-64,2.8097422923266256e-62
0,FCN1,-17.065048,,2.701661450892267e-65,1.5438065433670097e-63
0,PYCARD,-17.333868,,2.611575903538067e-67,1.5362211197282747e-65
0,HLA-DMA,-17.826845,,4.374118748190223e-71,2.650981059509226e-69
0,TYMP,-18.607021,,2.8185540799641402e-77,1.8184219870736388e-75
0,ACTB,-18.636566,,1.6233449419805637e-77,1.0822299613203759e-75
0,LST1,-18.648731,,1.2930742149776274e-77,8.917753206742257e-76
0,S100A9,-18.780203,,1.0965976239103972e-78,7.832840170788552e-77
0,LYZ,-19.012754,,1.3374235322290626e-80,9.906840979474538e-79
0,GSTP1,-19.602808,,1.4632223086389736e-85,1.1255556220299796e-83
0,FTH1,-20.098763,,7.565555375138399e-90,6.052444300110719e-88
0,SRGN,-20.201384,,9.51925676112327e-91,7.932713967602725e-89
0,CST3,-20.560452,,6.205254132602495e-94,5.641140120547723e-92
0,CTSS,-20.816181,,3.0884011249564063e-96,2.941334404720387e-94
0,SAT1,-21.157822,,2.3377956858203943e-99,2.460837564021468e-97
0,LGALS1,-21.253845,,3.037468443658224e-100,3.374964937398027e-98
0,FCER1G,-22.839582,,1.8549186143289956e-115,2.3186482679112444e-113
0,TYROBP,-24.36097,,4.436078111570654e-131,6.337254445100934e-129
0,FTL,-24.66611,,2.4720727148209463e-134,4.120121191368244e-132
0,OAZ1,-26.184725,,3.966962683008678e-151,8.815472628908174e-149
0,HLA-DPB1,-27.698645,,7.249718764366244e-169,2.0713482183903556e-166
0,HLA-DPA1,-28.132175,,3.9598471713816233e-174,1.5839388685526493e-171
0,HLA-DRB1,-29.118002,,2.1243770933670463e-186,1.0621885466835231e-183
0,HLA-DRA,-29.847433,,9.47874718719127e-196,6.319164791460847e-193
0,CYBA,-31.262915,,1.490402362106237e-214,1.490402362106237e-211
0,CD74,-31.707226,,1.2352798496300147e-220,2.4705596992600292e-217
1,FTL,38.024803,,0.0,0.0
1,FTH1,37.600765,,2.08855811194305e-309,2.088558111943052e-306
1,TYROBP,37.218586,,3.4156756309881564e-303,2.2771170873254374e-300
1,CST3,36.7055,,5.966504966836828e-295,2.983252483418414e-292
1,LYZ,36.60277,,2.583792508811467e-293,1.0335170035245868e-290
1,LST1,36.18748,,9.580721827873004e-287,3.186422188486741e-284
1,AIF1,36.183285,,1.1152477659703594e-286,3.186422188486741e-284
1,S100A9,35.851475,,1.7442465918348432e-281,4.360616479587108e-279
1,S100A6,35.41396,,1.0411985897777821e-274,2.313774643950627e-272
1,LGALS1,35.19657,,2.256372301961496e-271,4.512744603922992e-269
1,S100A4,34.58736,,3.913363364931966e-262,7.11520611805812e-260
1,OAZ1,34.51471,,4.826390439257092e-261,8.043984065428486e-259
1,CTSS,34.457886,,3.4308658592177545e-260,5.2782551680273145e-258
1,COTL1,34.135326,,2.2076910022714617e-255,3.153844288959231e-253
1,FCER1G,33.963634,,7.67401810441744e-253,1.0232024139223254e-250
1,TYMP,33.84347,,4.527566842408413e-251,5.659458553010516e-249
1,SAT1,33.7267,,2.34813219455852e-249,2.762508464186494e-247
1,FCN1,33.42565,,5.814183652447887e-245,6.460204058275431e-243
1,S100A11,33.07944,,5.871759236472246e-240,5.871759236472246e-238
1,S100A8,31.551823,,1.692798702848911e-218,1.5389079116808283e-216
1,NPC2,31.246014,,2.5290286797171413e-214,2.1991553736670795e-212
1,CYBA,29.697958,,8.159443739084293e-194,6.79953644923691e-192
1,GSTP1,27.852423,,1.0067731935303769e-170,7.191237096645549e-169
1,LGALS2,27.485743,,2.599469615577935e-166,1.7927376659158173e-164
1,GPX1,26.85931,,6.56661604367319e-159,4.377744029115461e-157
1,PYCARD,26.57385,,1.3618081810867677e-155,8.511301131792298e-154
1,IFITM3,25.64113,,5.3097313291992295e-145,3.218018987393472e-143
1,GRN,24.443628,,5.882033664764284e-132,3.4600198028025197e-130
1,LGALS3,24.217285,,1.4629927726126938e-129,8.127737625626077e-128
1,ARPC1B,23.865808,,6.940260573220224e-126,3.751492201740662e-124
1,SRGN,23.050873,,1.4415564592853498e-117,7.392597227104358e-116
1,IFI30,22.868649,,9.533998534753852e-116,4.766999267376926e-114
1,CEBPB,22.856451,,1.2607220031013108e-115,6.149863429762491e-114
1,ACTB,22.790821,,5.654621441748861e-115,2.692676877023267e-113
1,HLA-DRA,21.993498,,3.3235838609757595e-107,1.5107199368071634e-105
1,FCGRT,21.60037,,1.7818370172128341e-103,7.91927563205704e-102
1,TALDO1,21.12742,,4.452149663029958e-99,1.9357172447956338e-97
1,CDA,20.993542,,7.513364401857044e-98,3.1971763412157636e-96
1,NCF2,20.850113,,1.5206405727348236e-96,6.336002386395099e-95
1,HLA-DRB1,20.455378,,5.380326427840975e-93,2.196051603200398e-91
1,C1orf162,20.283567,,1.7962060459922523e-91,7.1848241839690085e-90
1,MS4A6A,20.26646,,2.543028722303924e-91,9.97266165609382e-90
1,HLA-DPA1,18.320278,,5.702026503832025e-75,2.1517081146535946e-73
1,TNFSF13B,18.109465,,2.6834855969558942e-73,9.93883554428109e-72
1,CD74,17.901148,,1.1551496410897252e-71,4.125534432463304e-70
1,APOBEC3A,17.11992,,1.0541863196874182e-65,3.698899367324274e-64
1,LINC00936,15.680991,,2.0404570853100128e-55,7.036058914862113e-54
1,BLVRA,15.668793,,2.4722923541237965e-55,8.240974513745989e-54
1,HLA-DPB1,15.260522,,1.4012248820748739e-52,4.594179941229095e-51
1,FPR1,14.678685,,8.828637155419764e-49,2.802741954101512e-47
1,STX11,14.346219,,1.1250602917193966e-46,3.5158134116231145e-45
1,IGSF6,14.225579,,6.357576965434895e-46,1.9561775278261214e-44
1,FGL2,14.011433,,1.3270088580979228e-44,4.021238963933099e-43
1,CNPY3,13.844471,,1.3738888341971314e-43,4.040849512344504e-42
1,SERPINB1,13.595456,,4.2609598464227945e-42,1.2350608250500852e-40
1,ATP6V1F,13.487311,,1.8575065483252972e-41,5.307161566643706e-40
1,H2AFY,13.362477,,1.0017409300094264e-40,2.8218054366462718e-39
1,ALDH2,13.330078,,1.5473475831537958e-40,4.298187730982766e-39
1,MAFB,13.205422,,8.164043973822975e-40,2.2367243763898563e-38
1,SMCO4,13.130629,,2.1982365292937084e-39,5.941179808901915e-38
1,ARRB2,13.061011,,5.499201445487237e-39,1.4664537187965966e-37
1,GSTO1,12.984671,,1.4947895442111225e-38,3.933656695292427e-37
1,C5AR1,12.765526,,2.5541843677894556e-37,6.634245111141444e-36
1,VAMP8,11.894778,,1.2598714969603207e-32,3.0728573096593185e-31
1,HLA-DMA,11.845719,,2.2646730867754094e-32,5.457043582591348e-31
1,TNFSF10,11.59245,,4.500709396309157e-31,1.0589904461903898e-29
1,GNAI2,11.456072,,2.192334399484108e-30,5.098452091823508e-29
1,ASGR1,11.435931,,2.765546812755612e-30,6.357578879897959e-29
1,FCGR2A,11.312494,,1.1380709888041934e-29,2.5865249745549853e-28
1,PLBD1,10.880363,,1.4299174108508209e-27,3.213297552473755e-26
1,BLOC1S1,10.797478,,3.53789627542427e-27,7.77559620972367e-26
1,EFHD2,10.678741,,1.279945197407488e-26,2.7525703170053505e-25
1,LAMTOR1,10.553551,,4.8913173324323895e-26,1.0407058154111466e-24
1,DYNLT1,10.424134,,1.924039142656423e-25,4.050608721381943e-24
1,TNFRSF1B,10.19776,,2.0289840405660065e-24,4.2270500845125133e-23
1,GCA,9.671705,,3.97695536989432e-22,8.199907979163546e-21
1,CCL3,9.603576,,7.721805918493157e-22,1.5758787588761542e-20
1,C20orf27,9.561003,,1.1662174208689866e-21,2.3093414274633396e-20
1,UBE2L6,9.3017235,,1.381871261178396e-20,2.7095514925066587e-19
1,ATP5D,9.171623,,4.659496141929432e-20,9.04756532413482e-19
1,SNX3,9.083769,,1.0487889401645323e-19,1.978847056914212e-18
1,SCPEP1,8.986603,,2.549907881794432e-19,4.766182956625106e-18
1,OAS1,8.98452,,2.5986616304644935e-19,4.812336352712025e-18
1,PSMA7,8.931355,,4.2082159357219325e-19,7.721497129765014e-18
1,FOLR3,8.642206,,5.513758549508201e-18,9.934700089203966e-17
1,ABI3,8.592017,,8.545577429495156e-18,1.5259959695527064e-16
1,RGS19,8.526149,,1.5130092170500353e-17,2.6778924195575845e-16
1,ZYX,8.510649,,1.7296342494027988e-17,3.0344460515838573e-16
1,H3F3B,8.4386215,,3.211019233429164e-17,5.536240057636489e-16
1,IL8,8.393757,,4.7084774790741563e-17,8.048679451408814e-16
1,FCGR3A,8.391556,,4.797509447528429e-17,8.131371944963439e-16
1,CASP4,8.337736,,7.572614847800129e-17,1.2727083777815344e-15
1,JUND,8.260622,,1.4491508937296394e-16,2.415251489549399e-15
1,TNFAIP2,8.148788,,3.6758750046021754e-16,6.0260245977084845e-15
1,G0S2,8.086342,,6.148354539214604e-16,9.997324454007486e-15
1,VAMP5,8.037015,,9.205357712249564e-16,1.484735114878962e-14
1,NAPRT1,8.030202,,9.73124475953325e-16,1.55699916152532e-14
1,IL1B,8.01845,,1.0708765069958784e-15,1.699803979358537e-14
1,S100A12,7.914441,,2.4836596627824973e-15,3.9112750594999954e-14
1,RILPL2,7.8763304,,3.3713599836921385e-15,5.249353324638103e-14
1,UQCRC1,7.875795,,3.3858328943915767e-15,5.249353324638103e-14
1,SAT2,7.8535113,,4.0454769073812825e-15,6.223810626740434e-14
1,OSCAR,7.6531096,,1.961763484967206e-14,2.9723689166169785e-13
1,TMEM219,7.245047,,4.3228917632692195e-13,6.3571937695135574e-12
1,DYNLL1,7.0896583,,1.3444351966256905e-12,1.9626791191615917e-11
1,IFI35,7.0361066,,1.9768546523412934e-12,2.8650067425236133e-11
1,ID2,6.881789,,5.910547593698038e-12,8.504385026903651e-11
1,RXRA,6.851116,,7.327608128182728e-12,1.046801161168961e-10
1,RNF7,6.7309523,,1.6855625896271944e-11,2.37403181637633e-10
1,PPT1,6.6871295,,2.275908456796617e-11,3.1830887507644996e-10
1,CSNK2B,6.639885,,3.139281900158762e-11,4.3601137502205026e-10
1,FCGR1A,6.493481,,8.387537666151906e-11,1.1489777624865627e-09
1,TREX1,6.439037,,1.202339809162936e-10,1.635836475051614e-09
1,GRB2,6.427077,,1.3008090229302358e-10,1.7578500309868052e-09
1,SMS,6.3182187,,2.645954464913052e-10,3.5516167314269154e-09
1,TMEM205,6.1831203,,6.284688763002995e-10,8.32409107682516e-09
1,MYADM,6.1022277,,1.0460036831328911e-09,1.3763206357011725e-08
1,MPP1,5.988728,,2.1148856524534187e-09,2.7645564084358415e-08
1,SDHB,5.9818854,,2.2056963142465226e-09,2.8645406678526267e-08
1,HLA-DMB,5.9622498,,2.4878857846624043e-09,3.210175206016006e-08
1,RETN,5.8170657,,5.988966911736711e-09,7.629257212403453e-08
1,AHNAK,5.7487574,,8.990161397584917e-09,1.1308379116459015e-07
1,TXNDC17,5.706898,,1.1505360405196326e-08,1.4292373174156927e-07
1,UBE2D1,5.7036257,,1.1728559749549478e-08,1.4479703394505526e-07
1,IDH3G,5.631093,,1.790711936026209e-08,2.1574842602725407e-07
1,SF3B5,5.6182404,,1.929117792174373e-08,2.3103207091908656e-07
1,PHPT1,5.5389547,,3.0428260527574256e-08,3.600977577227722e-07
1,SRA1,5.3545885,,8.575134344094294e-08,1.0029396893677536e-06
1,NDUFA2,5.317638,,1.0512298621118409e-07,1.221268342883438e-06
1,IRF7,5.314395,,1.0701220952611899e-07,1.2300253968519424e-06
1,CAPZA2,5.2681623,,1.377962779195318e-07,1.565866794540134e-06
1,CD37,5.2582254,,1.45452110119201e-07,1.6435266680135705e-06
1,TNFRSF1A,5.0956964,,3.474612837169975e-07,3.83935120129279e-06
1,LAMTOR5,5.0753765,,3.867290043738651e-07,4.249769278833683e-06
1,CD48,5.0698133,,3.982060858543364e-07,4.32832702015583e-06
1,PRDX1,5.006355,,5.54704843368452e-07,5.996809117496778e-06
1,APOBEC3B,4.972171,,6.620726037302332e-07,7.080990414227093e-06
1,BTK,4.9689283,,6.73239999007089e-07,7.162127649011585e-06
1,NDUFB10,4.7537403,,1.9968756217744074e-06,2.0800787726816743e-05
1,ATP5H,4.7378235,,2.1602579144827214e-06,2.238609237805929e-05
1,MYO9B,4.7065554,,2.5193755266429775e-06,2.5839748991210024e-05
1,SMAP2,4.597221,,4.2816339442084905e-06,4.324882771927768e-05
1,CRTAP,4.557117,,5.186057579928477e-06,5.1860575799284766e-05
1,CTD-2006K23.1,4.5349226,,5.762458255383159e-06,5.7337893088389636e-05
1,IGFBP7,4.532751,,5.822045823338553e-06,5.764401805285696e-05
1,RER1,4.516804,,6.27798333454379e-06,6.185205255708167e-05
1,PSMB8,4.35975,,1.3021130635265432e-05,0.00012641874403170324
1,IFIT1,4.353056,,1.3425299771723474e-05,0.00012971304127269058
1,YWHAE,4.177764,,2.9438925309743932e-05,0.0002803707172356565
1,VPS28,4.1196303,,3.794803878146793e-05,0.0003546545680511021
1,PARL,4.093063,,4.257119467115068e-05,0.00039236124120876204
1,MT-CO2,4.045551,,5.220021913667706e-05,0.00047671433001531563
1,NCKAP1L,4.0250525,,5.69625882081105e-05,0.0005178417109828228
1,MBOAT7,3.9922075,,6.546101698178687e-05,0.0005870943227066086
1,ZNF467,3.952877,,7.721713438288139e-05,0.0006894386998471552
1,ARAP1,3.9512408,,7.774707873405901e-05,0.0006910851443027468
1,ADAP2,3.9302068,,8.487281484323684e-05,0.0007510868570197951
1,PRDX3,3.9178007,,8.936052304156522e-05,0.0007873173836261253
1,ATP5C1,3.9138439,,9.083837962595825e-05,0.0007968278914557741
1,RBM3,3.8607981,,0.00011301726065315304,0.0009870503113812493
1,PRKCD,3.8379495,,0.00012406601315777688,0.0010788348970241467
1,RAB34,3.81281,,0.00013739574630035228,0.001189573561042011
1,RELT,3.8014154,,0.00014387186240520682,0.0012402746759069554
1,ATG16L2,3.7661903,,0.00016575740996992513,0.001422810386007941
1,ACTR2,3.7345057,,0.0001880842090394778,0.0016075573422177588
1,MARCKSL1,3.7259374,,0.00019459063213735686,0.0016490731537064142
1,CAT,3.690772,,0.00022357449468249902,0.0018709162734937158
1,SGK1,3.6662276,,0.00024615493835883004,0.002042779571442573
1,PTAFR,3.6610806,,0.00025115370506496106,0.00207191520430713
1,IFIT2,3.6604855,,0.00025173769732331626,0.00207191520430713
1,PSMB6,3.5668,,0.00036136683733070787,0.002937941766916324
1,ATP6V0E1,3.550705,,0.0003842008632500473,0.0030983940584681235
1,LSM6,3.5078042,,0.00045182142428140345,0.0036290877452321564
1,ZNF106,3.4306304,,0.0006021802318774887,0.004798248859581583
1,FCGR1B,3.4197416,,0.000626806235403699,0.004974652661934119
1,TMEM208,3.3827019,,0.0007177650211635121,0.005651693080027654
1,GNS,3.360478,,0.000778077297874608,0.006078728889645375
1,SELPLG,3.3592284,,0.0007816042354124217,0.006082523232781492
1,TMEM14C,3.3362906,,0.0008490437955094088,0.006581734848910146
1,MRPL21,3.302702,,0.0009575814859957514,0.007366011430736549
1,SH3GLB1,3.2987747,,0.0009710780912706781,0.007441211427361517
1,MID1IP1,3.2910693,,0.0009980734108102289,0.0076188809985513655
1,PFDN2,3.285357,,0.0010185319895653884,0.0077454904149459195
1,NRGN,3.252899,,0.001142341322410442,0.008654100927351832
1,CORO1C,3.2432,,0.0011819515947036835,0.008920389393990064
1,UBXN1,3.2365656,,0.0012097738171211344,0.00909604373775289
1,SH3BP1,3.2313592,,0.0012320297023649704,0.0092286869091009
1,ALKBH7,3.1831033,,0.0014570557218097691,0.01079300534673903
1,ETHE1,3.1542747,,0.0016089749218287715,0.011874353666633
1,CMTM7,3.1341336,,0.0017236242411768096,0.012673707655711835
1,CTNNBIP1,3.0934343,,0.0019785434097497417,0.014337271085143054
1,TPD52L2,3.08558,,0.00203155497801966,0.014668266989311625
1,GALK1,3.0713294,,0.0021310787906834773,0.015228059939376488
1,PRKACA,3.0712104,,0.0021319283915127085,0.015228059939376488
1,SMARCD3,3.0679677,,0.0021551998979005677,0.015339501052673078
1,MLX,3.058358,,0.002225534776319035,0.015783934583822944
1,TNNI2,3.0309575,,0.002437795354349559,0.01722823571978487
1,RNF213,3.0124822,,0.00259120590508505,0.018247928909049648
1,PCMT1,3.0082576,,0.0026275029367122567,0.018438617099735138
1,FERMT3,2.9828503,,0.002855775463520863,0.019970457786859182
1,C1orf86,2.957949,,0.0030969342523608865,0.02150648786361727
1,CORO1B,2.936201,,0.0033225889363306094,0.022794592458269734
1,CAPZB,2.9262047,,0.003431250050906384,0.02334183708099581
1,NUMB,2.9242413,,0.0034529705759819866,0.023409970006657538
1,EPN1,2.9092765,,0.003622662663590818,0.024313172238864554
1,IDH2,2.9028802,,0.00369748164518398,0.024732318696882808
1,DRAM2,2.8764317,,0.004021993636039919,0.02672421020624531
1,RASGRP4,2.871255,,0.004088456432111841,0.027075870411336696
1,SKAP2,2.8498046,,0.004374609843446872,0.028875312497999156
1,GUSB,2.794944,,0.005190870570604522,0.03415046428029291
1,AP003733.1,2.7911954,,0.005251376006580169,0.034435252502165045
1,TGOLN2,2.7854238,,0.0053457814702303815,0.0349397481714404
1,MRPL51,2.7831032,,0.005384168336137725,0.03507601521913828
1,IFI44,2.7684062,,0.005633119132276807,0.03634270407920521
1,GSN,2.7584991,,0.005806744626474491,0.03722272196458007
1,PLCB2,2.7536497,,0.0058934789593109455,0.037658012519558755
1,FAM127A,2.7213106,,0.0065023626857308335,0.04134433594322095
1,LAIR1,2.7208347,,0.006511732911057299,0.04134433594322095
1,ZNF593,2.6962605,,0.0070122820888024635,0.044241527374148035
1,MPST,2.6931663,,0.007077695009616536,0.0445138050919279
1,RGS18,2.6866212,,0.0072178769305453905,0.04511173081590869
1,PPIF,2.665855,,0.007679279606923716,0.04784597885933779
1,IRF8,2.6607974,,0.007795584849799819,0.04841978167577528
1,ARHGDIA,2.6418164,,0.008246275508884762,0.051060529466778706
1,MFSD1,2.620485,,0.008780479455790077,0.05420049046783998
1,PARVB,2.6117084,,0.009009103636573274,0.05544063776352784
1,DNTTIP1,2.6070673,,0.009132139396462412,0.056025395070321546
1,DOK3,2.592073,,0.009539954639472409,0.05819058052297868
1,CNIH4,2.591954,,0.009543255205768503,0.05819058052297868
1,DNAJC7,2.587997,,0.00965358045569061,0.05868437966985173
1,ARPC4,2.5779412,,0.009939088849549802,0.06005491751993838
1,TMEM141,2.5341182,,0.011273067879410629,0.06750340047551275
1,CDV3,2.5060036,,0.012210434003739437,0.07268115478416332
1,MTIF3,2.480061,,0.013135992234749485,0.07772776470265967
1,HDLBP,2.4569743,,0.014011271050744943,0.08217754281961843
1,RAB7A,2.4557247,,0.014060079816936076,0.08222268898793027
1,LTB4R,2.436357,,0.014836036016446607,0.08650749863817263
1,RARA,2.4325488,,0.014992969064562997,0.08716842479397093
1,DESI1,2.3457656,,0.018988044361852932,0.10697489781325596
1,POLR3K,2.2935827,,0.021814485421393914,0.12186863363907215
1,C19orf24,2.2679672,,0.02333121071966214,0.12961783733145635
1,IER3,2.2519314,,0.024326606800093138,0.13440114254195104
1,CXCL2,2.2504737,,0.02441889633653607,0.13453937375501968
1,PRDX4,2.2468739,,0.024648095776731615,0.13506848068797886
1,COLGALT1,2.246844,,0.02464999772555614,0.13506848068797886
1,TRIM8,2.2333965,,0.025522800331761162,0.1390888301458374
1,CCDC124,2.2302728,,0.02572933853086603,0.1394544093813877
1,NAT9,2.216855,,0.026632991183400154,0.1435740764603782
1,CD93,2.2099826,,0.027106362543871935,0.1453424265086967
1,NKIRAS2,2.2054012,,0.027425962712815832,0.1462940515079651
1,TBCB,2.1973982,,0.027992027236467504,0.14889376189610376
1,CSRNP1,2.1945717,,0.028194330879558274,0.14957204710640995
1,QSOX1,2.187372,,0.02871537434833639,0.15193319761024546
1,SMPDL3A,2.1661894,,0.03029671308898196,0.15862153449728775
1,KCNK6,2.1451557,,0.03194040864661961,0.16464128168360623
1,GMPR,2.1347427,,0.03278202522400373,0.16854511683292406
1,PLA2G7,2.130786,,0.033106781837563874,0.16942049149663632
1,SLC39A1,2.1292388,,0.03323450104103447,0.16942049149663632
1,FAM32A,2.1052299,,0.03527129653101448,0.1776891512897455
1,ARL4A,2.093389,,0.03631443390242681,0.18097269184544054
1,PLAGL2,2.0777402,,0.03773329809030425,0.18633727452002097
1,SIK1,2.0724444,,0.038224006367631264,0.18783295512349515
1,YIPF3,2.05507,,0.03987224328235904,0.1954521729527404
1,PHACTR1,2.0479894,,0.04056104738165552,0.1983425299836456
1,RBCK1,2.0406706,,0.04128358006331008,0.2013833173820004
1,IFT20,2.022939,,0.04307942819452816,0.20963225398797158
1,MAP3K8,2.017108,,0.04368425251890955,0.21205947824713373
1,MED28,2.0122287,,0.044195826228086134,0.21341528425331424
1,CDC42EP3,2.004672,,0.04499811726829353,0.2153019964990121
1,SUMO3,1.9935453,,0.04620177468544316,0.22000845088306267
1,DNAJA1,1.9881306,,0.046797249444052995,0.22231472419977671
1,MRPL40,1.9852448,,0.047117247380146936,0.22330448995330301
1,BCL2A1,1.97626,,0.048125338014545674,0.22754296933591336
1,MTCH2,1.9735229,,0.04843601627497995,0.2284717748819809
1,RP11-139H15.1,1.9696553,,0.0488778885773766,0.22903215040819794
1,GLB1,1.9694768,,0.04889836411215026,0.22903215040819794
1,RTFDC1,1.9443374,,0.05185478600505038,0.24006845372708507
1,EIF2AK4,1.9421358,,0.05212066678386465,0.24074210985618777
1,NCOA4,1.9177996,,0.05513643076447242,0.2535008311010226
1,CCDC69,1.9158955,,0.05537839688927703,0.2540293435287937
1,C1QA,1.9098263,,0.05615557698687344,0.256418159757413
1,DDT,1.9009606,,0.05730717573933792,0.2610805272862775
1,SNAPIN,1.8900421,,0.058752340520310524,0.26705609327413876
1,DENND5A,1.8872752,,0.05912332162938201,0.2674826783220273
1,NUDT1,1.8863529,,0.05924741324832906,0.2674826783220273
1,FOSL2,1.8850737,,0.059419898116929604,0.267489212508779
1,MARCH2,1.8803432,,0.06006131367551419,0.26907536203129584
1,RAB1B,1.8743336,,0.06088446351274969,0.27180564068191826
1,TMEM91,1.8527939,,0.06391189772628356,0.28342304978396254
1,VPS25,1.8473793,,0.06469218791319208,0.28624861908492066
1,EREG,1.8398523,,0.06578992046484274,0.2898234381711134
1,POLR2E,1.8350624,,0.06649643820345412,0.292292036059139
1,APH1B,1.8297073,,0.06729372066047497,0.2945020597832602
1,HDGF,1.8076917,,0.07065450412145191,0.30454527638556855
1,CTNNBL1,1.8035265,,0.07130556193610968,0.3066905889725147
1,SNX17,1.7928758,,0.07299279694756816,0.3115337940716891
1,CYP27A1,1.7890974,,0.07359913549007917,0.3125228683230538
1,AP3S1,1.7709494,,0.07656912477945549,0.32375951280953696
1,RAB2A,1.7691643,,0.07686646016854783,0.32433105556349295
1,LAT2,1.7674983,,0.07714482168316267,0.3248203018238428
1,MIS18BP1,1.7536343,,0.07949318074189567,0.33191307199121367
1,OASL,1.7486659,,0.08034877733542288,0.33426175068531394
1,GBGT1,1.748428,,0.080389951039818,0.33426175068531394
1,SLC25A11,1.7395027,,0.08194637823779337,0.3400264657169849
1,SMIM12,1.7218307,,0.0851001934354856,0.3494874473736575
1,KLF11,1.7019571,,0.08876340700917244,0.3622996204456018
1,CHN2,1.696483,,0.08979445417898457,0.3635403003197756
1,HLA-DQB1,1.6917526,,0.09069315926279518,0.3664370071224048
1,MVB12A,1.6893725,,0.09114806613089878,0.36753252472136605
1,SNCA,1.6841661,,0.0921495711854852,0.37082322408645957
1,C17orf62,1.6738724,,0.09415569671844756,0.37640358345597985
1,CD163,1.6714625,,0.09463036108729034,0.37640358345597985
1,CPQ,1.6647983,,0.09595300282480831,0.38001189237547844
1,COA6,1.6577771,,0.09736246503575895,0.38483187761169546
1,ABHD5,1.644419,,0.10008968994959445,0.3932797247528269
1,MRPL41,1.6432289,,0.10033557581310329,0.39347284632589524
1,SPNS1,1.6381415,,0.10139217197745885,0.3968382464871188
1,PRKCB,1.6350772,,0.10203286537724263,0.39778894883915256
1,MPV17,1.6302873,,0.10304078809597927,0.3996996798873657
1,NCOR2,1.6164234,,0.10600279968607099,0.4083462717093757
1,PICALM,1.6115443,,0.10706114568521194,0.4101959604797392
1,PQBP1,1.6082419,,0.1077822036436465,0.4121690387902352
1,TRAPPC3,1.5896477,,0.11191425125461203,0.42634000477947437
1,VTI1B,1.585661,,0.112816223864187,0.4289590260995704
1,SURF1,1.5798894,,0.11413220539772287,0.43313929942209817
1,GYG1,1.5766466,,0.1148768821089987,0.4351397049583284
1,EIF5,1.5605811,,0.11862263055431836,0.44702772682187764
1,CLEC10A,1.5448132,,0.12239147605091773,0.4566390074385141
1,LMAN2,1.5421058,,0.1230478908440843,0.457427103509607
1,SIVA1,1.5323474,,0.1254367056859368,0.46372164763747425
1,MANBA,1.5236603,,0.12759360415085705,0.47001280396649353
1,SNX5,1.5057502,,0.1321313027755576,0.4835876992566544
1,PPBP,1.5052445,,0.132261235746695,0.4835876992566544
1,PSMD7,1.4948912,,0.134942846234424,0.49159506824926774
1,TMEM199,1.4936119,,0.1352770907726299,0.4919166937186541
1,RALBP1,1.4901013,,0.13619760615369375,0.4943651766014292
1,BACH1,1.4857577,,0.13734323274783797,0.49721976852470856
1,GMPR2,1.4842106,,0.13775305411932745,0.49721976852470856
1,FRAT1,1.4791529,,0.13909943539356598,0.49856428456475255
1,SIGLEC14,1.4771894,,0.1396248703390401,0.4995523089053313
1,EIF1B,1.4759994,,0.13994405841496507,0.49980020862487523
1,PMF1,1.4738573,,0.14052001139056178,0.5009626074529832
1,MRP63,1.46996,,0.14157259924538815,0.5020304937779722
1,CTD-2267D19.2,1.4594282,,0.14444730143076653,0.5064324682231105
1,HBEGF,1.4574944,,0.14497996995573545,0.5069229718732009
1,LYPLA1,1.4481525,,0.14757438280270746,0.5150938317721029
1,OTUB1,1.4342887,,0.15148989840078464,0.5270686511434648
1,DCP2,1.4326524,,0.15195720282112574,0.5270686511434648
1,CHIC2,1.4143258,,0.1572662474399323,0.5422974049652839
1,MLTK,1.400224,,0.16144626449489086,0.5509871976754216
1,RFXANK,1.3998075,,0.16157098831461747,0.5509871976754216
1,TMBIM4-1,1.3972787,,0.16232980232236704,0.5512047617058304
1,FAM96B,1.3858542,,0.16579140006467719,0.5591615516515251
1,MAT2A,1.3528309,,0.17610967649875264,0.5870322549958422
1,STK32C,1.3508971,,0.1767284169204555,0.5881145321812163
1,ANAPC13,1.3483385,,0.17754954571722747,0.5898656003894601
1,DDX46,1.342537,,0.17942192605596696,0.5941123379336655
1,BABAM1,1.3371224,,0.18118268869332455,0.5964429651064225
1,LAMP2,1.3349209,,0.18190225945607852,0.5969757715094246
1,GID8,1.3343853,,0.1820776103103745,0.5969757715094246
1,CD9,1.3236156,,0.18563077292432495,0.6066365128245913
1,DICER1,1.3190042,,0.18716773406133824,0.6096668861932842
1,ACTN4,1.313411,,0.18904450550586316,0.6147788796938639
1,TPTEP1,1.2980893,,0.1942566601297655,0.6276467209362375
1,GSTZ1,1.2957093,,0.19507568911278583,0.628494281676854
1,RIT1,1.2926449,,0.1961339145265335,0.6296433853179245
1,SMIM7,1.2914548,,0.1965460077442852,0.6299390163287375
1,SMARCA4,1.2895806,,0.19719633998740704,0.6299390163287375
1,GPS1,1.2887475,,0.19748588161905922,0.6299390163287375
1,GPR35,1.2777396,,0.20134122632625095,0.6412140965804171
1,C12orf10,1.2751812,,0.20224514408620753,0.6421149224205133
1,TLE4,1.2751216,,0.2022662005624617,0.6421149224205133
1,TCEA2,1.2669996,,0.2051554222386479,0.6502549040844625
1,SND1,1.263132,,0.20654173879299464,0.6520945456003413
1,MICU1,1.2619717,,0.20695895707853218,0.6520945456003413
1,SPPL2A,1.2611982,,0.20723744222450546,0.6520945456003413
1,TMEM55A,1.2578067,,0.2084617024663955,0.6538444000578847
1,CWC15,1.2565868,,0.20890328581849416,0.6538444000578847
1,COQ7,1.2414734,,0.21443091983766782,0.668009096067501
1,SAMD9L,1.2307631,,0.2184114842191841,0.6765412022267175
1,HAVCR2,1.2248427,,0.22063450464816348,0.6820231982941684
1,CELF1,1.2174348,,0.22343886475217845,0.68856352774169
1,PUM1,1.2122581,,0.22541361350862188,0.6917671582852686
1,REEP3,1.2069029,,0.22746953908400913,0.6956255017859606
1,CORO7,1.2028271,,0.22904325972975215,0.6983026211272931
1,GLTP,1.198067,,0.2308909733304817,0.7018314734083897
1,LRRK2,1.1980371,,0.23090255475136023,0.7018314734083897
1,MDP1,1.1968174,,0.23137774847902715,0.7022086448528896
1,CTBP2,1.1845005,,0.23621499411322844,0.7147201032170301
1,DNAJC15,1.182894,,0.2368511737729393,0.7147322174790844
1,HCCS,1.1757537,,0.23969328902350528,0.7202997541950183
1,NFKBIL1,1.1741769,,0.24032415071232793,0.7206121460639517
1,GRSF1,1.1685243,,0.2425953423140247,0.7246958559867716
1,TIMMDC1,1.1671855,,0.24313545968356187,0.7246958559867716
1,ITPA,1.1583197,,0.24673357075916114,0.7343261034498842
1,CEACAM4,1.1557612,,0.24777885335473993,0.7363413175475183
1,HLA-DQA1,1.152191,,0.24924256096160524,0.7395921690255348
1,RABIF,1.1415403,,0.25364516083358557,0.7501620351866415
1,ZMAT5,1.140856,,0.25392984891067816,0.7501620351866415
1,LRRC59,1.1374346,,0.2553566250369854,0.753264380640075
1,PLEKHB2,1.134757,,0.25647711275955676,0.7554554131356604
1,EAF2,1.1151215,,0.26479835123268924,0.7731338722122313
1,PLD4,1.106226,,0.26862870608739486,0.7818708416530364
1,PITPNM1,1.1054525,,0.26896356952864453,0.7818708416530364
1,ECHS1,1.0860549,,0.2774546887724091,0.7978510392793909
1,NABP1,1.0856087,,0.277652161669228,0.7978510392793909
1,NFIC,1.0675796,,0.28571016547216455,0.8128311962223743
1,NDUFA10,1.0662706,,0.28630132831370547,0.8133560463457542
1,GAS2L1,1.0618675,,0.2882958457209517,0.8167021125239425
1,RNF187,1.0582974,,0.28991988371109034,0.8201411137513165
1,PCYT1A,1.0538348,,0.291958576531973,0.824741741615743
1,HAGH,1.0457425,,0.29567992264600895,0.832901190552138
1,WDR45,1.0408932,,0.2979251470023646,0.8368683904560804
1,GABARAPL2,1.0316406,,0.3022405031866846,0.8454279809417752
1,LINC01003,1.0272375,,0.30430864628022214,0.8500241516207323
1,UBE2D4,1.0137603,,0.3106971151301622,0.8630475420282283
1,TAF6L,1.0058764,,0.3144750386327443,0.8687551157822546
1,SNX20,1.00186,,0.31641120577100124,0.8728584986786241
1,INO80C,0.99483883,,0.3198146646579878,0.8763924659549066
1,LYPD2,0.994095,,0.32017659800869713,0.8763924659549066
1,CSRP1,0.993857,,0.32029247322033705,0.8763924659549066
1,UBE2E1,0.99379754,,0.3203214463065184,0.8763924659549066
1,TMEM167B,0.9870441,,0.3236210240430728,0.884210448205117
1,ISOC2,0.9700266,,0.33203323201090806,0.8986014398130123
1,RELB,0.965683,,0.33420283964735165,0.9020319558632973
1,TNFSF12,0.9594948,,0.33730953785272144,0.9091901289830767
1,C10orf32,0.9532769,,0.3404498066326149,0.9164193987418975
1,DTYMK,0.9457797,,0.3442609837990954,0.9233993635687326
1,ARSD,0.940603,,0.3469083399035502,0.9288041229010715
1,PKN2,0.93935347,,0.34754929317708205,0.92927618496546
1,C1QB,0.9341768,,0.3502126889251619,0.9351473669563736
1,FYB,0.9294762,,0.3526423598040599,0.9366330937690833
1,ARF6,0.91873616,,0.3582336069979941,0.9448282446984899
1,NKAP,0.91799235,,0.358622866363868,0.9448282446984899
1,MRPL43,0.9158503,,0.35974541867505283,0.9448282446984899
1,PELI1,0.915404,,0.35997956123012465,0.9448282446984899
1,TPM4,0.9085316,,0.36359743301994674,0.9530732189251553
1,FADS1,0.905735,,0.36507612888873053,0.9542344464738061
1,RABL6,0.9024624,,0.36681127957412407,0.9542344464738061
1,GFER,0.90213513,,0.36698507696807103,0.9542344464738061
1,SLC6A6,0.9016294,,0.36725377387915026,0.9542344464738061
1,ECSIT,0.90159965,,0.36726958339658167,0.9542344464738061
1,DHRS4,0.9013914,,0.36738026189241535,0.9542344464738061
1,PACSIN2,0.8969883,,0.36972518396060483,0.9578308860116997
1,JAGN1,0.88687295,,0.3751472983778451,0.9656301116546849
1,USP7,0.8833921,,0.3770244494359135,0.9682178933726657
1,FAM96A,0.88321364,,0.3771208694686533,0.9682178933726657
1,RBPJ,0.87800723,,0.3799398056894959,0.9727870114646903
1,ORMDL2,0.8761924,,0.3809254428423553,0.9729896368897963
1,CIDEB,0.8716703,,0.38338827885629234,0.9767854238376874
1,ATG7,0.86985546,,0.3843793896516805,0.9768218288479809
1,CTC-378H22.1,0.8670887,,0.385893440542427,0.9794249759960076
1,CA2,0.8655416,,0.3867415920115459,0.9803335665691911
1,WNK1,0.8633103,,0.3879668888938762,0.9821946554275347
1,PIGX,0.85920465,,0.39022760696828096,0.9854232499199014
1,YWHAG,0.8564676,,0.3917391912509387,0.9858798847205151
1,DIAPH1,0.85619986,,0.3918872541764048,0.9858798847205151
1,FAM120A,0.8456383,,0.3977545631980629,0.995094411084512
1,GMPPA,0.83784354,,0.40211857203306767,0.9985290334951609
1,PHF5A,0.8355825,,0.403389821370998,0.9985290334951609
1,JARID2,0.83290493,,0.4048983571760576,0.9985290334951609
1,NIT1,0.81660146,,0.4141562276731623,0.9985290334951609
1,C4orf33,0.81219834,,0.41667784282686804,0.9985290334951609
1,ACRBP,0.80148804,,0.422849180574581,0.9985290334951609
1,GRPEL1,0.7980964,,0.42481454108917016,0.9985290334951609
1,IDH1,0.79461557,,0.42683716074799916,0.9985290334951609
1,CR1,0.7917595,,0.42850093065301453,0.9985290334951609
1,C16orf13,0.78482753,,0.4325546936350406,0.9985290334951609
1,PIGF,0.78155494,,0.4344761763775842,0.9985290334951609
1,LRCH4,0.78101945,,0.4347910695401752,0.9985290334951609
1,MKKS,0.7766461,,0.43736762463097,0.9985290334951609
1,FCAR,0.7746825,,0.43852729796957945,0.9985290334951609
1,KCNE1,0.7746825,,0.43852729796957945,0.9985290334951609
1,DAGLB,0.7706661,,0.44090485362941545,0.9985290334951609
1,PSMG2,0.76221687,,0.44593056963863187,0.9985290334951609
1,BAZ2A,0.7610566,,0.44662325983399154,0.9985290334951609
1,SPHK1,0.75751626,,0.4487406336341092,0.9985290334951609
1,ATP6V1D,0.756713,,0.4492218380101469,0.9985290334951609
1,GGA3,0.7527264,,0.45161436431390656,0.9985290334951609
1,GBP4,0.7522504,,0.4519005199508638,0.9985290334951609
1,RGL2,0.7497215,,0.45342243952326444,0.9985290334951609
1,GOSR2,0.7420458,,0.45805958272683456,0.9985290334951609
1,C9orf16,0.740231,,0.45915983770180147,0.9985290334951609
1,KDM3B,0.73541135,,0.46208900170052414,0.9985290334951609
1,YPEL2,0.7351436,,0.46225203827801964,0.9985290334951609
1,SRSF6,0.7343701,,0.46272321310482967,0.9985290334951609
1,NAIP,0.72342175,,0.46942079917671786,0.9985290334951609
1,TNRC18,0.72336227,,0.4694573449546837,0.9985290334951609
1,ELL,0.72190446,,0.47035320773310496,0.9985290334951609
1,ABCC3,0.71759063,,0.47300975250693156,0.9985290334951609
1,C9orf69,0.71342546,,0.475582507748341,0.9985290334951609
1,ARHGAP18,0.7105991,,0.4773326676747174,0.9985290334951609
1,ATXN10,0.70119786,,0.48317953033946137,0.9985290334951609
1,PPP2R3C,0.70054334,,0.4835880332835629,0.9985290334951609
1,PCGF1,0.6996211,,0.4841639690382499,0.9985290334951609
1,GINM1,0.6956642,,0.48663913480272614,0.9985290334951609
1,BBC3,0.69322467,,0.48816857807219827,0.9985290334951609
1,VPS26B,0.68968433,,0.49039273911802317,0.9985290334951609
1,STK38,0.6879588,,0.4914787558306203,0.9985290334951609
1,TMEM80,0.68783975,,0.4915537011043488,0.9985290334951609
1,HDAC5,0.68783975,,0.4915537011043488,0.9985290334951609
1,RALY,0.6839424,,0.4940115460380383,0.9985290334951609
1,CTNNB1,0.6831391,,0.4945189408209796,0.9985290334951609
1,FAAH,0.67602867,,0.49902244816005414,0.9985290334951609
1,CDK19,0.6747494,,0.49983500950200666,0.9985290334951609
1,PLEKHJ1,0.6746899,,0.49987282013610723,0.9985290334951609
1,C18orf21,0.6723098,,0.5013864894368989,0.9985290334951609
1,HMGXB4,0.6707925,,0.5023527191407755,0.9985290334951609
1,MAP3K7CL,0.66870993,,0.5036805185614174,0.9985290334951609
1,PHF3,0.6629383,,0.5073700804531016,0.9985290334951609
1,ATP6V1C1,0.66046894,,0.5089529285790431,0.9985290334951609
1,JKAMP,0.65776163,,0.5106913092974614,0.9985290334951609
1,DLEU7,0.6555006,,0.5121455184714765,0.9985290334951609
1,SLC22A18AS,0.6555006,,0.5121455184714765,0.9985290334951609
1,NELFB,0.6516032,,0.5146571765846395,0.9985290334951609
1,NAA20,0.65103793,,0.5150219937159365,0.9985290334951609
1,GIMAP2,0.6483009,,0.5167903747242476,0.9985290334951609
1,PTGS1,0.6446415,,0.5191595282914565,0.9985290334951609
1,TPM1,0.64273745,,0.5203944729202832,0.9985290334951609
1,UBE2Q1,0.6401194,,0.5220949904825419,0.9985290334951609
1,TRPM4,0.6393459,,0.5225979622823916,0.9985290334951609
1,CCDC151,0.6364005,,0.524515399949468,0.9985290334951609
1,HVCN1,0.63306844,,0.5266889588753041,0.9985290334951609
1,PTGES2,0.6309264,,0.5280886713825882,0.9985290334951609
1,SLC27A1,0.62780255,,0.5301333109344939,0.9985290334951609
1,HELQ,0.6271778,,0.530542720886476,0.9985290334951609
1,SLFN12,0.6221796,,0.5338237687044847,0.9985290334951609
1,FCGR3B,0.6176575,,0.5368011427108365,0.9985290334951609
1,CLIP1,0.6160212,,0.5378805358194644,0.9985290334951609
1,CYTH2,0.61283785,,0.5399835633125498,0.9985290334951609
1,SHOC2,0.61185604,,0.5406329897901895,0.9985290334951609
1,DNAJC2,0.6077802,,0.5433332621079742,0.9985290334951609
1,NME3,0.6065604,,0.5441426761886308,0.9985290334951609
1,TMED5,0.60406137,,0.5458028581590522,0.9985290334951609
1,RAB21,0.6036746,,0.5460600153633144,0.9985290334951609
1,LPGAT1,0.6033771,,0.5462578694593807,0.9985290334951609
1,TINF2,0.6016813,,0.5473863157267398,0.9985290334951609
1,TMEM9B,0.5990632,,0.5491307397586251,0.9985290334951609
1,TMEM234,0.5981409,,0.549745905334138,0.9985290334951609
1,CCL2,0.5959096,,0.5512356125617508,0.9985290334951609
1,FLOT1,0.5948981,,0.5519115997477892,0.9985290334951609
1,SLC19A1,0.58957267,,0.5554771731394116,0.9985290334951609
1,OXLD1,0.5884719,,0.5562155916453215,0.9985290334951609
1,FH,0.58061767,,0.5614981595381098,0.9985290334951609
1,MLEC,0.5789516,,0.5626218155993914,0.9985290334951609
1,KCNQ1OT1,0.5781781,,0.5631438817809793,0.9985290334951609
1,ELOF1,0.57701784,,0.5639274188715944,0.9985290334951609
1,ASXL2,0.574965,,0.5653149618576927,0.9985290334951609
1,RP11-468E2.4,0.574727,,0.5654759424910553,0.9985290334951609
1,PAFAH1B1,0.57213867,,0.5672280275384398,0.9985290334951609
1,NFE2L2,0.57124615,,0.567832797250085,0.9985290334951609
1,DEDD,0.5649092,,0.5721355118152185,0.9985290334951609
1,CKS1B,0.56107134,,0.5747488911962242,0.9985290334951609
1,CDK16,0.5606846,,0.5750125679122586,0.9985290334951609
1,KLHL6,0.5590483,,0.5761287556811754,0.9985290334951609
1,CXCL10,0.5575905,,0.5771240380161249,0.9985290334951609
1,COMMD4,0.5550022,,0.5788931652319793,0.9985290334951609
1,STK11IP,0.5540799,,0.5795241588738882,0.9985290334951609
1,ZNF330,0.54580915,,0.5851971178149108,0.9985290334951609
1,UTP6,0.54304236,,0.5871006491914088,0.9985290334951609
1,CMTM2,0.53869873,,0.5900947585597265,0.9985290334951609
1,C1orf50,0.53655666,,0.5915738905642394,0.9985290334951609
1,TRIM69,0.5337601,,0.5935075388565632,0.9985290334951609
1,WDYHV1,0.532094,,0.5946608732281817,0.9985290334951609
1,AGO4,0.52959496,,0.5963927919619751,0.9985290334951609
1,GNG11,0.5291487,,0.5967023047543625,0.9985290334951609
1,ECHDC1,0.5281669,,0.5973834901357876,0.9985290334951609
1,CLNS1A,0.5272446,,0.5980237134080416,0.9985290334951609
1,RP11-102N12.3,0.5263521,,0.5986435808093268,0.9985290334951609
1,RNF168,0.5218895,,0.6017472797296599,0.9985290334951609
1,KLF13,0.5197177,,0.6032603673247914,0.9985290334951609
1,C5orf15,0.51046515,,0.6097256188865761,0.9985290334951609
1,STAU1,0.5100486,,0.6100173821596487,0.9985290334951609
1,ZSWIM6,0.5020457,,0.6156353991155368,0.9985290334951609
1,CDC37,0.49686903,,0.6192814216526352,0.9985290334951609
1,TAOK3,0.4965715,,0.6194912492175104,0.9985290334951609
1,RPS19BP1,0.49597648,,0.6199109973362957,0.9985290334951609
1,SETX,0.49511373,,0.6205198521418764,0.9985290334951609
1,SLA,0.49496496,,0.6206248534103922,0.9985290334951609
1,MRPS23,0.49005607,,0.6240942220288547,0.9985290334951609
1,AC005082.12,0.48321337,,0.6289442397432076,0.9985290334951609
1,TAF10,0.4822911,,0.6295991700378369,0.9985290334951609
1,ADD1,0.47979203,,0.6313752831301795,0.9985290334951609
1,ACPP,0.47934577,,0.6316926706620724,0.9985290334951609
1,TMTC2,0.47910777,,0.6318619717794596,0.9985290334951609
1,GFI1B,0.4790185,,0.6319254646763756,0.9985290334951609
1,JAZF1,0.478007,,0.6326452404686258,0.9985290334951609
1,CCP110,0.4726518,,0.6364616044106362,0.9985290334951609
1,KIF5B,0.4719973,,0.6369287139018243,0.9985290334951609
1,PF4,0.4716998,,0.6371410841185541,0.9985290334951609
1,HEXIM2,0.46821895,,0.6396280261385314,0.9985290334951609
1,ADAM10,0.46580914,,0.641352132949113,0.9985290334951609
1,CTNND1,0.4650951,,0.6418633516431477,0.9985290334951609
1,FAM210B,0.4603052,,0.6452971570989443,0.9985290334951609
1,ATXN3,0.4597697,,0.6456815330103454,0.9985290334951609
1,REPS2,0.45768714,,0.6471772271867635,0.9985290334951609
1,S100P,0.45768714,,0.6471772271867635,0.9985290334951609
1,GLYCTK,0.45554507,,0.6487171434577474,0.9985290334951609
1,PHRF1,0.452689,,0.6507727027923179,0.9985290334951609
1,TMEM104,0.44772062,,0.6543548486580999,0.9985290334951609
1,VTI1A,0.44635206,,0.6553429517974783,0.9985290334951609
1,DSCR3,0.44040188,,0.659646052351579,0.9985290334951609
1,RNF25,0.43721855,,0.6619528551619116,0.9985290334951609
1,SLC35A2,0.43335095,,0.664759833985805,0.9985290334951609
1,AIM2,0.42930484,,0.6677014046333241,0.9985290334951609
1,SLC2A13,0.42656776,,0.6696941929120899,0.9985290334951609
1,GTPBP2,0.42600247,,0.6701060374577359,0.9985290334951609
1,VIPR1,0.41966555,,0.6747297950366682,0.9985290334951609
1,SMIM14,0.41347736,,0.6792568974186697,0.9985290334951609
1,SENCR,0.41157332,,0.6806521920413773,0.9985290334951609
1,TCTA,0.4109783,,0.6810884461357565,0.9985290334951609
1,PHKG2,0.4096395,,0.6820704077532147,0.9985290334951609
1,ELP5,0.40749744,,0.6836426661765471,0.9985290334951609
1,FRY-AS1,0.40479013,,0.685631789653584,0.9985290334951609
1,AGPAT1,0.40199354,,0.6876887786025211,0.9985290334951609
1,TMEM165,0.40029773,,0.6889372294590086,0.9985290334951609
1,SLC22A4,0.39809617,,0.6905592895950614,0.9985290334951609
1,CXCL3,0.39806643,,0.6905812190812013,0.9985290334951609
1,RP11-701P16.5,0.39806643,,0.6905812190812013,0.9985290334951609
1,CDC16,0.3962814,,0.6918974629277664,0.9985290334951609
1,ACADVL,0.3908072,,0.6959397367403195,0.9985290334951609
1,SIRT6,0.38693962,,0.6988009160012044,0.9985290334951609
1,SDCCAG8,0.38693962,,0.6988009160012044,0.9985290334951609
1,SLC35A1,0.38625535,,0.6993075718067157,0.9985290334951609
1,CRTC2,0.38557106,,0.6998143615404708,0.9985290334951609
1,CECR5,0.3851248,,0.7001449486422019,0.9985290334951609
1,SLC16A5,0.38200098,,0.7024606462228411,0.9985290334951609
1,CNEP1R1,0.38182247,,0.702593055496243,0.9985290334951609
1,SNX9,0.37771684,,0.7056409523696241,0.9985290334951609
1,SREBF1,0.3725402,,0.7094906894310398,0.9985290334951609
1,ICOSLG,0.3723617,,0.7096235720412234,0.9985290334951609
1,HIST1H2AC,0.37117165,0.7997293,0.710509681660036,0.9985290334951609
1,FEM1B,0.3702494,,0.7111966859402437,0.9985290334951609
1,NECAB3,0.36891058,,0.712194367587891,0.9985290334951609
1,EVA1B,0.36766106,,0.713125981834817,0.9985290334951609
1,C14orf80,0.3655785,,0.7146796229293886,0.9985290334951609
1,STRA13,0.36239517,,0.7170567591094914,0.9985290334951609
1,TMEM102,0.36174065,,0.7175458568511909,0.9985290334951609
1,PSMA1,0.36093736,,0.7181462714407698,0.9985290334951609
1,RP11-398C13.6,0.3600151,,0.7188358510240043,0.9985290334951609
1,PTGDR2,0.3600151,,0.7188358510240043,0.9985290334951609
1,ELANE,0.35754576,,0.7206832707138948,0.9985290334951609
1,RPUSD4,0.35579047,,0.7219974895833305,0.9985290334951609
1,IFFO1,0.34903702,,0.727061515708475,0.9985290334951609
1,DPY19L4,0.34894776,,0.727128521625908,0.9985290334951609
1,DMAP1,0.3463892,,0.7290502434810149,0.9985290334951609
1,RRAGC,0.33957624,,0.734175665859929,0.9985290334951609
1,HP,0.3385052,,0.7349824943188755,0.9985290334951609
1,LINC00211,0.3385052,,0.7349824943188755,0.9985290334951609
1,HDAC9,0.3381482,,0.7352515021941719,0.9985290334951609
1,ST7L,0.3247901,,0.7453399560527019,0.9985290334951609
1,SYCE1,0.32368928,,0.7461732768459308,0.9985290334951609
1,ZNF688,0.31330624,,0.7540480051675312,0.9985290334951609
1,TTN-AS1,0.31101543,,0.7557888912810227,0.9985290334951609
1,PRPF8,0.30952787,,0.7569200017715153,0.9985290334951609
1,RNF14,0.3029232,,0.7619483920432207,0.9985290334951609
1,IQCE,0.30271494,,0.7621071097104456,0.9985290334951609
1,FZD2,0.2979548,,0.7657376578963987,0.9985290334951609
1,ELOVL3,0.2979548,,0.7657376578963987,0.9985290334951609
1,SDPR,0.29393843,0.19354163,0.7688049440378242,0.9985290334951609
1,TAF12,0.2916774,,0.7705333094689296,0.9985290334951609
1,DHX34,0.2902791,,0.7716027381641233,0.9985290334951609
1,STUB1,0.29007083,,0.7717620519713853,0.9985290334951609
1,SPATA6,0.2857272,,0.775087066996893,0.9985290334951609
1,ATP5O,0.2837339,,0.7766143157837535,0.9985290334951609
1,YPEL3,0.28010428,,0.779397491349427,0.9985290334951609
1,THAP2,0.27962828,,0.7797627086928143,0.9985290334951609
1,RIN2,0.27891427,,0.7803106258393827,0.9985290334951609
1,CLU,0.2786465,-0.024779381,0.7805161229179622,0.9985290334951609
1,ZFX,0.27745646,,0.7814296285845901,0.9985290334951609
1,ADSL,0.27706972,,0.781726582938185,0.9985290334951609
1,XPNPEP1,0.27662346,,0.7820692621180422,0.9985290334951609
1,F13A1,0.27400535,,0.7840804967009087,0.9985290334951609
1,TYW5,0.27302358,,0.7848350824579335,0.9985290334951609
1,ZNF350,0.2716253,,0.7859101445704141,0.9985290334951609
1,FEM1A,0.27043527,,0.7868254128148817,0.9985290334951609
1,RPPH1,0.2704055,,0.786848298300631,0.9985290334951609
1,TRIM14,0.2682932,,0.7884736372531801,0.9985290334951609
1,ST3GAL2,0.26740068,,0.7891606774850372,0.9985290334951609
1,PROCA1,0.26674616,,0.789664611241822,0.9985290334951609
1,PDK2,0.2666569,,0.7897333363032373,0.9985290334951609
1,NMNAT3,0.26439583,,0.7914749154003955,0.9985290334951609
1,ERI3,0.26153976,,0.7936762923640854,0.9985290334951609
1,NT5C,0.25874317,,0.795833401366809,0.9985290334951609
1,SENP2,0.2574044,,0.7968666135717646,0.9985290334951609
1,SSBP3,0.25294176,,0.80031321648435,0.9985290334951609
1,PGRMC1,0.24806263,,0.8040859546361223,0.9985290334951609
1,CRLS1,0.24598007,,0.8056976659053134,0.9985290334951609
1,IL1RAP,0.24470077,,0.8066881269971503,0.9985290334951609
1,LMF2,0.24142818,,0.8092232723899545,0.9985290334951609
1,RPH3A,0.24083316,,0.8096844239496777,0.9985290334951609
1,PROK2,0.24083316,,0.8096844239496777,0.9985290334951609
1,SLC50A1,0.23860185,,0.811414329635813,0.9985290334951609
1,CCDC153,0.23836385,,0.8115989074253814,0.9985290334951609
1,WNT5B,0.23836385,,0.8115989074253814,0.9985290334951609
1,RNASE3,0.23836385,,0.8115989074253814,0.9985290334951609
1,TM7SF3,0.23532926,3.387887,0.8139531887738356,0.9985290334951609
1,GBP1,0.2351805,,0.8140686381318946,0.9985290334951609
1,MBNL1-AS1,0.23431773,,0.8147383239808281,0.9985290334951609
1,ABCC10,0.23181866,,0.8166788660979004,0.9985290334951609
1,ATXN7L3B,0.23107488,,0.8172566260602685,0.9985290334951609
1,PDIA5,0.22661225,,0.8207252606688635,0.9985290334951609
1,ARRDC4,0.22643375,,0.8208640794882722,0.9985290334951609
1,RFC2,0.22455944,,0.822322015060375,0.9985290334951609
1,ZNF503,0.22223888,,0.8241279279759478,0.9985290334951609
1,SNW1,0.22170337,,0.8245448097432098,0.9985290334951609
1,RAB11B,0.22104885,,0.8250543991105307,0.9985290334951609
1,RP11-1055B8.7,0.21944231,,0.8263055215525149,0.9985290334951609
1,AC004069.2,0.21932329,,0.8263982148760236,0.9985290334951609
1,RAB8B,0.21322437,,0.8311519589330567,0.9985290334951609
1,SAMD4B,0.21149883,,0.8324980506673731,0.9985290334951609
1,BANP,0.21004103,,0.8336356491504505,0.9985290334951609
1,F5,0.20769072,,0.8354704691250756,0.9985290334951609
1,ADIPOR2,0.20501314,,0.837561861474391,0.9985290334951609
1,WIBG,0.20480488,,0.8377245736407949,0.9985290334951609
1,INTS2,0.20474538,,0.8377710641062079,0.9985290334951609
1,RCE1,0.20379335,,0.8385149884736303,0.9985290334951609
1,NEFH,0.20304959,,0.8390962798558192,0.9985290334951609
1,RP1-111C20.4,0.20275207,,0.8393288210084731,0.9985290334951609
1,THUMPD3,0.20099677,,0.8407010986808034,0.9985290334951609
1,TMEM251,0.20096701,,0.8407243618091301,0.9985290334951609
1,LINC00984,0.20040175,,0.8411663876517737,0.9985290334951609
1,RSPH9,0.20028275,,0.8412594521092893,0.9985290334951609
1,C5AR2,0.20028275,,0.8412594521092893,0.9985290334951609
1,EMG1,0.19986624,,0.8415851951702662,0.9985290334951609
1,HMGCL,0.1986762,,0.8425160388716724,0.9985290334951609
1,USP19,0.19638538,,0.8443085315664817,0.9985290334951609
1,RP5-827C21.4,0.1948681,,0.845496211589221,0.9985290334951609
1,TMEM62,0.19445159,,0.8458223029498039,0.9985290334951609
1,SPARC,0.19412433,-1.8344873,0.8460785361215835,0.9985290334951609
1,TSPAN33,0.18841216,,0.8505535681380343,0.9985290334951609
1,GOLGB1,0.18707336,,0.8516031060241738,0.9985290334951609
1,ANKRD9,0.18594284,,0.852489587265412,0.9985290334951609
1,RP11-145M9.4,0.18400903,,0.854006368203246,0.9985290334951609
1,PRELID2,0.18371153,,0.8542397671673241,0.9985290334951609
1,PBRM1,0.18174797,1.4441035,0.8557805193395933,0.9985290334951609
1,TEX2,0.1812422,,0.8561774690480547,0.9985290334951609
1,UCK1,0.17651182,,0.8598918648269654,0.9985290334951609
1,C2orf76,0.17630357,,0.8600554635802893,0.9985290334951609
1,ISG20L2,0.1687766,,0.8659723677812009,0.9985290334951609
1,CTD-2368P22.1,0.16220166,,0.8711470546984825,0.9985290334951609
1,RP4-781K5.2,0.15973234,,0.8730919271308426,0.9985290334951609
1,AK4,0.15973234,,0.8730919271308426,0.9985290334951609
1,HOXA5,0.15973234,,0.8730919271308426,0.9985290334951609
1,ASB8,0.15521021,,0.8766556020867485,0.9985290334951609
1,YEATS2,0.1546747,,0.8770777833088663,0.9985290334951609
1,KIAA0196,0.15464494,,0.8771012388476815,0.9985290334951609
1,SEL1L,0.15402018,,0.8775938300599404,0.9985290334951609
1,SLC48A1,0.15393092,,0.877664204107114,0.9985290334951609
1,CLEC1B,0.1447379,,0.884917809674298,0.9985290334951609
1,AC147651.3,0.1446784,,0.8849647906829352,0.9985290334951609
1,SETD1B,0.14369662,2.0629275,0.88574003559542,0.9985290334951609
1,SCGB1C1,0.14328012,,0.8860689604632821,0.9985290334951609
1,ACVR2A,0.14316112,,0.8861629426049344,0.9985290334951609
1,MRPS12,0.14241734,,0.8867503672147485,0.9985290334951609
1,MRE11A,0.14107855,,0.8878078881099515,0.9985290334951609
1,VSIG10L,0.14069179,,0.8881134314177359,0.9985290334951609
1,SEPT4,0.14069179,,0.8881134314177359,0.9985290334951609
1,CLIP2,0.14069179,,0.8881134314177359,0.9985290334951609
1,RP1-266L20.2,0.14069179,,0.8881134314177359,0.9985290334951609
1,ISY1,0.14057279,,0.8882074480902282,0.9985290334951609
1,ALKBH4,0.13581266,,0.8919693907532283,0.9985290334951609
1,MCUR1,0.13500938,,0.892604460773866,0.9985290334951609
1,RP11-792A8.4,0.13474162,,0.8928161661065452,0.9985290334951609
1,SHARPIN,0.13450362,,0.8930043550371483,0.9985290334951609
1,ENHO,0.13352184,,0.8937806979419619,0.9985290334951609
1,TBC1D23,0.13322432,,0.8940159734950011,0.9985290334951609
1,YTHDC1,0.13310532,,0.8941100863284797,0.9985290334951609
1,CCL4L1,0.1323913,,0.8946747945894433,0.9985290334951609
1,GNPAT,0.13185579,,0.8950983608341825,0.9985290334951609
1,QRICH1,0.12947571,,0.896981237685905,0.9985290334951609
1,ILF3,0.12664938,,0.8992179068295774,0.9985290334951609
1,FBXW9,0.12650064,,0.8993356485938753,0.9985290334951609
1,EGFL7,0.12412056,,0.901219816404282,0.9985290334951609
1,RMND5A,0.12406106,,0.9012669277759527,0.9985290334951609
1,PGM2,0.123466045,,0.9017380605929189,0.9985290334951609
1,ZNF561,0.122722276,-0.81375974,0.9023270252690734,0.9985290334951609
1,MMP9,0.1217405,,0.9031045409088834,0.9985290334951609
1,TNS1,0.12165124,,0.9031752287683529,0.9985290334951609
1,RP11-42I10.1,0.12165124,,0.9031752287683529,0.9985290334951609
1,SLC4A8,0.12165124,,0.9031752287683529,0.9985290334951609
1,IPO9-AS1,0.12165124,,0.9031752287683529,0.9985290334951609
1,INPP5A,0.12165124,,0.9031752287683529,0.9985290334951609
1,hsa-mir-1199,0.12165124,,0.9031752287683529,0.9985290334951609
1,PXMP4,0.12162149,,0.9031987915587614,0.9985290334951609
1,KARS,0.12129423,,0.9034579878757899,0.9985290334951609
1,DENND6A,0.12040171,,0.9041649391370987,0.9985290334951609
1,TRMT61A,0.118438154,2.6175892,0.9057204985595382,0.9985290334951609
1,MADD,0.11715887,,0.9067341641095762,0.9985290334951609
1,MYL9,0.114064775,-2.3389637,0.9091864452604091,0.9985290334951609
1,USP38,0.109066635,-4.354037,0.9131496410308776,0.9985290334951609
1,CHPF2,0.10746009,-1.3630894,0.9144239890331521,0.9985290334951609
1,MANEA-AS1,0.10695432,,0.9148252183532667,0.9985290334951609
1,ATP10A,0.10665681,-3.6527727,0.9150612457457092,0.9985290334951609
1,NF1,0.10591304,,0.9156513469485354,0.9985290334951609
1,NUDT5,0.105645284,,0.9158637947784534,0.9985290334951609
1,PALLD,0.105080016,,0.9163123154698587,0.9985290334951609
1,ARG2,0.105080016,,0.9163123154698587,0.9985290334951609
1,PLA2G4C,0.10269995,-6.3363533,0.9182011142313549,0.9985290334951609
1,ATP8B3,0.1026107,-3.3807683,0.918271953233294,0.9985290334951609
1,ARHGAP19,0.1026107,-4.161901,0.918271953233294,0.9985290334951609
1,HOMER2,0.10249169,-3.6824212,0.9183664062449738,0.9985290334951609
1,KIF3C,0.10240244,,0.9184372467598305,0.9985290334951609
1,OMG,0.100141376,-6.417806,0.9202320875899294,0.9985290334951609
1,CTC-444N24.6,0.100141376,-4.0098734,0.9202320875899294,0.9985290334951609
1,RP11-211G3.2,0.100141376,,0.9202320875899294,0.9985290334951609
1,MAP3K7,0.09999262,,0.9203501835721655,0.9985290334951609
1,ATP5SL,0.09942736,,0.9207989643029383,0.9985290334951609
1,FAM173A,0.0992786,,0.9209170686933144,0.9985290334951609
1,AAGAB,0.09847533,1.5128047,0.9215548624754004,0.9985290334951609
1,IP6K1,0.096958034,,0.9227597213903287,0.9985290334951609
1,ANTXR2,0.09377469,,0.9252881354659764,0.9985290334951609
1,FBXO11,0.09323918,,0.9257135510201636,0.9985290334951609
1,R3HDM2,0.092882164,-0.37183306,0.925997173198176,0.9985290334951609
1,AKAP8,0.091989644,,0.9267062697118336,0.9985290334951609
1,LONRF1,0.09109712,,0.927415424446908,0.9985290334951609
1,EID2,0.09085911,,0.9276045421377331,0.9985290334951609
1,IL4I1,0.08972858,-2.1233516,0.9285029068381618,0.9985290334951609
1,FANCI,0.08827078,-5.114857,0.9296614588420612,0.9985290334951609
1,OSBPL1A,0.08639648,,0.9311512444370351,0.9985290334951609
1,COMMD10,0.08609897,,0.9313877406623833,0.9985290334951609
1,RP11-162G10.5,0.08556346,-1.9917669,0.9318134491201333,0.9985290334951609
1,CEP164,0.08437342,,0.9327595375769366,0.9985290334951609
1,ACOT11,0.08357015,-2.407485,0.9333982010708252,0.9985290334951609
1,RP1-315G1.3,0.08357015,-2.1537533,0.9333982010708252,0.9985290334951609
1,IFT81,0.08110083,-2.1382833,0.9353617666689398,0.9985290334951609
1,AC007879.7,0.08110083,-1.9943959,0.9353617666689398,0.9985290334951609
1,AURKC,0.08110083,-2.4176059,0.9353617666689398,0.9985290334951609
1,TDRP,0.08110083,-2.183182,0.9353617666689398,0.9985290334951609
1,SUOX,0.08110083,-2.3802357,0.9353617666689398,0.9985290334951609
1,RP11-10K16.1,0.08110083,-2.2611868,0.9353617666689398,0.9985290334951609
1,PPIL2,0.08083307,,0.9355747072669096,0.9985290334951609
1,ARHGAP24,0.08044631,0.41868237,0.9358822962633191,0.9985290334951609
1,RFNG,0.08038681,1.1008263,0.9359296184979631,0.9985290334951609
1,BMPR2,0.07970254,,0.9364738404233997,0.9985290334951609
1,WARS2,0.07529941,0.73825413,0.9399764892308419,0.9985290334951609
1,SMARCC2,0.07461514,,0.9405209257733949,0.9985290334951609
1,SPEN,0.074020125,0.89033306,0.940994371458513,0.9985290334951609
1,AC010642.1,0.073901124,,0.941089063103176,0.9985290334951609
1,SPRTN,0.0731871,,0.9416572304126016,0.9985290334951609
1,SAMD1,0.07080703,-2.2005522,0.9435513342642845,0.9985290334951609
1,RASD1,0.069914505,-0.15475942,0.9442617060840685,0.9985290334951609
1,SH3KBP1,0.069170736,,0.9448537164868314,0.9985290334951609
1,TREML1,0.06848647,0.08309526,0.9453983929656147,0.9985290334951609
1,ARSG,0.06783195,6.1821957,0.9459194117470867,0.9985290334951609
1,PRRG2,0.06711793,-2.1653028,0.9464878222469789,0.9985290334951609
1,RARS,0.06560063,,0.9476957846483687,0.9985290334951609
1,YWHAB,0.064678356,,0.9484300952377601,0.9985290334951609
1,FBXL14,0.064618856,-1.72287,0.9484774716253478,0.9985290334951609
1,GNE,0.064529605,-1.4465765,0.9485485365482259,0.9985290334951609
1,SERAC1,0.0643511,-1.3752575,0.9486906676213029,0.9985290334951609
1,CITED4,0.0625363,,0.9501357587585687,0.9985290334951609
1,PGM1,0.06235779,3.483273,0.9502779078070728,0.9985290334951609
1,RP11-294J22.6,0.06206028,-1.3331271,0.9505148264018984,0.9985290334951609
1,SYP,0.06206028,-1.3862811,0.9505148264018984,0.9985290334951609
1,CTD-3214H19.4,0.06206028,-1.3163761,0.9505148264018984,0.9985290334951609
1,C1QC,0.06206028,-1.3491405,0.9505148264018984,0.9985290334951609
1,RP1-20N2.6,0.06206028,-1.3542799,0.9505148264018984,0.9985290334951609
1,DCAF8,0.06197103,,0.9505859028343004,0.9985290334951609
1,CRTC1,0.0574489,-0.31277937,0.9541876110816263,0.9985290334951609
1,CPNE5,0.054920077,-1.4921621,0.9562021369299268,0.9985290334951609
1,BRAT1,0.054592818,,0.9564628609952927,0.9985290334951609
1,GOLGA1,0.054592818,1.1893897,0.9564628609952927,0.9985290334951609
1,SERPINF1,0.054057304,,0.9568895104099692,0.9985290334951609
1,UQCC1,0.05396805,-1.1067184,0.9569606198498395,0.9985290334951609
1,CES4A,0.052302003,-2.0653684,0.9582880583216025,0.9985290334951609
1,LDOC1L,0.052183,-2.068951,0.958382879825157,0.9985290334951609
1,NDUFB8-1,0.051082216,,0.9592600064730967,0.9985290334951609
1,DUSP10,0.05096321,1.0789828,0.9593548339487622,0.9985290334951609
1,TMEM18,0.04908891,,0.9608484416824971,0.9985290334951609
1,CAMK1D,0.04876165,,0.961109244574772,0.9985290334951609
1,KIAA1429,0.048642647,2.1211371,0.9612040830234738,0.9985290334951609
1,ATXN1L,0.048226133,1.6020254,0.9615360219084119,0.9985290334951609
1,PI4KB,0.047571614,,0.9620576536054243,0.9985290334951609
1,TMEM40,0.04742286,-0.3859466,0.9621762085370069,0.9985290334951609
1,AP001189.4,0.0470956,-0.1124747,0.9624370323266895,0.9985290334951609
1,UBE2K,0.04560806,,0.9636226452568288,0.9985290334951609
1,TMEM60,0.045429554,,0.9637649242655797,0.9985290334951609
1,C2orf88,0.045399804,-0.8933026,0.9637886375460023,0.9985290334951609
1,TUBB1,0.04519155,2.5532742,0.9639546314046039,0.9985290334951609
1,PEX26,0.04486429,,0.964215482050297,0.9985290334951609
1,ZNF436,0.04307924,-1.173868,0.9656383704442698,0.9985290334951609
1,TTC8,0.04307924,-1.9863899,0.9656383704442698,0.9985290334951609
1,CCDC121,0.043019734,-0.82571316,0.9656858019670134,0.9985290334951609
1,CTTN,0.043019734,-0.8369098,0.9656858019670134,0.9985290334951609
1,ENKUR,0.043019734,-0.8239224,0.9656858019670134,0.9985290334951609
1,CTD-2537I9.12,0.043019734,-0.87149906,0.9656858019670134,0.9985290334951609
1,SLC25A14,0.042900734,-0.18486165,0.9657806653765713,0.9985290334951609
1,MTIF2,0.04242472,,0.9661601238444993,0.9985290334951609
1,NOC4L,0.041323937,,0.9670376507582028,0.9985290334951609
1,RP13-270P17.3,0.040252905,,0.9678914990521382,0.9985290334951609
1,ARL2,0.039866146,,0.9681998422562339,0.9985290334951609
1,TANGO6,0.039271127,3.6820343,0.9686742256837467,0.9985290334951609
1,OTUD5,0.034302734,,0.9726357439814299,0.9985290334951609
1,GYS1,0.033558965,-1.2131861,0.9732288461313574,0.9985290334951609
1,C9orf3,0.030673131,-0.49570283,0.9755302196478871,0.9985290334951609
1,CCDC94,0.030137615,,0.9759573016322981,0.9985290334951609
1,WDR44,0.0296021,0.4273804,0.9763843905095075,0.9985290334951609
1,MRPL19,0.02823356,,0.977475870333567,0.9985290334951609
1,POLA1,0.024098191,-0.62249285,0.980774285526987,0.9985290334951609
1,IDO1,0.024038691,-0.4609849,0.9808217472724856,0.9985290334951609
1,DRAXIN,0.023979189,-0.40106034,0.9808692090858709,0.9985290334951609
1,CD274,0.023979189,-0.4312121,0.9808692090858709,0.9985290334951609
1,SHPK-1,0.023979189,-0.42443755,0.9808692090858709,0.9985290334951609
1,RP11-1000B6.3,0.023979189,-0.42171264,0.9808692090858709,0.9985290334951609
1,PARS2,0.023979189,-0.43054628,0.9808692090858709,0.9985290334951609
1,NT5M,0.023979189,-0.4291,0.9808692090858709,0.9985290334951609
1,AC004257.3,0.023830434,-0.32904768,0.980987863915236,0.9985290334951609
1,CLDN5,0.023830434,-0.19481334,0.980987863915236,0.9985290334951609
1,WDR11-AS1,0.021509867,-0.41340423,0.9828389320613173,0.9985290334951609
1,FAM209A,0.021509867,-0.42767388,0.9828389320613173,0.9985290334951609
1,NRN1L,0.021509867,-0.40826988,0.9828389320613173,0.9985290334951609
1,CCDC62,0.021509867,-0.42964938,0.9828389320613173,0.9985290334951609
1,SCIN,0.021509867,-0.3993831,0.9828389320613173,0.9985290334951609
1,GUCA1B,0.021509867,-0.39767233,0.9828389320613173,0.9985290334951609
1,ZNF433,0.021509867,-0.41339996,0.9828389320613173,0.9985290334951609
1,ZNF425,0.021509867,-0.42229906,0.9828389320613173,0.9985290334951609
1,RP11-359I18.5,0.021509867,-0.416729,0.9828389320613173,0.9985290334951609
1,RP13-314C10.5,0.021509867,-0.42549062,0.9828389320613173,0.9985290334951609
1,AC145110.1,0.021509867,-0.4085337,0.9828389320613173,0.9985290334951609
1,MEG3,0.021509867,-0.42174682,0.9828389320613173,0.9985290334951609
1,C19orf44,0.021509867,-0.41114378,0.9828389320613173,0.9985290334951609
1,MAP1A,0.021509867,-0.42862785,0.9828389320613173,0.9985290334951609
1,BHLHE40-AS1,0.021509867,-0.4087436,0.9828389320613173,0.9985290334951609
1,AC093642.3,0.021509867,-0.39200962,0.9828389320613173,0.9985290334951609
1,RP11-544A12.4,0.021509867,-0.43775108,0.9828389320613173,0.9985290334951609
1,TACR2,0.021509867,-0.3921586,0.9828389320613173,0.9985290334951609
1,SEC14L5,0.021509867,-0.46189553,0.9828389320613173,0.9985290334951609
1,TLR3,0.021509867,-0.43984973,0.9828389320613173,0.9985290334951609
1,CTD-2012J19.3,0.021509867,-0.40520686,0.9828389320613173,0.9985290334951609
1,C10orf25,0.021509867,-0.41459936,0.9828389320613173,0.9985290334951609
1,RP11-977G19.12,0.021509867,-0.4138498,0.9828389320613173,0.9985290334951609
1,RP11-356N1.2,0.021509867,-0.39231297,0.9828389320613173,0.9985290334951609
1,RP11-805J14.5,0.021509867,-0.39898068,0.9828389320613173,0.9985290334951609
1,PPT2-EGFL8,0.021509867,-0.487992,0.9828389320613173,0.9985290334951609
1,KCNH3,0.021509867,-0.39661607,0.9828389320613173,0.9985290334951609
1,LRRC24,0.021509867,-0.4144341,0.9828389320613173,0.9985290334951609
1,PRUNE,0.017553004,1.148163,0.9859954482635575,0.9985290334951609
1,LRIG2,0.015886957,1.0867453,0.9873245761602987,0.9985290334951609
1,BLM,0.014905178,,0.9881078289527458,0.9985290334951609
1,STAMBP,0.014696922,,0.9882739749834807,0.9985290334951609
1,RP11-488C13.5,0.0142804105,0.516111,0.9886062685633287,0.9985290334951609
1,IL6,0.013685393,0.1714554,0.989080977091694,0.9985290334951609
1,ARHGAP21,0.013298632,0.5980948,0.9893895397185655,0.9985290334951609
1,TMEM140,0.013090376,,0.9895556894856467,0.9985290334951609
1,KLHL24,0.011364826,,0.9909323757358917,0.9985290334951609
1,PTCRA,0.011067318,0.97079045,0.9911697382771635,0.9985290334951609
1,PPP6R1,0.009996287,-0.55170786,0.9920242497462,0.9985290334951609
1,NDUFS1,0.0092227645,1.0598736,0.992641402664442,0.9985290334951609
1,GP9,0.008865754,1.0736723,0.9929262439801794,0.9985290334951609
1,GNPTAB,0.008627748,,0.9931161386937848,0.9985290334951609
1,LYSMD4,0.007497215,-0.29853743,0.9940181437249447,0.9985290334951609
1,RP5-894A10.2,0.007497215,-0.2629306,0.9940181437249447,0.9985290334951609
1,ZNF69,0.007407963,-0.14343946,0.9940893549891441,0.9985290334951609
1,CTB-113I20.2,0.0072592082,-0.10600413,0.9942080405338263,0.9985290334951609
1,SEPT5,0.0072592082,-0.23387125,0.9942080405338263,0.9985290334951609
1,BLCAP,0.007021202,,0.9943979376708006,0.9985290334951609
1,MYO1E,0.005057645,-0.16124764,0.9959646001673111,0.9985290334951609
1,CLEC4C,0.0049981433,-0.09479444,0.9960120750617749,0.9985290334951609
1,C5orf42,0.0049981433,-0.114480935,0.9960120750617749,0.9985290334951609
1,DNASE1L3,0.0049981433,-0.11265817,0.9960120750617749,0.9985290334951609
1,RP11-178G16.4,0.004938642,-0.08430388,0.9960595499703576,0.9985290334951609
1,ZNF841,0.004938642,-0.08145228,0.9960595499703576,0.9985290334951609
1,WBP2NL,0.004938642,-0.0822175,0.9960595499703576,0.9985290334951609
1,CTC-454I21.3,0.002469321,-0.041047756,0.9980297689784133,0.9985290334951609
1,RP13-270P17.1,0.002469321,-0.040591847,0.9980297689784133,0.9985290334951609
1,TMPRSS11E,0.002469321,-0.046198823,0.9980297689784133,0.9985290334951609
1,LNP1,0.002469321,-0.042031188,0.9980297689784133,0.9985290334951609
1,ABCG2,0.002469321,-0.04196681,0.9980297689784133,0.9985290334951609
1,HMBOX1,0.0012495358,,0.9990030148738765,0.9990030148738765
1,WDR91,-0.0042543723,2.9091744,0.9966055123794944,0.9985290334951609
1,ZNF212,-0.004938642,1.585002,0.9960595499703576,0.9985290334951609
1,PNPLA8,-0.0062774303,,0.994991368220068,0.9985290334951609
1,CEP85L,-0.006307181,,0.9949676309427146,0.9985290334951609
1,MARCH5,-0.008419491,,0.9932822968884316,0.9985290334951609
1,ZCCHC9,-0.010710307,,0.9914545743564822,0.9985290334951609
1,TSC22D1,-0.011067318,2.085009,0.9911697382771635,0.9985290334951609
1,GLRX3,-0.01115657,,0.9910985294317638,0.9985290334951609
1,TUBG2,-0.014101905,0.2478635,0.9887486807059535,0.9985290334951609
1,ZNF397,-0.016481973,,0.9868498833956411,0.9985290334951609
1,RP11-324I22.4,-0.016541475,0.12581803,0.9868024143724453,0.9985290334951609
1,SCN1B,-0.016541475,0.24759685,0.9868024143724453,0.9985290334951609
1,CYTH3,-0.016571226,0.25716737,0.9867786798783574,0.9985290334951609
1,LY6G5B,-0.016571226,0.26089093,0.9867786798783574,0.9985290334951609
1,CTD-2302E22.4,-0.016571226,0.2563288,0.9867786798783574,0.9985290334951609
1,RP11-879F14.2,-0.016571226,0.27100027,0.9867786798783574,0.9985290334951609
1,C6orf99,-0.016571226,0.2524675,0.9867786798783574,0.9985290334951609
1,RPA4,-0.016571226,0.2635451,0.9867786798783574,0.9985290334951609
1,AC137932.6,-0.016571226,0.26436168,0.9867786798783574,0.9985290334951609
1,RP11-423O2.5,-0.016571226,0.2573989,0.9867786798783574,0.9985290334951609
1,ZNF594,-0.016571226,0.2543922,0.9867786798783574,0.9985290334951609
1,MYH10,-0.016571226,0.2709926,0.9867786798783574,0.9985290334951609
1,NIPSNAP3B,-0.016571226,0.25606954,0.9867786798783574,0.9985290334951609
1,LINC00957,-0.016571226,0.25378698,0.9867786798783574,0.9985290334951609
1,RP11-252A24.3,-0.016571226,0.251396,0.9867786798783574,0.9985290334951609
1,TP53BP2,-0.017999267,1.6610649,0.9856394383097944,0.9985290334951609
1,BRWD1,-0.020706594,,0.9834797084532865,0.9985290334951609
1,SCP2,-0.020736346,,0.9834559758017138,0.9985290334951609
1,FBXO25,-0.021063605,,0.9831949176053567,0.9985290334951609
1,DERL1,-0.022789154,,0.9818184593511368,0.9985290334951609
1,RAB40C,-0.025288226,3.6841698,0.9798250651318269,0.9985290334951609
1,CCDC22,-0.02716253,,0.9783301014565611,0.9985290334951609
1,EOGT,-0.02888808,0.8652453,0.9769538528564133,0.9985290334951609
1,TRIP12,-0.030375622,,0.9757674865587679,0.9985290334951609
1,ZNF615,-0.030881386,0.8044405,0.9753641340973006,0.9985290334951609
1,AC074138.3,-0.03100039,0.6775326,0.9752692285475016,0.9985290334951609
1,GUCD1,-0.031089643,,0.9751980496148456,0.9985290334951609
1,CUL4B,-0.03126815,0.18773791,0.9750556923426273,0.9985290334951609
1,DISP1,-0.03314245,0.5410825,0.973560989822757,0.9985290334951609
1,ESAM,-0.03338046,0.7113525,0.9733711928625489,0.9985290334951609
1,VPS13C,-0.034391988,,0.9725645727338393,0.9985290334951609
1,USP25,-0.035463016,,0.9717105349649748,0.9985290334951609
1,ARVCF,-0.03558202,0.7052028,0.9716156438639607,0.9985290334951609
1,RP11-219B4.7,-0.03561177,0.5234047,0.9715919211514367,0.9985290334951609
1,TGFB1I1,-0.03561177,0.5236859,0.9715919211514367,0.9985290334951609
1,LGALSL,-0.03561177,0.54317105,0.9715919211514367,0.9985290334951609
1,PDZK1IP1,-0.03561177,0.5251326,0.9715919211514367,0.9985290334951609
1,TTC30A,-0.03561177,0.5541172,0.9715919211514367,0.9985290334951609
1,SMIM5,-0.03561177,0.5283215,0.9715919211514367,0.9985290334951609
1,ZNF587B,-0.03561177,0.5170425,0.9715919211514367,0.9985290334951609
1,BGLAP,-0.03561177,0.51016444,0.9715919211514367,0.9985290334951609
1,PBLD,-0.03561177,0.5179214,0.9715919211514367,0.9985290334951609
1,GTPBP6,-0.038170345,,0.969551864122327,0.9985290334951609
1,EDC3,-0.03974714,,0.9682947180468837,0.9985290334951609
1,TOP2B,-0.040520664,,0.9676780334893325,0.9985290334951609
1,ANAPC4,-0.04102643,,0.9672748270909814,0.9985290334951609
1,NAPA-AS1,-0.044150267,2.2871997,0.9647846239875695,0.9985290334951609
1,EXOC6,-0.045102295,,0.9640257721083756,0.9985290334951609
1,DDX17,-0.046827845,,0.9626504366004754,0.9985290334951609
1,TMEM194A,-0.048196383,1.5431553,0.9615597320845846,0.9985290334951609
1,C6orf25,-0.04840464,2.022917,0.9613937615664994,0.9985290334951609
1,SMYD4,-0.0487319,,0.9611329541354066,0.9985290334951609
1,ST20,-0.04980293,0.57576793,0.9602794317711714,0.9985290334951609
1,USP8,-0.050725207,,0.9595444906240871,0.9985290334951609
1,ZNF404,-0.0521235,0.79399806,0.9584302907978327,0.9985290334951609
1,RAB38,-0.052183,0.8232442,0.958382879825157,0.9985290334951609
1,METTL21A,-0.052510258,,0.9581221221113041,0.9985290334951609
1,RP1-28O10.1,-0.05462257,0.9333681,0.9564391586146286,0.9985290334951609
1,CXCR1,-0.05465232,0.77651614,0.9564154562724826,0.9985290334951609
1,TPM2,-0.05465232,0.7866015,0.9564154562724826,0.9985290334951609
1,CTD-2015H6.3,-0.05465232,0.76736945,0.9564154562724826,0.9985290334951609
1,FSTL1,-0.05465232,0.7463054,0.9564154562724826,0.9985290334951609
1,PRICKLE1,-0.05465232,0.7837931,0.9564154562724826,0.9985290334951609
1,LINC00886,-0.05465232,0.9333334,0.9564154562724826,0.9985290334951609
1,ZNF653,-0.05465232,0.7674087,0.9564154562724826,0.9985290334951609
1,JAM3,-0.05465232,0.7727806,0.9564154562724826,0.9985290334951609
1,AP4B1-AS1,-0.05465232,0.76039386,0.9564154562724826,0.9985290334951609
1,AC068580.6,-0.057121642,0.88979656,0.9544482982136611,0.9985290334951609
1,RP11-490M8.1,-0.057121642,0.86574656,0.9544482982136611,0.9985290334951609
1,ACVR2B,-0.057121642,0.9075197,0.9544482982136611,0.9985290334951609
1,AL928742.12,-0.057121642,0.8603232,0.9544482982136611,0.9985290334951609
1,CTC-260E6.6,-0.057121642,0.8703159,0.9544482982136611,0.9985290334951609
1,KRTAP5-AS1,-0.057121642,0.8847989,0.9544482982136611,0.9985290334951609
1,CLECL1,-0.057121642,0.89954793,0.9544482982136611,0.9985290334951609
1,RP11-559M23.1,-0.057121642,0.9336606,0.9544482982136611,0.9985290334951609
1,RP11-159H10.3,-0.057121642,0.8604802,0.9544482982136611,0.9985290334951609
1,RP11-110I1.14,-0.057121642,0.9191244,0.9544482982136611,0.9985290334951609
1,MEIS1,-0.057121642,0.88859016,0.9544482982136611,0.9985290334951609
1,RP11-178L8.7,-0.057121642,0.86135876,0.9544482982136611,0.9985290334951609
1,RP11-77H9.2,-0.057121642,0.8424236,0.9544482982136611,0.9985290334951609
1,NCKAP1,-0.057121642,0.86656797,0.9544482982136611,0.9985290334951609
1,ZNF763,-0.057121642,0.8573373,0.9544482982136611,0.9985290334951609
1,NUDT12,-0.057121642,0.8610179,0.9544482982136611,0.9985290334951609
1,FBXL22,-0.057121642,0.87301314,0.9544482982136611,0.9985290334951609
1,RP4-773N10.4,-0.057121642,0.9253119,0.9544482982136611,0.9985290334951609
1,LINC00959,-0.057121642,0.9025572,0.9544482982136611,0.9985290334951609
1,LCN2,-0.057121642,0.8791892,0.9544482982136611,0.9985290334951609
1,HRASLS,-0.057121642,0.94161546,0.9544482982136611,0.9985290334951609
1,SOX13,-0.057121642,0.91236866,0.9544482982136611,0.9985290334951609
1,RAB12,-0.057121642,0.8803954,0.9544482982136611,0.9985290334951609
1,SERPINE1,-0.057121642,0.90118766,0.9544482982136611,0.9985290334951609
1,DPY19L2,-0.057121642,0.85059845,0.9544482982136611,0.9985290334951609
1,BEND2,-0.057121642,0.90660375,0.9544482982136611,0.9985290334951609
1,GLS2,-0.057121642,0.89134085,0.9544482982136611,0.9985290334951609
1,CCDC163P,-0.057121642,0.8438433,0.9544482982136611,0.9985290334951609
1,SPOCD1,-0.057121642,0.8814789,0.9544482982136611,0.9985290334951609
1,RP11-247A12.2,-0.057121642,0.92271733,0.9544482982136611,0.9985290334951609
1,CALD1,-0.057121642,0.84828055,0.9544482982136611,0.9985290334951609
1,RP11-420A6.2,-0.057121642,0.8598784,0.9544482982136611,0.9985290334951609
1,TAL1,-0.057121642,1.0198879,0.9544482982136611,0.9985290334951609
1,CTD-2541M15.1,-0.057121642,0.914906,0.9544482982136611,0.9985290334951609
1,SYTL4,-0.057121642,0.8688091,0.9544482982136611,0.9985290334951609
1,NPPA-AS1,-0.057121642,0.858562,0.9544482982136611,0.9985290334951609
1,ZNF263,-0.05777616,,0.953926928850644,0.9985290334951609
1,TADA2A,-0.060037225,2.5138261,0.9521259877840841,0.9985290334951609
1,PRR5L,-0.06301231,,0.9497567023992062,0.9985290334951609
1,F11R,-0.06601714,1.1819235,0.9473641750360273,0.9985290334951609
1,CCDC115,-0.06827821,,0.9455641691461111,0.9985290334951609
1,USP30,-0.06866497,1.5029882,0.9452563009782172,0.9985290334951609
1,TRIM16L,-0.06884348,1.1128814,0.9451142107324376,0.9985290334951609
1,RP11-532F6.3,-0.07110454,1.1084751,0.9433145536058889,0.9985290334951609
1,AC092295.7,-0.07122354,1.1471876,0.9432198427438422,0.9985290334951609
1,RP3-325F22.5,-0.0714913,1.4462882,0.9430067462413292,0.9985290334951609
1,RP11-5C23.1,-0.07152105,1.1763043,0.9429830691036811,0.9985290334951609
1,TRAPPC12-AS1,-0.07152105,1.1700923,0.9429830691036811,0.9985290334951609
1,DOHH,-0.07229458,,0.9423674812693533,0.9985290334951609
1,MGMT,-0.07232433,,0.9423438054992953,0.9985290334951609
1,USP36,-0.0730681,,0.9417519278586317,0.9985290334951609
1,TOP2A,-0.073633365,1.0059153,0.9413021223464441,0.9985290334951609
1,PRKAR2B,-0.073663116,1.0322658,0.9412784488894724,0.9985290334951609
1,PLCL1,-0.073692866,1.0529808,0.9412547754843821,0.9985290334951609
1,THBS1,-0.073692866,1.0395802,0.9412547754843821,0.9985290334951609
1,FAXDC2,-0.073692866,1.053251,0.9412547754843821,0.9985290334951609
1,EML6,-0.073692866,1.0783147,0.9412547754843821,0.9985290334951609
1,C1orf198,-0.073692866,1.0311147,0.9412547754843821,0.9985290334951609
1,RFPL2,-0.073692866,1.1422483,0.9412547754843821,0.9985290334951609
1,SPATA7,-0.073692866,1.1186903,0.9412547754843821,0.9985290334951609
1,LY6G6F,-0.073692866,1.0224224,0.9412547754843821,0.9985290334951609
1,INIP,-0.07526966,,0.9400001598033992,0.9985290334951609
1,GATA2,-0.07616219,1.058014,0.9392900657781182,0.9985290334951609
1,KCNJ14,-0.07616219,1.065336,0.9392900657781182,0.9985290334951609
1,C2CD4D,-0.07616219,1.288101,0.9392900657781182,0.9985290334951609
1,CA6,-0.07616219,1.0517256,0.9392900657781182,0.9985290334951609
1,SAMD14,-0.07616219,1.0834774,0.9392900657781182,0.9985290334951609
1,U73166.2,-0.07616219,1.0967672,0.9392900657781182,0.9985290334951609
1,LINC00174,-0.07616219,1.0480292,0.9392900657781182,0.9985290334951609
1,C1orf186,-0.07616219,1.071868,0.9392900657781182,0.9985290334951609
1,RP11-511B23.1,-0.07616219,1.0567646,0.9392900657781182,0.9985290334951609
1,RP11-308N19.1,-0.07616219,1.0523918,0.9392900657781182,0.9985290334951609
1,CTD-2227I18.1,-0.07616219,1.0666187,0.9392900657781182,0.9985290334951609
1,NEUROD2,-0.07616219,1.0761003,0.9392900657781182,0.9985290334951609
1,FAM65C,-0.07616219,1.0558625,0.9392900657781182,0.9985290334951609
1,RP11-647K16.1,-0.07616219,1.0733113,0.9392900657781182,0.9985290334951609
1,C15orf26,-0.07616219,1.0604757,0.9392900657781182,0.9985290334951609
1,ARHGEF4,-0.07616219,1.1019766,0.9392900657781182,0.9985290334951609
1,LIPC,-0.07616219,1.0568117,0.9392900657781182,0.9985290334951609
1,NEDD4,-0.07616219,1.0576099,0.9392900657781182,0.9985290334951609
1,RP11-932O9.7,-0.07616219,1.0625824,0.9392900657781182,0.9985290334951609
1,VIL1,-0.07616219,1.0838985,0.9392900657781182,0.9985290334951609
1,CACNA1C-AS1,-0.07616219,1.0736144,0.9392900657781182,0.9985290334951609
1,TAOK2,-0.07872076,,0.9372547323577928,0.9985290334951609
1,CTC-444N24.11,-0.08053556,,0.9358113133361233,0.9985290334951609
1,LIN52,-0.081933856,3.79304,0.9346993144478174,0.9985290334951609
1,NME6,-0.08502794,,0.932239177084524,0.9985290334951609
1,ARIH2OS,-0.08544445,,0.9319080536529503,0.9985290334951609
1,VMAC,-0.086902246,,0.9307492148157948,0.9985290334951609
1,MED7,-0.08937157,,0.9287866199420651,0.9985290334951609
1,IRAK4,-0.08940132,,0.9287629768371582,0.9985290334951609
1,DENND5B,-0.09014509,1.3117771,0.9281719197060941,0.9985290334951609
1,CDC42BPB,-0.09020459,1.3960725,0.9281246368432196,0.9985290334951609
1,PTCH1,-0.09026409,1.4363067,0.928077354234127,0.9985290334951609
1,IL24,-0.09026409,1.6365265,0.928077354234127,0.9985290334951609
1,RAB9A,-0.09047235,,0.9279118671032325,0.9985290334951609
1,URB2,-0.09059135,1.5465827,0.9278173044278889,0.9985290334951609
1,ACBD3,-0.09068061,,0.927746383090319,0.9985290334951609
1,CYB561,-0.09068061,,0.927746383090319,0.9985290334951609
1,C19orf33,-0.09267391,1.3057979,0.9261626238142793,0.9985290334951609
1,MCF2L,-0.09273341,1.27592,0.9261153518835293,0.9985290334951609
1,SH3BGRL2,-0.09273341,1.2638456,0.9261153518835293,0.9985290334951609
1,TCL1B,-0.09273341,1.285507,0.9261153518835293,0.9985290334951609
1,AP003419.16,-0.09273341,1.3194046,0.9261153518835293,0.9985290334951609
1,LRRIQ3,-0.09291192,1.7637295,0.9259735376569606,0.9985290334951609
1,DDX56,-0.09314992,,0.9257844556809848,0.9985290334951609
1,SIN3A,-0.09493498,,0.9243664752131365,0.9985290334951609
1,PVALB,-0.09520274,1.2529587,0.9241537987573498,0.9985290334951609
1,SMTN,-0.09520274,1.2248195,0.9241537987573498,0.9985290334951609
1,ARHGAP6,-0.09520274,1.2203964,0.9241537987573498,0.9985290334951609
1,RP11-378J18.3,-0.09520274,1.48079,0.9241537987573498,0.9985290334951609
1,KDM4A-AS1,-0.09520274,1.2823004,0.9241537987573498,0.9985290334951609
1,GPR55,-0.09520274,1.3304904,0.9241537987573498,0.9985290334951609
1,RNF165,-0.09520274,1.284041,0.9241537987573498,0.9985290334951609
1,SDCBP2,-0.09520274,1.310011,0.9241537987573498,0.9985290334951609
1,RP11-314N13.3,-0.09520274,1.2689787,0.9241537987573498,0.9985290334951609
1,DNAJC27,-0.09520274,1.2655911,0.9241537987573498,0.9985290334951609
1,ATP9A,-0.09520274,1.3085905,0.9241537987573498,0.9985290334951609
1,MCM10,-0.09520274,1.7271087,0.9241537987573498,0.9985290334951609
1,RP11-502I4.3,-0.09520274,1.2947569,0.9241537987573498,0.9985290334951609
1,RP11-141B14.1,-0.09520274,1.4101299,0.9241537987573498,0.9985290334951609
1,RP11-408A13.4,-0.09520274,1.2714229,0.9241537987573498,0.9985290334951609
1,ARHGAP11A,-0.09520274,1.3836875,0.9241537987573498,0.9985290334951609
1,RP11-493L12.4,-0.09520274,1.3910869,0.9241537987573498,0.9985290334951609
1,PLXNA1,-0.09520274,1.2840664,0.9241537987573498,0.9985290334951609
1,RAB6B,-0.09520274,1.2780014,0.9241537987573498,0.9985290334951609
1,FCGBP,-0.09520274,1.2781258,0.9241537987573498,0.9985290334951609
1,MED9,-0.09835632,,0.9216493547438972,0.9985290334951609
1,ARMCX5,-0.09901084,,0.9211296609896165,0.9985290334951609
1,NBR1,-0.09966536,,0.920610000912715,0.9985290334951609
1,ZBED5-AS1,-0.09999262,,0.9203501835721655,0.9985290334951609
1,AP4S1,-0.101093404,,0.919476315071702,0.9985290334951609
1,ZNF628,-0.10136116,,0.9192637671267392,0.9985290334951609
1,IDUA,-0.10757909,3.61009,0.9143295852995846,0.9985290334951609
1,EARS2,-0.109126136,1.9992956,0.913102447224497,0.9985290334951609
1,C16orf52,-0.10924514,1.8895786,0.9130080605312131,0.9985290334951609
1,CMTM5,-0.109512895,1.8424714,0.9127956949598126,0.9985290334951609
1,SARDH,-0.109631896,2.0651753,0.9127013122593364,0.9985290334951609
1,KIFC3,-0.11174421,1.438515,0.9110262254590172,0.9985290334951609
1,LINC01013,-0.11204172,1.5579311,0.9107903293328099,0.9985290334951609
1,RP11-545I5.3,-0.114243284,1.6945087,0.9090449437501763,0.9985290334951609
1,RPS6KL1,-0.114243284,1.6058941,0.9090449437501763,0.9985290334951609
1,LINC00494,-0.114243284,1.4715394,0.9090449437501763,0.9985290334951609
1,CTD-2012K14.7,-0.114243284,1.5311916,0.9090449437501763,0.9985290334951609
1,COLGALT2,-0.114243284,1.4539355,0.9090449437501763,0.9985290334951609
1,HIST1H2AH,-0.114243284,1.3530369,0.9090449437501763,0.9985290334951609
1,ITGB3,-0.114243284,1.4171774,0.9090449437501763,0.9985290334951609
1,RP11-390B4.5,-0.114243284,1.4622828,0.9090449437501763,0.9985290334951609
1,CLPX,-0.11531431,,0.9081959954423733,0.9985290334951609
1,PPIL4,-0.11692086,,0.9069227698615536,0.9985290334951609
1,FAM98A,-0.11760513,,0.906380542507886,0.9985290334951609
1,DDI2,-0.118140645,,0.9059562210892715,0.9985290334951609
1,RAD51B,-0.1201042,,0.9044006064680994,0.9985290334951609
1,FAM212A,-0.12501308,3.887772,0.9005131876733017,0.9985290334951609
1,ZWINT,-0.12632212,2.5174656,0.8994769416354357,0.9985290334951609
1,OLA1,-0.12638164,,0.8994298436006886,0.9985290334951609
1,MYOM2,-0.12641138,2.8222969,0.8994062947161194,0.9985290334951609
1,OBSCN,-0.1268874,3.6527517,0.8990295246216047,0.9985290334951609
1,PEMT,-0.12733366,,0.8986763233237293,0.9985290334951609
1,GP1BA,-0.1285832,2.2712948,0.8976874666820653,0.9985290334951609
1,RBM26-AS1,-0.12861294,2.6152182,0.8976639244065835,0.9985290334951609
1,HIST1H2BJ,-0.1286427,2.5439525,0.8976403822211823,0.9985290334951609
1,ALOX12,-0.130755,1.7357594,0.8959691185782589,0.9985290334951609
1,LILRA4,-0.13078475,1.8520507,0.8959455829325077,0.9985290334951609
1,PCP2,-0.13078475,1.8036197,0.8959455829325077,0.9985290334951609
1,TNFRSF9,-0.13078475,1.8196718,0.8959455829325077,0.9985290334951609
1,FMO4,-0.13078475,1.8313495,0.8959455829325077,0.9985290334951609
1,NFAT5,-0.13203429,,0.8949571687567743,0.9985290334951609
1,HGD,-0.13328382,1.6915033,0.8939689176377051,0.9985290334951609
1,CCDC122,-0.13328382,1.6639314,0.8939689176377051,0.9985290334951609
1,RP11-527L4.5,-0.13328382,1.9104327,0.8939689176377051,0.9985290334951609
1,YES1,-0.13328382,1.8645072,0.8939689176377051,0.9985290334951609
1,AP001462.6,-0.13328382,1.6767853,0.8939689176377051,0.9985290334951609
1,SNTA1,-0.13328382,1.7695673,0.8939689176377051,0.9985290334951609
1,RP11-432I5.1,-0.13328382,1.862873,0.8939689176377051,0.9985290334951609
1,CRIP3,-0.13328382,1.7637068,0.8939689176377051,0.9985290334951609
1,RP11-950C14.3,-0.13328382,1.6914514,0.8939689176377051,0.9985290334951609
1,RP11-219B17.1,-0.13328382,1.7426188,0.8939689176377051,0.9985290334951609
1,CAMK2N1,-0.13328382,1.9128742,0.8939689176377051,0.9985290334951609
1,RP11-138A9.2,-0.13399784,,0.8934042765050243,0.9985290334951609
1,FAM63A,-0.13789521,,0.8903232365526288,0.9985290334951609
1,SRP72,-0.13887699,,0.8895473559396464,0.9985290334951609
1,ZFAND4,-0.13887699,,0.8895473559396464,0.9985290334951609
1,SDAD1,-0.13938275,,0.8891477011029161,0.9985290334951609
1,NEK8,-0.13962077,4.534164,0.888959637980761,0.9985290334951609
1,MRM1,-0.14357762,,0.8858340121227619,0.9985290334951609
1,DPH6,-0.14539242,,0.8844010453191006,0.9985290334951609
1,RPUSD3,-0.14545193,,0.8843540691764809,0.9985290334951609
1,ZNF682,-0.14643371,5.787735,0.8835790216417432,0.9985290334951609
1,ZRANB3,-0.14798075,2.8858848,0.8823579610099529,0.9985290334951609
1,ARF4,-0.1480105,,0.8823344818048376,0.9985290334951609
1,ARHGEF7,-0.14830801,,0.8820996954434346,0.9985290334951609
1,SETD5,-0.1496468,,0.8810432853059269,0.9985290334951609
1,CTB-152G17.6,-0.15232438,2.3599274,0.8789311017582647,0.9985290334951609
1,RP11-798G7.6,-0.15232438,1.9621809,0.8789311017582647,0.9985290334951609
1,RP11-142C4.6,-0.15232438,1.9498961,0.8789311017582647,0.9985290334951609
1,CDT1,-0.15232438,2.162715,0.8789311017582647,0.9985290334951609
1,UBE2C,-0.15232438,2.0553336,0.8789311017582647,0.9985290334951609
1,HIST1H1B,-0.15232438,2.2056096,0.8789311017582647,0.9985290334951609
1,BIRC5,-0.15232438,2.0840802,0.8789311017582647,0.9985290334951609
1,WDR55,-0.15268138,,0.8786495420384207,0.9985290334951609
1,RUNDC1,-0.1529789,,0.8784149206605191,0.9985290334951609
1,SYVN1,-0.1567275,,0.8754596129031248,0.9985290334951609
1,RABL2A,-0.15681675,,0.8753892694279166,0.9985290334951609
1,GOT2,-0.15922657,,0.8734903695439599,0.9985290334951609
1,C8orf44,-0.16056536,,0.8724357392521822,0.9985290334951609
1,STT3A,-0.16065462,,0.8723654386055051,0.9985290334951609
1,RP11-349A22.5,-0.16071412,,0.872318572067699,0.9985290334951609
1,TGFBRAP1,-0.16148764,,0.87170934791866,0.9985290334951609
1,PPIB,-0.16330244,,0.8702803136628021,0.9985290334951609
1,PDCD2L,-0.16476023,,0.8691327073721218,0.9985290334951609
1,KIAA0101,-0.16669403,2.9723608,0.8676107981845788,0.9985290334951609
1,ITGA2B,-0.16684279,2.2450051,0.8674937484937202,0.9985290334951609
1,RPUSD1,-0.1673188,,0.8671192090167843,0.9985290334951609
1,SURF6,-0.1675568,,0.8669319504591849,0.9985290334951609
1,CTNNAL1,-0.16874684,2.2998495,0.8659957698922468,0.9985290334951609
1,ZNF256,-0.16880634,2.5176594,0.8659489657876625,0.9985290334951609
1,DHX8,-0.1690741,,0.8657383531369749,0.9985290334951609
1,LAMP3,-0.1691931,3.547757,0.8656447505740019,0.9985290334951609
1,CHMP4A,-0.17008564,,0.8649427915131153,0.9985290334951609
1,SEPHS2,-0.1705319,,0.8645918519062459,0.9985290334951609
1,ATAD3C,-0.17136492,2.4773433,0.863936836146466,0.9985290334951609
1,GNG3,-0.17136492,2.2218397,0.863936836146466,0.9985290334951609
1,GDF11,-0.17136492,2.253858,0.863936836146466,0.9985290334951609
1,INSL3,-0.17136492,2.2339735,0.863936836146466,0.9985290334951609
1,AEBP1,-0.17136492,2.844682,0.863936836146466,0.9985290334951609
1,SPIN1,-0.17184094,,0.8635625833767792,0.9985290334951609
1,LIX1L,-0.17359623,,0.8621827914931316,0.9985290334951609
1,C19orf52,-0.17704733,,0.859471209948976,0.9985290334951609
1,OSBPL7,-0.1778506,,0.8588403024454857,0.9985290334951609
1,PRDM2,-0.17862412,,0.8582328470633942,0.9985290334951609
1,PPP2R1B,-0.17957616,,0.8574853249194219,0.9985290334951609
1,KLC4,-0.18023068,,0.8569714775319859,0.9985290334951609
1,FKBP5,-0.18043894,,0.8568079933368427,0.9985290334951609
1,BNIP2,-0.18052818,,0.8567379305619558,0.9985290334951609
1,MTERFD1,-0.18165872,,0.8558505666396673,0.9985290334951609
1,ZFP69,-0.18225373,,0.855383606117736,0.9985290334951609
1,RWDD4,-0.18394953,,0.8540530469745481,0.9985290334951609
1,MLLT11,-0.1846933,,0.8534695991070341,0.9985290334951609
1,RNF26,-0.18585359,,0.8525595805784005,0.9985290334951609
1,STX18,-0.18588334,,0.8525362493450386,0.9985290334951609
1,ZNF175,-0.18793614,3.8013124,0.8509267069313,0.9985290334951609
1,LARGE,-0.18793614,3.0245905,0.8509267069313,0.9985290334951609
1,SNRNP35,-0.18915594,,0.8499706057977405,0.9985290334951609
1,C3orf18,-0.19040547,2.5171618,0.848991413846666,0.9985290334951609
1,CHERP,-0.19156575,,0.8480823727228766,0.9985290334951609
1,PHACTR4,-0.19388631,,0.8462648977454229,0.9985290334951609
1,ZNF333,-0.19474909,,0.8455893778511454,0.9985290334951609
1,HMG20A,-0.19573087,,0.8448208208817246,0.9985290334951609
1,SLC20A2,-0.19614738,,0.8444948109829458,0.9985290334951609
1,DHX15,-0.1965639,,0.8441688277173472,0.9985290334951609
1,MINA,-0.19665314,,0.844098977630686,0.9985290334951609
1,HCFC2,-0.19941998,,0.84193423568416,0.9985290334951609
1,TRIM23,-0.20287107,,0.8392358028630165,0.9985290334951609
1,ELOVL4,-0.20483463,,0.8377013286205313,0.9985290334951609
1,ZNF799,-0.2053999,,0.8372597001724112,0.9985290334951609
1,HEMGN,-0.2069172,3.6262698,0.8360745303405845,0.9985290334951609
1,PMEPA1,-0.2073337,3.76397,0.8357492545722806,0.9985290334951609
1,MRPS18A,-0.20795847,,0.8352613936028525,0.9985290334951609
1,HEMK1,-0.20870224,,0.834680689389974,0.9985290334951609
1,ANKEF1,-0.20944601,2.8872209,0.8341000753109232,0.9985290334951609
1,SEC61A2,-0.20944601,2.7351549,0.8341000753109232,0.9985290334951609
1,GARS,-0.21459292,,0.8300847208477994,0.9985290334951609
1,VAPA,-0.21509868,,0.8296903859788707,0.9985290334951609
1,ZNF468,-0.21533668,,0.8295048314661901,0.9985290334951609
1,FBXW4,-0.21634822,,0.8287163310012606,0.9985290334951609
1,ARPP19,-0.21634822,,0.8287163310012606,0.9985290334951609
1,SWAP70,-0.21643746,,0.8286467657032459,0.9985290334951609
1,SLC25A12,-0.21735974,,0.8279280030748495,0.9985290334951609
1,MKLN1,-0.22012657,,0.8257725819554459,0.9985290334951609
1,TRIP11,-0.22122735,,0.8249154128710664,0.9985290334951609
1,C7orf26,-0.2212571,,0.8248922490313118,0.9985290334951609
1,PDXDC1,-0.2245892,,0.8222988684192136,0.9985290334951609
1,LINC00662,-0.226285,,0.8209797661242242,0.9985290334951609
1,DENND1C,-0.22705851,,0.820378238196496,0.9985290334951609
1,ISOC1,-0.22818905,,0.8194992721157823,0.9985290334951609
1,SEC31A,-0.22830805,,0.8194067625407926,0.9985290334951609
1,SNRNP27,-0.22830805,,0.8194067625407926,0.9985290334951609
1,SLC39A14,-0.22848657,3.259235,0.8192680028913192,0.9985290334951609
1,ZBTB41,-0.22848657,3.5064576,0.8192680028913192,0.9985290334951609
1,RBM7,-0.23351446,,0.8153619463233367,0.9985290334951609
1,RHEBL1,-0.23452598,,0.814576663257737,0.9985290334951609
1,HOOK2,-0.23815559,,0.8117604215817439,0.9985290334951609
1,CLSTN3,-0.23827459,,0.8116681267967616,0.9985290334951609
1,ABHD12,-0.23988114,,0.8104224038436159,0.9985290334951609
1,PSMC6,-0.2404464,,0.8099842079126404,0.9985290334951609
1,SIRT1,-0.24119018,,0.8094077250734788,0.9985290334951609
1,ARMC7,-0.24276698,,0.8081859238100599,0.9985290334951609
1,SNX14,-0.24493878,,0.8065038316404013,0.9985290334951609
1,UNC45A,-0.24499829,,0.8064577594795139,0.9985290334951609
1,INVS,-0.24752711,4.194851,0.8045003154362858,0.9985290334951609
1,LZTS2,-0.24752711,,0.8045003154362858,0.9985290334951609
1,SPTSSB,-0.24752711,4.1607623,0.8045003154362858,0.9985290334951609
1,PRSS57,-0.24752711,4.0925183,0.8045003154362858,0.9985290334951609
1,ZUFSP,-0.24812213,,0.8040399179427432,0.9985290334951609
1,CDC40,-0.25359628,,0.799807469592196,0.9985290334951609
1,BAG5,-0.2564226,,0.7976245289516644,0.9985290334951609
1,AAR2,-0.25883242,,0.7957645332574177,0.9985290334951609
1,HNRNPL,-0.25915968,,0.7955120304715444,0.9985290334951609
1,NPHP3,-0.26079598,,0.7942498382635687,0.9985290334951609
1,ZNF45,-0.2638901,,0.7918646219721348,0.9985290334951609
1,MIS18A,-0.2638901,,0.7918646219721348,0.9985290334951609
1,ZNF718,-0.26397932,,0.7917958464418184,0.9985290334951609
1,SERPINE2,-0.2644851,,0.7914061490590251,0.9985290334951609
1,LYRM2,-0.26481235,,0.7911540196992459,0.9985290334951609
1,TBXA2R,-0.26656765,,0.7898020630003157,0.9985290334951609
1,PDZD4,-0.26656765,5.6316085,0.7898020630003157,0.9985290334951609
1,RBM5,-0.26737094,,0.7891835816531902,0.9985290334951609
1,C16orf54,-0.26790646,,0.7887713345200839,0.9985290334951609
1,PPP1R8,-0.26814446,,0.7885881325487356,0.9985290334951609
1,ORC2,-0.26888824,,0.788015701788352,0.9985290334951609
1,ZBTB10,-0.26989976,,0.7872373797118439,0.9985290334951609
1,PDE6B,-0.27064353,,0.7866652195712873,0.9985290334951609
1,PGRMC2,-0.2712088,,0.7862304548694302,0.9985290334951609
1,HDAC2,-0.2720418,,0.7855898705077127,0.9985290334951609
1,BBS2,-0.2733806,,0.7845606641960212,0.9985290334951609
1,RP11-428G5.5,-0.2757309,,0.7827547473304486,0.9985290334951609
1,C21orf33,-0.27576068,,0.7827318951023572,0.9985290334951609
1,TRIT1,-0.2765342,,0.7821378030326598,0.9985290334951609
1,CDKN2A,-0.27897376,,0.7802649619055001,0.9985290334951609
1,FASTKD1,-0.27939028,,0.7799453356003425,0.9985290334951609
1,RABL2B,-0.28055057,,0.7790551443111933,0.9985290334951609
1,DNAJC10,-0.28150257,,0.778324947286279,0.9985290334951609
1,AL928768.3,-0.28287113,7.775389,0.7772756320148806,0.9985290334951609
1,SPRY1,-0.2836149,,0.7767055222022152,0.9985290334951609
1,CD2AP,-0.28477517,,0.7758163911155533,0.9985290334951609
1,UBXN4,-0.28647098,,0.7745174205201077,0.9985290334951609
1,STOML2,-0.287423,,0.7737884501592006,0.9985290334951609
1,ABT1,-0.2877205,,0.7735606877945748,0.9985290334951609
1,FXN,-0.28849402,,0.7729685969314745,0.9985290334951609
1,TOMM40,-0.2891188,,0.7724904661279742,0.9985290334951609
1,FBXO7,-0.28977332,,0.7719896598182213,0.9985290334951609
1,ISCA2,-0.2915286,,0.7706470577846141,0.9985290334951609
1,EFCAB14,-0.29295665,,0.7695552779212456,0.9985290334951609
1,SPG20,-0.29423594,,0.7685776128471659,0.9985290334951609
1,NFATC1,-0.29518798,,0.7678502868501003,0.9985290334951609
1,CISD1,-0.3001266,,0.7640805765947547,0.9985290334951609
1,NDUFA12,-0.3006324,,0.7636948356928352,0.9985290334951609
1,ZNF836,-0.30271494,,0.7621071097104456,0.9985290334951609
1,CAMK2G,-0.3031612,,0.7617670126840771,0.9985290334951609
1,TMEM138,-0.30387524,,0.7612229531650813,0.9985290334951609
1,R3HDM1,-0.30625528,,0.7594102753124528,0.9985290334951609
1,ENTPD3-AS1,-0.30756432,,0.7584138648875298,0.9985290334951609
1,HSPB11,-0.3116402,,0.755313980758705,0.9985290334951609
1,C16orf58,-0.31166995,,0.7552913682767967,0.9985290334951609
1,TBCK,-0.31283024,,0.7544096452050689,0.9985290334951609
1,ZNF747,-0.31390128,,0.7535960309687088,0.9985290334951609
1,RP11-400F19.6,-0.31419876,,0.753370075514155,0.9985290334951609
1,PDZD11,-0.31449628,,0.7531441411802112,0.9985290334951609
1,MTRF1,-0.31476405,,0.7529408183526781,0.9985290334951609
1,CIAPIN1,-0.3155078,,0.7523761226695628,0.9985290334951609
1,STAU2,-0.31559706,,0.7523083680859871,0.9985290334951609
1,YIPF5,-0.31857213,,0.7500509770327736,0.9985290334951609
1,ING5,-0.31863165,,0.7500058509645536,0.9985290334951609
1,INTS12,-0.3203572,,0.7486975677298163,0.9985290334951609
1,SMC2,-0.3204762,,0.7486073679105969,0.9985290334951609
1,KIR2DL3,-0.32101172,,0.7482015113100823,0.9985290334951609
1,TMX3,-0.32160673,,0.747750641357626,0.9985290334951609
1,CPNE2,-0.32541484,,0.7448671226503003,0.9985290334951609
1,CASC7,-0.32850894,,0.7425268914713665,0.9985290334951609
1,AC113189.5,-0.32952046,,0.7417623306002765,0.9985290334951609
1,CEP120,-0.33100802,,0.740638439449699,0.9985290334951609
1,ERCC6L2,-0.33395335,,0.7384147693158007,0.9985290334951609
1,C1orf35,-0.33466735,,0.7378760263418993,0.9985290334951609
1,RP11-367G6.3,-0.3376127,,0.7356550748924314,0.9985290334951609
1,ST3GAL3,-0.3379697,,0.7353860183126794,0.9985290334951609
1,DTX3,-0.3380292,,0.7353411787045993,0.9985290334951609
1,RP11-70P17.1,-0.33874324,,0.7348031737932444,0.9985290334951609
1,NXT2,-0.34011176,,0.733772361599569,0.9985290334951609
1,CD1C,-0.34023076,,0.7336827484015772,0.9985290334951609
1,ANKAR,-0.34076628,,0.7332795339263031,0.9985290334951609
1,RP11-430B1.2,-0.34272984,,0.731801711094489,0.9985290334951609
1,BLZF1,-0.34588343,,0.7294303207813565,0.9985290334951609
1,ATG16L1,-0.34677595,,0.728759641053678,0.9985290334951609
1,MMD,-0.3468652,,0.7286925844882717,0.9985290334951609
1,MORF4L2,-0.34737098,,0.7283126365104178,0.9985290334951609
1,C16orf74,-0.34912628,,0.726994511878408,0.9985290334951609
1,FAM43A,-0.34933454,,0.7268381777284183,0.9985290334951609
1,HBP1,-0.34948328,,0.726726517441172,0.9985290334951609
1,SPG7,-0.34984028,,0.7264585564392787,0.9985290334951609
1,TMEM87B,-0.35088158,,0.7256771947738311,0.9985290334951609
1,TKTL1,-0.35543346,,0.7222648889256067,0.9985290334951609
1,ABCB1,-0.35706976,,0.7210395877158832,0.9985290334951609
1,ZNF232,-0.35965806,,0.7191028465643412,0.9985290334951609
1,TNFRSF17,-0.35983658,,0.7189693445067133,0.9985290334951609
1,KCNG1,-0.3598961,,0.718924845726192,0.9985290334951609
1,PSME1,-0.3636447,,0.7161233493190065,0.9985290334951609
1,BET1,-0.36432895,,0.7156123759428952,0.9985290334951609
1,SCAI,-0.36766106,,0.713125981834817,0.9985290334951609
1,ANKRD27,-0.36778006,,0.713037238204989,0.9985290334951609
1,CARHSP1,-0.36992213,,0.7114405180784578,0.9985290334951609
1,TBPL1,-0.37099317,,0.7106426318950769,0.9985290334951609
1,PTGDS,-0.37456325,,0.7079853049621386,0.9985290334951609
1,ZMAT3,-0.3755748,,0.7072330400065591,0.9985290334951609
1,ZNF528,-0.37658632,,0.7064810607857449,0.9985290334951609
1,POLR2I,-0.37774658,,0.7056188490928772,0.9985290334951609
1,LUC7L,-0.37852013,,0.7050442511354367,0.9985290334951609
1,PAWR,-0.37902588,,0.7046686434026317,0.9985290334951609
1,SEPT11,-0.3804539,,0.7036084928220747,0.9985290334951609
1,TMEM177,-0.38081095,,0.7033435450777521,0.9985290334951609
1,DMTN,-0.38081095,,0.7033435450777521,0.9985290334951609
1,NR2C1,-0.3827745,,0.7018869770811091,0.9985290334951609
1,SMARCD1,-0.38777262,,0.698184298686488,0.9985290334951609
1,SUV420H2,-0.38795114,,0.6980521923021916,0.9985290334951609
1,BACE2,-0.39327654,,0.6941152418279335,0.9985290334951609
1,BCDIN3D,-0.39366332,,0.6938296377367446,0.9985290334951609
1,DDB2,-0.39437732,,0.6933024829060521,0.9985290334951609
1,ZNF195,-0.39604336,,0.6920730325582477,0.9985290334951609
1,NOG,-0.3964004,,0.6918096843214538,0.9985290334951609
1,MUM1,-0.3969954,,0.6913708534210794,0.9985290334951609
1,SAMSN1,-0.3971144,,0.6912830996745736,0.9985290334951609
1,EXOC4,-0.39800692,,0.6906250788325903,0.9985290334951609
1,CXXC1,-0.39970273,,0.6893754834630423,0.9985290334951609
1,PEX16,-0.39997047,,0.6891782562534418,0.9985290334951609
1,RPL39L,-0.40847924,,0.6829218769364431,0.9985290334951609
1,NAA25,-0.40955025,,0.6821358910301638,0.9985290334951609
1,NFU1,-0.4109783,,0.6810884461357565,0.9985290334951609
1,LYRM4,-0.41142458,,0.6807612455553682,0.9985290334951609
1,ANKRD54,-0.41181132,,0.6804777203067589,0.9985290334951609
1,PAX5,-0.41181132,,0.6804777203067589,0.9985290334951609
1,IFI27,-0.41198984,,0.6803468777271026,0.9985290334951609
1,POLDIP2,-0.41865402,,0.6754690031674789,0.9985290334951609
1,RP11-164H13.1,-0.41889203,,0.6752950436507077,0.9985290334951609
1,PIGU,-0.42020106,,0.6743385765279368,0.9985290334951609
1,C1GALT1C1,-0.4227894,,0.6724489296210755,0.9985290334951609
1,MFF,-0.42317614,,0.6721667458205529,0.9985290334951609
1,ZFYVE28,-0.4241877,,0.6714289450717335,0.9985290334951609
1,ARID4A,-0.426538,,0.6697158664662817,0.9985290334951609
1,MAPK1IP1L,-0.42686525,,0.6694774725006218,0.9985290334951609
1,NEIL1,-0.4278768,,0.6687408290517229,0.9985290334951609
1,DIS3,-0.42888832,,0.668004504360312,0.9985290334951609
1,METTL3,-0.4289478,,0.6679612010830254,0.9985290334951609
1,HDDC3,-0.43123862,,0.6662948664779456,0.9985290334951609
1,TRUB2,-0.4316254,,0.666013699406016,0.9985290334951609
1,SARS,-0.43219066,,0.6656028473495343,0.9985290334951609
1,B4GALT4,-0.43382695,,0.6644141048862837,0.9985290334951609
1,PEX19,-0.43388647,,0.6643708937670295,0.9985290334951609
1,EHMT2,-0.435136,,0.6634637181496914,0.9985290334951609
1,RP11-706O15.1,-0.43623677,,0.6626649481438265,0.9985290334951609
1,TSPAN15,-0.43793258,,0.6614351612732232,0.9985290334951609
1,DNMT3A,-0.43900362,,0.6606589239827962,0.9985290334951609
1,RBM25,-0.44055066,,0.6595383367180763,0.9985290334951609
1,CRELD2,-0.44111592,,0.6591290817032085,0.9985290334951609
1,UBLCP1,-0.44165143,,0.6587414605444211,0.9985290334951609
1,PJA1,-0.4426927,,0.6579880152239821,0.9985290334951609
1,TFAM,-0.44635206,,0.6553429517974783,0.9985290334951609
1,ABHD17B,-0.4465008,,0.6552355200090243,0.9985290334951609
1,EWSR1,-0.44653058,,0.6552140345075044,0.9985290334951609
1,PURA,-0.44769084,,0.6543763227307188,0.9985290334951609
1,TAPBP,-0.44807762,,0.6540971821016899,0.9985290334951609
1,CARS,-0.4487024,,0.6536463648177944,0.9985290334951609
1,MZT1,-0.44938666,,0.6531527575464793,0.9985290334951609
1,MPC2,-0.44956517,,0.653024015383671,0.9985290334951609
1,RABEP2,-0.45393854,,0.6498730675683613,0.9985290334951609
1,PDCD1,-0.45697314,,0.6476903652212839,0.9985290334951609
1,HBA1,-0.45697314,,0.6476903652212839,0.9985290334951609
1,ANKHD1,-0.45908543,,0.6461728177360593,0.9985290334951609
1,PHF12,-0.460573,,0.6451050046642592,0.9985290334951609
1,C17orf59,-0.46179277,,0.6442299435816765,0.9985290334951609
1,MAP2K7,-0.46331006,,0.6431421407950549,0.9985290334951609
1,TIMM10B,-0.4650951,,0.6418633516431477,0.9985290334951609
1,PAICS,-0.469766,,0.6385222163706334,0.9985290334951609
1,MPP6,-0.47220555,,0.6367800724919168,0.9985290334951609
1,MYCBP2,-0.47288984,,0.6362917822277532,0.9985290334951609
1,PLD6,-0.47431788,,0.6352732507559231,0.9985290334951609
1,SAFB2,-0.48122007,,0.6303600998892368,0.9985290334951609
1,TMEM242,-0.48398688,,0.6283951683548992,0.9985290334951609
1,TMX2,-0.48437366,,0.6281207097149918,0.9985290334951609
1,TTPAL,-0.48511744,,0.627593049164941,0.9985290334951609
1,C9orf37,-0.48535544,,0.6274242379810608,0.9985290334951609
1,GADD45B,-0.4859207,,0.6270233895834652,0.9985290334951609
1,DLST,-0.48794377,,0.6255896770027543,0.9985290334951609
1,PDIK1L,-0.49291214,,0.6220746596746629,0.9985290334951609
1,PRPS2,-0.49588725,,0.6199739702425398,0.9985290334951609
1,NUDCD1,-0.50032014,,0.6168496920820847,0.9985290334951609
1,MALT1,-0.5021349,,0.6155726194357363,0.9985290334951609
1,ACOT13,-0.505824,,0.6129801919157039,0.9985290334951609
1,U2SURP,-0.5077876,,0.6116023206098014,0.9985290334951609
1,ZNF559,-0.50847185,,0.6111224757749498,0.9985290334951609
1,EIF2S1,-0.50912637,,0.6106636499524116,0.9985290334951609
1,RP5-887A10.1,-0.51016766,,0.6099340148974219,0.9985290334951609
1,NSMAF,-0.5119527,,0.6086841137983485,0.9985290334951609
1,TBC1D15,-0.5154038,,0.6062708783230579,0.9985290334951609
1,NNT-AS1,-0.5157013,,0.6060630412716772,0.9985290334951609
1,MRS2,-0.51576084,,0.606021477687177,0.9985290334951609
1,CEP68,-0.5193309,,0.6035300006822741,0.9985290334951609
1,GTF2H2,-0.52415055,,0.6001738316657181,0.9985290334951609
1,SPSB2,-0.5255488,,0.5992017105177152,0.9985290334951609
1,SLC40A1,-0.5255488,,0.5992017105177152,0.9985290334951609
1,SAAL1,-0.5301007,,0.5960420992191815,0.9985290334951609
1,CCT6A,-0.5317668,,0.5948875413180508,0.9985290334951609
1,TMEM116,-0.53444433,,0.5930341448155785,0.9985290334951609
1,RFC5,-0.5351584,,0.5925403529699975,0.9985290334951609
1,DCAF5,-0.5408408,,0.5886173323787374,0.9985290334951609
1,ZC3H15,-0.54357785,,0.5867320000667067,0.9985290334951609
1,ABHD13,-0.54551166,,0.5854016609612565,0.9985290334951609
1,CPSF3L,-0.54589844,,0.585135761346693,0.9985290334951609
1,S100B,-0.5459282,,0.5851153098549118,0.9985290334951609
1,PSMC4,-0.5564302,,0.5779167800187297,0.9985290334951609
1,PTPRN2,-0.5568765,,0.5776118186197673,0.9985290334951609
1,GGA2,-0.5593756,,0.5759054363399525,0.9985290334951609
1,ADAL,-0.5609226,,0.5748502985486258,0.9985290334951609
1,C3orf38,-0.56541497,,0.5717915344939064,0.9985290334951609
1,RAMP1,-0.56592077,,0.5714476555246362,0.9985290334951609
1,SNAP47,-0.5703536,,0.5684378753832722,0.9985290334951609
1,USP20,-0.5724957,,0.5669862060844801,0.9985290334951609
1,PRKACB,-0.5757088,,0.5648120393835329,0.9985290334951609
1,KPNA1,-0.5767203,,0.5641284103729327,0.9985290334951609
1,KIF3A,-0.57716656,,0.5638269360579813,0.9985290334951609
1,RCHY1,-0.5798442,,0.5620197220099941,0.9985290334951609
1,TMCO1,-0.5819862,,0.5605759689953957,0.9985290334951609
1,PLEKHA3,-0.5822242,,0.5604156629466095,0.9985290334951609
1,EBNA1BP2,-0.58317626,,0.5597746609375112,0.9985290334951609
1,NT5C3A,-0.583325,,0.559674536502665,0.9985290334951609
1,STX16,-0.5835332,,0.5595343768894245,0.9985290334951609
1,FBXO33,-0.5879959,,0.5565350559849195,0.9985290334951609
1,ARL16,-0.5896024,,0.5554572225287757,0.9985290334951609
1,METTL8,-0.5957906,,0.5513151193319499,0.9985290334951609
1,CCM2,-0.59617734,,0.551056742944011,0.9985290334951609
1,RP11-727F15.9,-0.5979327,,0.5498848606810062,0.9985290334951609
1,CASC4,-0.5994202,,0.5488927023528897,0.9985290334951609
1,ABRACL,-0.60388285,,0.5459215386363969,0.9985290334951609
1,KIR3DL2,-0.6040018,,0.5458424168964642,0.9985290334951609
1,PCNX,-0.60792893,,0.5432345940949906,0.9985290334951609
1,AATF,-0.60876197,,0.5426822181462005,0.9985290334951609
1,GPKOW,-0.6087917,,0.542662495611735,0.9985290334951609
1,AC093323.3,-0.61090404,,0.5412631093548824,0.9985290334951609
1,MRPL42,-0.6115883,,0.5408101738450005,0.9985290334951609
1,NIT2,-0.6162294,,0.537743098021192,0.9985290334951609
1,N4BP2L1,-0.6179252,,0.5366246185096815,0.9985290334951609
1,DDX1,-0.62723726,,0.5305037225479319,0.9985290334951609
1,JAKMIP1,-0.62833804,,0.5297825159009174,0.9985290334951609
1,MVD,-0.6299148,,0.5287503049801283,0.9985290334951609
1,STX4,-0.6302421,,0.5285362008842334,0.9985290334951609
1,ZNF493,-0.63360393,,0.5263393269769205,0.9985290334951609
1,PLA2G12A,-0.63753104,,0.5237789878257123,0.9985290334951609
1,ATP5A1,-0.6400599,,0.5221336717836188,0.9985290334951609
1,LRRC8C,-0.64291596,,0.5202786325791481,0.9985290334951609
1,ATG4C,-0.6523172,,0.5141965469856806,0.9985290334951609
1,TCF12,-0.65303123,,0.5137361318832256,0.9985290334951609
1,FCER1A,-0.65752363,,0.5108442822487846,0.9985290334951609
1,C15orf61,-0.6577319,,0.5107104296069138,0.9985290334951609
1,CLYBL,-0.66198623,,0.507980028780354,0.9985290334951609
1,PGM2L1,-0.66290855,,0.5073891355147482,0.9985290334951609
1,FCGR2B,-0.6677282,,0.5043071231334674,0.9985290334951609
1,FBXO4,-0.6690967,,0.5034337872309451,0.9985290334951609
1,RAD23A,-0.66987026,,0.5029405161134187,0.9985290334951609
1,DOCK10,-0.67153627,,0.5018789541106015,0.9985290334951609
1,USP33,-0.6740651,,0.5002699234261995,0.9985290334951609
1,KIAA0040,-0.6787955,,0.49726745146368223,0.9985290334951609
1,POMT1,-0.67930126,,0.496947001390867,0.9985290334951609
1,CBX5,-0.6795095,,0.4968150833530649,0.9985290334951609
1,RP11-421L21.3,-0.679807,,0.49662666139504064,0.9985290334951609
1,RIOK1,-0.6832284,,0.49446254986620497,0.9985290334951609
1,SIAH2,-0.6862332,,0.4925660625263696,0.9985290334951609
1,OAT,-0.6864415,,0.4924347674640436,0.9985290334951609
1,UBE3A,-0.6864415,,0.4924347674640436,0.9985290334951609
1,RCL1,-0.6937007,,0.48786994668953254,0.9985290334951609
1,RP5-1073O3.7,-0.6944147,,0.48742218449228214,0.9985290334951609
1,IDI1,-0.6959617,,0.48645279465901203,0.9985290334951609
1,MLLT10,-0.696051,,0.48639690013833425,0.9985290334951609
1,BOLA1,-0.6991748,,0.48444278109938266,0.9985290334951609
1,MNAT1,-0.6998888,,0.48399672357688495,0.9985290334951609
1,MOCS2,-0.7051845,,0.4806954270284084,0.9985290334951609
1,TMEM50A,-0.7109859,,0.4770929641528492,0.9985290334951609
1,LARS,-0.7112239,,0.4769454870496327,0.9985290334951609
1,ACTR6,-0.71125364,,0.4769270541668037,0.9985290334951609
1,C12orf45,-0.71321726,,0.47571134667095594,0.9985290334951609
1,CEPT1,-0.7172336,,0.47322997383564247,0.9985290334951609
1,KRBOX4,-0.71767986,,0.4729547059883875,0.9985290334951609
1,PIK3R1,-0.7218747,,0.47037150047189635,0.9985290334951609
1,TCEAL4,-0.7244928,,0.468763244228516,0.9985290334951609
1,ZNF567,-0.7322578,,0.4640112462286816,0.9985290334951609
1,TDG,-0.7350841,,0.4622882729873893,0.9985290334951609
1,SNX29P2,-0.739874,,0.45937645545398764,0.9985290334951609
1,FBXO21,-0.73996323,,0.45932229565055915,0.9985290334951609
1,FCRL2,-0.7407665,,0.4588350183987103,0.9985290334951609
1,NR3C1,-0.74615145,,0.45557594773144716,0.9985290334951609
1,VPS13A,-0.74621093,,0.45554000882332235,0.9985290334951609
1,RASGRP2,-0.75055456,,0.4529207821055464,0.9985290334951609
1,SRPR,-0.7601046,,0.44719207808450523,0.9985290334951609
1,EIF2B1,-0.76284164,,0.4455578362156586,0.9985290334951609
1,DHX9,-0.76382345,,0.4449724711172768,0.9985290334951609
1,SCAPER,-0.7685538,,0.44215823031796075,0.9985290334951609
1,CTA-29F11.1,-0.7728677,,0.4396006871234326,0.9985290334951609
1,RBBP6,-0.7731354,,0.4394422234534954,0.9985290334951609
1,MCM3,-0.7732842,,0.4393542022541307,0.9985290334951609
1,RBM48,-0.77542627,,0.43808781996769663,0.9985290334951609
1,SCFD1,-0.7779253,,0.43661303047935485,0.9985290334951609
1,UBA5,-0.77857983,,0.4362272492722953,0.9985290334951609
1,TIMM22,-0.77917486,,0.43587670963544756,0.9985290334951609
1,DGKZ,-0.7889034,,0.4301684671454409,0.9985290334951609
1,PACS1,-0.7897662,,0.42966433541365645,0.9985290334951609
1,GTF2B,-0.7899149,,0.42957745085245114,0.9985290334951609
1,POLR2K,-0.7910752,,0.42890010169090265,0.9985290334951609
1,C14orf166,-0.7972039,,0.42533262694805074,0.9985290334951609
1,ACTL6A,-0.79934597,,0.4240898406928404,0.9985290334951609
1,CGRRF1,-0.8115438,,0.4170534491680954,0.9985290334951609
1,RP5-1028K7.2,-0.8173452,,0.41373117223766676,0.9985290334951609
1,C4orf3,-0.8179105,,0.41340830286713237,0.9985290334951609
1,POLR3E,-0.8208856,,0.41171145095984796,0.9985290334951609
1,SLBP,-0.82106405,,0.41160977141688937,0.9985290334951609
1,SMCHD1,-0.8237714,,0.41006945917120785,0.9985290334951609
1,RPUSD2,-0.82853156,,0.40736954062995545,0.9985290334951609
1,SLC4A7,-0.8298108,,0.40664574855495195,0.9985290334951609
1,HERPUD2,-0.8348685,,0.4037917680795561,0.9985290334951609
1,ICAM2,-0.8349577,,0.40374151163236804,0.9985290334951609
1,TOR1A,-0.83561224,,0.4033730787937181,0.9985290334951609
1,DUS3L,-0.84147316,,0.4000829142192385,0.9964705210939937
1,NARG2,-0.843169,,0.39913395545926644,0.9953465223423102
1,CWC27,-0.84424,,0.3985353116393471,0.995094411084512
1,FOPNL,-0.8445375,,0.3983691177011982,0.995094411084512
1,CHD7,-0.8494166,,0.39564949737815447,0.991602750321189
1,TMEM14B,-0.8503092,,0.39515322228855065,0.9916015615772914
1,MRPS33,-0.85426605,,0.39295760531177615,0.9873306666125028
1,PSMD14,-0.8562891,,0.3918378960957849,0.9858798847205151
1,TOP1MT,-0.8620905,,0.3886377167510189,0.9826490941871526
1,HPRT1,-0.870153,,0.38421680514552614,0.9768218288479809
1,DIDO1,-0.8747644,,0.3817021289433584,0.9737299207738734
1,RGS14,-0.8772337,,0.3803597214826939,0.9727870114646903
1,C15orf57,-0.8805063,,0.37858510336851436,0.9707310342782419
1,UIMC1,-0.8894018,,0.3737871845207851,0.9633690322700647
1,ERV3-1,-0.8914843,,0.37266938505444047,0.9617274453017818
1,KLRC1,-0.8937454,,0.3714581217730827,0.9598401079407821
1,NARS,-0.89609575,,0.37020163744352197,0.9578308860116997
1,PPA2,-0.89832705,,0.3690112186758969,0.9572275452033643
1,TSSC1,-0.90177816,,0.3671747326531365,0.9542344464738061
1,MPHOSPH10,-0.9171296,,0.359074740305265,0.9448282446984899
1,TRPV2,-0.9190039,,0.35809353871723515,0.9448282446984899
1,TASP1,-0.9206699,,0.3572227771493871,0.9448282446984899
1,RIOK2,-0.9240913,,0.3554387909913084,0.941559711235254
1,POLD2,-0.9282564,,0.3532745828505326,0.9370678590199804
1,URGCP,-0.9297142,,0.352519082734001,0.9366330937690833
1,NUPL2,-0.93072575,,0.35199545949024613,0.9366330937690833
1,MDS2,-0.932005,,0.35133393574712035,0.9366330937690833
1,MESDC2,-0.9454524,,0.3444279626111373,0.9233993635687326
1,EAPP,-0.9460177,,0.3441395771196656,0.9233993635687326
1,TTC1,-0.965921,,0.3340837208489553,0.9020319558632973
1,GPATCH4,-0.97100836,,0.3315441051176181,0.8984935098038431
1,IFIT5,-0.97213894,,0.3309814454350287,0.8981857406649355
1,GOLT1B,-0.977137,,0.32850130412009304,0.8926665872828615
1,GIT2,-0.9822542,,0.32597462994405546,0.8870057957661374
1,ACD,-0.98460454,,0.3248183679263674,0.8850636728238894
1,ELP6,-0.98502105,,0.32461373951244177,0.8850636728238894
1,NPRL2,-0.9959991,,0.3192505831893897,0.8763924659549066
1,ALG5,-1.0008485,,0.31690006366826784,0.8730029302156139
1,OARD1,-1.0058466,,0.3144893519131762,0.8687551157822546
1,PPP2CA,-1.010934,,0.3120480065621569,0.864398910144479
1,BTN3A1,-1.0119456,,0.31156408550301784,0.8642554382885377
1,NR2C2AP,-1.0197402,,0.3078516527828524,0.8563328311066827
1,ARRDC3,-1.0232806,,0.3061751785384291,0.8528556505248722
1,DNAJB14,-1.025155,,0.30529008777931066,0.8515762560092348
1,USP5,-1.0317894,,0.302170797180498,0.8454279809417752
1,MFSD10,-1.035062,,0.30063997142495014,0.8433098777698461
1,IGJ,-1.0432434,,0.29683555216389423,0.8349804561572272
1,ADPRM,-1.0489556,,0.2941985450800172,0.8298971652468751
1,PPP1R14A,-1.062403,,0.288052770095547,0.8167021125239425
1,SMDT1,-1.0694242,,0.284878564511869,0.8116198419141567
1,MARCH6,-1.0718638,,0.2837812221529883,0.8096468535035329
1,FHL1,-1.0749578,,0.28239359281561405,0.8068388366160402
1,MZB1,-1.0759099,,0.2819675570125749,0.8067741259301143
1,DNAJA3,-1.0790635,,0.2805594284062889,0.803895210333206
1,FNBP4,-1.0804915,,0.279923358934973,0.8032234115781148
1,PWP1,-1.0872152,,0.2769417070297153,0.7978510392793909
1,CSNK1A1,-1.0927191,,0.2745171397698307,0.7922572576329892
1,CCDC174,-1.0967355,,0.27275703702310217,0.7883151359049196
1,ITSN2,-1.0981635,,0.27213308729181995,0.7876500355769029
1,PPIE,-1.1013767,,0.27073277480157165,0.7847326805842657
1,EIF5B,-1.1022989,,0.27033174711137353,0.7847075387848289
1,PPP6C,-1.1098853,,0.2670484261776507,0.7785668401680778
1,LTV1,-1.1191974,,0.2630559403994417,0.7691694163726365
1,PRPF31,-1.124493,,0.26080392234630756,0.7637010903259371
1,PCNA,-1.1274681,,0.25954461056698697,0.7611278902257682
1,XRRA1,-1.1300267,,0.2584649753444237,0.7590748174579256
1,MAEA,-1.1310382,,0.25803900266710744,0.7589382431385513
1,DIMT1,-1.1469252,,0.2514125440365117,0.7449260564044791
1,CLEC2B,-1.1679888,,0.24281128792574647,0.7246958559867716
1,TMEM222,-1.1698333,,0.2420680439228725,0.7246958559867716
1,ADAM28,-1.1753372,,0.23985981814694113,0.7202997541950183
1,ORAI1,-1.1811981,,0.2375240096000747,0.7154337638556466
1,WHAMM,-1.1826857,,0.2369337300943165,0.7147322174790844
1,ATAD1,-1.1916109,,0.23341382347613737,0.7073146165943557
1,PLRG1,-1.2044634,,0.22841054550287754,0.697436780161458
1,NOL7,-1.2082417,,0.22695430898808222,0.6951127380951982
1,RNF125,-1.2119904,,0.22551609360099756,0.6917671582852686
1,NONO,-1.2121986,,0.22543638398814803,0.6917671582852686
1,NUP54,-1.2229981,,0.22133040771907475,0.6831185423428233
1,THOC7,-1.2304655,,0.21852280831922977,0.6765412022267175
1,ZNF276,-1.2331729,,0.21751126060034176,0.6755008093178315
1,MOB2,-1.2354339,,0.21666903538707205,0.6739316808307062
1,CD19,-1.2454302,,0.21297363577321504,0.6645043237853824
1,XPOT,-1.2512019,,0.21086081563468828,0.6589400488584009
1,ATPAF1,-1.2573901,,0.2086124108913492,0.6538444000578847
1,UBIAD1,-1.2608413,,0.20736606550090853,0.6520945456003413
1,RMDN3,-1.2610792,,0.2072803102160543,0.6520945456003413
1,TARSL2,-1.289997,,0.19705168575746135,0.6299390163287375
1,C5orf56,-1.2930316,,0.19600012063557615,0.6296433853179245
1,PRR5,-1.295501,,0.19514747446066316,0.628494281676854
1,RPL7L1,-1.2998743,,0.19364404659346268,0.6266797624383905
1,RFC1,-1.306717,,0.19130883598922466,0.6201258865128838
1,ACAT2,-1.3112391,,0.18977697928915904,0.6161590236661008
1,KIAA1430,-1.3201644,,0.18678013290436357,0.6093968447124424
1,AP3M2,-1.3320053,,0.18285846453738153,0.5985547120699887
1,PAXIP1-AS1,-1.3367059,,0.18131866139235242,0.5964429651064225
1,SLFN5,-1.3398595,,0.18029103633041788,0.5950199218825672
1,PNOC,-1.3409305,,0.1799430176670489,0.5948529509654509
1,CD160,-1.3472972,,0.17788453821814898,0.5899984683852371
1,COMMD8,-1.3611313,,0.17347218948761634,0.5792059749169159
1,BZRAP1-AS1,-1.3620536,,0.1731809672440041,0.5792005593444954
1,FNTA,-1.3633627,,0.17276824721499284,0.5787880978726728
1,ZBP1,-1.3760365,,0.1688103299023257,0.5664776171218984
1,GRAP,-1.3808264,,0.1673323447121744,0.5624616628980652
1,KIAA0125,-1.3841585,,0.16630992935488997,0.5599660921040067
1,PRAF2,-1.3894244,,0.1647037363942545,0.5564315418724814
1,ZCCHC11,-1.392221,,0.16385549292121337,0.5545025141157813
1,PPIG,-1.3933218,,0.1635225142578316,0.5543136076536664
1,TMEM87A,-1.3984091,,0.16199023611657393,0.5509871976754216
1,PLEKHA1,-1.3989744,,0.1618206541940692,0.5509871976754216
1,MED30,-1.3994207,,0.1616868684213978,0.5509871976754216
1,COPS4,-1.399748,,0.16158881194060393,0.5509871976754216
1,SNHG12,-1.4061444,,0.1596812576768829,0.5487328442504568
1,FN3KRP,-1.4108747,,0.15828154535375227,0.5448590201506103
1,C16orf80,-1.4153969,,0.15695216072072862,0.5421490871182336
1,MMADHC,-1.4171522,,0.15643843614427239,0.5413094676272401
1,TTC38,-1.4322953,,0.15205930585488958,0.5270686511434648
1,SUCLG2,-1.4336044,,0.15168518327340577,0.5270686511434648
1,IGLL5,-1.4589224,,0.14458646967769803,0.5064324682231105
1,CAPN12,-1.4614215,,0.14389981428187368,0.505798995718361
1,RP11-589C21.6,-1.4616297,,0.14384270605877003,0.505798995718361
1,BLNK,-1.462195,,0.1436877856294669,0.505798995718361
1,IRF9,-1.4646643,,0.1430125280427618,0.505344622059229
1,ERH,-1.4653188,,0.142833953017165,0.505344622059229
1,MAGEH1,-1.4703467,,0.14146787397600763,0.5020304937779722
1,SRSF3,-1.4706442,,0.141387356591116,0.5020304937779722
1,TCP1,-1.4795694,,0.13898817548190445,0.49856428456475255
1,GPR56,-1.4824256,,0.138227095649869,0.49721976852470856
1,RP11-291B21.2,-1.4825445,,0.13819545382340134,0.49721976852470856
1,ICOS,-1.4843296,,0.13772149596658237,0.49721976852470856
1,GALT,-1.5006331,,0.1334504882473252,0.4870455775449824
1,SRM,-1.5103319,,0.13095876431226317,0.4805826213294061
1,SDHAF2,-1.5145267,,0.12989229780748288,0.47754521252751053
1,UBAC2,-1.5236007,,0.127608476276903,0.47001280396649353
1,RP11-18H21.1,-1.5357094,,0.12460968198865748,0.46151734069873135
1,SPIB,-1.5380894,,0.12402675403632783,0.46021059011624427
1,MLLT6,-1.5439206,,0.12260757349724104,0.4566390074385141
1,NKTR,-1.547342,,0.12178081609086025,0.4552553872555523
1,HENMT1,-1.5501385,,0.12110827474037876,0.453589043971456
1,ZNF92,-1.550793,,0.12095129183430083,0.453589043971456
1,RDH14,-1.555821,,0.11975068138310523,0.45019053151543315
1,XCL1,-1.5603133,,0.11868586147120852,0.44702772682187764
1,DEXI,-1.5734632,,0.11561160768413359,0.4370949250817905
1,MRPL1,-1.5896477,,0.11191425125461203,0.42634000477947437
1,NDUFAF4,-1.6139244,,0.10654383815530528,0.40899745932938686
1,API5,-1.6156499,,0.10617003064443768,0.4083462717093757
1,PRKD2,-1.6181192,,0.10563690896749603,0.40786451338801555
1,CCDC66,-1.6280262,,0.1035193206686971,0.40046158866033693
1,EXOSC8,-1.6299006,,0.10312251741094036,0.3996996798873657
1,EMB,-1.6313881,,0.10280845579361285,0.3996996798873657
1,FCRL6,-1.6368325,,0.10166547314921574,0.397130754489124
1,CHI3L2,-1.646204,,0.0997217622948891,0.3926053633657051
1,LBR,-1.6550102,,0.09792241449118246,0.38628171396916156
1,RNF139,-1.670332,,0.09485370303090693,0.37640358345597985
1,PRPF19,-1.6708972,,0.09474197932238826,0.37640358345597985
1,NOL11,-1.671641,,0.09459513512608138,0.37640358345597985
1,PRSS23,-1.6766392,,0.09361306780447536,0.3752026765710435
1,BBX,-1.6788408,,0.09318309312276002,0.37422928964963864
1,P2RY10,-1.6985358,,0.08940668731079822,0.3627046138369096
1,ILF3-AS1,-1.698744,,0.08936742410296813,0.3627046138369096
1,PITPNA-AS1,-1.6990118,,0.08931696324191542,0.3627046138369096
1,ODC1,-1.7029091,,0.0885850721200773,0.3622996204456018
1,C9orf142,-1.7124592,,0.0868120827590234,0.35578722442222704
1,LRBA,-1.7291791,,0.08377703665062401,0.3447614676980412
1,TAF1D,-1.7292684,,0.08376106889608809,0.3447614676980412
1,IL23A,-1.7362003,,0.08252841502359955,0.3410265083619816
1,PRNP,-1.7367358,,0.08243380366611926,0.3410265083619816
1,OCIAD1,-1.7577697,,0.0787866991909273,0.32965146104990506
1,VDAC3,-1.7593763,,0.07851362015120361,0.3291975687681493
1,LUC7L3,-1.7627976,,0.07793462966953181,0.3274564271829068
1,THEM4,-1.7711873,,0.07652955101109266,0.32375951280953696
1,TTC14,-1.7893354,,0.07356081976368689,0.3125228683230538
1,MTERFD2,-1.7924889,,0.07305467470981108,0.3115337940716891
1,PHF14,-1.8001944,,0.07182994150779912,0.30762287583639875
1,RRS1,-1.8018903,,0.07156267634723372,0.30713594998812754
1,PKIG,-1.8107858,,0.07017402394886779,0.3031275332564483
1,NSA2,-1.8142369,,0.06964127024462102,0.3014773603663248
1,AHSA1,-1.8147426,,0.06956347398289171,0.3014773603663248
1,NUDT16L1,-1.8243223,,0.06810334854954939,0.2961015154328234
1,HLA-DOB,-1.8259289,,0.0678609680118103,0.29569049242618867
1,FKBP3,-1.8264347,,0.06778481003242932,0.29569049242618867
1,REXO2,-1.8299155,,0.06726256886949168,0.2945020597832602
1,PRMT2,-1.8455645,,0.06495546616413188,0.2867791000623924
1,ACADM,-1.8658843,,0.06205755099116304,0.27581133773850236
1,PSMC5,-1.8716857,,0.06125009319016587,0.27282892289606175
1,CCDC91,-1.879778,,0.06013834341399462,0.26907536203129584
1,UBE2D3,-1.8843596,,0.059516349783203325,0.267489212508779
1,WTAP,-1.8873942,,0.05910732553267978,0.2674826783220273
1,THYN1,-1.9123849,,0.055826841919777714,0.2555004206854815
1,AKR1C3,-1.923482,,0.054419547476464034,0.25078132477633197
1,IL27RA,-1.9542444,,0.0506723251313675,0.2351383996815197
1,BOLA3,-1.9548097,,0.05060554419737002,0.2351383996815197
1,RBM4,-1.9576955,,0.05026575804999652,0.23433919836828215
1,FCRLA,-1.9623961,,0.049716386815921075,0.23231956456037886
1,ATF7IP2,-1.9721246,,0.04859538132995739,0.2286841474350936
1,HNRNPM,-2.0018458,,0.045301325949915365,0.21623544606164852
1,SCGB3A1,-2.0051482,,0.04494721929761558,0.2153019964990121
1,DPY30,-2.007409,,0.044706116460320175,0.21493325221307777
1,PNRC1,-2.0113957,,0.0442836714825627,0.21341528425331424
1,LPIN1,-2.0148468,,0.043920698099114856,0.21269103195697267
1,PLEKHF1,-2.0754492,,0.037944909106306775,0.18692073451382646
1,ZNF32,-2.0805664,,0.03747360377804532,0.18551288999032334
1,CDC123,-2.0907116,,0.036553930665580124,0.18140908518898324
1,EIF3D,-2.0927048,,0.03637551106093355,0.18097269184544054
1,GIMAP4,-2.0946088,,0.036205773997955736,0.18097269184544054
1,S1PR5,-2.0957096,,0.03610795308735853,0.18097269184544054
1,P2RX5,-2.1033854,,0.035432094057703506,0.17805072390805782
1,OSTC,-2.1069853,,0.035118858254509625,0.17736797098237184
1,PTGDR,-2.1126974,,0.03462667489100447,0.17532493615698463
1,MAF1,-2.125044,,0.03358294018371472,0.17047177758230822
1,RPN2,-2.1285546,,0.03329112657908904,0.16942049149663632
1,ARL2BP,-2.1299827,,0.03317304504687916,0.16942049149663632
1,CD72,-2.1458101,,0.03188813142870704,0.16464128168360623
1,EIF1AY,-2.1484878,,0.03167503324019855,0.16411934321346397
1,CCL4,-2.1495886,,0.03158778108595135,0.16409236927766935
1,KLRB1,-2.150838,,0.03148898797663308,0.16400514571163063
1,ACP1,-2.1637797,,0.030481266241738036,0.15917110309001584
1,BEX4,-2.1716635,,0.029881045558330675,0.15685588219596155
1,ARGLU1,-2.1835341,,0.028996493478524645,0.15261312357118234
1,CCT7,-2.1841886,,0.028948383789872432,0.15261312357118234
1,CCND2,-2.2053416,,0.027430134657743455,0.1462940515079651
1,SNRPB,-2.2128685,,0.02690671027861031,0.1446597326807006
1,RNF113A,-2.2252746,,0.026062806471468827,0.1408800349809126
1,AKTIP,-2.2308679,,0.02568988684029602,0.1394544093813877
1,NOP58,-2.242649,,0.02491944850637998,0.13617184976163924
1,DEF6,-2.2564237,,0.02404410316007427,0.13320832775664415
1,RNASEH2B,-2.271448,,0.023119873226008343,0.1288015221504643
1,LSM14A,-2.304174,,0.02121288310251265,0.11883968124656948
1,HNRNPH3,-2.307982,,0.02100013654741578,0.117978295210201
1,PARP1,-2.346807,,0.018935065913988518,0.10697489781325596
1,PCSK7,-2.3529058,,0.018627351829755324,0.10553740413459108
1,TNFRSF25,-2.36793,,0.017887920375730313,0.10163591122574042
1,GPR171,-2.373285,,0.01763064712743385,0.10045952779164588
1,GGNBP2,-2.3796816,,0.017327603778908237,0.0990148787366185
1,SIRPG,-2.3825674,,0.01719238390335909,0.09852368999059652
1,TTC3,-2.3842037,,0.017116124796962527,0.0983685333158766
1,XCL2,-2.401489,,0.016328501996370186,0.09411240343729214
1,YTHDF2,-2.4255872,,0.015283645818245917,0.08834477351587236
1,CD82,-2.4277291,,0.015193682807751307,0.08807932062464527
1,TCEAL8,-2.45748,,0.013991557678827789,0.08217754281961843
1,CHD2,-2.4755983,,0.013301312760945327,0.0784738215984975
1,PITHD1,-2.4815187,,0.013082382638283072,0.07764025304619034
1,CYB5B,-2.5317085,,0.011350832916072692,0.06776616666312055
1,SF3B1,-2.566279,,0.010279612630304042,0.06173941519702127
1,CISH,-2.5689862,,0.01019965002255812,0.06144367483468746
1,RPL22L1,-2.5810652,,0.009849600290507205,0.05969454721519518
1,CLIC3,-2.6894772,,0.007156403036635834,0.044867730637215254
1,STMN1,-2.7127423,,0.006672895878077531,0.042233518215680575
1,CD79B,-2.7610874,,0.005760923432180729,0.03704773911370244
1,TNFRSF4,-2.7764091,,0.00549629814563685,0.035574745279202916
1,TRADD,-2.7810206,,0.00541882980956521,0.035187206555618245
1,IL16,-2.8981795,,0.003753357471249382,0.02502238314166255
1,NEMF,-2.9135904,,0.003572983599366012,0.024060495618626346
1,PASK,-2.9140663,,0.003567539908671028,0.024060495618626346
1,C14orf1,-2.9291203,,0.0033992277484539836,0.023202919784668832
1,SPON2,-2.9356954,,0.003328010498907381,0.022794592458269734
1,CD320,-2.9462569,,0.0032164519326257583,0.022182427121556957
1,APOBEC3G,-2.9515228,,0.003162112530671974,0.021883131700152072
1,CD47,-2.9771085,,0.002909810290081812,0.0202774236242635
1,SSBP1,-3.080939,,0.0020634894313184622,0.014845247707327066
1,ATP6V0E2,-3.1058404,,0.0018973907569512774,0.013799205505100198
1,PDIA3,-3.1100352,,0.001870649867130623,0.013654378592194327
1,HDAC1,-3.1144087,,0.0018431400438146182,0.013502857463843356
1,GNLY,-3.1838472,,0.0014533172194652743,0.01079300534673903
1,TIGIT,-3.1916716,,0.0014145203763717637,0.01055612221172958
1,PTPN7,-3.308057,,0.0009394569121882246,0.007254493530411001
1,NAP1L4,-3.3616383,,0.000774815518613277,0.0060769844597119765
1,CCT4,-3.3943048,,0.0006880309151647743,0.005438979566519955
1,XXbac-BPG299F13.17,-3.4708536,,0.0005188066553979086,0.004150453243183269
1,TRABD2A,-3.5611773,,0.00036919573067281116,0.0029894391147596046
1,LINC00926,-3.5686448,,0.000358832630169126,0.002929245960564294
1,BTN3A2,-3.5781054,,0.0003460937728855352,0.002836834203979797
1,GZMB,-3.6717908,,0.00024085668699123317,0.0020071390582602766
1,GZMH,-3.6949966,,0.00021988973327616843,0.0018478128846736845
1,CD96,-3.7157626,,0.000202591659443377,0.001709634256906135
1,CCNG1,-3.7320065,,0.00018996047901752555,0.0016166849278087282
1,TCL1A,-4.004435,,6.216582003507421e-05,0.0005600524327484163
1,FUS,-4.0057144,,6.183029031428639e-05,0.000559550138590827
1,RBM39,-4.0590577,,4.9271117940855605e-05,0.000452028604961978
1,TERF2IP,-4.1041303,,4.058386158429198e-05,0.0003757764961508517
1,RCN2,-4.106778,,4.012162102479062e-05,0.00037322438162595926
1,SNHG8,-4.134863,,3.5516648493135415e-05,0.00033348965721253913
1,FGFBP2,-4.1435504,,3.41970132286456e-05,0.0003226133323457132
1,NCR3,-4.154766,,3.2562018572563644e-05,0.00030864472580629046
1,RIC3,-4.247946,,2.15739402816307e-05,0.00020644918929790143
1,GPR183,-4.30361,,1.680374928778992e-05,0.00016157451238259539
1,ARL6IP5,-4.3677826,,1.2551444264858497e-05,0.0001224531147791073
1,RORA,-4.495324,,6.94639876624612e-06,6.810194868868745e-05
1,SRP9,-4.5853505,,4.532256704451515e-06,4.555031863770366e-05
1,KLRG1,-4.598173,,4.262119605528635e-06,4.324882771927768e-05
1,ARPC5L,-4.692156,,2.703408859148389e-06,2.758580468518764e-05
1,GZMK,-4.713577,,2.4340617229450334e-06,2.5093419824175602e-05
1,BUB3,-4.8841085,,1.03897860568882e-06,1.0879357127631623e-05
1,ITGB7,-4.937541,,7.911376793175571e-07,8.327765045447969e-06
1,LDLRAP1,-4.9639,,6.909142754436569e-07,7.311262174006952e-06
1,SAMD3,-4.974611,,6.537893250521401e-07,7.02999274249613e-06
1,TMBIM6,-5.0710034,,3.957237938618077e-07,4.324850206139975e-06
1,HSP90AA1,-5.102331,,3.3549529199867887e-07,3.7277254666519877e-06
1,MS4A1,-5.116879,,3.1063247020868873e-07,3.4707538570803213e-06
1,RPL8,-5.168646,,2.3579647577702208e-07,2.649398604236203e-06
1,FAM107B,-5.295325,,1.1880505400175006e-07,1.3577720457342864e-06
1,DENND2D,-5.3167453,,1.0563971165941738e-07,1.221268342883438e-06
1,PPP1R2,-5.4385753,,5.370835237960363e-08,6.318629691718074e-07
1,ZAP70,-5.6093154,,2.0312863860444606e-08,2.418198078624358e-07
1,LYAR,-5.639721,,1.703262276308547e-08,2.0645603349194508e-07
1,NKG7,-5.657095,,1.5395639069346086e-08,1.877516959676352e-07
1,ITM2A,-5.6723576,,1.4084577157327828e-08,1.7281689763592425e-07
1,MAL,-5.7216845,,1.0547316663440002e-08,1.3184145829300002e-07
1,PRF1,-5.8111153,,6.2057980688973965e-09,7.855440593541008e-08
1,GTF3A,-5.9565673,,2.575910896914135e-09,3.302449867838634e-08
1,CD79A,-6.193384,,5.888599942883222e-10,7.851466590510963e-09
1,UBE2D2,-6.592194,,4.333729428901248e-11,5.977557832967238e-10
1,HOPX,-6.772306,,1.2674574125832066e-11,1.7978119327421372e-10
1,LITAF,-7.3566127,,1.88635581355356e-13,2.7946012052645334e-12
1,LIMD2,-7.3712206,,1.690730505915366e-13,2.5234783670378595e-12
1,AQP3,-7.610328,,2.734011486357243e-14,4.1112954682063804e-13
1,GZMA,-7.8488703,,4.1980125815150035e-15,6.409179513763364e-14
1,CST7,-8.245568,,1.6437716090070535e-16,2.7169778661273613e-15
1,JUNB,-8.475334,,2.344058271490921e-17,4.0766230808537757e-16
1,SRSF5,-8.689213,,3.649588456474749e-18,6.635615375408633e-17
1,UBB,-9.095966,,9.374873820496252e-20,1.7856902515230957e-18
1,GIMAP7,-9.169124,,4.7687829679535404e-20,9.170736476833732e-19
1,GIMAP5,-9.564394,,1.1286084464567682e-21,2.2572168929135362e-20
1,CCL5,-9.587778,,9.000231502960713e-22,1.8182285864567096e-20
1,SELL,-10.684097,,1.2081903880332434e-26,2.6265008435505294e-25
1,TRAF3IP3,-10.811788,,3.0271257612580862e-27,6.726946136129081e-26
1,CD247,-11.693157,,1.3815427476218613e-31,3.2893874943377645e-30
1,STK17A,-12.415567,,2.1515716708325884e-35,5.312522644031082e-34
1,CTSW,-12.463526,,1.1803501242956336e-35,2.950875310739084e-34
1,ACAP1,-12.511275,,6.477567112742621e-36,1.6398904082892712e-34
1,RPL34,-12.6910305,,6.630785203413525e-37,1.700201334208596e-35
1,CD2,-13.956453,,2.8738457617727815e-44,8.578644064993378e-43
1,HINT1,-14.948406,,1.5952204364644905e-50,5.145872375691905e-49
1,RPL18A,-15.676677,,2.1838367401291605e-55,7.402836407217494e-54
1,B2M,-17.994864,,2.1374736697347648e-72,7.772631526308235e-71
1,TPT1,-20.185896,,1.3024707297297609e-90,5.0095028066529264e-89
1,RPS5,-22.4087,,3.237481056058747e-111,1.5058051423529057e-109
1,RPL13,-23.117157,,3.112187962446152e-118,1.6379936644453432e-116
1,IL32,-24.347534,,6.156713533206355e-131,3.51812201897506e-129
1,LTB,-26.72555,,2.3763321198540927e-157,1.5331174966800599e-155
1,RPL21,-28.252007,,1.3448184419859643e-175,9.96161808878492e-174
1,RPS3A,-28.780382,,3.7758355707359327e-182,2.904488900566102e-180
1,PTPRCAP,-29.00158,,6.284733114953922e-185,5.027786491963137e-183
1,RPS27A,-32.277267,,1.4583495087621166e-228,1.3889042940591586e-226
1,MALAT1,-33.299862,,3.8786294605059357e-243,4.082767853164143e-241
2,CD74,28.934814,,4.3575130155223283e-184,8.715026031044656e-181
2,CD79A,27.816536,,2.7371068596790025e-170,2.7371068596790025e-167
2,HLA-DRA,27.603212,,1.018193110343157e-167,6.78795406895438e-165
2,CD79B,26.554867,,2.256442904042276e-155,1.128221452021138e-152
2,HLA-DPB1,25.84037,,3.1217691348553797e-147,1.2487076539421519e-144
2,HLA-DQA1,25.164785,,9.736579811290937e-140,3.245526603763646e-137
2,MS4A1,25.106874,,4.183851121704679e-139,1.1953860347727654e-136
2,HLA-DRB1,24.252323,,6.249221123763678e-130,1.5623052809409194e-127
2,HLA-DQB1,24.199457,,2.2541839244189598e-129,5.009297609819911e-127
2,CD37,24.05561,,7.29234793489212e-128,1.458469586978424e-125
2,HLA-DPA1,23.758549,,8.965078983261183e-125,1.6300143605929423e-122
2,TCL1A,18.24722,,2.177101371985044e-74,3.110144817121491e-72
2,RPL18A,17.186398,,3.3575427489928046e-66,4.47672366532374e-64
2,LINC00926,16.66744,,2.2607018910430598e-62,2.65964928358007e-60
2,HLA-DMA,16.628227,,4.352888915067845e-62,4.8365432389642725e-60
2,RPS5,14.844717,,7.52718017195167e-50,6.842891065410609e-48
2,LTB,13.833841,,1.5928166197458344e-43,1.3273471831215286e-41
2,HLA-DMB,13.731142,,6.608333560141639e-43,5.286666848113311e-41
2,HVCN1,13.307072,,2.1057500144118463e-40,1.619807703393728e-38
2,RPL8,11.549123,,7.457754830593092e-31,4.971836553728728e-29
2,PTPRCAP,9.794057,,1.194066307424116e-22,6.633701707911755e-21
2,IRF8,9.496502,,2.17059690003206e-21,1.1424194210695053e-19
2,EAF2,9.286211,,1.5987874220726093e-20,8.198909856782612e-19
2,FCRLA,8.761109,,1.933380361970134e-18,9.206573152238732e-17
2,LIMD2,8.611232,,7.2279476162842e-18,3.2854307346746365e-16
2,HLA-DOB,8.363585,,6.08403176702964e-17,2.5889496880977196e-15
2,PKIG,8.06713,,7.196961978980882e-16,2.822338030972895e-14
2,SMIM14,8.017526,,1.078968243506314e-15,4.149877859639669e-14
2,CD72,7.6218977,,2.4997288708929363e-14,9.089923166883404e-13
2,P2RX5,7.5785503,,3.494376722728866e-14,1.2260970956943389e-12
2,RPL21,7.5534062,,4.240195318293051e-14,1.4621363166527762e-12
2,RPL13,7.3867283,,1.504854300895356e-13,5.1012010199842586e-12
2,SPIB,7.052994,,1.7510887656424063e-12,5.387965432745865e-11
2,SNX3,7.026219,,2.1220532503910994e-12,6.430464395124544e-11
2,IGLL5,6.665937,,2.6298203092503536e-11,7.622667563044503e-10
2,KIAA0125,6.6381764,,3.1758778710062876e-11,8.946134847905037e-10
2,PNOC,6.6030583,,4.027609727936532e-11,1.1173775362962065e-09
2,RPS3A,6.6012,,4.0784280074811535e-11,1.1173775362962065e-09
2,SWAP70,6.433726,,1.2451339097200515e-10,3.2766681834738196e-09
2,BLNK,6.3807073,,1.7627174137214454e-10,4.578486788886872e-09
2,CD19,6.2290096,,4.693924414936965e-10,1.1589936827004851e-08
2,LAT2,5.651383,,1.591620187189156e-08,3.7014422957887353e-07
2,SNX29P2,5.3515525,,8.720281129356708e-08,1.959613736934092e-06
2,RPS27A,5.2883706,,1.234108412789999e-07,2.7123261819560417e-06
2,ADAM28,5.0876365,,3.6255339816322994e-07,7.796847272327525e-06
2,SELL,5.022824,,5.091728410908502e-07,1.0833464704060642e-05
2,ARHGAP24,4.8157187,,1.466712162997538e-06,2.963054874742501e-05
2,RPL22L1,4.7539773,,1.9945325865104627e-06,3.835639589443197e-05
2,PRKCB,4.748251,,2.051834005353535e-06,3.908255248292448e-05
2,FCGR2B,4.2472315,,2.164283821301009e-05,0.00034628541140816144
2,C16orf74,4.03311,,5.5043462611877436e-05,0.0008094626854687857
2,PARP1,3.9037879,,9.469878541273984e-05,0.0013432451831594306
2,BTK,3.874586,,0.00010680608417831831,0.0015043110447650466
2,MZB1,3.8694663,,0.00010907386218259278,0.0015255085619943047
2,RPL34,3.8434122,,0.0001213354151488408,0.0016735919330874594
2,RNASEH2B,3.807346,,0.00014046610461353906,0.0019111034641297832
2,DRAM2,3.67389,,0.00023888554694293765,0.003143230880828127
2,IGJ,3.6045642,,0.0003126771207884125,0.003908464009855156
2,PPP1R14A,3.5426717,,0.00039609566055391415,0.004850617534231123
2,PLD4,3.5415719,,0.0003977506378069521,0.004850617534231123
2,NT5C,3.5310287,,0.0004139467043721422,0.004987309691230629
2,C15orf57,3.3354526,,0.0008516068365475748,0.009845165740434392
2,GUCD1,3.3062508,,0.0009455342929506486,0.01086821026380056
2,CD82,3.2195177,,0.0012840647294974636,0.014427693589859143
2,STK17A,3.2140944,,0.0013085663544247848,0.014620853122064636
2,FCRL2,3.1524293,,0.0016191801770705022,0.017364733156300025
2,SCPEP1,3.060728,,0.0022079952452990393,0.022880779744031493
2,RASGRP2,3.0480614,,0.002303229245328996,0.023744631395144284
2,ODC1,2.862004,,0.004209714296777368,0.04127170879193499
2,RP5-887A10.1,2.8537366,,0.004320833974320953,0.04194984441088304
2,KIAA0040,2.8416767,,0.004487698423139764,0.04315094637634388
2,ZNF92,2.8222594,,0.00476865985146669,0.045200567312480476
2,ARL4A,2.5825012,,0.009808703143880331,0.08419487677150499
2,CAMK1D,2.5764332,,0.009982547565268812,0.08522850240083661
2,BACE2,2.4774506,,0.01323247527831193,0.10935929982075974
2,GGA2,2.4502966,,0.014273856535803766,0.11699882406396529
2,P2RY10,2.3974679,,0.01650882612380949,0.13367470545594728
2,PHACTR1,2.386963,,0.016988207174733854,0.1370016707639827
2,CDC40,2.375282,,0.01753554048777761,0.1397254222133674
2,MT-CO2,2.3686075,,0.017855193270095916,0.14170788309599933
2,EIF1B,2.3521104,,0.018667237377132394,0.14756709389037465
2,COQ7,2.3155892,,0.020580714000273975,0.16078682812714043
2,RP11-428G5.5,2.3030741,,0.021274676955509282,0.16428321973366242
2,SRSF5,2.26204,,0.023694942432169113,0.1808774231463291
2,CD1C,2.2034087,,0.027565956828041985,0.20429120415638177
2,CHI3L2,2.1440191,,0.03203136094960399,0.23295535236075626
2,EIF1AY,2.121947,,0.033842186277990155,0.2427790325465258
2,BBX,2.0770066,,0.03780095035509732,0.2634212568299465
2,ITSN2,2.0478427,,0.04057541296671064,0.27983043425317683
2,RIC3,1.97992,,0.047712508917446196,0.3202181806540013
2,MALAT1,1.977986,,0.04793029262332144,0.32060396403559493
2,ADD1,1.9671017,,0.049171494957434655,0.32563903945320966
2,SIAH2,1.9315665,,0.05341303966504773,0.34796768511431747
2,CEPT1,1.9066122,,0.05657082574672034,0.36497306933367957
2,LUC7L3,1.895652,,0.058006072332555066,0.37064582960099085
2,PAX5,1.8673224,,0.061856566547839394,0.3910643721317168
2,NEMF,1.849005,,0.0644570912699002,0.4028568204368762
2,ACADM,1.8325458,,0.06687014488843342,0.411508583928821
2,KCNG1,1.8070985,,0.07074692024217177,0.43007246347824785
2,PAWR,1.7937491,,0.07285322140253542,0.437556885300513
2,EIF3D,1.7478985,,0.08048160497299732,0.4679163079825426
2,PHF14,1.6654508,,0.09582284892986996,0.5413720278523727
2,AIM2,1.632267,,0.10262326284396968,0.5685499326535717
2,UBB,1.6105741,,0.1072725650871446,0.5899552790938485
2,FAM96A,1.6039753,,0.10871949013251579,0.5957232336028263
2,RABEP2,1.5633962,,0.11795943226252048,0.6341904960350564
2,TAPBP,1.532905,,0.12529927044356434,0.6612098704145876
2,NT5C3A,1.5256615,,0.12709421002380702,0.6671612074740526
2,RP11-164H13.1,1.5201623,,0.12847017273523317,0.672618705420069
2,UBE2D2,1.4649065,,0.14294643149177685,0.7293185280192697
2,AL928768.3,1.4569423,,0.14513229070201505,0.7330442447483324
2,MRPS18A,1.3971735,,0.16236140926663611,0.7995283952897952
2,CHD2,1.3947084,,0.16310379263911823,0.7995283952897952
2,RBBP6,1.3819658,,0.16698220560435684,0.812565477393464
2,ATP5O,1.3671373,,0.17158226056051107,0.8328653975346793
2,MFF,1.3578838,,0.17450056363738198,0.8389450174874133
2,RELB,1.3442689,,0.17886144269549564,0.8531977124472766
2,TAF1D,1.342221,,0.17952434955844754,0.8531977124472766
2,CYBA,1.3123745,,0.1893938122961406,0.8809014525401889
2,GRAP,1.297053,,0.19461294535604312,0.8998094075109463
2,PNRC1,1.274981,,0.20231596479779024,0.9222633422793112
2,NFATC1,1.2746397,,0.2024368036303088,0.9222633422793112
2,PWP1,1.2708851,,0.2037695032320629,0.9241247312111696
2,CPNE5,1.2659171,,0.20554277410920418,0.927958348122818
2,MARCKSL1,1.2245795,,0.22073371265669273,0.9745417777337427
2,HINT1,1.2199148,,0.222497193059513,0.9795273832920302
2,METTL21A,1.2108129,,0.225967123356968,0.9869464652179112
2,TNFRSF17,1.2076652,,0.2271760825650616,0.9888011680892136
2,NEIL1,1.2028109,,0.22904952934731426,0.9894148135953099
2,IL6,1.1943158,,0.23235447131070075,0.9985323932772849
2,SLC50A1,1.1875273,,0.235019695304855,0.9985323932772849
2,BLCAP,1.1866171,,0.23537868276513696,0.9985323932772849
2,SMDT1,1.162573,,0.2450027777988376,0.9985323932772849
2,MAP3K8,1.1557087,,0.24780032342597103,0.9985323932772849
2,SKAP2,1.1238523,,0.2610757319228678,0.9985323932772849
2,LARGE,1.120932,,0.2623167995942439,0.9985323932772849
2,SYVN1,1.1151296,,0.2647948952380763,0.9985323932772849
2,IRF9,1.1136127,,0.26544541510046715,0.9985323932772849
2,FAM212A,1.1067483,,0.26840277137697455,0.9985323932772849
2,TCF12,1.0872172,,0.276940825271468,0.9985323932772849
2,ACBD3,1.0644625,,0.28711920528962687,0.9985323932772849
2,SMAP2,1.0604805,,0.2889260572891095,0.9985323932772849
2,HDAC9,1.0400392,,0.298321671576125,0.9985323932772849
2,MYCBP2,1.0365881,,0.2999278543976963,0.9985323932772849
2,CCDC91,1.0188016,,0.3082971833874283,0.9985323932772849
2,BNIP2,1.0159572,,0.30964975306982123,0.9985323932772849
2,PNPLA8,0.9944541,,0.3200018473099494,0.9985323932772849
2,MAF1,0.9901307,,0.32211023785860093,0.9985323932772849
2,UIMC1,0.98626244,,0.3240043593262939,0.9985323932772849
2,TCEA2,0.98432827,,0.3249541351666022,0.9985323932772849
2,ZCCHC11,0.9764779,,0.32882768799580187,0.9985323932772849
2,ICOSLG,0.96411455,,0.33498849739287984,0.9985323932772849
2,TTC14,0.9286932,,0.3530481336274177,0.9985323932772849
2,SMCHD1,0.92418015,,0.3553925335938559,0.9985323932772849
2,SAMD9L,0.91917413,,0.3580045067806956,0.9985323932772849
2,ECHDC1,0.8735511,,0.38236279758631897,0.9985323932772849
2,HIST1H2AC,0.8722616,,0.38306567437007055,0.9985323932772849
2,MIS18BP1,0.86755896,,0.3856358080763497,0.9985323932772849
2,HOOK2,0.8281934,,0.4075609590114341,0.9985323932772849
2,SNHG8,0.8267144,,0.40839896517304963,0.9985323932772849
2,TMEM80,0.79121715,,0.42881729622889264,0.9985323932772849
2,MZT1,0.7860215,,0.4318548995983449,0.9985323932772849
2,LINC01013,0.77236867,,0.43989608918776857,0.9985323932772849
2,ZNF718,0.7684246,,0.442234996128097,0.9985323932772849
2,RP11-102N12.3,0.7667559,,0.44322667172917274,0.9985323932772849
2,PPIG,0.7666421,,0.4432943322214109,0.9985323932772849
2,EIF5,0.7648976,,0.4443325319266277,0.9985323932772849
2,RP11-727F15.9,0.7443046,,0.4566922030430153,0.9985323932772849
2,NEK8,0.7410052,,0.45869028620126795,0.9985323932772849
2,PLRG1,0.73607504,,0.4616850392843669,0.9985323932772849
2,CXXC1,0.73459595,,0.46258558981678854,0.9985323932772849
2,DENND5B,0.7332307,,0.46341773617360715,0.9985323932772849
2,DNAJC10,0.733079,,0.4635102483405247,0.9985323932772849
2,KPNA1,0.7262147,,0.46770717455704913,0.9985323932772849
2,UTP6,0.7229911,,0.4696853499902812,0.9985323932772849
2,JAZF1,0.7213224,,0.47071116038223537,0.9985323932772849
2,ATG4C,0.7010329,,0.4832825050616696,0.9985323932772849
2,ZNF493,0.7006157,,0.4835428797642173,0.9985323932772849
2,ARGLU1,0.69416857,,0.48757651578517314,0.9985323932772849
2,GNG3,0.6848012,,0.49346936880582415,0.9985323932772849
2,ANKRD54,0.68442196,,0.4937087464481059,0.9985323932772849
2,PRKD2,0.68263954,,0.49483465345146593,0.9985323932772849
2,ZNF397,0.65874714,,0.5100581568050915,0.9985323932772849
2,ZBED5-AS1,0.6491143,,0.5162644753569994,0.9985323932772849
2,PPP1R2,0.6335274,,0.5263892926920222,0.9985323932772849
2,IFIT5,0.62101233,,0.5345915015856433,0.9985323932772849
2,AC113189.5,0.6113416,,0.5409734448505639,0.9985323932772849
2,CKS1B,0.60379463,,0.5459801715710451,0.9985323932772849
2,MRPL1,0.5957547,,0.5513391226873129,0.9985323932772849
2,C5orf15,0.58949715,,0.5555278218458323,0.9985323932772849
2,BLM,0.58945924,,0.5555532552022244,0.9985323932772849
2,MRPL40,0.586577,,0.5574878521643493,0.9985323932772849
2,TCL1B,0.58456695,,0.5588389170417318,0.9985323932772849
2,METTL8,0.5821019,,0.5604980516022001,0.9985323932772849
2,RGL2,0.5750859,,0.5652332213049419,0.9985323932772849
2,CAT,0.57254493,,0.5669528509152348,0.9985323932772849
2,IDH1,0.5713314,,0.5677750504134962,0.9985323932772849
2,FAM107B,0.56708384,,0.570657234209226,0.9985323932772849
2,CLNS1A,0.5638223,,0.5728750591349652,0.9985323932772849
2,TMBIM4-1,0.5608263,,0.574915961058035,0.9985323932772849
2,MARCH6,0.55320346,,0.5801240812908655,0.9985323932772849
2,SHOC2,0.54273635,,0.587311346243573,0.9985323932772849
2,RP11-421L21.3,0.53587204,,0.5920469995098676,0.9985323932772849
2,ERV3-1,0.5334069,,0.5937519156876971,0.9985323932772849
2,CCDC174,0.52942485,,0.5965107465488624,0.9985323932772849
2,DDX1,0.5261634,,0.5987746991025729,0.9985323932772849
2,CTC-378H22.1,0.52411544,,0.600198239153678,0.9985323932772849
2,RCE1,0.5071253,,0.6120668925566981,0.9985323932772849
2,RP5-1028K7.2,0.49878195,,0.6179330085719814,0.9985323932772849
2,POLD2,0.49589968,,0.6199651856719041,0.9985323932772849
2,CDC123,0.48186764,,0.6298999652154915,0.9985323932772849
2,ITPA,0.4809954,,0.6305197732822176,0.9985323932772849
2,KCNQ1OT1,0.4807299,,0.6307084621627401,0.9985323932772849
2,TASP1,0.47530672,,0.6345683629121086,0.9985323932772849
2,USP8,0.46381563,,0.6427798432077629,0.9985323932772849
2,CHD7,0.4635881,,0.6429428926669821,0.9985323932772849
2,NCR3,0.45619282,,0.6482513256904602,0.9985323932772849
2,TINF2,0.45497924,,0.6491241727598391,0.9985323932772849
2,TAOK3,0.44758397,,0.6544534666086086,0.9985323932772849
2,PRDM2,0.44671172,,0.6550832194426419,0.9985323932772849
2,MED30,0.44181946,,0.6586198490688359,0.9985323932772849
2,LYPLA1,0.43389326,,0.6643659503260224,0.9985323932772849
2,GIT2,0.43139026,,0.666184635174832,0.9985323932772849
2,PLD6,0.42706686,,0.6693306225115224,0.9985323932772849
2,BCDIN3D,0.4269531,,0.6694134903763957,0.9985323932772849
2,RP11-219B4.7,0.42312273,,0.672205718666746,0.9985323932772849
2,LINC00494,0.42312273,,0.672205718666746,0.9985323932772849
2,STAU1,0.41906482,,0.6751687618189953,0.9985323932772849
2,ANKAR,0.4170169,,0.6766660466693792,0.9985323932772849
2,TMX2,0.41458973,,0.6784422626115862,0.9985323932772849
2,SCAPER,0.41185918,,0.6804426426481329,0.9985323932772849
2,SNRPB,0.4115558,,0.6806650462678903,0.9985323932772849
2,TOP1MT,0.41125238,,0.6808874776596112,0.9985323932772849
2,PRICKLE1,0.41011465,,0.6817218424321758,0.9985323932772849
2,PACS1,0.40855974,,0.6828627705331026,0.9985323932772849
2,ZNF263,0.40609467,,0.684673043919394,0.9985323932772849
2,CAPN12,0.40359166,,0.6865130227689176,0.9985323932772849
2,EML6,0.3971066,,0.6912888677733947,0.9985323932772849
2,RNF26,0.3968411,,0.6914846337315155,0.9985323932772849
2,LAMTOR5,0.38937,,0.6970024618150177,0.9985323932772849
2,RPUSD1,0.38902867,,0.6972549312861731,0.9985323932772849
2,AEBP1,0.3840985,,0.7009054396269341,0.9985323932772849
2,HEMK1,0.38334003,,0.7014676723388017,0.9985323932772849
2,MPP6,0.3772342,,0.7059995776173777,0.9985323932772849
2,NR2C1,0.37598267,,0.70692977274097,0.9985323932772849
2,NOL11,0.37583098,,0.707042553439522,0.9985323932772849
2,POLR3E,0.37340382,,0.7088479175950819,0.9985323932772849
2,IDI1,0.3721523,,0.7097794487045219,0.9985323932772849
2,ZNF45,0.36885288,,0.7122373803070918,0.9985323932772849
2,RP11-430B1.2,0.36771515,,0.7130856381071027,0.9985323932772849
2,UBE2E1,0.3650225,,0.7150945939337969,0.9985323932772849
2,SDCCAG8,0.3645295,,0.7154626452604904,0.9985323932772849
2,MED9,0.36195064,,0.717388913033303,0.9985323932772849
2,KLHL24,0.36145762,,0.7177573752715949,0.9985323932772849
2,GCA,0.36115423,,0.7179841539088844,0.9985323932772849
2,AATF,0.34894258,,0.7271324256210343,0.9985323932772849
2,TMEM87B,0.34890464,,0.7271608978725723,0.9985323932772849
2,FAM43A,0.34719804,,0.7284425385792057,0.9985323932772849
2,RFC2,0.34643957,,0.7290124006989508,0.9985323932772849
2,ATXN1L,0.3443537,,0.7305802928730263,0.9985323932772849
2,INTS12,0.3423058,,0.732120773984273,0.9985323932772849
2,ACD,0.33415204,,0.7382648275790213,0.9985323932772849
2,ABHD17B,0.33282468,,0.7392666184764924,0.9985323932772849
2,ATPAF1,0.3314215,,0.740326135866314,0.9985323932772849
2,DIDO1,0.33009413,,0.741328835681252,0.9985323932772849
2,CCT4,0.32982865,,0.7415294284263586,0.9985323932772849
2,LINC00662,0.32357115,,0.7462627450721036,0.9985323932772849
2,RABL2A,0.32326773,,0.7464924843972021,0.9985323932772849
2,TBXA2R,0.3191719,,0.7495961630170841,0.9985323932772849
2,CASC4,0.31879267,,0.7498837467506458,0.9985323932772849
2,C7orf26,0.31712398,,0.7511495277578394,0.9985323932772849
2,PELI1,0.31348324,,0.7539135530495572,0.9985323932772849
2,POLR2K,0.3132557,,0.7540864097760811,0.9985323932772849
2,VTI1A,0.31272474,,0.7544897900417689,0.9985323932772849
2,CD47,0.31151116,,0.7554120534377435,0.9985323932772849
2,VPS13A,0.31003213,,0.7565365333206642,0.9985323932772849
2,RP11-219B17.1,0.3098804,,0.7566518937898781,0.9985323932772849
2,CDK16,0.30764288,,0.7583540893487507,0.9985323932772849
2,PAICS,0.30688438,,0.7589313711894803,0.9985323932772849
2,PMEPA1,0.30635345,,0.7593355484570586,0.9985323932772849
2,HCFC2,0.30180252,,0.7628026113097967,0.9985323932772849
2,ELP6,0.30043724,,0.7638436623546753,0.9985323932772849
2,MED28,0.29873064,,0.7651455765723338,0.9985323932772849
2,PTPRN2,0.29732743,,0.7662165368799095,0.9985323932772849
2,MYO1E,0.29717574,,0.7663323431757237,0.9985323932772849
2,ZRANB3,0.29380047,,0.768910379186283,0.9985323932772849
2,U2SURP,0.29160085,,0.7705918258536244,0.9985323932772849
2,C21orf33,0.28701198,,0.7741031358434168,0.9985323932772849
2,NFU1,0.28568465,,0.7751196699029974,0.9985323932772849
2,SENP2,0.28557086,,0.7752068193569175,0.9985323932772849
2,BANP,0.28450897,,0.7760203506654757,0.9985323932772849
2,AP003419.16,0.28386426,,0.7765144003724966,0.9985323932772849
2,POMT1,0.28196806,,0.7779680111276921,0.9985323932772849
2,SAFB2,0.2812854,,0.7784915015621228,0.9985323932772849
2,PJA1,0.2807924,,0.7788696405199472,0.9985323932772849
2,HDAC5,0.27927542,,0.7800334729962547,0.9985323932772849
2,ACTR2,0.27726543,,0.7815763102463302,0.9985323932772849
2,ZNF747,0.27582428,,0.7826830251676177,0.9985323932772849
2,SCFD1,0.2746107,,0.7836153369920479,0.9985323932772849
2,ARHGEF7,0.27279034,,0.7850143869997198,0.9985323932772849
2,OARD1,0.27229732,,0.7853934161452345,0.9985323932772849
2,CRTC1,0.26440904,,0.7914647450095742,0.9985323932772849
2,RP11-159H10.3,0.2616785,,0.7935693301503027,0.9985323932772849
2,AL928742.12,0.2616785,,0.7935693301503027,0.9985323932772849
2,FBXO33,0.26057866,,0.794417436075761,0.9985323932772849
2,SPIN1,0.2598581,,0.7949732235482365,0.9985323932772849
2,PHRF1,0.25879622,,0.7957924683975411,0.9985323932772849
2,ZNF404,0.2579998,,0.7964070498487075,0.9985323932772849
2,MYOM2,0.25553474,,0.7983101245901927,0.9985323932772849
2,TSPAN33,0.25515547,,0.7986030120240624,0.9985323932772849
2,SPRY1,0.25496587,,0.7987494663720779,0.9985323932772849
2,PDCD2L,0.24935305,,0.8030877005544119,0.9985323932772849
2,C1orf186,0.24867041,,0.8036157406101305,0.9985323932772849
2,RP11-932O9.7,0.24867041,,0.8036157406101305,0.9985323932772849
2,ATG16L1,0.24571231,,0.8059049471004748,0.9985323932772849
2,RP11-162G10.5,0.24514344,,0.8063453705252521,0.9985323932772849
2,ZNF69,0.24484004,,0.8065802881421771,0.9985323932772849
2,NUMB,0.24392986,,0.8072851456182876,0.9985323932772849
2,USP25,0.24309552,,0.8079314024752812,0.9985323932772849
2,ZNF594,0.23566233,,0.8136947005860381,0.9985323932772849
2,DNAJC27,0.23566233,,0.8136947005860381,0.9985323932772849
2,ZNF468,0.23501761,,0.8141950590153835,0.9985323932772849
2,CDC42BPB,0.23198366,,0.8165507015835359,0.9985323932772849
2,INVS,0.23183197,,0.816668527419454,0.9985323932772849
2,ZNF256,0.23179404,,0.8166979845260047,0.9985323932772849
2,MTERFD2,0.23118725,,0.8171693334205328,0.9985323932772849
2,SNX17,0.23114933,,0.8171987949237528,0.9985323932772849
2,TSSC1,0.23020121,,0.8179354163366193,0.9985323932772849
2,SNHG12,0.22803952,,0.819615513381917,0.9985323932772849
2,ARID4A,0.22762236,,0.8199398382269919,0.9985323932772849
2,C8orf44,0.22606745,,0.8211489562789138,0.9985323932772849
2,KRBOX4,0.22557443,,0.8215324240669231,0.9985323932772849
2,RMDN3,0.22011332,,0.8257829000254011,0.9985323932772849
2,TMEM60,0.21958238,,0.826196415362342,0.9985323932772849
2,DDX17,0.21734484,,0.8279396155574258,0.9985323932772849
2,PDIK1L,0.21548654,,0.8293880030028316,0.9985323932772849
2,DNAJC15,0.21271805,,0.8315468791506079,0.9985323932772849
2,SAAL1,0.20737071,,0.8357203497786256,0.9985323932772849
2,MANEA-AS1,0.20611921,,0.8366977923928659,0.9985323932772849
2,TMEM222,0.20589167,,0.836875536367744,0.9985323932772849
2,ZNF232,0.20357828,,0.8386830712837566,0.9985323932772849
2,ARMC7,0.20255432,,0.8394834001199835,0.9985323932772849
2,RELT,0.20115112,,0.8405804165083337,0.9985323932772849
2,HMG20A,0.19989961,,0.8415590978672696,0.9985323932772849
2,HELQ,0.1980413,,0.8430127427053439,0.9985323932772849
2,ARRDC3,0.19311114,,0.8468719314534616,0.9985323932772849
2,NXT2,0.19140454,,0.848208665527265,0.9985323932772849
2,UBA5,0.18928076,,0.849872766285458,0.9985323932772849
2,ABHD13,0.18909115,,0.8500213793538896,0.9985323932772849
2,CD9,0.18848436,,0.8504969769566402,0.9985323932772849
2,LRRK2,0.18818097,,0.8507347961676233,0.9985323932772849
2,ZCCHC9,0.18598135,,0.8524593902058395,0.9985323932772849
2,ARF6,0.18480569,,0.8533814458703737,0.9985323932772849
2,GNE,0.18363003,,0.8543037018899255,0.9985323932772849
2,N4BP2L1,0.18162003,,0.8558809227435327,0.9985323932772849
2,LIX1L,0.18059608,,0.8566846344124176,0.9985323932772849
2,GTF2H2,0.17964797,,0.8574289444324817,0.9985323932772849
2,SIRT1,0.17869985,,0.8581733812387679,0.9985323932772849
2,RABL2B,0.1765761,,0.8598413764442892,0.9985323932772849
2,FNBP4,0.17619684,,0.8601392987754366,0.9985323932772849
2,MTRF1,0.17433855,,0.861599405192406,0.9985323932772849
2,GPATCH4,0.17358007,,0.862195503235294,0.9985323932772849
2,C3orf18,0.17062196,,0.8645210324676507,0.9985323932772849
2,DISP1,0.17062196,,0.8645210324676507,0.9985323932772849
2,RBM48,0.17047025,,0.8646403221925849,0.9985323932772849
2,NR3C1,0.17035648,,0.864729791510874,0.9985323932772849
2,RIOK1,0.16990139,,0.8650876861139065,0.9985323932772849
2,PGRMC2,0.16887744,,0.8658930500434356,0.9985323932772849
2,RUNDC1,0.16857404,,0.8661317031774647,0.9985323932772849
2,UBXN4,0.16838442,,0.866280867586011,0.9985323932772849
2,LAIR1,0.16565385,,0.8684293605871494,0.9985323932772849
2,ARPP19,0.16489537,,0.8690263373718004,0.9985323932772849
2,RP11-110I1.14,0.1615201,,0.8716837848604225,0.9985323932772849
2,RP11-356N1.2,0.16144425,,0.8717435195405914,0.9985323932772849
2,CTC-260E6.6,0.16144425,,0.8717435195405914,0.9985323932772849
2,RP11-420A6.2,0.16144425,,0.8717435195405914,0.9985323932772849
2,ZNF433,0.16144425,,0.8717435195405914,0.9985323932772849
2,C10orf25,0.16144425,,0.8717435195405914,0.9985323932772849
2,RP11-77H9.2,0.16144425,,0.8717435195405914,0.9985323932772849
2,SNX5,0.15890332,,0.8737450519325481,0.9985323932772849
2,RP11-145M9.4,0.15784143,,0.8745817534402981,0.9985323932772849
2,PCP2,0.15772766,,0.8746714083650924,0.9985323932772849
2,FMO4,0.15772766,,0.8746714083650924,0.9985323932772849
2,TMEM251,0.15617275,,0.875896853104742,0.9985323932772849
2,BET1,0.15598314,,0.8760463180033897,0.9985323932772849
2,SETX,0.15340427,,0.8780794773463636,0.9985323932772849
2,MARCH5,0.15211484,,0.8790963595282937,0.9985323932772849
2,SLC2A13,0.1511288,,0.8798741099939336,0.9985323932772849
2,CDKN2A,0.15090126,,0.8800536073577875,0.9985323932772849
2,RPL39L,0.15067372,,0.8802331108851579,0.9985323932772849
2,SETD1B,0.15040824,,0.8804425394449724,0.9985323932772849
2,NFAT5,0.1497256,,0.8809811083916256,0.9985323932772849
2,RP11-511B23.1,0.14843617,,0.8819985552884353,0.9985323932772849
2,PDE6B,0.14798108,,0.8823577007772342,0.9985323932772849
2,FAM98A,0.14604694,,0.8838843380671634,0.9985323932772849
2,TRAPPC12-AS1,0.14471959,,0.884932280223133,0.9985323932772849
2,RP5-894A10.2,0.14426449,,0.8852916211131322,0.9985323932772849
2,GRB2,0.14157185,,0.8874182016867594,0.9985323932772849
2,ZBTB10,0.141496,,0.8874781171773136,0.9985323932772849
2,LONRF1,0.14100298,,0.8878675835247951,0.9985323932772849
2,ZBP1,0.14062375,,0.8881671914518345,0.9985323932772849
2,TTC3,0.13941015,,0.8891260439872855,0.9985323932772849
2,SMTN,0.13550395,,0.8922134451502085,0.9985323932772849
2,RP11-324I22.4,0.13550395,,0.8922134451502085,0.9985323932772849
2,LINC00957,0.1354281,,0.8922734110152017,0.9985323932772849
2,VSIG10L,0.1354281,,0.8922734110152017,0.9985323932772849
2,ARHGAP11A,0.1354281,,0.8922734110152017,0.9985323932772849
2,RP11-408A13.4,0.1354281,,0.8922734110152017,0.9985323932772849
2,RP11-423O2.5,0.1354281,,0.8922734110152017,0.9985323932772849
2,NIPSNAP3B,0.1354281,,0.8922734110152017,0.9985323932772849
2,LPGAT1,0.13539018,,0.8923033941787106,0.9985323932772849
2,SNX9,0.1351247,,0.8925132806315511,0.9985323932772849
2,ZNF567,0.13349395,,0.8938027477608758,0.9985323932772849
2,BRAT1,0.13349395,,0.8938027477608758,0.9985323932772849
2,RWDD4,0.13099094,,0.8957824748452222,0.9985323932772849
2,VAPA,0.12678133,,0.8991134736588198,0.9985323932772849
2,NIT2,0.124543786,,0.9008847320419333,0.9985323932772849
2,MCUR1,0.12405077,,0.901275075988694,0.9985323932772849
2,TGFB1I1,0.12242002,,0.9025663832302232,0.9985323932772849
2,RP11-390B4.5,0.12242002,,0.9025663832302232,0.9985323932772849
2,CTD-2012K14.7,0.12242002,,0.9025663832302232,0.9985323932772849
2,FBXW9,0.1188172,,0.9054201804907609,0.9985323932772849
2,ZNF175,0.118589655,,0.9056004617242372,0.9985323932772849
2,EARS2,0.11832418,,0.9058107959779986,0.9985323932772849
2,HCCS,0.11574532,,0.9078543846406372,0.9985323932772849
2,DPH6,0.114569664,,0.9087862239155009,0.9985323932772849
2,AC004257.3,0.109487794,,0.9128156020895272,0.9985323932772849
2,CRIP3,0.109487794,,0.9128156020895272,0.9985323932772849
2,RP11-950C14.3,0.10941195,,0.912875759303478,0.9985323932772849
2,LINC00886,0.10941195,,0.912875759303478,0.9985323932772849
2,RP11-1000B6.3,0.10941195,,0.912875759303478,0.9985323932772849
2,RP11-432I5.1,0.10941195,,0.912875759303478,0.9985323932772849
2,CCDC122,0.10941195,,0.912875759303478,0.9985323932772849
2,TARSL2,0.10922232,,0.9130261545217508,0.9985323932772849
2,RBM26-AS1,0.10542988,,0.9160347058995945,0.9985323932772849
2,FH,0.10383706,,0.9172986587308036,0.9985323932772849
2,CEP120,0.10338196,,0.9176598266501101,0.9985323932772849
2,UBE3A,0.10228215,,0.9185327191316829,0.9985323932772849
2,TRIM23,0.101751216,,0.918954150712294,0.9985323932772849
2,ZNF333,0.09704859,,0.9226878108732217,0.9985323932772849
2,RP11-142C4.6,0.09647972,,0.923139580494193,0.9985323932772849
2,CTB-152G17.6,0.09640387,,0.9231998183202649,0.9985323932772849
2,C5orf42,0.09617633,,0.9233805344399145,0.9985323932772849
2,RP11-798G7.6,0.09617633,,0.9233805344399145,0.9985323932772849
2,TYW5,0.09500067,,0.9243142971907069,0.9985323932772849
2,TRMT61A,0.094962746,,0.9243444203130935,0.9985323932772849
2,NUDCD1,0.0944318,,0.9247661553979798,0.9985323932772849
2,TANGO6,0.09363539,,0.9253987976361046,0.9985323932772849
2,USP30,0.093369916,,0.9256096888861045,0.9985323932772849
2,TRIM16L,0.0930286,,0.9258808424580152,0.9985323932772849
2,NKTR,0.091435775,,0.9271463391299959,0.9985323932772849
2,MIS18A,0.09113237,,0.9273874071107236,0.9985323932772849
2,RP11-488C13.5,0.09063936,,0.9277791567857064,0.9985323932772849
2,LUC7L,0.08866729,,0.9293463296053408,0.9985323932772849
2,MMD,0.088629365,,0.9293764702493924,0.9985323932772849
2,NBR1,0.0863539,,0.9311850927405659,0.9985323932772849
2,EXOC4,0.084874846,,0.9323608885357157,0.9985323932772849
2,ANKRD27,0.08373711,,0.9332654474193883,0.9985323932772849
2,LRRIQ3,0.083547495,,0.9334162156435232,0.9985323932772849
2,MCF2L,0.083395794,,0.9335368319428504,0.9985323932772849
2,GDF11,0.083395794,,0.9335368319428504,0.9985323932772849
2,GOLGB1,0.08146165,,0.935074822569286,0.9985323932772849
2,PITPNA-AS1,0.08089279,,0.9355272191300842,0.9985323932772849
2,ARRDC4,0.08047561,,0.9358589898475272,0.9985323932772849
2,MADD,0.07971713,,0.9364622378299974,0.9985323932772849
2,PDIA5,0.079413734,,0.9367035472556327,0.9985323932772849
2,KIAA0101,0.07933788,,0.93676387552136,0.9985323932772849
2,SLC48A1,0.07596261,,0.9394488458127012,0.9985323932772849
2,XXbac-BPG299F13.17,0.07562129,,0.939720398501839,0.9985323932772849
2,NNT-AS1,0.073800914,,0.9411687971198632,0.9985323932772849
2,WARS2,0.07357337,,0.9413498607277121,0.9985323932772849
2,RP1-111C20.4,0.07038772,-7.075607,0.9438850652783713,0.9985323932772849
2,RBM7,0.06974301,,0.9443982123913315,0.9985323932772849
2,DIS3,0.068112254,,0.9456962752468361,0.9985323932772849
2,FBXO4,0.06769509,,0.946028361135411,0.9985323932772849
2,GPR183,0.06754339,,0.9461491219685775,0.9985323932772849
2,SPATA6,0.06735376,,0.946300074749725,0.9985323932772849
2,URGCP,0.0670883,,0.9465114118810694,0.9985323932772849
2,POLR3K,0.06583679,,0.9475077659510363,0.9985323932772849
2,ST3GAL3,0.06462321,,0.9484740058924696,0.9985323932772849
2,PSMC6,0.06295453,,0.9498027092585627,0.9985323932772849
2,NSMAF,0.06295453,,0.9498027092585627,0.9985323932772849
2,LRBA,0.06242359,,0.9502255079602497,0.9985323932772849
2,HRASLS,0.06121001,-3.584418,0.9511919574225023,0.9985323932772849
2,CALD1,0.06121001,-2.531549,0.9511919574225023,0.9985323932772849
2,GUCA1B,0.06121001,-2.5870085,0.9511919574225023,0.9985323932772849
2,RP11-211G3.2,0.06121001,-4.1894927,0.9511919574225023,0.9985323932772849
2,RP4-773N10.4,0.06121001,-3.3371606,0.9511919574225023,0.9985323932772849
2,CCDC163P,0.06121001,-2.4962814,0.9511919574225023,0.9985323932772849
2,NCKAP1,0.06121001,-2.686569,0.9511919574225023,0.9985323932772849
2,NUDT12,0.06121001,-2.637766,0.9511919574225023,0.9985323932772849
2,CTD-2012J19.3,0.06121001,-2.7039447,0.9511919574225023,0.9985323932772849
2,RP11-490M8.1,0.06121001,-2.679243,0.9511919574225023,0.9985323932772849
2,NPPA-AS1,0.06121001,-2.6166785,0.9511919574225023,0.9985323932772849
2,RP11-977G19.12,0.06121001,-2.8497624,0.9511919574225023,0.9985323932772849
2,AC145110.1,0.06121001,-2.758478,0.9511919574225023,0.9985323932772849
2,RAB12,0.06121001,-2.8157318,0.9511919574225023,0.9985323932772849
2,CTD-2541M15.1,0.06121001,-3.1987674,0.9511919574225023,0.9985323932772849
2,TACR2,0.06121001,-2.5065994,0.9511919574225023,0.9985323932772849
2,RP11-178L8.7,0.06121001,-2.6407168,0.9511919574225023,0.9985323932772849
2,KRTAP5-AS1,0.06121001,-2.859377,0.9511919574225023,0.9985323932772849
2,BEND2,0.06121001,-3.0970469,0.9511919574225023,0.9985323932772849
2,RP13-314C10.5,0.06121001,-3.0705822,0.9511919574225023,0.9985323932772849
2,AC093642.3,0.06121001,-2.504482,0.9511919574225023,0.9985323932772849
2,CCDC62,0.06121001,-3.1577985,0.9511919574225023,0.9985323932772849
2,AC068580.6,0.06121001,-2.9105406,0.9511919574225023,0.9985323932772849
2,SCIN,0.06121001,-2.61281,0.9511919574225023,0.9985323932772849
2,PPT2-EGFL8,0.06121001,-5.8928537,0.9511919574225023,0.9985323932772849
2,CHERP,0.059086245,,0.9528834158819822,0.9985323932772849
2,LILRA4,0.057455495,-3.2476342,0.9541823588132059,0.9985323932772849
2,LYRM4,0.05726587,,0.9543334066537814,0.9985323932772849
2,PROCA1,0.05434569,,0.9566597472437299,0.9985323932772849
2,ZNF799,0.053852674,,0.9570525430151636,0.9985323932772849
2,C9orf3,0.053700976,,0.9571734053550871,0.9985323932772849
2,STT3A,0.053700976,,0.9571734053550871,0.9985323932772849
2,SMC2,0.052639093,,0.9580194691476603,0.9985323932772849
2,SNX14,0.050591175,1.8449907,0.95965129632869,0.9985323932772849
2,FASTKD1,0.049643062,,0.9604068295469781,0.9985323932772849
2,LTV1,0.049567215,,0.9604672737496777,0.9985323932772849
2,DDI2,0.049339667,,0.9606486077198733,0.9985323932772849
2,RP11-308N19.1,0.048201934,-1.4628518,0.9615553079214256,0.9985323932772849
2,TMPRSS11E,0.048201934,-1.8416597,0.9615553079214256,0.9985323932772849
2,VIL1,0.048201934,-1.5427006,0.9615553079214256,0.9985323932772849
2,IFT81,0.048201934,-1.549301,0.9615553079214256,0.9985323932772849
2,U73166.2,0.048201934,-1.5765967,0.9615553079214256,0.9985323932772849
2,NEDD4,0.048201934,-1.4757816,0.9615553079214256,0.9985323932772849
2,SUOX,0.048201934,-1.6994036,0.9615553079214256,0.9985323932772849
2,NEUROD2,0.048201934,-1.5225319,0.9615553079214256,0.9985323932772849
2,RAD51B,0.047405522,,0.9621900277189324,0.9985323932772849
2,VMAC,0.045698922,,0.9635502217501579,0.9985323932772849
2,STMN1,0.045623075,,0.9636106773096653,0.9985323932772849
2,CUL4B,0.044864587,,0.9642152443537023,0.9985323932772849
2,RP11-532F6.3,0.044523265,-1.7436608,0.9644873062563275,0.9985323932772849
2,ZBTB41,0.04444742,-1.6673753,0.9645477650194954,0.9985323932772849
2,AC092295.7,0.044371568,-1.6690289,0.9646082239864873,0.9985323932772849
2,BLZF1,0.042930443,,0.9657569826241911,0.9985323932772849
2,EID2,0.04111007,,0.9672081474583056,0.9985323932772849
2,ZNF682,0.04057913,-6.000511,0.9676314245390898,0.9985323932772849
2,SMARCD1,0.03966894,,0.9683570635430618,0.9985323932772849
2,TNRC18,0.039289698,,0.9686594208952755,0.9985323932772849
2,ATXN7L3B,0.039289698,,0.9686594208952755,0.9985323932772849
2,ZNF528,0.03853121,,0.9692641490721084,0.9985323932772849
2,MNAT1,0.0357248,,0.971501794280696,0.9985323932772849
2,MCM10,0.035231784,-1.8773817,0.9718949177828462,0.9985323932772849
2,ARHGAP6,0.035231784,-1.0422088,0.9718949177828462,0.9985323932772849
2,RPA4,0.03519386,-0.96452475,0.9719251583362989,0.9985323932772849
2,FCGBP,0.03519386,-0.9234921,0.9719251583362989,0.9985323932772849
2,MYH10,0.03519386,-1.002928,0.9719251583362989,0.9985323932772849
2,KDM4A-AS1,0.03519386,-0.9279342,0.9719251583362989,0.9985323932772849
2,RP11-493L12.4,0.03519386,-1.0485648,0.9719251583362989,0.9985323932772849
2,RP11-502I4.3,0.03519386,-0.9412683,0.9719251583362989,0.9985323932772849
2,ATP9A,0.03519386,-0.956217,0.9719251583362989,0.9985323932772849
2,SYP,0.03519386,-0.9744998,0.9719251583362989,0.9985323932772849
2,CLIP2,0.03519386,-0.9390696,0.9719251583362989,0.9985323932772849
2,RP11-252A24.3,0.03519386,-0.9038815,0.9719251583362989,0.9985323932772849
2,RP11-378J18.3,0.03519386,-1.1556919,0.9719251583362989,0.9985323932772849
2,SDCBP2,0.03519386,-0.9577604,0.9719251583362989,0.9985323932772849
2,NOL7,0.034738768,,0.9722880481135651,0.9985323932772849
2,ST20,0.031704813,,0.9747074562862934,0.9985323932772849
2,DCAF8,0.029998215,,0.9760684770860024,0.9985323932772849
2,SDAD1,0.029467274,,0.9764919201758272,0.9985323932772849
2,SAMD1,0.028215768,,0.9774900620295929,0.9985323932772849
2,KDM3B,0.026926337,,0.9785184874552227,0.9985323932772849
2,ZNF350,0.026850488,,0.9785789841971769,0.9985323932772849
2,RP11-400F19.6,0.023626912,,0.981150205171673,0.9985323932772849
2,CR1,0.022716727,,0.9818762335871746,0.9985323932772849
2,BMPR2,0.022527104,,0.98202749141655,0.9985323932772849
2,TTC8,0.022299558,-1.4515584,0.9822090016642004,0.9985323932772849
2,HIST1H2AH,0.02222371,-0.67272544,0.9822695052852187,0.9985323932772849
2,RPS6KL1,0.02222371,-0.89665025,0.9822695052852187,0.9985323932772849
2,LGALSL,0.022185784,-0.54596764,0.9822997571339949,0.9985323932772849
2,BGLAP,0.022185784,-0.50484335,0.9822997571339949,0.9985323932772849
2,ZNF587B,0.022185784,-0.5133065,0.9822997571339949,0.9985323932772849
2,SLC4A8,0.022185784,-0.5668604,0.9822997571339949,0.9985323932772849
2,CCDC121,0.022185784,-0.52980024,0.9822997571339949,0.9985323932772849
2,ZNF436,0.021996163,-0.73309135,0.9824510167588072,0.9985323932772849
2,FEM1A,0.021313522,,0.9829955565929641,0.9985323932772849
2,YPEL3,0.021048052,,0.9832073242376275,0.9985323932772849
2,RP5-827C21.4,0.020099942,,0.9839636468093769,0.9985323932772849
2,PDK2,0.019000133,,0.9848409990042406,0.9985323932772849
2,INTS2,0.018507116,-0.8442347,0.9852343008304574,0.9985323932772849
2,AC074138.3,0.018431267,-0.6021049,0.9852948091246316,0.9985323932772849
2,LRRC59,0.017179761,,0.986293207931613,0.9985323932772849
2,SNRNP27,0.015738633,,0.9874429057787922,0.9985323932772849
2,DHX34,0.013728639,,0.9890464747479728,0.9985323932772849
2,PPP2R1B,0.013501093,,0.9892280137666265,0.9985323932772849
2,AP4S1,0.013197698,,0.9894700666574253,0.9985323932772849
2,ZNF628,0.012970151,,0.9896516069627872,0.9985323932772849
2,TCEAL4,0.011832419,,0.9905593163383769,0.9985323932772849
2,RCHY1,0.010467139,,0.9916485836158095,0.9985323932772849
2,PHACTR4,0.0095190285,-0.062456436,0.992405028505241,0.9985323932772849
2,IDO1,0.009215633,-0.22641341,0.9926470923442737,0.9985323932772849
2,SNTA1,0.009215633,-0.22476995,0.9926470923442737,0.9985323932772849
2,DRAXIN,0.009177709,-0.19051443,0.9926773503721977,0.9985323932772849
2,HP,0.009177709,-0.1894209,0.9926773503721977,0.9985323932772849
2,ZNF653,0.009177709,-0.1957375,0.9926773503721977,0.9985323932772849
2,CXCR1,0.009177709,-0.19843647,0.9926773503721977,0.9985323932772849
2,JAM3,0.009177709,-0.19732837,0.9926773503721977,0.9985323932772849
2,TEX2,0.009177709,-0.20414211,0.9926773503721977,0.9985323932772849
2,ARHGAP19,0.009177709,-0.21069491,0.9926773503721977,0.9985323932772849
2,SHPK-1,0.009177709,-0.20125549,0.9926773503721977,0.9985323932772849
2,CD274,0.009177709,-0.20435968,0.9926773503721977,0.9985323932772849
2,POLA1,0.009026011,-0.3492672,0.9927983825887743,0.9985323932772849
2,RP1-28O10.1,0.008950163,-0.005725705,0.9928588987593818,0.9985323932772849
2,NDUFA10,0.008722616,,0.9930404475163038,0.9985323932772849
2,TMEM167B,0.0069780927,,0.9944323325966774,0.9985323932772849
2,DHX8,0.0063333777,,0.9949467294223424,0.9985323932772849
2,AKAP8,0.006257529,,0.995007246838173,0.9985323932772849
2,HIST1H2BJ,0.0056507383,-0.40470707,0.9954913871696071,0.9985323932772849
2,ZUFSP,0.003716593,,0.9970345946873691,0.9985323932772849
2,GTPBP2,0.0028822557,-1.8008523,0.9977002958105875,0.9986989948053929
2,GYS1,0.0017445232,0.39350605,0.9986080725589009,0.9991076263720869
2,OTUD5,-0.0009860349,,0.9992132581312875,0.9992132581312875
2,RP11-178G16.4,-0.0038303663,0.080351725,0.9969438174110775,0.9985323932772849
2,WBP2NL,-0.0038303663,0.07843147,0.9969438174110775,0.9985323932772849
2,ACOT11,-0.0038303663,0.08266907,0.9969438174110775,0.9985323932772849
2,THBS1,-0.0038303663,0.0789934,0.9969438174110775,0.9985323932772849
2,CTD-2368P22.1,-0.0038303663,0.08433724,0.9969438174110775,0.9985323932772849
2,ZNF195,-0.0039441395,,0.9968530401743461,0.9985323932772849
2,ZNF559,-0.005271494,-1.3279765,0.9957939757310527,0.9985323932772849
2,DOK3,-0.005612814,,0.9955216459972895,0.9985323932772849
2,RBM39,-0.00584036,,0.995340093129333,0.9985323932772849
2,PAXIP1-AS1,-0.009329407,,0.9925563183241265,0.9985323932772849
2,SEC31A,-0.010505063,,0.9916183259718508,0.9985323932772849
2,C17orf59,-0.01107393,,0.9911644627833901,0.9985323932772849
2,MRM1,-0.011453174,0.4747478,0.9908618889037626,0.9985323932772849
2,SPG7,-0.012022041,,0.9904080305621222,0.9985323932772849
2,TBC1D23,-0.012590907,-0.6155269,0.9899541753243781,0.9985323932772849
2,PIGU,-0.0127805285,,0.9898028909602663,0.9985323932772849
2,ADIPOR2,-0.013804488,1.1557006,0.9889859618673151,0.9985323932772849
2,SCAI,-0.016686743,,0.9866865225331478,0.9985323932772849
2,C19orf33,-0.016762592,0.2637793,0.9866260123814462,0.9985323932772849
2,CD2AP,-0.019341454,,0.9845687152770087,0.9985323932772849
2,RBM5,-0.02025164,,0.9838426342116613,0.9985323932772849
2,EIF5B,-0.022716727,,0.9818762335871746,0.9985323932772849
2,QRICH1,-0.024650872,,0.980333441896573,0.9985323932772849
2,YEATS2,-0.025295587,,0.9798191940606596,0.9985323932772849
2,HSPB11,-0.02533351,,0.9797889444470437,0.9985323932772849
2,CTC-444N24.11,-0.026585016,-1.3598177,0.9787907237619848,0.9985323932772849
2,ARHGAP18,-0.026812563,,0.978609232614378,0.9985323932772849
2,TDG,-0.02704011,,0.9784277425740646,0.9985323932772849
2,RHEBL1,-0.027684825,,0.9779135268885505,0.9985323932772849
2,DTYMK,-0.027684825,,0.9779135268885505,0.9985323932772849
2,YTHDC1,-0.028367465,,0.9773690732298715,0.9985323932772849
2,FBXO11,-0.029163877,,0.9767338906378629,0.9985323932772849
2,PTGDR2,-0.029846517,0.6285802,0.9761894601429786,0.9985323932772849
2,RCN2,-0.03064293,,0.9755543052695603,0.9985323932772849
2,R3HDM2,-0.03451122,,0.972469495158304,0.9985323932772849
2,PF4,-0.035269707,2.9458075,0.9718646772697994,0.9985323932772849
2,IP6K1,-0.03621782,,0.9711086777025495,0.9985323932772849
2,ELL,-0.038189888,,0.9695362825385145,0.9985323932772849
2,ERCC6L2,-0.038341586,-5.592309,0.9694153338914062,0.9985323932772849
2,KLC4,-0.038682908,1.9158379,0.9691432020117274,0.9985323932772849
2,DPY19L2,-0.039024226,0.70733064,0.9688710737250474,0.9985323932772849
2,TAL1,-0.039024226,0.83899546,0.9688710737250474,0.9985323932772849
2,LRRC24,-0.039024226,0.73426354,0.9688710737250474,0.9985323932772849
2,SPOCD1,-0.039024226,0.73160213,0.9688710737250474,0.9985323932772849
2,LINC00959,-0.039024226,0.74810517,0.9688710737250474,0.9985323932772849
2,GLS2,-0.039024226,0.73932993,0.9688710737250474,0.9985323932772849
2,RP11-805J14.5,-0.039024226,0.71267647,0.9688710737250474,0.9985323932772849
2,CLECL1,-0.039024226,0.7457523,0.9688710737250474,0.9985323932772849
2,SERPINE1,-0.039024226,0.7470345,0.9688710737250474,0.9985323932772849
2,LCN2,-0.039024226,0.7298063,0.9688710737250474,0.9985323932772849
2,RP11-247A12.2,-0.039024226,0.7638401,0.9688710737250474,0.9985323932772849
2,RP11-544A12.4,-0.039024226,0.7662099,0.9688710737250474,0.9985323932772849
2,SYTL4,-0.039024226,0.72165734,0.9688710737250474,0.9985323932772849
2,KCNH3,-0.039024226,0.7093435,0.9688710737250474,0.9985323932772849
2,ZNF425,-0.039024226,0.7451222,0.9688710737250474,0.9985323932772849
2,WDR11-AS1,-0.039024226,0.7328353,0.9688710737250474,0.9985323932772849
2,FBXL22,-0.039024226,0.72495925,0.9688710737250474,0.9985323932772849
2,BHLHE40-AS1,-0.039024226,0.72635347,0.9688710737250474,0.9985323932772849
2,ACVR2B,-0.039024226,0.7519828,0.9688710737250474,0.9985323932772849
2,C19orf44,-0.039024226,0.7296953,0.9688710737250474,0.9985323932772849
2,MAP1A,-0.039024226,0.7537983,0.9688710737250474,0.9985323932772849
2,ZNF763,-0.039024226,0.7126367,0.9688710737250474,0.9985323932772849
2,FAM209A,-0.039024226,0.75249404,0.9688710737250474,0.9985323932772849
2,OMG,-0.039024226,0.75999296,0.9688710737250474,0.9985323932772849
2,RP11-559M23.1,-0.039024226,0.7723611,0.9688710737250474,0.9985323932772849
2,CTC-444N24.6,-0.039024226,0.7172489,0.9688710737250474,0.9985323932772849
2,NRN1L,-0.039024226,0.7256929,0.9688710737250474,0.9985323932772849
2,TLR3,-0.039024226,0.7690492,0.9688710737250474,0.9985323932772849
2,MEG3,-0.039024226,0.7443625,0.9688710737250474,0.9985323932772849
2,MEIS1,-0.039024226,0.73717564,0.9688710737250474,0.9985323932772849
2,RP11-359I18.5,-0.039024226,0.73744076,0.9688710737250474,0.9985323932772849
2,SOX13,-0.039024226,0.755769,0.9688710737250474,0.9985323932772849
2,SEC14L5,-0.039024226,0.79852504,0.9688710737250474,0.9985323932772849
2,CLPX,-0.03906215,5.0201554,0.9688408374719149,0.9985323932772849
2,C1orf35,-0.03966894,,0.9683570635430618,0.9985323932772849
2,NAA25,-0.04111007,,0.9672081474583056,0.9985323932772849
2,TP53BP2,-0.04164101,4.086963,0.9667848796163131,0.9985323932772849
2,FN3KRP,-0.04179271,,0.9666639476607625,0.9985323932772849
2,SEC61A2,-0.042740818,0.6424193,0.9659081404190069,0.9985323932772849
2,PRELID2,-0.042854592,0.8173218,0.9658174455947608,0.9985323932772849
2,ARG2,-0.042854592,0.8037583,0.9658174455947608,0.9985323932772849
2,ANKEF1,-0.042854592,0.776316,0.9658174455947608,0.9985323932772849
2,TTPAL,-0.044068173,2.2409139,0.9648500618857526,0.9985323932772849
2,OBSCN,-0.046078168,1.2258306,0.963247947102832,0.9985323932772849
2,TMEM194A,-0.046229865,0.9310525,0.9631270387204788,0.9985323932772849
2,MAP3K7,-0.047405522,,0.9621900277189324,0.9985323932772849
2,XRRA1,-0.047784768,2.0852451,0.9618877771829653,0.9985323932772849
2,RP11-706O15.1,-0.048126087,-0.6496158,0.9616157563825043,0.9985323932772849
2,ARIH2OS,-0.048467405,,0.9613437400503247,0.9985323932772849
2,NAPA-AS1,-0.04899835,0.19401793,0.9609206124894779,0.9985323932772849
2,ATXN3,-0.049150046,,0.9607997209172715,0.9985323932772849
2,GOT2,-0.049832687,,0.9602557200367128,0.9985323932772849
2,MUM1,-0.051008344,,0.9593188731531158,0.9985323932772849
2,MYL9,-0.051197965,1.5603387,0.9591677740445796,0.9985323932772849
2,LINC00174,-0.052032303,0.86016077,0.9585029554667843,0.9985323932772849
2,GATA2,-0.052032303,0.8677785,0.9585029554667843,0.9985323932772849
2,FAM65C,-0.052032303,0.8661381,0.9585029554667843,0.9985323932772849
2,C15orf26,-0.052032303,0.8696546,0.9585029554667843,0.9985323932772849
2,C2CD4D,-0.052032303,1.0397568,0.9585029554667843,0.9985323932772849
2,ABCG2,-0.052032303,0.8927102,0.9585029554667843,0.9985323932772849
2,TDRP,-0.052032303,0.8975511,0.9585029554667843,0.9985323932772849
2,RP4-781K5.2,-0.052032303,0.8926733,0.9585029554667843,0.9985323932772849
2,ARHGEF4,-0.052032303,0.90116906,0.9585029554667843,0.9985323932772849
2,CTC-454I21.3,-0.052032303,0.8765688,0.9585029554667843,0.9985323932772849
2,RP11-10K16.1,-0.052032303,0.91116154,0.9585029554667843,0.9985323932772849
2,AURKC,-0.052032303,0.93639106,0.9585029554667843,0.9985323932772849
2,WNT5B,-0.052032303,0.9073604,0.9585029554667843,0.9985323932772849
2,RP11-647K16.1,-0.052032303,0.879524,0.9585029554667843,0.9985323932772849
2,SAMD14,-0.052032303,0.88714826,0.9585029554667843,0.9985323932772849
2,CTD-2227I18.1,-0.052032303,0.8743331,0.9585029554667843,0.9985323932772849
2,AK4,-0.052032303,0.8847938,0.9585029554667843,0.9985323932772849
2,HOXA5,-0.052032303,0.89831376,0.9585029554667843,0.9985323932772849
2,RNASE3,-0.052032303,0.9058802,0.9585029554667843,0.9985323932772849
2,CCDC153,-0.052032303,0.95134073,0.9585029554667843,0.9985323932772849
2,RP13-270P17.1,-0.052032303,0.86852145,0.9585029554667843,0.9985323932772849
2,CA6,-0.052032303,0.8629823,0.9585029554667843,0.9985323932772849
2,LNP1,-0.052032303,0.89383686,0.9585029554667843,0.9985323932772849
2,CACNA1C-AS1,-0.052032303,0.87965524,0.9585029554667843,0.9985323932772849
2,LIPC,-0.052032303,0.8668618,0.9585029554667843,0.9985323932772849
2,KCNJ14,-0.052032303,0.8733566,0.9585029554667843,0.9985323932772849
2,AC007879.7,-0.052032303,0.86149997,0.9585029554667843,0.9985323932772849
2,PGM2L1,-0.052563243,,0.9580799040966662,0.9985323932772849
2,SLC20A2,-0.05320796,1.3740926,0.9575662147452731,0.9985323932772849
2,CXCL10,-0.05571097,1.046674,0.9555720603254441,0.9985323932772849
2,OSBPL1A,-0.055748895,0.9897031,0.9555418479714949,0.9985323932772849
2,CTB-113I20.2,-0.05578682,1.2723879,0.955511635681422,0.9985323932772849
2,CCDC151,-0.05578682,1.0229552,0.955511635681422,0.9985323932772849
2,RP3-325F22.5,-0.05578682,1.0883106,0.955511635681422,0.9985323932772849
2,RP11-5C23.1,-0.05582474,1.0269216,0.9554814234552687,0.9985323932772849
2,SLC39A14,-0.05582474,0.9321767,0.9554814234552687,0.9985323932772849
2,IL4I1,-0.058934547,1.2199525,0.9530042425558721,0.9985323932772849
2,TMEM177,-0.059958506,1.9292916,0.9521886836091059,0.9985323932772849
2,F11R,-0.059958506,1.4904138,0.9521886836091059,0.9985323932772849
2,PRPS2,-0.06359925,,0.9492893298452292,0.9985323932772849
2,AC137932.6,-0.06504038,1.06255,0.9481418522934599,0.9985323932772849
2,AC004069.2,-0.06504038,1.0529096,0.9481418522934599,0.9985323932772849
2,CTD-3214H19.4,-0.06504038,1.0352536,0.9481418522934599,0.9985323932772849
2,CTD-2302E22.4,-0.06504038,1.0352043,0.9481418522934599,0.9985323932772849
2,RP11-141B14.1,-0.06504038,1.1276934,0.9481418522934599,0.9985323932772849
2,RAB6B,-0.06504038,1.0318618,0.9481418522934599,0.9985323932772849
2,C6orf99,-0.06504038,1.0219864,0.9481418522934599,0.9985323932772849
2,RP11-314N13.3,-0.06504038,1.0252419,0.9481418522934599,0.9985323932772849
2,RP11-879F14.2,-0.06504038,1.0849972,0.9481418522934599,0.9985323932772849
2,RP1-266L20.2,-0.06504038,1.084143,0.9481418522934599,0.9985323932772849
2,RNF165,-0.06504038,1.0362868,0.9481418522934599,0.9985323932772849
2,ELOVL3,-0.06504038,1.028202,0.9481418522934599,0.9985323932772849
2,GPR55,-0.06504038,1.0701721,0.9481418522934599,0.9985323932772849
2,CYTH3,-0.06504038,1.0380685,0.9481418522934599,0.9985323932772849
2,RP11-1055B8.7,-0.06504038,1.0652461,0.9481418522934599,0.9985323932772849
2,PVALB,-0.06504038,1.013579,0.9481418522934599,0.9985323932772849
2,C1QC,-0.06504038,1.0500425,0.9481418522934599,0.9985323932772849
2,SCN1B,-0.06504038,1.077366,0.9481418522934599,0.9985323932772849
2,SEPT4,-0.06504038,1.0607698,0.9481418522934599,0.9985323932772849
2,RP11-294J22.6,-0.06504038,1.0428572,0.9481418522934599,0.9985323932772849
2,FZD2,-0.06504038,1.0762247,0.9481418522934599,0.9985323932772849
2,PLXNA1,-0.06504038,1.0363054,0.9481418522934599,0.9985323932772849
2,RP1-20N2.6,-0.06504038,1.0523316,0.9481418522934599,0.9985323932772849
2,LY6G5B,-0.06504038,1.0507597,0.9481418522934599,0.9985323932772849
2,ISG20L2,-0.06735376,,0.946300074749725,0.9985323932772849
2,CEP68,-0.067657165,,0.9460585512275504,0.9985323932772849
2,CTNNAL1,-0.06868112,1.0719042,0.9452434460710993,0.9985323932772849
2,URB2,-0.06883282,1.3334492,0.9451226946061735,0.9985323932772849
2,SPTSSB,-0.068870746,1.2463918,0.9450925069368423,0.9985323932772849
2,FBXW4,-0.06917414,4.862829,0.9448510084242989,0.9985323932772849
2,C16orf80,-0.06928791,,0.9447604477875788,0.9985323932772849
2,SMIM7,-0.06974301,,0.9443982123913315,0.9985323932772849
2,RP11-468E2.4,-0.07326998,-2.5405545,0.9415912835852188,0.9985323932772849
2,WDR91,-0.075772986,2.8324409,0.9395997075505811,0.9985323932772849
2,MBNL1-AS1,-0.07607638,2.446081,0.9393583298126802,0.9985323932772849
2,CHPF2,-0.07622808,2.7669966,0.9392376430315598,0.9985323932772849
2,ST3GAL2,-0.076759025,,0.9388152503058578,0.9985323932772849
2,TAOK2,-0.07744166,0.95517844,0.9382721992549717,0.9985323932772849
2,SMIM5,-0.07804845,1.1991156,0.9377895113020358,0.9985323932772849
2,RSPH9,-0.07804845,1.2648096,0.9377895113020358,0.9985323932772849
2,LINC00984,-0.07804845,1.2868181,0.9377895113020358,0.9985323932772849
2,IPO9-AS1,-0.07804845,1.1974679,0.9377895113020358,0.9985323932772849
2,MMP9,-0.07804845,1.2312515,0.9377895113020358,0.9985323932772849
2,PBLD,-0.07804845,1.1788458,0.9377895113020358,0.9985323932772849
2,CTD-2537I9.12,-0.07804845,1.2460763,0.9377895113020358,0.9985323932772849
2,COLGALT2,-0.07804845,1.1581154,0.9377895113020358,0.9985323932772849
2,TTC30A,-0.07804845,1.2490332,0.9377895113020358,0.9985323932772849
2,hsa-mir-1199,-0.07804845,1.2017083,0.9377895113020358,0.9985323932772849
2,PDZK1IP1,-0.07804845,1.1929094,0.9377895113020358,0.9985323932772849
2,INPP5A,-0.07804845,1.2193339,0.9377895113020358,0.9985323932772849
2,ELANE,-0.07804845,1.2065563,0.9377895113020358,0.9985323932772849
2,CTTN,-0.07804845,1.2136793,0.9377895113020358,0.9985323932772849
2,ARVCF,-0.07804845,1.5367888,0.9377895113020358,0.9985323932772849
2,RIN2,-0.07804845,1.201958,0.9377895113020358,0.9985323932772849
2,RP11-42I10.1,-0.07804845,1.1748406,0.9377895113020358,0.9985323932772849
2,RP11-545I5.3,-0.07804845,1.3245114,0.9377895113020358,0.9985323932772849
2,TNS1,-0.07804845,1.25032,0.9377895113020358,0.9985323932772849
2,C5AR2,-0.07804845,1.224176,0.9377895113020358,0.9985323932772849
2,ITGB3,-0.07804845,1.1321872,0.9377895113020358,0.9985323932772849
2,ENKUR,-0.07804845,1.2012821,0.9377895113020358,0.9985323932772849
2,SUV420H2,-0.078276,,0.9376085092035625,0.9985323932772849
2,ACTL6A,-0.07994467,-2.2508924,0.936281259589565,0.9985323932772849
2,B4GALT4,-0.07994467,,0.936281259589565,0.9985323932772849
2,NCOR2,-0.080854855,1.9744321,0.935557379642626,0.9985323932772849
2,ZNF615,-0.08176505,1.3852441,0.9348335529661934,0.9985323932772849
2,SARDH,-0.08180297,1.50913,0.9348033946861841,0.9985323932772849
2,RPUSD2,-0.08335787,3.569662,0.933566986256215,0.9985323932772849
2,PPP2CA,-0.08453353,,0.932632247082547,0.9985323932772849
2,ANTXR2,-0.08756748,,0.9302204492572903,0.9985323932772849
2,GOLGA1,-0.087681256,1.9580497,0.9301300191644092,0.9985323932772849
2,TPM2,-0.091056526,1.359787,0.9274476751482362,0.9985323932772849
2,HGD,-0.091056526,1.3215524,0.9274476751482362,0.9985323932772849
2,CAMK2N1,-0.091056526,1.4665066,0.9274476751482362,0.9985323932772849
2,PARS2,-0.091056526,1.37284,0.9274476751482362,0.9985323932772849
2,YES1,-0.091056526,1.4354775,0.9274476751482362,0.9985323932772849
2,CLDN5,-0.091056526,1.3090904,0.9274476751482362,0.9985323932772849
2,AP001462.6,-0.091056526,1.3115668,0.9274476751482362,0.9985323932772849
2,FSTL1,-0.091056526,1.2994844,0.9274476751482362,0.9985323932772849
2,NT5M,-0.091056526,1.3695452,0.9274476751482362,0.9985323932772849
2,KIF3C,-0.091056526,1.7344353,0.9274476751482362,0.9985323932772849
2,ATP8B3,-0.091056526,1.3457693,0.9274476751482362,0.9985323932772849
2,PLA2G4C,-0.091056526,1.412218,0.9274476751482362,0.9985323932772849
2,RP11-527L4.5,-0.091056526,1.4649493,0.9274476751482362,0.9985323932772849
2,LINC00211,-0.091056526,1.344044,0.9274476751482362,0.9985323932772849
2,AP4B1-AS1,-0.091056526,1.3206404,0.9274476751482362,0.9985323932772849
2,CTD-2015H6.3,-0.091056526,1.331086,0.9274476751482362,0.9985323932772849
2,HOMER2,-0.091056526,1.3886676,0.9274476751482362,0.9985323932772849
2,CORO1C,-0.09151162,,0.9270860731788637,0.9985323932772849
2,CNEP1R1,-0.094811045,0.5447757,0.9244649138870685,0.9985323932772849
2,MRS2,-0.09511444,,0.9242239284748913,0.9985323932772849
2,CCDC94,-0.09678312,,0.922898633601451,0.9985323932772849
2,ADAL,-0.09727613,3.421999,0.9225071100000518,0.9985323932772849
2,PPP6C,-0.09826217,,0.9217241192211983,0.9985323932772849
2,PLEKHA3,-0.098831035,-1.0635781,0.9212724282309293,0.9985323932772849
2,STX16,-0.10019631,,0.9201884737377433,0.9985323932772849
2,SLC19A1,-0.100272164,1.5009829,0.92012825837265,0.9985323932772849
2,SURF6,-0.100651406,2.0508478,0.9198271884235595,0.9985323932772849
2,C10orf32,-0.100765176,,0.9197368696778339,0.9985323932772849
2,CEP85L,-0.10163744,3.121151,0.9190444604457407,0.9985323932772849
2,PEX26,-0.10364743,,0.9174491432940073,0.9985323932772849
2,CDC16,-0.10398875,,0.9171782732133307,0.9985323932772849
2,RPH3A,-0.104064606,1.5185305,0.9171180811665661,0.9985323932772849
2,SPATA7,-0.104064606,1.6188508,0.9171180811665661,0.9985323932772849
2,CXCL3,-0.104064606,1.571648,0.9171180811665661,0.9985323932772849
2,CDT1,-0.104064606,1.620133,0.9171180811665661,0.9985323932772849
2,SLC22A4,-0.104064606,1.7324915,0.9171180811665661,0.9985323932772849
2,PLCL1,-0.104064606,1.5370091,0.9171180811665661,0.9985323932772849
2,RFPL2,-0.104064606,1.6479412,0.9171180811665661,0.9985323932772849
2,BIRC5,-0.104064606,1.5726779,0.9171180811665661,0.9985323932772849
2,CLEC4C,-0.104064606,1.630522,0.9171180811665661,0.9985323932772849
2,HIST1H1B,-0.104064606,1.646043,0.9171180811665661,0.9985323932772849
2,PROK2,-0.104064606,1.4459757,0.9171180811665661,0.9985323932772849
2,PRKAR2B,-0.104064606,1.5446091,0.9171180811665661,0.9985323932772849
2,LY6G6F,-0.104064606,1.4985831,0.9171180811665661,0.9985323932772849
2,RP11-701P16.5,-0.104064606,1.6945165,0.9171180811665661,0.9985323932772849
2,C1orf198,-0.104064606,1.5095376,0.9171180811665661,0.9985323932772849
2,DNASE1L3,-0.104064606,1.6460845,0.9171180811665661,0.9985323932772849
2,RP1-315G1.3,-0.104064606,1.5084914,0.9171180811665661,0.9985323932772849
2,UBE2C,-0.104064606,1.5548781,0.9171180811665661,0.9985323932772849
2,FAXDC2,-0.104064606,1.5373479,0.9171180811665661,0.9985323932772849
2,TOP2A,-0.104064606,1.5650615,0.9171180811665661,0.9985323932772849
2,ZNF841,-0.104064606,1.5009806,0.9171180811665661,0.9985323932772849
2,DCP2,-0.1057712,,0.9157638863690875,0.9985323932772849
2,IL1RAP,-0.10774327,1.9821157,0.9141993437106442,0.9985323932772849
2,PPP6R1,-0.10785704,1.8596423,0.9141090917180359,0.9985323932772849
2,ORC2,-0.10816044,4.2104745,0.9138684251553162,0.9985323932772849
2,KLF11,-0.11104269,1.1358689,0.9115824897870766,0.9985323932772849
2,EWSR1,-0.11157364,,0.9111614756601932,0.9985323932772849
2,AAR2,-0.1121425,2.52187,0.9107104167742759,0.9985323932772849
2,CCDC66,-0.1136974,,0.90947766972212,0.9985323932772849
2,PTGS1,-0.1140008,1.9073997,0.9092371590283168,0.9985323932772849
2,ATP5SL,-0.114228345,,0.9090567814657685,0.9985323932772849
2,PRR5L,-0.115441926,5.2794065,0.9080948472048694,0.9985323932772849
2,FEM1B,-0.11597287,,0.9076740432576945,0.9985323932772849
2,SRPR,-0.11623834,,0.9074636509930962,0.9985323932772849
2,SNAP47,-0.11661758,,0.9071631018806392,0.9985323932772849
2,ATAD3C,-0.11707268,1.7984412,0.9068024604948212,0.9985323932772849
2,ZNF503,-0.11707268,1.8831486,0.9068024604948212,0.9985323932772849
2,SCGB1C1,-0.11707268,1.6796758,0.9068024604948212,0.9985323932772849
2,ACVR2A,-0.11707268,1.7150148,0.9068024604948212,0.9985323932772849
2,INSL3,-0.11707268,1.6607932,0.9068024604948212,0.9985323932772849
2,REPS2,-0.11707268,1.869375,0.9068024604948212,0.9985323932772849
2,SERAC1,-0.11707268,1.6660204,0.9068024604948212,0.9985323932772849
2,FBXL14,-0.11707268,1.6575482,0.9068024604948212,0.9985323932772849
2,S100P,-0.11707268,1.6310722,0.9068024604948212,0.9985323932772849
2,TUBG2,-0.11707268,1.8017099,0.9068024604948212,0.9985323932772849
2,SH3BGRL2,-0.11707268,1.6488705,0.9068024604948212,0.9985323932772849
2,GID8,-0.119803235,,0.9046390182534048,0.9985323932772849
2,TREML1,-0.12063757,1.5100658,0.9039781068633219,0.9985323932772849
2,SLC4A7,-0.12097889,1.9693891,0.9037077531684958,0.9985323932772849
2,DNAJC7,-0.12230625,,0.9026564840933683,0.9985323932772849
2,SIN3A,-0.12283719,,0.9022360241440273,0.9985323932772849
2,TGFBRAP1,-0.12526435,3.7826526,0.9003142724890719,0.9985323932772849
2,C16orf58,-0.12947397,4.2566543,0.8969826261784068,0.9985323932772849
2,EGFL7,-0.13008076,1.9079654,0.8965025372038249,0.9985323932772849
2,C2orf88,-0.13008076,1.8153465,0.8965025372038249,0.9985323932772849
2,CCL2,-0.13008076,1.9036988,0.8965025372038249,0.9985323932772849
2,KIFC3,-0.13008076,1.7629772,0.8965025372038249,0.9985323932772849
2,RP11-398C13.6,-0.13008076,1.8967704,0.8965025372038249,0.9985323932772849
2,NEFH,-0.13008076,2.063546,0.8965025372038249,0.9985323932772849
2,ESAM,-0.13008076,1.8154595,0.8965025372038249,0.9985323932772849
2,MKLN1,-0.1315598,,0.8953324794271091,0.9985323932772849
2,ERH,-0.13228036,,0.8947625335933871,0.9985323932772849
2,EOGT,-0.13360773,2.6517956,0.8937127757888734,0.9985323932772849
2,SERPINE2,-0.1337215,2.4401546,0.8936228051845232,0.9985323932772849
2,KLHL6,-0.13444206,3.096263,0.8930530231906747,0.9985323932772849
2,VPS13C,-0.13599697,1.4195008,0.8918236820655633,0.9985323932772849
2,RMND5A,-0.13614866,,0.8917037602156643,0.9985323932772849
2,ZFP69,-0.13766564,4.993495,0.8905046783859923,0.9985323932772849
2,IFFO1,-0.13865167,4.395501,0.8897254092961971,0.9985323932772849
2,USP33,-0.13937223,,0.8891560107504061,0.9985323932772849
2,TRIP11,-0.1399411,-0.37884453,0.888706525958535,0.9985323932772849
2,IFT20,-0.14202695,,0.8870587222660828,0.9985323932772849
2,DAGLB,-0.14206487,2.6648064,0.8870287666954607,0.9985323932772849
2,IFIT2,-0.14233033,,0.8868190822224459,0.9985323932772849
2,MVD,-0.14267166,,0.886549499543524,0.9985323932772849
2,TNFRSF9,-0.14308883,2.0340598,0.886220027433123,0.9985323932772849
2,DLEU7,-0.14308883,2.0125709,0.886220027433123,0.9985323932772849
2,RAB38,-0.14308883,2.0606713,0.886220027433123,0.9985323932772849
2,ALOX12,-0.14308883,1.9796469,0.886220027433123,0.9985323932772849
2,SLC22A18AS,-0.14308883,2.0841298,0.886220027433123,0.9985323932772849
2,PALLD,-0.14308883,2.0591035,0.886220027433123,0.9985323932772849
2,ZWINT,-0.14665373,2.4359865,0.8834053463417825,0.9985323932772849
2,WDR44,-0.14665373,2.6317961,0.8834053463417825,0.9985323932772849
2,NARG2,-0.14680542,11.236788,0.8832856050634893,0.9985323932772849
2,SIRT6,-0.14684334,,0.883255670160469,0.9985323932772849
2,ELOVL4,-0.14760183,3.650443,0.8826570071642341,0.9985323932772849
2,STAU2,-0.15078749,,0.8801433583516007,0.9985323932772849
2,C17orf62,-0.15082541,,0.8801134411825242,0.9985323932772849
2,SPEN,-0.15249409,3.9603384,0.8787972557531809,0.9985323932772849
2,TRIT1,-0.15348011,4.5721235,0.8780196669946619,0.9985323932772849
2,MAT2A,-0.15412484,,0.8775113071508276,0.9985323932772849
2,OAT,-0.15416276,,0.8774814052016088,0.9985323932772849
2,SPARC,-0.15442823,3.3775861,0.8772720964544497,0.9985323932772849
2,F13A1,-0.15488333,4.142836,0.8769133014305298,0.9985323932772849
2,ZNF32,-0.15605898,,0.8759865315131271,0.9985323932772849
2,ACPP,-0.1560969,2.3822424,0.8759566385333557,0.9985323932772849
2,TMTC2,-0.1560969,2.3822966,0.8759566385333557,0.9985323932772849
2,LYSMD4,-0.1560969,2.174075,0.8759566385333557,0.9985323932772849
2,GFI1B,-0.1560969,2.2306578,0.8759566385333557,0.9985323932772849
2,SEPT5,-0.1560969,2.1845348,0.8759566385333557,0.9985323932772849
2,LARS,-0.15677954,-0.23322845,0.8754185951986914,0.9985323932772849
2,SLC25A14,-0.15689331,3.8012826,0.8753289269010728,0.9985323932772849
2,MAP3K7CL,-0.15727256,5.1176496,0.8750300441418416,0.9985323932772849
2,CRELD2,-0.15753803,,0.8748208368144994,0.9985323932772849
2,PXMP4,-0.15924463,7.4165335,0.8734761420987415,0.9985323932772849
2,AC005082.12,-0.1595101,3.6620324,0.8732670001089333,0.9985323932772849
2,PGM2,-0.15977557,2.3631597,0.8730578669751167,0.9985323932772849
2,TTC1,-0.1601169,,0.8727889945533527,0.9985323932772849
2,DMTN,-0.16064784,3.2411654,0.8723707777812926,0.9985323932772849
2,TMEM102,-0.16315085,,0.8703996667968219,0.9985323932772849
2,MAP2K7,-0.16349217,,0.8701309410206769,0.9985323932772849
2,FBXO25,-0.16368179,1.1844877,0.8699816554003252,0.9985323932772849
2,C3orf38,-0.16504706,,0.868906936030636,0.9985323932772849
2,ZFAND4,-0.16595726,5.9300313,0.8681905908555214,0.9985323932772849
2,SLC16A5,-0.16910498,2.387642,0.8657140682160227,0.9985323932772849
2,CMTM2,-0.16910498,2.4339569,0.8657140682160227,0.9985323932772849
2,FCGR3B,-0.16910498,2.5653076,0.8657140682160227,0.9985323932772849
2,PRSS57,-0.16910498,2.4448445,0.8657140682160227,0.9985323932772849
2,IQCE,-0.16910498,2.6581428,0.8657140682160227,0.9985323932772849
2,PTCH1,-0.16910498,2.4718456,0.8657140682160227,0.9985323932772849
2,CLEC1B,-0.16910498,2.3719318,0.8657140682160227,0.9985323932772849
2,FCAR,-0.16910498,2.4766958,0.8657140682160227,0.9985323932772849
2,AC147651.3,-0.16910498,2.3889093,0.8657140682160227,0.9985323932772849
2,LZTS2,-0.16910498,3.004759,0.8657140682160227,0.9985323932772849
2,KCNE1,-0.16910498,2.5837083,0.8657140682160227,0.9985323932772849
2,PRRG2,-0.16910498,2.4826143,0.8657140682160227,0.9985323932772849
2,IL24,-0.16910498,2.7661943,0.8657140682160227,0.9985323932772849
2,LAMP3,-0.16910498,2.9487288,0.8657140682160227,0.9985323932772849
2,ATAD1,-0.16990139,,0.8650876861139065,0.9985323932772849
2,NELFB,-0.17179762,,0.8635966419892818,0.9985323932772849
2,YPEL2,-0.17198724,1.7731712,0.863447564201876,0.9985323932772849
2,CTNND1,-0.17339043,3.958455,0.8623445400225268,0.9985323932772849
2,SETD5,-0.17509703,,0.8610033859685884,0.9985323932772849
2,PICALM,-0.17695533,,0.8595434740629776,0.9985323932772849
2,LIN52,-0.17706911,4.4945536,0.8594541072450078,0.9985323932772849
2,EXOC6,-0.17756212,,0.8590668718521374,0.9985323932772849
2,TBCK,-0.1792308,5.2854624,0.8577564810454797,0.9985323932772849
2,EHMT2,-0.17949627,2.935075,0.8575480458182793,0.9985323932772849
2,C16orf52,-0.18211305,2.908077,0.855494003711347,0.9985323932772849
2,TMEM40,-0.18211305,2.588778,0.855494003711347,0.9985323932772849
2,PDZD4,-0.18211305,2.7311265,0.855494003711347,0.9985323932772849
2,AP001189.4,-0.18211305,2.5077727,0.855494003711347,0.9985323932772849
2,CMTM5,-0.18211305,2.51934,0.855494003711347,0.9985323932772849
2,ZNF836,-0.1821889,1.3329629,0.8554344807873675,0.9985323932772849
2,MDS2,-0.18245438,,0.8552261570330406,0.9985323932772849
2,ADPRM,-0.18408513,2.8010027,0.8539466758708969,0.9985323932772849
2,EVA1B,-0.1854504,3.4938505,0.8528757775529339,0.9985323932772849
2,LDOC1L,-0.1856021,3.5576832,0.8527568055507538,0.9985323932772849
2,CES4A,-0.18567795,4.1540885,0.8526973208056203,0.9985323932772849
2,NOP58,-0.18867397,,0.8503483468543648,0.9985323932772849
2,RTFDC1,-0.18954624,,0.8496647169517549,0.9985323932772849
2,TMEM104,-0.18988755,,0.8493972403356526,0.9985323932772849
2,ZMAT3,-0.19015303,,0.8491892149508873,0.9985323932772849
2,SIGLEC14,-0.19022888,6.3788257,0.8491297810547833,0.9985323932772849
2,RABL6,-0.1922768,,0.8475253910909104,0.9985323932772849
2,SREBF1,-0.1925802,,0.8472877572514159,0.9985323932772849
2,IL16,-0.19394547,,0.8462185770928137,0.9985323932772849
2,GP1BA,-0.19512112,2.9494905,0.8452981209349313,0.9985323932772849
2,NMNAT3,-0.19512112,3.0940933,0.8452981209349313,0.9985323932772849
2,ATP10A,-0.19512112,2.8750963,0.8452981209349313,0.9985323932772849
2,ANKRD9,-0.19512112,2.8310506,0.8452981209349313,0.9985323932772849
2,HEMGN,-0.19512112,2.9834805,0.8452981209349313,0.9985323932772849
2,RPPH1,-0.1984964,4.253768,0.842656698392885,0.9985323932772849
2,FHL1,-0.1987998,,0.8424193533810792,0.9985323932772849
2,PPIF,-0.19955829,,0.8418260535256583,0.9985323932772849
2,NME6,-0.20335072,6.5049686,0.8388609077483861,0.9985323932772849
2,EDC3,-0.20505732,,0.8375273354548814,0.9985323932772849
2,LINC01003,-0.20524696,,0.8373791894901988,0.9985323932772849
2,CLYBL,-0.2054745,6.985033,0.8372014219436646,0.9985323932772849
2,FADS1,-0.20570204,6.2449675,0.8370236627084585,0.9985323932772849
2,COMMD10,-0.20623298,,0.8366089235309887,0.9985323932772849
2,CBX5,-0.20683977,,0.8361349915108247,0.9985323932772849
2,RBM25,-0.20744656,,0.8356611189693992,0.9985323932772849
2,ABCC3,-0.20812921,3.595712,0.835128083663896,0.9985323932772849
2,FANCI,-0.20812921,3.0064504,0.835128083663896,0.9985323932772849
2,GP9,-0.20812921,2.7489655,0.835128083663896,0.9985323932772849
2,TRPM4,-0.20812921,3.5163703,0.835128083663896,0.9985323932772849
2,SYCE1,-0.20812921,3.585224,0.835128083663896,0.9985323932772849
2,ATF7IP2,-0.20866014,,0.8347135529906626,0.9985323932772849
2,HBA1,-0.21142863,3.828267,0.8325528181693149,0.9985323932772849
2,PDCD1,-0.21142863,,0.8325528181693149,0.9985323932772849
2,TRIP12,-0.21146655,4.393258,0.8325232278048811,0.9985323932772849
2,CRTC2,-0.21245259,,0.8317539617429965,0.9985323932772849
2,ARHGAP21,-0.21252844,5.7051272,0.8316947940956042,0.9985323932772849
2,TADA2A,-0.21434881,5.310032,0.8302750574385521,0.9985323932772849
2,ABHD12,-0.21499352,,0.829772366624637,0.9985323932772849
2,HMBOX1,-0.21503145,,0.8297427987445579,0.9985323932772849
2,PRUNE,-0.21548654,,0.8293880030028316,0.9985323932772849
2,PHF12,-0.21677597,,0.8283829375727798,0.9985323932772849
2,CCDC115,-0.21886182,,0.8267576918427678,0.9985323932772849
2,TMEM9B,-0.22018917,,0.8257238303480371,0.9985323932772849
2,ITGA2B,-0.22113729,2.663752,0.8249855427231698,0.9985323932772849
2,C1QB,-0.22113729,3.603184,0.8249855427231698,0.9985323932772849
2,SNX20,-0.22189577,,0.8243950240310148,0.9985323932772849
2,ASXL2,-0.22341275,3.4282806,0.8232142851068692,0.9985323932772849
2,RAB11B,-0.22386783,,0.8228601413314292,0.9985323932772849
2,TMEM87A,-0.22420916,,0.8225945571726032,0.9985323932772849
2,ZNF212,-0.22451255,,0.8223584994256199,0.9985323932772849
2,STAMBP,-0.22477803,,0.8221519620859259,0.9985323932772849
2,DLST,-0.22580199,,0.821355433629105,0.9985323932772849
2,GMPPA,-0.22675009,,0.8206180714529872,0.9985323932772849
2,GSTZ1,-0.22716726,,0.8202936822724254,0.9985323932772849
2,DSCR3,-0.2273948,,0.8201167556724798,0.9985323932772849
2,CLSTN3,-0.22758444,,0.8199693238318118,0.9985323932772849
2,ANAPC4,-0.2276982,,0.8198808677809879,0.9985323932772849
2,JAKMIP1,-0.23092178,,0.8173755693652693,0.9985323932772849
2,CGRRF1,-0.23357649,3.0056732,0.8153137811344944,0.9985323932772849
2,METTL3,-0.2339178,,0.8150487865122604,0.9985323932772849
2,IDUA,-0.23414536,7.7527747,0.8148721351825978,0.9985323932772849
2,SPHK1,-0.23414536,4.7747374,0.8148721351825978,0.9985323932772849
2,LYPD2,-0.23414536,3.2471054,0.8148721351825978,0.9985323932772849
2,F5,-0.23414536,4.331712,0.8148721351825978,0.9985323932772849
2,TBPL1,-0.23448667,,0.8146071758374578,0.9985323932772849
2,SNW1,-0.23687592,,0.8127530557985906,0.9985323932772849
2,CEACAM4,-0.23725516,4.786448,0.8124588472462196,0.9985323932772849
2,RP11-367G6.3,-0.2380895,7.2588367,0.8118116816651356,0.9985323932772849
2,RAB40C,-0.23846874,,0.8115175579604847,0.9985323932772849
2,PCSK7,-0.23881006,,0.8112528693670691,0.9985323932772849
2,DTX3,-0.23892383,,0.811164644628727,0.9985323932772849
2,ARMCX5,-0.24021326,,0.8101649321270465,0.9985323932772849
2,NOC4L,-0.24097176,,0.8095770104725928,0.9985323932772849
2,PDXDC1,-0.2424508,,0.8084308725812746,0.9985323932772849
2,TCP1,-0.24294382,,0.8080489178184022,0.9985323932772849
2,PTGES2,-0.2447642,,0.8066390202739384,0.9985323932772849
2,CASC7,-0.24582608,,0.8058168697980689,0.9985323932772849
2,C6orf25,-0.24715343,4.248113,0.8047894835655163,0.9985323932772849
2,ZSWIM6,-0.24715343,4.6728997,0.8047894835655163,0.9985323932772849
2,ZNF330,-0.2489738,,0.8033810450600896,0.9985323932772849
2,EIF2S1,-0.2491255,,0.8032637039316691,0.9985323932772849
2,TSC22D1,-0.24969436,6.406668,0.8028237142150315,0.9985323932772849
2,DPY19L4,-0.25060454,,0.8021198607091451,0.9985323932772849
2,ABCB1,-0.2509838,,0.8018266357618401,0.9985323932772849
2,UBE2D4,-0.2527283,,0.8004781610831679,0.9985323932772849
2,MED7,-0.25310758,,0.8001850929351644,0.9985323932772849
2,RP13-270P17.3,-0.25496587,,0.7987494663720779,0.9985323932772849
2,BBS2,-0.25617945,,0.7978122811112178,0.9985323932772849
2,ZFX,-0.25674832,,0.7973730757252664,0.9985323932772849
2,CDK19,-0.25830323,,0.7961729086700727,0.9985323932772849
2,MTERFD1,-0.26012358,,0.7947684476195298,0.9985323932772849
2,PTCRA,-0.26016152,2.9255805,0.7947391950694305,0.9985323932772849
2,FRY-AS1,-0.26016152,5.6327925,0.7947391950694305,0.9985323932772849
2,TMEM234,-0.2626266,,0.7928384001928128,0.9985323932772849
2,CTNNB1,-0.26274037,,0.7927507008147905,0.9985323932772849
2,LRIG2,-0.26319546,,0.7923999295286999,0.9985323932772849
2,KIF3A,-0.26471242,,0.7912309957103256,0.9985323932772849
2,FKBP3,-0.26535717,,0.7907343408040395,0.9985323932772849
2,CLIP1,-0.26562262,,0.7905298605260453,0.9985323932772849
2,CD163,-0.26645696,,0.789887302153006,0.9985323932772849
2,CYB5B,-0.26717752,,0.7893324803074113,0.9985323932772849
2,SLC25A12,-0.2674809,,0.7890989030460216,0.9985323932772849
2,NUPL2,-0.26793602,,0.788748572700052,0.9985323932772849
2,SMARCC2,-0.26971847,,0.7873768574240411,0.9985323932772849
2,VIPR1,-0.27017355,,0.7870267377425649,0.9985323932772849
2,JARID2,-0.2708562,12.490552,0.7865016389526069,0.9985323932772849
2,MTIF2,-0.27176636,3.6610265,0.7858016582856209,0.9985323932772849
2,RASD1,-0.27316958,5.580739,0.7847228607994186,0.9985323932772849
2,KIR2DL3,-0.27316958,,0.7847228607994186,0.9985323932772849
2,SLFN12,-0.27316958,5.8676615,0.7847228607994186,0.9985323932772849
2,CCT6A,-0.27343506,,0.7845188104258748,0.9985323932772849
2,WDR45,-0.274459,,0.7837318978461918,0.9985323932772849
2,C5orf56,-0.27510372,,0.7832365477626927,0.9985323932772849
2,TTN-AS1,-0.275976,,0.7825665081028342,0.9985323932772849
2,USP5,-0.27643108,,0.7822169861856405,0.9985323932772849
2,ARSD,-0.27669656,,0.7820131187008692,0.9985323932772849
2,POLDIP2,-0.27734128,,0.7815180743213103,0.9985323932772849
2,ACOT13,-0.28010976,,0.7793933039469816,0.9985323932772849
2,ATG7,-0.28060278,,0.779015092525021,0.9985323932772849
2,ZNF688,-0.28075448,,0.7788987303015718,0.9985323932772849
2,XPNPEP1,-0.28094408,,0.7787532844915561,0.9985323932772849
2,ATP6V1C1,-0.2818922,,0.7780261717601644,0.9985323932772849
2,DOHH,-0.28291616,,0.7772411082725039,0.9985323932772849
2,LSM14A,-0.28352293,,0.7767759927198165,0.9985323932772849
2,TRUB2,-0.28431937,,0.7761656500050027,0.9985323932772849
2,HNRNPL,-0.28439522,,0.7761075293288708,0.9985323932772849
2,RFC5,-0.28496408,3.2693238,0.7756716642411172,0.9985323932772849
2,GINM1,-0.2856467,,0.775148719406289,0.9985323932772849
2,SERPINF1,-0.28617766,4.9025154,0.7747420550148683,0.9985323932772849
2,NECAB3,-0.289022,,0.7725645504616734,0.9985323932772849
2,AGO4,-0.28959087,,0.7721292637547265,0.9985323932772849
2,PRKACB,-0.2898184,,0.7719551691414381,0.9985323932772849
2,OSBPL7,-0.28989425,,0.7718971401545269,0.9985323932772849
2,C18orf21,-0.291032,,0.7710268586343203,0.9985323932772849
2,CARHSP1,-0.29186633,,0.7703888352422265,0.9985323932772849
2,ANKHD1,-0.29216972,,0.7701568652310002,0.9985323932772849
2,WDYHV1,-0.29357293,,0.7690842716972418,0.9985323932772849
2,TAF6L,-0.2951278,,0.7678962381603586,0.9985323932772849
2,RP11-349A22.5,-0.29550707,,0.7676065564654977,0.9985323932772849
2,GLYCTK,-0.29656896,,0.7667956205423403,0.9985323932772849
2,BCL2A1,-0.2966448,,0.7667377063086589,0.9985323932772849
2,THAP2,-0.298048,,0.7656665283455169,0.9985323932772849
2,TSPAN15,-0.29918572,,0.7647983343901406,0.9985323932772849
2,MRE11A,-0.2992995,,0.7647115312289647,0.9985323932772849
2,YTHDF2,-0.2994133,,0.7646247310235839,0.9985323932772849
2,SIK1,-0.30017176,,0.7640461386002027,0.9985323932772849
2,RPL7L1,-0.30066478,,0.763670124139337,0.9985323932772849
2,ING5,-0.3031678,,0.7617619891360055,0.9985323932772849
2,UCK1,-0.30324364,,0.7617041894033556,0.9985323932772849
2,MLEC,-0.30331948,,0.7616463910001237,0.9985323932772849
2,ISOC2,-0.30369875,,0.7613574189357959,0.9985323932772849
2,PKN2,-0.30422968,,0.760952913965802,0.9985323932772849
2,CTD-2267D19.2,-0.30476063,,0.7605484743295177,0.9985323932772849
2,DENND6A,-0.30540535,,0.7600574570397192,0.9985323932772849
2,ARL16,-0.3054812,,0.759999696651731,0.9985323932772849
2,FAM173A,-0.3054812,,0.759999696651731,0.9985323932772849
2,GAS2L1,-0.30601212,,0.7595954114255133,0.9985323932772849
2,SMPDL3A,-0.30608797,,0.7595376617524824,0.9985323932772849
2,ZNF561,-0.307074,,0.7587870381186229,0.9985323932772849
2,GGA3,-0.30809796,,0.7580077848759224,0.9985323932772849
2,TM7SF3,-0.30938742,,0.7570268527550421,0.9985323932772849
2,TMX3,-0.3095391,,0.7569114746698269,0.9985323932772849
2,RNF25,-0.30965286,,0.7568249446610893,0.9985323932772849
2,LBR,-0.3098425,,0.7566807347546203,0.9985323932772849
2,GLB1,-0.3121938,,0.7548932372897337,0.9985323932772849
2,NAIP,-0.3121938,,0.7548932372897337,0.9985323932772849
2,CHMP4A,-0.31261098,,0.7545762373881576,0.9985323932772849
2,GTPBP6,-0.31439343,,0.753222249521936,0.9985323932772849
2,OLA1,-0.31458303,,0.7530782528323233,0.9985323932772849
2,RAB1B,-0.3148485,,0.7528766718981348,0.9985323932772849
2,GBGT1,-0.3149623,,0.7527902852260202,0.9985323932772849
2,FAM63A,-0.31503814,,0.7527326958309645,0.9985323932772849
2,ACRBP,-0.3151519,4.113695,0.7526463143186579,0.9985323932772849
2,UQCC1,-0.31689644,,0.7513221862406207,0.9985323932772849
2,BOLA1,-0.31704813,,0.7512070792015341,0.9985323932772849
2,INO80C,-0.31719983,,0.7510919776984406,0.9985323932772849
2,RAB21,-0.3177687,,0.7506603964074439,0.9985323932772849
2,BAG5,-0.31989247,,0.7490498498506115,0.9985323932772849
2,NF1,-0.3199304,,0.7490211000117084,0.9985323932772849
2,NDUFAF4,-0.32201624,,0.747440397090371,0.9985323932772849
2,SMYD4,-0.32463303,,0.7454588351585907,0.9985323932772849
2,DHX15,-0.32512602,,0.7450856854062979,0.9985323932772849
2,ARL2BP,-0.3255053,,0.7447986878290993,0.9985323932772849
2,TNNI2,-0.3280462,,0.7428767196960842,0.9985323932772849
2,SLC27A1,-0.32834962,,0.7426473377667684,0.9985323932772849
2,HEXIM2,-0.32903224,,0.7421313119991924,0.9985323932772849
2,API5,-0.32952526,,0.7417586987849136,0.9985323932772849
2,HMGCL,-0.3297149,7.987725,0.7416154021233596,0.9985323932772849
2,REEP3,-0.3297149,,0.7416154021233596,0.9985323932772849
2,DHRS4,-0.3297149,,0.7416154021233596,0.9985323932772849
2,MANBA,-0.33001828,,0.7413861461010933,0.9985323932772849
2,NR2C2AP,-0.3303596,,0.7411282605133964,0.9985323932772849
2,TBC1D15,-0.33085263,,0.7407558104495737,0.9985323932772849
2,STK11IP,-0.33202827,,0.7398679055948012,0.9985323932772849
2,DPY30,-0.33324185,,0.7389517221351737,0.9985323932772849
2,CA2,-0.33456922,,0.7379500706851727,0.9985323932772849
2,ENTPD3-AS1,-0.33494845,,0.7376639661725573,0.9985323932772849
2,PI4KB,-0.33779278,,0.7355193432106497,0.9985323932772849
2,RP11-70P17.1,-0.33820996,,0.7352049713275193,0.9985323932772849
2,CCL4L1,-0.33820996,,0.7352049713275193,0.9985323932772849
2,ENHO,-0.33820996,,0.7352049713275193,0.9985323932772849
2,MCM3,-0.34025788,,0.7336623353731793,0.9985323932772849
2,UBE2Q1,-0.34257126,,0.7319210209255902,0.9985323932772849
2,RP11-792A8.4,-0.34397447,,0.7308654853901698,0.9985323932772849
2,NSA2,-0.3459086,,0.7294113933086597,0.9985323932772849
2,UBLCP1,-0.34628785,,0.7291263911036392,0.9985323932772849
2,ACP1,-0.34738767,,0.7283000964834713,0.9985323932772849
2,CSNK1A1,-0.34769106,,0.728072208648165,0.9985323932772849
2,IRF7,-0.34810823,,0.7277589021281408,0.9985323932772849
2,BACH1,-0.34822202,,0.7276734627892197,0.9985323932772849
2,NKIRAS2,-0.35227993,,0.724628347049996,0.9985323932772849
2,HBEGF,-0.35387275,,0.723434254381633,0.9985323932772849
2,EIF2B1,-0.35501048,,0.7225817428536055,0.9985323932772849
2,DENND5A,-0.3553518,,0.7223260564831556,0.9985323932772849
2,XPOT,-0.35717216,,0.7209629201990262,0.9985323932772849
2,GTF3A,-0.358765,,0.7197709026160937,0.9985323932772849
2,HDDC3,-0.35944763,,0.719260246248544,0.9985323932772849
2,FBXO7,-0.36176103,,0.7175306215025211,0.9985323932772849
2,INIP,-0.36195064,,0.717388913033303,0.9985323932772849
2,KIAA1429,-0.3629746,,0.7166238554711488,0.9985323932772849
2,WDR55,-0.36983892,,0.7115025113979243,0.9985323932772849
2,PTPN7,-0.37078702,,0.7107961593490506,0.9985323932772849
2,OAS1,-0.37245572,,0.709553583083596,0.9985323932772849
2,C4orf33,-0.3738589,,0.7085092868492608,0.9985323932772849
2,HMGXB4,-0.37670323,,0.7063941523025532,0.9985323932772849
2,ABCC10,-0.3772342,,0.7059995776173777,0.9985323932772849
2,NOG,-0.3772342,,0.7059995776173777,0.9985323932772849
2,PPIL4,-0.3781823,,0.7052951765725215,0.9985323932772849
2,UNC45A,-0.37844777,,0.705097989508886,0.9985323932772849
2,PEMT,-0.37916833,,0.7045628673707349,0.9985323932772849
2,RDH14,-0.37928212,,0.7044783877584782,0.9985323932772849
2,MALT1,-0.38019228,,0.7038026821734076,0.9985323932772849
2,CCP110,-0.380837,,0.7033241988035959,0.9985323932772849
2,TCTA,-0.38280907,,0.7018613325348105,0.9985323932772849
2,RFNG,-0.38428813,,0.700764907027851,0.9985323932772849
2,PRAF2,-0.38572925,,0.6996971942330521,0.9985323932772849
2,CCNG1,-0.38633606,,0.6992478083572147,0.9985323932772849
2,RPUSD4,-0.38880113,,0.6974232628939976,0.9985323932772849
2,MINA,-0.39175925,,0.6952361163377939,0.9985323932772849
2,GNG11,-0.39380714,4.7362776,0.6937234208893579,0.9985323932772849
2,PBRM1,-0.3961964,,0.6919601511883333,0.9985323932772849
2,C9orf37,-0.39722034,,0.6912049743937089,0.9985323932772849
2,TMEM116,-0.3975996,,0.6909253571815921,0.9985323932772849
2,ARSG,-0.4005577,,0.6887457924741117,0.9985323932772849
2,DENND1C,-0.4021126,,0.6876011577413654,0.9985323932772849
2,SND1,-0.40309864,,0.6868756623748009,0.9985323932772849
2,TMEM62,-0.40325034,,0.6867640732774216,0.9985323932772849
2,TKTL1,-0.40325034,,0.6867640732774216,0.9985323932772849
2,PEX16,-0.40355372,,0.6865409155626174,0.9985323932772849
2,CHN2,-0.40639806,,0.6844501430125869,0.9985323932772849
2,GTF2B,-0.40666354,,0.6842551272622314,0.9985323932772849
2,TPTEP1,-0.40844598,,0.682946281571238,0.9985323932772849
2,DMAP1,-0.40859768,,0.6828349343829614,0.9985323932772849
2,SEL1L,-0.40867352,,0.6827792633767349,0.9985323932772849
2,USP19,-0.40916654,,0.6824174439104223,0.9985323932772849
2,AP3S1,-0.4101905,,0.6816662059892099,0.9985323932772849
2,EAPP,-0.41284522,,0.679720022889477,0.9985323932772849
2,MOCS2,-0.41311067,,0.6795255216417605,0.9985323932772849
2,GPR35,-0.41625842,,0.6772209215291416,0.9985323932772849
2,SENCR,-0.41625842,,0.6772209215291416,0.9985323932772849
2,PTGDS,-0.41625842,,0.6772209215291416,0.9985323932772849
2,ALKBH4,-0.4185718,,0.6755291020911915,0.9985323932772849
2,C2orf76,-0.41883728,,0.6753350634681778,0.9985323932772849
2,DDX56,-0.42005086,,0.6744483046693686,0.9985323932772849
2,RP11-138A9.2,-0.42482933,,0.6709610951366194,0.9985323932772849
2,COPS4,-0.42596707,,0.6701318470673381,0.9985323932772849
2,ELOF1,-0.42642215,,0.6698002602906739,0.9985323932772849
2,TPM4,-0.43101102,,0.6664603651180949,0.9985323932772849
2,COLGALT1,-0.4331727,,0.6648893091738467,0.9985323932772849
2,STX18,-0.43343818,,0.6646964737362229,0.9985323932772849
2,ARAP1,-0.43446213,,0.663952887840674,0.9985323932772849
2,LMF2,-0.43461382,,0.6638427550796289,0.9985323932772849
2,PDZD11,-0.4347276,,0.6637601602736348,0.9985323932772849
2,TOR1A,-0.435031,,0.6635399274314534,0.9985323932772849
2,RCL1,-0.43506894,,0.663512400369534,0.9985323932772849
2,SRM,-0.43620667,,0.6626867998524204,0.9985323932772849
2,EBNA1BP2,-0.43704098,,0.6620816197686799,0.9985323932772849
2,PLA2G12A,-0.4393923,,0.6603773004085891,0.9985323932772849
2,BZRAP1-AS1,-0.43958193,,0.6602399318842901,0.9985323932772849
2,FBXO21,-0.43965778,,0.6601849876802912,0.9985323932772849
2,RIT1,-0.44087136,,0.6593061297719476,0.9985323932772849
2,CYP27A1,-0.44227457,,0.6582905363918048,0.9985323932772849
2,R3HDM1,-0.44288135,,0.6578515559280464,0.9985323932772849
2,APH1B,-0.44322267,,0.6576046812441659,0.9985323932772849
2,CIDEB,-0.44432247,,0.656809450303131,0.9985323932772849
2,USP7,-0.4449672,,0.6563434610188372,0.9985323932772849
2,MLTK,-0.4451568,,0.6562064307775247,0.9985323932772849
2,DEDD,-0.44671172,,0.6550832194426419,0.9985323932772849
2,PRKCD,-0.44709095,,0.6548093836832013,0.9985323932772849
2,RARS,-0.44879755,,0.6535776977511911,0.9985323932772849
2,NUP54,-0.45179358,,0.6514176873287048,0.9985323932772849
2,CPSF3L,-0.45312095,3.5805268,0.6504616537486809,0.9985323932772849
2,ABHD5,-0.4533485,,0.6502978199588916,0.9985323932772849
2,KARS,-0.4538415,,0.6499429047326213,0.9985323932772849
2,CEP164,-0.46131262,,0.6445743321999071,0.9985323932772849
2,PACSIN2,-0.46207112,,0.6440303283136334,0.9985323932772849
2,MLLT10,-0.46218488,,0.6439487441662268,0.9985323932772849
2,GPKOW,-0.4622228,,0.6439215504037016,0.9985323932772849
2,C1GALT1C1,-0.46226072,,0.6438943571178661,0.9985323932772849
2,AC093323.3,-0.46559808,,0.6415032182894181,0.9985323932772849
2,C1QA,-0.46829072,,0.6395767091057898,0.9985323932772849
2,USP20,-0.46893543,,0.6391157920749139,0.9985323932772849
2,BAZ2A,-0.4693526,,0.6388176258777185,0.9985323932772849
2,SPRTN,-0.46973184,,0.6385466163533575,0.9985323932772849
2,PURA,-0.47177976,,0.6370839998685812,0.9985323932772849
2,EREG,-0.47223485,,0.6367591656292342,0.9985323932772849
2,C12orf45,-0.4726141,,0.6364885237492038,0.9985323932772849
2,HDAC2,-0.47375184,,0.6356768892567252,0.9985323932772849
2,PITHD1,-0.47534466,,0.6345413359066645,0.9985323932772849
2,BEX4,-0.4765203,,0.6337037405462069,0.9985323932772849
2,DNMT3A,-0.47784767,,0.632758632221813,0.9985323932772849
2,FAM32A,-0.48323295,,0.6289303538757856,0.9985323932772849
2,TMEM55A,-0.48402935,,0.6283650424912168,0.9985323932772849
2,GMPR,-0.4895663,,0.6244408204336729,0.9985323932772849
2,NFE2L2,-0.49131083,,0.6232066181354396,0.9985323932772849
2,ST7L,-0.49150047,,0.6230725293736903,0.9985323932772849
2,PPBP,-0.49904743,,0.6177459810013614,0.9985323932772849
2,RNF113A,-0.49908534,,0.6177192647993075,0.9985323932772849
2,MAPK1IP1L,-0.49919912,,0.6176391192272614,0.9985323932772849
2,UBXN1,-0.49969214,,0.6172918743567312,0.9985323932772849
2,SEPT11,-0.4998059,,0.6172117530698382,0.9985323932772849
2,MRPL42,-0.49988174,,0.6171583414096009,0.9985323932772849
2,RAB8B,-0.5006023,,0.6166510316712055,0.9985323932772849
2,KIAA0196,-0.5025744,,0.6152635411906843,0.9985323932772849
2,FAM210B,-0.5053808,,0.6132914062375917,0.9985323932772849
2,AAGAB,-0.5056463,,0.6131049974569522,0.9985323932772849
2,RNF14,-0.5112212,,0.6091962078838522,0.9985323932772849
2,TMBIM6,-0.51156247,,0.6089572547106142,0.9985323932772849
2,GOSR2,-0.51194173,,0.6086918001155027,0.9985323932772849
2,ECHS1,-0.51368624,,0.6074713731612844,0.9985323932772849
2,TREX1,-0.5161134,,0.6057752069489416,0.9985323932772849
2,FRAT1,-0.5191853,,0.603631541926315,0.9985323932772849
2,UBIAD1,-0.5211573,,0.6022571614775751,0.9985323932772849
2,DDT,-0.522333,,0.6014384907418611,0.9985323932772849
2,EMG1,-0.52240884,,0.6013856905243942,0.9985323932772849
2,NONO,-0.5231294,,0.6008841928341346,0.9985323932772849
2,GLTP,-0.5234328,,0.6006730924448438,0.9985323932772849
2,OXLD1,-0.5243809,,0.600013619849703,0.9985323932772849
2,ORMDL2,-0.5244947,,0.599934505157248,0.9985323932772849
2,GLRX3,-0.5250636,,0.599539002523424,0.9985323932772849
2,GFER,-0.5259358,,0.5989327945899328,0.9985323932772849
2,CCDC22,-0.5296524,,0.5963529419261637,0.9985323932772849
2,GGNBP2,-0.5321175,,0.5946446120528542,0.9985323932772849
2,RAD23A,-0.53238297,,0.5944607715019522,0.9985323932772849
2,PLA2G7,-0.5333311,,0.593804410258584,0.9985323932772849
2,PARVB,-0.5342792,,0.5931483808248047,0.9985323932772849
2,ISY1,-0.5345826,,0.5929385215530745,0.9985323932772849
2,SNRNP35,-0.5356824,,0.5921780670972389,0.9985323932772849
2,PLEKHJ1,-0.5373511,,0.5910251296466742,0.9985323932772849
2,ALG5,-0.5383371,,0.5903443339893025,0.9985323932772849
2,MPHOSPH10,-0.5385267,,0.5902134531523269,0.9985323932772849
2,ZMAT5,-0.53886807,,0.5899779013263515,0.9985323932772849
2,TOP2B,-0.53936106,,0.5896377362838969,0.9985323932772849
2,PEX19,-0.5412573,,0.5883302525990419,0.9985323932772849
2,CECR5,-0.54296386,,0.5871546639469296,0.9985323932772849
2,RP11-589C21.6,-0.54493594,,0.5857975621571848,0.9985323932772849
2,SDPR,-0.54633915,,0.584832819388776,0.9985323932772849
2,RAMP1,-0.54633915,,0.584832819388776,0.9985323932772849
2,TGOLN2,-0.5483871,,0.5834261436692464,0.9985323932772849
2,YWHAG,-0.5489939,,0.5830096538925909,0.9985323932772849
2,AC010642.1,-0.5492214,,0.5828535059842868,0.9985323932772849
2,HDLBP,-0.54990405,,0.582385179360658,0.9985323932772849
2,PSMB8,-0.5510418,,0.5816050256638954,0.9985323932772849
2,MMADHC,-0.55286217,,0.5803577970672128,0.9985323932772849
2,COMMD8,-0.55832326,,0.5766236503022137,0.9985323932772849
2,NFKBIL1,-0.5591197,,0.5760800352378886,0.9985323932772849
2,TUBB1,-0.56234324,,0.573882163262768,0.9985323932772849
2,PPIL2,-0.56325346,,0.5732623076097723,0.9985323932772849
2,CLU,-0.5639361,,0.5727976243395847,0.9985323932772849
2,KLRC1,-0.5643153,,0.5725395442397059,0.9985323932772849
2,MRPL19,-0.564505,,0.5724105248981852,0.9985323932772849
2,PRPF31,-0.564998,,0.5720751392481127,0.9985323932772849
2,TIMM22,-0.5661357,,0.5713015289610273,0.9985323932772849
2,TPD52L2,-0.56678045,,0.5708633708693037,0.9985323932772849
2,DOCK10,-0.5668942,,0.5707860654667851,0.9985323932772849
2,ACAT2,-0.56712174,,0.5706314696199363,0.9985323932772849
2,DHX9,-0.57049704,,0.568340643422198,0.9985323932772849
2,KIR3DL2,-0.57235533,,0.567081281962402,0.9985323932772849
2,SAMD4B,-0.5731138,,0.5665676414419736,0.9985323932772849
2,USP36,-0.5733793,,0.5663879199880117,0.9985323932772849
2,ACTR6,-0.5749721,,0.5653101660020965,0.9985323932772849
2,EPN1,-0.5768304,,0.5640540334173656,0.9985323932772849
2,YIPF5,-0.57690626,,0.5640027912653425,0.9985323932772849
2,USP38,-0.5787266,,0.5627736527250662,0.9985323932772849
2,GNPAT,-0.57899207,,0.5625945114221163,0.9985323932772849
2,IRAK4,-0.58077455,,0.5613924189903233,0.9985323932772849
2,HDGF,-0.5816847,,0.5607790641106845,0.9985323932772849
2,BTN3A1,-0.58259493,,0.5601660338804844,0.9985323932772849
2,MFSD1,-0.58286035,,0.5599872945985896,0.9985323932772849
2,CD93,-0.5853634,,0.5583033992512734,0.9985323932772849
2,PITPNM1,-0.58782846,,0.5566474270745039,0.9985323932772849
2,THUMPD3,-0.5888145,,0.5559857092320726,0.9985323932772849
2,TRPV2,-0.58919376,,0.5557313046154932,0.9985323932772849
2,ZNF276,-0.58942133,,0.555578689127183,0.9985323932772849
2,JKAMP,-0.59291035,,0.5532411510415227,0.9985323932772849
2,STK32C,-0.5954892,,0.5515165092321618,0.9985323932772849
2,RFC1,-0.5968924,,0.5505792124748271,0.9985323932772849
2,POLR2E,-0.6043635,,0.5456019809930917,0.9985323932772849
2,CLEC2B,-0.6060701,,0.5444681895715835,0.9985323932772849
2,CPNE2,-0.60671484,,0.5440401732893307,0.9985323932772849
2,PLEKHA1,-0.60694236,,0.543889148678266,0.9985323932772849
2,PIGF,-0.6077009,,0.5433858839639572,0.9985323932772849
2,ADAP2,-0.60845935,,0.5428828511680199,0.9985323932772849
2,ISCA2,-0.60872483,,0.5427068445139214,0.9985323932772849
2,TFAM,-0.6105831,,0.5414755946962874,0.9985323932772849
2,CXCL2,-0.61137956,,0.5409483434675284,0.9985323932772849
2,DDB2,-0.61187255,,0.5406220784582274,0.9985323932772849
2,ACADVL,-0.61346537,,0.5395686643053006,0.9985323932772849
2,TOMM40,-0.61350334,,0.5395435955489774,0.9985323932772849
2,MRPL43,-0.61384463,,0.5393180029915492,0.9985323932772849
2,TMEM14B,-0.6147548,,0.5387166539346466,0.9985323932772849
2,NPHP3,-0.6162339,,0.5377401793018193,0.9985323932772849
2,FCER1A,-0.6167269,,0.5374148853798262,0.9985323932772849
2,CTNNBL1,-0.61706823,,0.5371897398237655,0.9985323932772849
2,ZFYVE28,-0.61729574,,0.5370396691268431,0.9985323932772849
2,DESI1,-0.61748534,,0.5369146263137667,0.9985323932772849
2,KIAA1430,-0.6190782,,0.535864844952158,0.9985323932772849
2,RRAGC,-0.61991256,,0.5353153722993009,0.9985323932772849
2,EIF2AK4,-0.6230603,,0.5332449217752533,0.9985323932772849
2,RFXANK,-0.62613213,,0.531228272714205,0.9985323932772849
2,TAF10,-0.6286731,,0.5295631081005512,0.9985323932772849
2,MAGEH1,-0.628711,,0.5295382750118653,0.9985323932772849
2,GNS,-0.63231385,,0.5271818346441604,0.9985323932772849
2,PUM1,-0.6358408,,0.5248801974019888,0.9985323932772849
2,PCYT1A,-0.6358408,,0.5248801974019888,0.9985323932772849
2,TMEM138,-0.63591665,,0.524830756397284,0.9985323932772849
2,PGM1,-0.6386093,,0.5230771469497616,0.9985323932772849
2,LYRM2,-0.6400883,,0.5221151781927573,0.9985323932772849
2,SLC6A6,-0.6401642,,0.52206587098872,0.9985323932772849
2,RP5-1073O3.7,-0.64058137,,0.5217947241653266,0.9985323932772849
2,TMEM140,-0.64414626,,0.5194806089989421,0.9985323932772849
2,ACTN4,-0.6456632,,0.5184974880341696,0.9985323932772849
2,NKAP,-0.64809036,,0.5169264969386698,0.9985323932772849
2,TMEM242,-0.64816624,,0.5168774432268763,0.9985323932772849
2,DNTTIP1,-0.65142775,,0.5147704171095511,0.9985323932772849
2,RPN2,-0.6535515,,0.5134008033366155,0.9985323932772849
2,SRP72,-0.6562441,,0.5116670602958151,0.9985323932772849
2,STRA13,-0.6595056,,0.5095711333473375,0.9985323932772849
2,PSMC4,-0.6609088,,0.5086707821576368,0.9985323932772849
2,ATXN10,-0.6624258,,0.5076983683869658,0.9985323932772849
2,DNAJC2,-0.663829,,0.5067997551649777,0.9985323932772849
2,ACAP1,-0.6642462,,0.5065327611802452,0.9985323932772849
2,CISD1,-0.6647013,,0.5062415793835784,0.9985323932772849
2,ISOC1,-0.66481507,,0.5061687976939464,0.9985323932772849
2,NDUFS1,-0.6648909,,0.5061202796257511,0.9985323932772849
2,STX4,-0.6650805,,0.5059989951601909,0.9985323932772849
2,EMB,-0.66591483,,0.505465525245476,0.9985323932772849
2,DUSP10,-0.6662562,,0.5052473729454061,0.9985323932772849
2,PRPF8,-0.6665975,,0.5050292702489245,0.9985323932772849
2,GPS1,-0.6684937,,0.503818492524006,0.9985323932772849
2,FAAH,-0.6689488,,0.5035281340122439,0.9985323932772849
2,DNAJA3,-0.6708071,,0.502343421041623,0.9985323932772849
2,DICER1,-0.67217237,,0.5014739600390876,0.9985323932772849
2,MLLT11,-0.6733101,,0.5007500183984874,0.9985323932772849
2,RALBP1,-0.6767612,,0.4985574553540868,0.9985323932772849
2,AHSA1,-0.67767143,,0.49798004877772206,0.9985323932772849
2,PLAGL2,-0.6784678,,0.49747511007749645,0.9985323932772849
2,C1orf50,-0.67941594,,0.49687434823761756,0.9985323932772849
2,FOPNL,-0.68051577,,0.49617794918462677,0.9985323932772849
2,MARCH2,-0.6822603,,0.49507438505547574,0.9985323932772849
2,NPRL2,-0.68263954,,0.49483465345146593,0.9985323932772849
2,MLLT6,-0.685408,,0.4930864938784637,0.9985323932772849
2,VPS25,-0.6880627,,0.4914132889514544,0.9985323932772849
2,RGS19,-0.68931425,,0.4906255510287152,0.9985323932772849
2,WHAMM,-0.69128627,,0.48938564578762345,0.9985323932772849
2,C9orf69,-0.69989514,,0.4839927971459247,0.9985323932772849
2,BRWD1,-0.70129836,,0.483116851708306,0.9985323932772849
2,AGPAT1,-0.7025498,,0.4823363299324801,0.9985323932772849
2,LPIN1,-0.70353585,,0.4817218564894238,0.9985323932772849
2,PLEKHB2,-0.705963,,0.4802111225189941,0.9985323932772849
2,GNPTAB,-0.70626646,,0.4800224625378773,0.9985323932772849
2,MAEA,-0.7063044,,0.47999888288218495,0.9985323932772849
2,ATP6V0E1,-0.7079351,,0.47898555540622734,0.9985323932772849
2,PIGX,-0.7095659,,0.4779733971062603,0.9985323932772849
2,HERPUD2,-0.7107415,,0.47724442762282715,0.9985323932772849
2,SLC35A1,-0.7131308,,0.4757648500487417,0.9985323932772849
2,RBM4,-0.71684736,,0.4734682929880959,0.9985323932772849
2,C14orf80,-0.71715075,,0.47328108849808426,0.9985323932772849
2,HBP1,-0.7187815,,0.47227556235067114,0.9985323932772849
2,TNFSF12,-0.72010887,,0.4714579803747514,0.9985323932772849
2,RNF168,-0.72462183,,0.46868404844455225,0.9985323932772849
2,NAA20,-0.72568375,,0.4680326737630537,0.9985323932772849
2,QSOX1,-0.7259492,,0.4678699084776292,0.9985323932772849
2,SNCA,-0.7284522,,0.4663368071036412,0.9985323932772849
2,RARA,-0.72940034,,0.46575681593622287,0.9985323932772849
2,CITED4,-0.7324343,,0.46390353981925836,0.9985323932772849
2,CAMK2G,-0.7331928,,0.4634408632507344,0.9985323932772849
2,COMMD4,-0.7337237,,0.4631171426980777,0.9985323932772849
2,SLC35A2,-0.7367197,,0.4612927982218116,0.9985323932772849
2,COA6,-0.73785746,,0.4606010625294752,0.9985323932772849
2,NFIC,-0.74149823,,0.4583914109913285,0.9985323932772849
2,BUB3,-0.74449426,,0.45657751950689707,0.9985323932772849
2,CD320,-0.74790746,,0.4545159859547535,0.9985323932772849
2,C4orf3,-0.74991745,,0.45330442998184306,0.9985323932772849
2,GMPR2,-0.75166196,,0.45225436998894863,0.9985323932772849
2,SF3B1,-0.7524584,,0.4517754521764079,0.9985323932772849
2,TPM1,-0.7542029,,0.45072739686522645,0.9985323932772849
2,PCNX,-0.7558336,,0.44974893912720604,0.9985323932772849
2,MPV17,-0.7565163,,0.4493397099714306,0.9985323932772849
2,PMF1,-0.7583746,,0.4482267679405433,0.9985323932772849
2,TIMM10B,-0.7630393,,0.445439965118158,0.9985323932772849
2,SGK1,-0.7648217,,0.44437770250051656,0.9985323932772849
2,C1orf86,-0.77039665,,0.4410646542971737,0.9985323932772849
2,PCNA,-0.77058625,,0.44095221503216697,0.9985323932772849
2,LRRC8C,-0.7709655,,0.44072738578912907,0.9985323932772849
2,EFCAB14,-0.77107924,,0.4406599498323671,0.9985323932772849
2,GOLT1B,-0.77589566,,0.4378105915244226,0.9985323932772849
2,NAT9,-0.7798777,,0.43546284773563426,0.9985323932772849
2,FCGR1B,-0.7804845,,0.4351057350969987,0.9985323932772849
2,C19orf52,-0.7806362,,0.4350164833548944,0.9985323932772849
2,FAM120A,-0.7814326,,0.4345480851190221,0.9985323932772849
2,NRGN,-0.78844863,,0.43043432418535277,0.9985323932772849
2,CTBP2,-0.7934926,,0.4274908810985306,0.9985323932772849
2,GALT,-0.79516125,,0.42651969726237193,0.9985323932772849
2,RBCK1,-0.7959198,,0.4260786757152707,0.9985323932772849
2,MDP1,-0.799333,,0.4240973738508549,0.9985323932772849
2,HNRNPM,-0.80339086,,0.4217488507175272,0.9985323932772849
2,ADAM10,-0.8037322,,0.4215516597111546,0.9985323932772849
2,SPG20,-0.8037701,,0.42152975293794737,0.9985323932772849
2,CYB561,-0.8065007,,0.41995422084017286,0.9985323932772849
2,PGRMC1,-0.8111654,,0.4172707067653122,0.9985323932772849
2,PCGF1,-0.81499577,,0.4150747477542791,0.9985323932772849
2,CELF1,-0.81935704,,0.41258273235573073,0.9985323932772849
2,CLEC10A,-0.81950873,,0.4124962134418132,0.9985323932772849
2,ATP6V1D,-0.8200018,,0.4122151012527371,0.9985323932772849
2,STOML2,-0.8217463,,0.41122130908665655,0.9985323932772849
2,CD160,-0.82436305,,0.40973329045900897,0.9985323932772849
2,AP3M2,-0.82618344,,0.4087000380180612,0.9985323932772849
2,MORF4L2,-0.8267523,,0.40837746502524686,0.9985323932772849
2,WNK1,-0.82914156,,0.4070243151200921,0.9985323932772849
2,CYTH2,-0.830924,,0.4060165663485773,0.9985323932772849
2,RASGRP4,-0.8341855,,0.40417646251261796,0.9985323932772849
2,NUDT1,-0.83422345,,0.4041550953500339,0.9985323932772849
2,ARPC5L,-0.8353232,,0.4035357417293085,0.9985323932772849
2,RPUSD3,-0.8376366,,0.40223482003208677,0.9985323932772849
2,SRSF6,-0.8387364,,0.40161723218801015,0.9985323932772849
2,PPP1R8,-0.8393053,,0.40129801362462203,0.9985323932772849
2,TMEM18,-0.84397,,0.39868617174388565,0.9985323932772849
2,IFI27,-0.8492036,,0.3957680291433675,0.9985323932772849
2,LAMP2,-0.85322356,,0.39353534348601515,0.9985323932772849
2,LTB4R,-0.85519564,,0.3924428581680047,0.9985323932772849
2,AP003733.1,-0.85523355,,0.3924218668729612,0.9985323932772849
2,ZNF593,-0.8556507,,0.3921910075637516,0.9985323932772849
2,SLC39A1,-0.8562575,,0.39185535928535786,0.9985323932772849
2,SMARCD3,-0.85853297,,0.39059823128885296,0.9985323932772849
2,SPSB2,-0.8679003,,0.38544891231550815,0.9985323932772849
2,MICU1,-0.868545,,0.3850960380274382,0.9985323932772849
2,DCAF5,-0.87047917,,0.38403860055640915,0.9985323932772849
2,CPQ,-0.8750301,,0.3815575309483077,0.9985323932772849
2,PRDX4,-0.87650913,,0.38075330582437183,0.9985323932772849
2,RP11-291B21.2,-0.87741935,,0.38025891590929084,0.9985323932772849
2,HENMT1,-0.88162893,,0.37797749780618295,0.9985323932772849
2,MOB2,-0.88238746,,0.377567329790081,0.9985323932772849
2,SNAPIN,-0.8858765,,0.37568409231916833,0.9985323932772849
2,PTAFR,-0.8868246,,0.37517334703160476,0.9985323932772849
2,TMEM205,-0.8905032,,0.37319572007062374,0.9985323932772849
2,NABP1,-0.8935372,,0.37156955414231485,0.9985323932772849
2,SPNS1,-0.8955093,,0.37051490693197753,0.9985323932772849
2,WIBG,-0.896154,,0.3701705220057925,0.9985323932772849
2,PPA2,-0.89679873,,0.3698263359953503,0.9985323932772849
2,FNTA,-0.8972538,,0.3695835009421299,0.9985323932772849
2,SEPHS2,-0.8978227,,0.3692800965389311,0.9985323932772849
2,YIPF3,-0.9024874,,0.3667980257747476,0.9985323932772849
2,MRPS23,-0.90324587,,0.3663954223462563,0.9985323932772849
2,HPRT1,-0.9044974,,0.36573172952348787,0.9985323932772849
2,SSBP3,-0.90536964,,0.3652695997639467,0.9985323932772849
2,KCNK6,-0.9064315,,0.3647074994076037,0.9985323932772849
2,SDHB,-0.9084415,,0.3636450044037478,0.9985323932772849
2,NIT1,-0.90874493,,0.3634847961492198,0.9985323932772849
2,SMARCA4,-0.9138647,,0.3607879448176061,0.9985323932772849
2,PSMD14,-0.9143577,,0.36052891231916107,0.9985323932772849
2,GBP4,-0.9168228,,0.35923550119262015,0.9985323932772849
2,PPP2R3C,-0.91720206,,0.35903677399414546,0.9985323932772849
2,THEM4,-0.9194396,,0.3578656904873597,0.9985323932772849
2,PRKACA,-0.93449557,,0.3500483137324222,0.9985323932772849
2,SPPL2A,-0.93650556,,0.3490129427794335,0.9985323932772849
2,ILF3,-0.93783295,,0.3483302746965037,0.9985323932772849
2,GABARAPL2,-0.9387052,,0.3478821266581742,0.9985323932772849
2,TMEM91,-0.9422322,,0.3460737902490245,0.9985323932772849
2,DUS3L,-0.9525476,,0.3408193348655808,0.9985323932772849
2,NARS,-0.95433,,0.3399166002539298,0.9985323932772849
2,RGS18,-0.95527816,,0.339437047357631,0.9985323932772849
2,PRPF19,-0.9561883,,0.3389770850145063,0.9985323932772849
2,EXOSC8,-0.9563401,,0.3389004635251497,0.9985323932772849
2,GARS,-0.9613081,,0.336397253390636,0.9985323932772849
2,RIOK2,-0.96783113,,0.3331287062118746,0.9985323932772849
2,C16orf54,-0.96908265,,0.3325039528193755,0.9985323932772849
2,FAM96B,-0.9691585,,0.3324661133144817,0.9985323932772849
2,TRIM8,-0.9700687,,0.33201225621358543,0.9985323932772849
2,KLF13,-0.97215456,,0.3309736778258745,0.9985323932772849
2,MESDC2,-0.97416455,,0.3299748564123949,0.9985323932772849
2,PHKG2,-0.974923,,0.3295984504231618,0.9985323932772849
2,DNAJB14,-0.9785258,,0.3278143218273166,0.9985323932772849
2,ELP5,-0.97943604,,0.32736458803807456,0.9985323932772849
2,MTIF3,-0.9802324,,0.3269713997081424,0.9985323932772849
2,CSRP1,-0.988955,,0.32268513634353213,0.9985323932772849
2,DIMT1,-0.9891067,,0.32261091831225175,0.9985323932772849
2,SLA,-0.98994106,,0.32220291818329627,0.9985323932772849
2,PHF3,-0.991989,,0.3212028914497076,0.9985323932772849
2,DERL1,-0.9940369,,0.32020489422023224,0.9985323932772849
2,LAMTOR1,-0.99672955,,0.31889580122499395,0.9985323932772849
2,TMEM165,-0.99832237,,0.3181230598518807,0.9985323932772849
2,LRCH4,-1.0019631,,0.3163614043775771,0.9985323932772849
2,TIMMDC1,-1.0040869,,0.3153367343292488,0.9985323932772849
2,IER3,-1.0043144,,0.31522707771345015,0.9985323932772849
2,SARS,-1.009055,,0.3129482634654932,0.9985323932772849
2,APOBEC3G,-1.0094342,,0.312766428121129,0.9985323932772849
2,S100B,-1.009586,,0.312693713470643,0.9985323932772849
2,ECSIT,-1.010534,,0.3122394991931349,0.9985323932772849
2,UBE2K,-1.0114442,,0.3118038627097165,0.9985323932772849
2,SLC40A1,-1.0121269,,0.3114773984142333,0.9985323932772849
2,ZNF467,-1.0164503,,0.3094150272377324,0.9985323932772849
2,CORO7,-1.0183464,,0.30851333151768057,0.9985323932772849
2,XCL1,-1.0209253,,0.3072898168685435,0.9985323932772849
2,RRS1,-1.022594,,0.30649984522219065,0.9985323932772849
2,TRIM14,-1.0234283,,0.30610536447006675,0.9985323932772849
2,TMEM199,-1.032151,,0.3020014049246347,0.9985323932772849
2,CRTAP,-1.0327957,,0.3016995288465536,0.9985323932772849
2,C14orf1,-1.0332887,,0.3014688180166879,0.9985323932772849
2,OCIAD1,-1.0396979,,0.2984802683667134,0.9985323932772849
2,PIK3R1,-1.0440212,,0.2964755344587886,0.9985323932772849
2,RPS19BP1,-1.0505443,,0.2934679340296389,0.9985323932772849
2,IL27RA,-1.0535403,,0.2920934204323987,0.9985323932772849
2,RAB34,-1.0585084,,0.28982371004161567,0.9985323932772849
2,CCT7,-1.0611632,,0.288615768289582,0.9985323932772849
2,AKTIP,-1.0621492,,0.28816796973720293,0.9985323932772849
2,PFDN2,-1.0655245,,0.28663866899585233,0.9985323932772849
2,ICOS,-1.0675724,,0.28571345491956923,0.9985323932772849
2,CWC27,-1.0681791,,0.28543970548121467,0.9985323932772849
2,ATG16L2,-1.0763708,,0.281761442803832,0.9985323932772849
2,PPIE,-1.078836,,0.280660880382534,0.9985323932772849
2,PLCB2,-1.0833489,,0.2786535779006747,0.9985323932772849
2,APOBEC3B,-1.088317,,0.27645517876172854,0.9985323932772849
2,ARL2,-1.0919199,,0.2748683358662032,0.9985323932772849
2,CTD-2006K23.1,-1.0926783,,0.27453505770609743,0.9985323932772849
2,HDAC1,-1.0937402,,0.27406893212343963,0.9985323932772849
2,DEXI,-1.093854,,0.27401902218921403,0.9985323932772849
2,FAM127A,-1.0941952,,0.2738693296518554,0.9985323932772849
2,SHARPIN,-1.0943091,,0.27381944456075136,0.9985323932772849
2,MRPS33,-1.099391,,0.2715975758888489,0.9985323932772849
2,PRSS23,-1.1012492,,0.27078819308055435,0.9985323932772849
2,ZNF106,-1.1015147,,0.27067270205367033,0.9985323932772849
2,MFSD10,-1.1051176,,0.2691086619010362,0.9985323932772849
2,VTI1B,-1.1076585,,0.2680093394737906,0.9985323932772849
2,STUB1,-1.1186565,,0.26328668586460335,0.9985323932772849
2,FOSL2,-1.1186944,,0.2632705008406496,0.9985323932772849
2,FCRL6,-1.1210458,,0.26226837014674564,0.9985323932772849
2,GPR56,-1.1256726,,0.2603041370328203,0.9985323932772849
2,CTA-29F11.1,-1.1264311,,0.25998310536977964,0.9985323932772849
2,MKKS,-1.1296167,,0.2586377657119583,0.9985323932772849
2,CNIH4,-1.1334091,,0.2570424715602895,0.9985323932772849
2,OASL,-1.1392496,,0.25459909875091447,0.9985323932772849
2,ERI3,-1.1434212,,0.25286375428776164,0.9985323932772849
2,MRPL21,-1.147555,,0.25115233130566494,0.9985323932772849
2,GALK1,-1.1480479,,0.25094875740708567,0.9985323932772849
2,TTC38,-1.1491098,,0.2505106817711191,0.9985323932772849
2,CCDC124,-1.1536987,,0.24862370971665904,0.9985323932772849
2,SAMSN1,-1.1542296,,0.24840602571368897,0.9985323932772849
2,STK38,-1.1548743,,0.2481418744271524,0.9985323932772849
2,IL23A,-1.158629,,0.24660748670490817,0.9985323932772849
2,TLE4,-1.1717508,,0.24129714474539987,0.9985323932772849
2,OAZ1,-1.1717887,,0.24128191452396597,0.9985323932772849
2,MRPS12,-1.1798286,,0.23806837541595893,0.9985323932772849
2,YWHAB,-1.1819144,,0.23723963393939507,0.9985323932772849
2,NCKAP1L,-1.1844554,,0.236232832960805,0.9985323932772849
2,TRIM69,-1.1847588,,0.23611282016663415,0.9985323932772849
2,C19orf24,-1.1850243,,0.23600784435268984,0.9985323932772849
2,CCDC69,-1.1881341,,0.23478058578853112,0.9985323932772849
2,REXO2,-1.1932918,,0.23275510878521066,0.9985323932772849
2,TMED5,-1.1962119,,0.23161384290489617,0.9983355297624834
2,NUDT16L1,-1.2034935,,0.22878541344454262,0.9894148135953099
2,C14orf166,-1.2035693,,0.22875608062276775,0.9894148135953099
2,GRPEL1,-1.2070204,,0.22742426866051912,0.9888011680892136
2,ASB8,-1.2106991,,0.22601074053490167,0.9869464652179112
2,RP11-18H21.1,-1.2177151,,0.22333224339058289,0.9795273832920302
2,CIAPIN1,-1.2185116,,0.22302963902795225,0.9795273832920302
2,RGS14,-1.2274996,,0.21963485882745737,0.9718356585285725
2,RP11-139H15.1,-1.2275375,,0.2196206138715716,0.9718356585285725
2,GRSF1,-1.2353879,,0.216686168605429,0.963049638246351
2,CCND2,-1.23937,,0.21520851427504872,0.9586125357463194
2,BOLA3,-1.241873,,0.21428342719441285,0.9566224428322002
2,MYO9B,-1.248434,,0.21187219580231786,0.9479740304354267
2,HNRNPH3,-1.2505956,,0.21108205462559337,0.946556298769477
2,PRDX3,-1.2513162,,0.21081914837697557,0.946556298769477
2,CSNK2B,-1.2516196,,0.21070852189972156,0.946556298769477
2,CRLS1,-1.2673582,,0.20502723942283851,0.9277250652617127
2,SRA1,-1.2721367,,0.20332456235462693,0.9241247312111696
2,TMEM14C,-1.2776736,,0.2013645233257808,0.9215767657930471
2,MPST,-1.2802905,,0.20044301391382202,0.9194633665771652
2,FXN,-1.2848793,,0.1988344726748389,0.9141814835624776
2,PARL,-1.2931848,,0.19594717667422856,0.9029823809872284
2,PTGDR,-1.2964841,,0.19480873672611987,0.8998094075109463
2,RABIF,-1.3046,,0.1920290961564861,0.8910862930695411
2,TMCO1,-1.3159773,,0.18818166102338862,0.8773037809948188
2,PLEKHF1,-1.3160532,,0.18815620371248998,0.8773037809948188
2,ABT1,-1.3259135,,0.18486835086543518,0.8658939150605863
2,C12orf10,-1.3264444,,0.1846925264544833,0.8658939150605863
2,S1PR5,-1.3306161,,0.18331535309601366,0.8626604851577113
2,BTN3A2,-1.337215,,0.1811524747353881,0.8544928053556042
2,MVB12A,-1.3388078,,0.18063325026886612,0.854057920892984
2,FCGR1A,-1.340249,,0.18016442884729966,0.8538598523568705
2,RAB9A,-1.3419935,,0.17959811847015172,0.8531977124472766
2,SLBP,-1.3508298,,0.1767499461962354,0.8456935224700259
2,JUND,-1.3540913,,0.17570723798005305,0.8427205658515734
2,PAFAH1B1,-1.3609557,,0.17352770156117525,0.8362780798128928
2,FTL,-1.3632691,,0.17279773199477366,0.8347716521486651
2,AKR1C3,-1.365848,,0.17198670459091125,0.8328653975346793
2,PRR5,-1.3852652,,0.16597138634407194,0.8096165187515705
2,CHIC2,-1.3883371,,0.1650344225664776,0.8070142912786191
2,CCM2,-1.395922,,0.16273799234011166,0.7995283952897952
2,HAVCR2,-1.3977045,,0.16220184554467665,0.7995283952897952
2,JAGN1,-1.4148084,,0.15712469951443547,0.7778450471011656
2,RAB2A,-1.4209521,,0.15533068775162356,0.7708718995117795
2,RNF139,-1.4259961,,0.15386948550267074,0.7655198283714961
2,ANAPC13,-1.4321018,,0.15211466938955184,0.7586766553094855
2,GSN,-1.4366528,,0.15081667274747404,0.7540833637373702
2,HAGH,-1.4389282,,0.1501708482383521,0.7527360813952486
2,ITGB7,-1.4489782,,0.14734366062089652,0.7404204051301332
2,PQBP1,-1.451633,,0.14660369314212338,0.7385576480711504
2,RETN,-1.4569044,,0.14514276046016983,0.7330442447483324
2,THOC7,-1.4587249,,0.14464086429803125,0.7330442447483324
2,SH3GLB1,-1.4588386,,0.14460953999995677,0.7330442447483324
2,PRNP,-1.466689,,0.14246069314040272,0.7286991976491187
2,MBOAT7,-1.4790902,,0.13911620268960137,0.7134164240492378
2,IFIT1,-1.485234,,0.13748185376246533,0.7068475771849116
2,FUS,-1.485765,,0.13734131169454,0.7068475771849116
2,SMS,-1.4970285,,0.13438584934677417,0.6945005134200215
2,IFI35,-1.4994557,,0.13375546948930614,0.69303352066998
2,SCP2,-1.5015794,,0.13320576582725482,0.6919780042974276
2,MID1IP1,-1.5076852,,0.13163510621572727,0.6855995115402462
2,ARF4,-1.508861,,0.13133433578484968,0.6855995115402462
2,NUDT5,-1.5263062,,0.126933644201912,0.6671612074740526
2,ADSL,-1.5336635,,0.12511246720074903,0.6612098704145876
2,CDV3,-1.5365837,,0.12439530103178952,0.6599220213888037
2,MTCH2,-1.5393901,,0.12370910208303947,0.6580271387395716
2,C15orf61,-1.552929,,0.12044008203462081,0.6423471041846444
2,CTSS,-1.5547115,,0.1200147913632497,0.6417903281457203
2,CTNNBIP1,-1.5583522,,0.11914976754073331,0.6388727482076854
2,RBPJ,-1.5643443,,0.11773673025059969,0.6341904960350564
2,TRAPPC3,-1.5833824,,0.11333433812595495,0.6126180439240808
2,PSMB6,-1.5873644,,0.11243012891835114,0.6093773925113882
2,BBC3,-1.5877436,,0.11234431124387852,0.6093773925113882
2,POLR2I,-1.5993485,,0.10974317680660017,0.5980554594365132
2,THYN1,-1.6005242,,0.10948234053295511,0.5980554594365132
2,CSRNP1,-1.6101191,,0.10737186079508042,0.5899552790938485
2,MGMT,-1.6257061,,0.10401220805863458,0.5746530831968761
2,GPR171,-1.6346183,,0.1021290969777683,0.5673838720987128
2,GUSB,-1.638752,,0.10126491464983947,0.5641499423389386
2,TMEM208,-1.6464127,,0.09967880867148053,0.5568648529132991
2,PHF5A,-1.6481193,,0.09932818138614469,0.5564603999223793
2,YWHAE,-1.6499398,,0.09895526439161634,0.5559284516382941
2,CARS,-1.6513809,,0.09866083169686507,0.5558356715316343
2,ILF3-AS1,-1.6820617,,0.0925568745311659,0.5244015554173705
2,SUCLG2,-1.6974969,,0.08960274787103256,0.5091065219945032
2,XCL2,-1.6984072,,0.08943094681516829,0.5091065219945032
2,MPC2,-1.7057265,,0.08805900488029812,0.5031943136017036
2,RNF187,-1.7073952,,0.08774861826782338,0.5028574112769248
2,S100A12,-1.7126288,,0.08678085337564766,0.49874053664165324
2,ARHGDIA,-1.7264712,,0.0842626758687388,0.48566383786016604
2,CDC37,-1.7309842,,0.08345458115914814,0.4823964228852494
2,SLC25A11,-1.7360282,,0.08255885634597372,0.47860206577376074
2,ORAI1,-1.7499844,,0.08012101578084482,0.46717793458218554
2,BLOC1S1,-1.7574934,,0.07883374994637775,0.4610160815577646
2,RAB7A,-1.7605274,,0.07831843794133574,0.4593456770752829
2,DDX46,-1.763713,,0.07778031459963432,0.45753126235079006
2,SH3KBP1,-1.7643198,,0.07767815710450428,0.45753126235079006
2,GYG1,-1.7709565,,0.07656792833747816,0.4530646647188057
2,TBCB,-1.7712978,,0.07651118248181164,0.4530646647188057
2,OSCAR,-1.7778208,,0.07543328069177659,0.44900762316533677
2,DNAJA1,-1.780248,,0.07503537872483004,0.44797241029749274
2,CLIC3,-1.7899567,,0.07346087618610429,0.43988548614433703
2,SCGB3A1,-1.7951144,,0.07263547518023311,0.437556885300513
2,TNFRSF4,-1.8004997,,0.07178177631301855,0.43372674509376763
2,SMIM12,-1.8009168,,0.07171598919708172,0.43372674509376763
2,LINC00936,-1.807895,,0.07062285542796745,0.43007246347824785
2,NCOA4,-1.8136594,,0.06973017335385563,0.4264842406963647
2,RXRA,-1.8205237,,0.0686792815327327,0.4213452854768877
2,PASK,-1.8339111,,0.06666719487841671,0.411508583928821
2,LMAN2,-1.841003,,0.06562112725989278,0.40632276941110074
2,MLX,-1.841951,,0.06548230964208593,0.40632276941110074
2,SIRPG,-1.8466537,,0.06479734858216649,0.40372179801972885
2,TCEAL8,-1.8585999,,0.06308387497837496,0.3955101879521941
2,SSBP1,-1.8624681,,0.0625371287539459,0.3933152751820497
2,DIAPH1,-1.8664123,,0.061983702982877115,0.3910643721317168
2,KLRB1,-1.886171,,0.059271925076552844,0.37632968302573233
2,VPS26B,-1.8917079,,0.05852991139441445,0.3728019834039137
2,TMEM141,-1.8988377,,0.05758582110176184,0.3691398788574477
2,TRABD2A,-1.9023646,,0.05712349879852184,0.3673536900226485
2,FKBP5,-1.907712,,0.05642845049832331,0.36497306933367957
2,RNF125,-1.9215544,,0.054661850076411965,0.3549470784182595
2,IL1B,-1.9389238,,0.05251061850170761,0.34320665687390595
2,SAT2,-1.9525766,,0.050869788323407335,0.3335723824485727
2,PSMD7,-1.9538281,,0.0507215513907727,0.3335723824485727
2,CWC15,-1.9555726,,0.05051552199605119,0.3334357887528131
2,HOPX,-1.9726007,,0.048541076125189556,0.322532067277007
2,G0S2,-1.9751796,,0.04824777750841424,0.3216518500560949
2,WTAP,-1.9843951,,0.04721180423925051,0.31792460767172065
2,CMTM7,-1.9987305,,0.04563751045400482,0.3083615571216542
2,TXNDC17,-2.00002,,0.045498101220316216,0.3083615571216542
2,FOLR3,-2.0032437,,0.045151147493522024,0.3071506632212383
2,SLFN5,-2.0239503,,0.04297526198641344,0.29334649820077435
2,C16orf13,-2.0264533,,0.042718348827233195,0.29259143032351503
2,NME3,-2.0294874,,0.04240868111254345,0.2914685987116388
2,TNFAIP2,-2.0527349,,0.04009828856795242,0.27749680669863264
2,MPP1,-2.0539865,,0.039977000739555124,0.27749680669863264
2,ZC3H15,-2.0800784,,0.03751833558098665,0.26236598308382275
2,TNFRSF25,-2.0914557,,0.036487224629490965,0.2560506991543226
2,MRPL51,-2.0946414,,0.03620287750013398,0.2549498415502393
2,RALY,-2.1005955,,0.035676481948941664,0.2521306144801531
2,OSTC,-2.1071186,,0.03510730176083669,0.24898795575061486
2,UBE2D1,-2.108029,,0.035028500864618214,0.24898795575061486
2,CD96,-2.1195579,,0.03404335500308415,0.24316682145060103
2,PRDX1,-2.1216435,,0.03386767504024035,0.2427790325465258
2,FLOT1,-2.125512,,0.033543919887835005,0.24219436742119135
2,KIF5B,-2.1337037,,0.03286705105861045,0.23816703665659744
2,CAPZA2,-2.148456,,0.03167753230077005,0.2312228635092704
2,CISH,-2.1583545,,0.030900282488457182,0.22637569588613318
2,TAF12,-2.1940033,,0.028235163237588637,0.2076114943940341
2,TERF2IP,-2.1999955,,0.027807215414523984,0.2052193019522065
2,TIGIT,-2.2032192,,0.02757931256111154,0.20429120415638177
2,PCMT1,-2.2136862,,0.02685037295649149,0.20037591758575737
2,SDHAF2,-2.227718,,0.02589931032678701,0.19400232454522104
2,UBAC2,-2.2291594,,0.025803303376284913,0.19400232454522104
2,BABAM1,-2.2406504,,0.02504872539466862,0.18904698411070656
2,IFI44,-2.2451255,,0.024760074344459704,0.18757632079136138
2,MRP63,-2.2478182,,0.024587786426546243,0.1869793644604277
2,LSM6,-2.264429,,0.02354773768714907,0.18044243438428406
2,ATP6V0E2,-2.2792575,,0.02265176177205302,0.17424432132348477
2,SUMO3,-2.3058426,,0.02111943255863914,0.1637165314623189
2,C20orf27,-2.3127449,,0.020736675484825863,0.16137490649669933
2,IL8,-2.3240843,,0.020120982776754545,0.15781162962160428
2,ATP5A1,-2.3364475,,0.019467928704565093,0.15329077720129994
2,SPON2,-2.3818052,,0.017228010800798423,0.13782408640638738
2,RNF213,-2.3846116,,0.01709716370417395,0.13732661609778274
2,OTUB1,-2.3983402,,0.016469561409831607,0.13367470545594728
2,RBM3,-2.4006536,,0.016365821583012315,0.13359854353479442
2,NAP1L4,-2.454658,,0.01410186977841278,0.11606477183878831
2,SURF1,-2.4876523,,0.012858942049954908,0.10671321203282082
2,PHPT1,-2.5030115,,0.012314151369224478,0.10261792807687066
2,FCGR2A,-2.527852,,0.011476269289127154,0.09603572626884647
2,PSMA1,-2.5423012,,0.011012520259429483,0.09254218705402927
2,HSP90AA1,-2.571048,,0.010139127599643343,0.08556225822483834
2,GBP1,-2.5730958,,0.01007932723264489,0.08541802739529568
2,IDH3G,-2.5753334,,0.010014349032098302,0.08522850240083661
2,FGFBP2,-2.5832596,,0.009787163381636434,0.08419487677150499
2,PLBD1,-2.6090484,,0.00907944376452508,0.07860990272316086
2,FERMT3,-2.613258,,0.008968360709271199,0.07798574529801042
2,ALKBH7,-2.6151161,,0.008919711376768846,0.07790140940409472
2,DGKZ,-2.6163297,,0.00888806774878665,0.07790140940409472
2,ALDH2,-2.622739,,0.008722607256789285,0.07685116525805537
2,NDUFA2,-2.6234217,,0.00870514746560212,0.07685116525805537
2,ATP5D,-2.6390843,,0.008313028302030265,0.07389358490693569
2,GADD45B,-2.6405256,,0.008277755739724701,0.07389358490693569
2,ASGR1,-2.6411324,,0.008262944239066023,0.07389358490693569
2,PSMG2,-2.6596014,,0.007823315237714354,0.07048031745688607
2,DENND2D,-2.6600566,,0.007812752154205172,0.07048031745688607
2,DEF6,-2.663432,,0.007734807275240619,0.07031642977491472
2,SRP9,-2.6667314,,0.007659288236913312,0.06994783778003025
2,CNPY3,-2.6690068,,0.007607591889442789,0.06979442100406229
2,VDAC3,-2.6736336,,0.007503439545852641,0.06915612484656812
2,SH3BP1,-2.6740508,,0.0074941118941540385,0.06915612484656812
2,CDC42EP3,-2.726121,,0.006408351390772918,0.05961257107695738
2,MRPL41,-2.7596462,,0.00578640038239153,0.05407850824664981
2,IDH2,-2.7707958,,0.005591946620902335,0.05250654104133648
2,IGFBP7,-2.7725024,,0.005562709256710804,0.05247838921425287
2,UBE2L6,-2.835002,,0.004582540766000957,0.0436432453904853
2,MYADM,-2.8396287,,0.0045166069122401925,0.04322111877741811
2,RORA,-2.8487306,,0.0043894033970171735,0.04240969465717076
2,C9orf142,-2.8583255,,0.004258833376113459,0.04154959391330204
2,PDIA3,-2.862118,,0.004208203375618714,0.04127170879193499
2,GZMK,-2.8657207,,0.004160611231248054,0.04119417060641638
2,ICAM2,-2.9152122,,0.0035544690704220607,0.035367851446985676
2,PSMC5,-2.9176013,,0.0035273502948739727,0.035273502948739724
2,SMCO4,-2.9329228,,0.003357873912637371,0.0337474765089183
2,LITAF,-2.9552603,,0.0031240538273884268,0.031556099266549766
2,GZMH,-2.9754739,,0.0029253616398793743,0.02969910294293781
2,VPS28,-3.0141568,,0.0025769450896218496,0.02629535805736581
2,CCL4,-3.042297,,0.0023478026796812782,0.024080027483910544
2,SRSF3,-3.0678198,,0.002156265010199363,0.022461093856243366
2,MAFB,-3.0794628,,0.0020737431075126974,0.021714587513221962
2,TRADD,-3.0936844,,0.0019768766286798385,0.02080922767031409
2,DYNLL1,-3.1076405,,0.0018858726939247029,0.01995632480343601
2,LDLRAP1,-3.1379042,,0.0017016044452447126,0.018102174949411836
2,UQCRC1,-3.1516328,,0.0016236025501140524,0.017364733156300025
2,SAMD3,-3.15808,,0.0015881193954982466,0.017168858329710775
2,UBE2D3,-3.161569,,0.0015692158163369294,0.01705669365583619
2,CASP4,-3.165589,,0.0015476925901714408,0.016914673116627768
2,TNFRSF1B,-3.1715431,,0.0015163130140166156,0.01666278037380896
2,C5AR1,-3.1906192,,0.001419682612072606,0.01568710068588515
2,TNFRSF1A,-3.1999865,,0.0013743400742915743,0.015270445269906383
2,NAPRT1,-3.2380247,,0.0012036037693986747,0.013600042592075421
2,KLRG1,-3.2707534,,0.0010726136007095134,0.012188790917153563
2,RER1,-3.288578,,0.001006948867994157,0.011507987062790366
2,NDUFA12,-3.3539217,,0.000796748912067546,0.009264522233343559
2,FPR1,-3.37588,,0.0007358000768344598,0.008605848851865026
2,ITM2A,-3.3946905,,0.0006870622298772112,0.008083085057378954
2,GNAI2,-3.4416409,,0.0005781972019295019,0.006842570437035525
2,FGL2,-3.4434233,,0.0005743993369678146,0.006838087344854935
2,NDUFB10,-3.4505532,,0.0005594389660275044,0.006699867856616819
2,IGSF6,-3.5318632,,0.0004126428935667788,0.004987309691230629
2,PPT1,-3.5443783,,0.0003935403252671836,0.004850617534231123
2,SF3B5,-3.5884464,,0.0003326544288558227,0.004132353153488481
2,GZMB,-3.6052089,,0.00031190188361542986,0.003908464009855156
2,PSME1,-3.6079395,,0.0003086384337782993,0.003906815617446827
2,TNFSF10,-3.6088877,,0.0003075127891136503,0.003906815617446827
2,ETHE1,-3.623754,,0.000290357803630416,0.003722535943979692
2,RILPL2,-3.6402512,,0.0002723722859390052,0.00351448110889039
2,GNLY,-3.6518939,,0.00026031343796936875,0.0033806939996021915
2,SIVA1,-3.656369,,0.0002558130641597605,0.0033439616230034053
2,TRAF3IP3,-3.673966,,0.00023881460705572818,0.003143230880828127
2,AHNAK,-3.6828022,,0.00023068405985561934,0.003075787464741591
2,TMEM50A,-3.7789786,,0.00015747293937191768,0.0021137307298243987
2,ATP5C1,-3.7989647,,0.0001453017290905451,0.001963536879601961
2,MAL,-3.8117833,,0.0001379678374304806,0.0018899703757600085
2,ARL6IP5,-3.857596,,0.00011450773682347892,0.0015903852336594296
2,APOBEC3A,-3.9166443,,8.97900936023039e-05,0.0012827156228900558
2,ABRACL,-3.9788024,,6.926328021038904e-05,0.0009965939598617127
2,ARPC4,-3.981988,,6.834122124913368e-05,0.0009904524818715025
2,STX11,-4.0059943,,6.175716676461931e-05,0.0009015644783156103
2,TMEM219,-4.0447907,,5.2369851461137375e-05,0.0007758496512761092
2,SELPLG,-4.0565095,,4.981153407964689e-05,0.0007434557325320431
2,ZYX,-4.0906415,,4.3018167105909236e-05,0.0006468897309159284
2,EFHD2,-4.093903,,4.24171836960052e-05,0.0006426846014546242
2,GPX1,-4.117492,,3.830178549374577e-05,0.0005847600838739811
2,NDUFB8-1,-4.178323,,2.9366673387828384e-05,0.00045179497519735976
2,NCF2,-4.1848836,,2.8531217480935264e-05,0.00044234445706876376
2,ZAP70,-4.1864386,,2.8336557699129873e-05,0.00044234445706876376
2,VAMP5,-4.1921654,,2.763047208425621e-05,0.00043512554463395606
2,CCL3,-4.2421875,,2.213516719670483e-05,0.000351351860265156
2,ATP6V1F,-4.2718062,,1.9389584802463437e-05,0.0003127352387494103
2,C9orf16,-4.2949405,,1.747403286670146e-05,0.0002841306157187229
2,IFI30,-4.336581,,1.4471588772726427e-05,0.00023723916020862996
2,PSMA7,-4.376705,,1.2048666158964502e-05,0.00019915150675974385
2,TPT1,-4.418536,,9.937172565340047e-06,0.00016561954275566746
2,ABI3,-4.4477,,8.679467940962752e-06,0.00014587341077248323
2,PRF1,-4.460784,,8.166043599787176e-06,0.00013840751864046063
2,CAPZB,-4.4734507,,7.696735808026622e-06,0.00013156813347054054
2,FTH1,-4.480163,,7.458599155584952e-06,0.00012859653716525778
2,DYNLT1,-4.4840317,,7.324584982231786e-06,0.00012738408664750932
2,SAT1,-4.4927163,,7.032047887136598e-06,0.00012336926117783505
2,RNF7,-4.5273414,,5.973046588105206e-06,0.00010571763872752576
2,PRMT2,-4.5392494,,5.64548225382721e-06,0.00010081218310405732
2,CD48,-4.5612836,,5.0841876328954e-06,9.160698437649369e-05
2,FCGRT,-4.587224,,4.4917905025232e-06,8.166891822769454e-05
2,GRN,-4.6399765,,3.484484878740047e-06,6.39355023622027e-05
2,TNFSF13B,-4.6512403,,3.2994469083775226e-06,6.110086867365782e-05
2,NPC2,-4.658446,,3.18605546376892e-06,5.955243857512e-05
2,LYAR,-4.7392626,,2.144971522076604e-06,4.047116079389819e-05
2,AQP3,-4.762207,,1.9148702884826083e-06,3.718194734917686e-05
2,CORO1B,-4.789778,,1.6696581875737938e-06,3.2738395834780275e-05
2,BLVRA,-4.7960734,,1.6180585828248573e-06,3.2040764016333805e-05
2,MS4A6A,-4.8113194,,1.4993732852500428e-06,2.9987465705000855e-05
2,H2AFY,-4.82008,,1.4350084752881138e-06,2.928588725077783e-05
2,PPIB,-4.831609,,1.354341937226551e-06,2.7924576025289708e-05
2,C1orf162,-4.83396,,1.3384343531043597e-06,2.7884049023007492e-05
2,CDA,-4.834339,,1.335885502166249e-06,2.7884049023007492e-05
2,FCGR3A,-5.2437334,,1.5735951228664064e-07,3.4208589627530573e-06
2,GIMAP2,-5.319203,,1.042227910770042e-07,2.316062023933427e-06
2,ATP5H,-5.3602753,,8.309529059102798e-08,1.8885293316142725e-06
2,CST7,-5.5820193,,2.377420880749507e-08,5.465335358044843e-07
2,SERPINB1,-5.8435082,,5.11128154481553e-09,1.202654481133066e-07
2,GSTO1,-5.9898963,,2.099748248233698e-09,4.999400591032614e-08
2,H3F3B,-6.1508474,,7.706996284046736e-10,1.8571075383245145e-08
2,PYCARD,-6.2026143,,5.553278815105478e-10,1.3544582475867018e-08
2,JUNB,-6.2662516,,3.698426552915064e-10,9.24606638228766e-09
2,ARRB2,-6.3500648,,2.1522461442321127e-10,5.4487244157775e-09
2,GZMA,-6.361025,,2.0041221628943543e-10,5.13877477665219e-09
2,LGALS2,-6.539459,,6.174173078829428e-11,1.6464461543545143e-09
2,TALDO1,-6.597218,,4.189446113252724e-11,1.1322827333115472e-09
2,IFITM3,-6.645496,,3.021981732199066e-11,8.63423352056876e-10
2,CCL5,-6.66643,,2.621005501769531e-11,7.622667563044503e-10
2,GSTP1,-6.7224445,,1.7870093891938483e-11,5.334356385653278e-10
2,VAMP8,-7.0681252,,1.5704053266518477e-12,4.9075166457870236e-11
2,ARPC1B,-7.101385,,1.2351260213075505e-12,3.9210349882779384e-11
2,CEBPB,-7.134645,,9.70373465057147e-13,3.130236984055313e-11
2,LGALS3,-7.2558513,,3.9914328669036147e-13,1.30866651373889e-11
2,S100A8,-7.308642,,2.69855416677244e-13,8.995180555908134e-12
2,NKG7,-7.6195087,,2.5464328573087975e-14,9.094403061817134e-13
2,FCN1,-7.8359814,,4.651956392628872e-15,1.7229468120847673e-13
2,TYMP,-7.9571877,,1.7599377109088592e-15,6.641274380788149e-14
2,CD247,-8.125344,,4.460936844528075e-16,1.7843747378112297e-14
2,CTSW,-8.147492,,3.7154845855478234e-16,1.5165243206317647e-14
2,GIMAP5,-8.253225,,1.541756138726435e-16,6.423983911360145e-15
2,S100A9,-8.433784,,3.3466484553237084e-17,1.4550645457929168e-15
2,LST1,-8.600499,,7.936989522807651e-18,3.527550899025623e-16
2,COTL1,-8.680634,,3.9356944591178045e-18,1.8305555623803744e-16
2,LYZ,-8.86764,,7.471301818018429e-19,3.644537472204111e-17
2,CST3,-9.078309,,1.1027447028148242e-19,5.513723514074121e-18
2,CD2,-9.747068,,1.8987210628591718e-22,1.0263357096536064e-20
2,FCER1G,-10.549359,,5.114455499764415e-26,2.9225459998653797e-24
2,FYB,-10.583795,,3.5431067489105455e-26,2.084180440535615e-24
2,AIF1,-10.670755,,1.394875022250183e-26,8.453788013637473e-25
2,ID2,-10.8688345,,1.6225984129394503e-27,1.0141240080871564e-25
2,TYROBP,-11.259191,,2.0866588249440368e-29,1.3462314999638947e-27
2,B2M,-12.728383,,4.11269629033883e-37,2.8363422691991927e-35
2,LGALS1,-13.163224,,1.428571663637484e-39,1.0204083311696314e-37
2,GIMAP4,-13.22762,,6.078187982207326e-40,4.502361468301723e-38
2,ACTB,-13.91993,,4.793729819986167e-44,4.1684607130314494e-42
2,S100A11,-15.063996,,2.7937766365539053e-51,2.660739653860862e-49
2,SRGN,-15.726953,,9.88554843778552e-56,9.88554843778552e-54
2,GIMAP7,-16.404966,,1.762269265650355e-60,1.855020279631953e-58
2,IL32,-16.754023,,5.292424333971154e-63,6.615530417463942e-61
2,S100A6,-19.559784,,3.40516550271108e-85,5.2387161580170466e-83
2,S100A4,-22.510494,,3.276048845197855e-112,5.460081408663092e-110
3,CCL5,24.529795,,7.10706600837178e-133,1.4214132016743559e-129
3,NKG7,22.95572,,1.2918546279555991e-116,1.2918546279555991e-113
3,CST7,19.65176,,5.5842786736357415e-86,3.7228524490904945e-83
3,B2M,19.253557,,1.317952824678052e-82,6.58976412339026e-80
3,GZMA,18.612103,,2.563599773125483e-77,1.0254399092501931e-74
3,CTSW,18.025297,,1.2334911142911133e-72,4.111637047637044e-70
3,IL32,17.538504,,7.281940219265071e-69,2.0805543483614487e-66
3,GZMK,14.404532,,4.84585015368708e-47,1.21146253842177e-44
3,PTPRCAP,13.498746,,1.590608474504987e-41,3.5346854988999715e-39
3,LYAR,12.394207,,2.8091089420706027e-35,5.6182178841412056e-33
3,KLRG1,12.05016,,1.9357179116515066e-33,3.5194871120936485e-31
3,MALAT1,11.869037,,1.714308047556363e-32,2.857180079260605e-30
3,PRF1,10.655239,,1.6482009780702532e-26,2.3545728258146473e-24
3,GZMH,10.642091,,1.8982174573086317e-26,2.5309566097448423e-24
3,HOPX,8.321084,,8.716252531808203e-17,6.7048096398524635e-15
3,APOBEC3G,8.307155,,9.802436202774243e-17,7.261063853906848e-15
3,CCL4,7.5188847,,5.5245402905477436e-14,3.348206236695602e-12
3,CD2,7.268606,,3.632160410405182e-13,2.0178668946695456e-11
3,SAMD3,7.0091643,,2.397461389442102e-12,1.2294673792010778e-10
3,FGFBP2,6.5587363,,5.42657351556942e-11,2.647109031985083e-09
3,CD247,6.0865717,,1.1535412960510217e-09,5.493053790719151e-08
3,NCR3,5.8545365,,4.783418367967149e-09,2.1259637190965105e-07
3,GIMAP7,5.8462777,,5.026950909481226e-09,2.1856308302092288e-07
3,GZMB,5.523516,,3.322820085573317e-08,1.3562530961523742e-06
3,TIGIT,5.297028,,1.1770250975786895e-07,4.2036610627810335e-06
3,ID2,5.2158346,,1.8299152002229804e-07,6.420755088501686e-06
3,LITAF,5.1400237,,2.7470405507119125e-07,9.312001866820043e-06
3,RPS27A,5.057063,,4.2576275938941617e-07,1.3959434734079218e-05
3,SRGN,4.668804,,3.0295818179930133e-06,8.781396573892792e-05
3,GNLY,4.5574913,,5.176821639928306e-06,0.00014790918971223732
3,HSP90AA1,4.524948,,6.041031879033518e-06,0.00017016991208545124
3,ARPC5L,4.416142,,1.0047811168916934e-05,0.000271562464024782
3,C9orf142,4.3662586,,1.2639273658989084e-05,0.0003282928223114048
3,TMBIM6,4.3465767,,1.3827872543275447e-05,0.00035456083444296017
3,STK17A,4.3236074,,1.5349835926452494e-05,0.0003886034411760125
3,GIMAP4,4.3171973,,1.5802285028368626e-05,0.00039505712570921564
3,ZAP70,4.27771,,1.8882585471082757e-05,0.0004550020595441628
3,UBB,4.270766,,1.9480295840155863e-05,0.0004638165676227586
3,PPIB,4.032896,,5.5093658959697114e-05,0.001252128612720389
3,ACTB,3.7540185,,0.00017402196590646295,0.0037424078689561923
3,PSME1,3.7352405,,0.00018753590572637957,0.0039901256537527565
3,C9orf16,3.7114084,,0.0002061093420155923,0.0043391440424335225
3,SNRPB,3.6794403,,0.00023374638705534612,0.004869716396986377
3,ARL6IP5,3.6452534,,0.0002671283768937575,0.005507801585438299
3,S1PR5,3.6031773,,0.0003143508596150076,0.0063505224164648
3,PRR5,3.5739625,,0.00035161941495848506,0.006962760692247228
3,RPL21,3.520833,,0.00043019326036276584,0.008194157340243159
3,GYG1,3.517094,,0.00043629934708713667,0.008232063152587484
3,PDIA3,3.3930433,,0.0006912068878357728,0.012342980139924513
3,FCRL6,3.3654308,,0.0007642419414766092,0.01352640604383379
3,S100A4,3.2976325,,0.0009750364669739124,0.017105902929366885
3,GIMAP5,3.150736,,0.0016285963703272642,0.027143272838787737
3,KLRB1,3.1289172,,0.0017545173188168728,0.028762578996997915
3,TERF2IP,3.034698,,0.0024077667650782304,0.038524268241251686
3,PSMB8,2.979473,,0.002887445986391261,0.04537113758667823
3,RORA,2.9276175,,0.0034156989342192536,0.05295657262355432
3,YWHAB,2.8266597,,0.004703630244076895,0.07126712491025598
3,BTN3A2,2.803074,,0.005061806266617974,0.07533439008799883
3,PTGDR,2.8015947,,0.005085071330939921,0.07533439008799883
3,TMEM50A,2.7908702,,0.005256654345381074,0.07730374037325108
3,CD160,2.7699144,,0.005607103399055482,0.08154986332772261
3,SRSF3,2.6998148,,0.006937806223622335,0.09911151748031907
3,GTF3A,2.6726544,,0.007525372246652083,0.10599115840355047
3,XCL2,2.659218,,0.007832225671583773,0.10954161778438844
3,TMCO1,2.5709157,,0.01014299996970472,0.13894520506444824
3,BUB3,2.527196,,0.011497730131730511,0.15433194807691963
3,CDC37,2.4306347,,0.015072403521801888,0.19574550028314142
3,GPR56,2.376437,,0.017480744676068746,0.21887462230642107
3,MFSD10,2.3758206,,0.017509969784513687,0.21887462230642107
3,PCSK7,2.3411407,,0.019224916952967054,0.237344653740334
3,MT-CO2,2.2816424,,0.022510453790983275,0.2728539853452518
3,TRAF3IP3,2.2477021,,0.02459518362223404,0.294553097272264
3,CDC42EP3,2.1847525,,0.028907003358361445,0.33418500992325373
3,CD320,2.1305547,,0.03312583705069026,0.3785809948650316
3,PLEKHF1,2.1236517,,0.03369928031324698,0.38294636719598846
3,DGKZ,2.0894237,,0.03666959433539654,0.4143456987050456
3,GADD45B,2.0382257,,0.0415273678102924,0.4566414056999116
3,RAB9A,2.0363767,,0.041712549424814414,0.4566414056999116
3,LMAN2,2.02557,,0.04280887015459049,0.46031043176979025
3,HNRNPM,2.0007927,,0.045414729546613214,0.48571903258409854
3,ARPC4,1.998163,,0.04569899264016602,0.4861594961719789
3,SPON2,1.9279814,,0.05385744461454686,0.5691838792953753
3,TTC38,1.8879187,,0.05903687058338034,0.6086275317874262
3,PSMA1,1.8625251,,0.06252911411250367,0.6370620914924672
3,PRSS23,1.8595256,,0.06295268670536666,0.6370620914924672
3,GPR171,1.8587037,,0.06306914705775425,0.6370620914924672
3,ORAI1,1.8517596,,0.0640603641496696,0.6438227552730613
3,HDAC1,1.8186821,,0.0689599435039084,0.6895994350390839
3,PRMT2,1.8015065,,0.07162308264492388,0.7062200678731106
3,DENND2D,1.8011367,,0.07168133688912073,0.7062200678731106
3,NDUFB8-1,1.7942747,,0.0727693379922036,0.7118654840283026
3,DERL1,1.793042,,0.07296621211290101,0.7118654840283026
3,JAKMIP1,1.7900424,,0.07344709351283653,0.7130785777945294
3,SCP2,1.7710178,,0.07655774729228247,0.7361321855027161
3,STX4,1.76017,,0.07837898335287398,0.7500381182093204
3,FCGR3A,1.7522397,,0.07973260644268775,0.7554519418352845
3,CD47,1.7480485,,0.0804556318054578,0.7554519418352845
3,IDH2,1.7426246,,0.08139920761601036,0.7594331371783671
3,RPS19BP1,1.7390909,,0.08201877881526365,0.7594331371783671
3,BTN3A1,1.7266406,,0.08423222513914806,0.7763338722502126
3,VDAC3,1.7113141,,0.08702314942823589,0.7925610909264367
3,STMN1,1.7011237,,0.08891974855722358,0.8010788158308431
3,COMMD8,1.6682929,,0.09525759636661398,0.8460867232751076
3,CLIC3,1.6636087,,0.0961906626095408,0.8460867232751076
3,FUS,1.6622938,,0.09645388645336227,0.8460867232751076
3,ACAP1,1.626751,,0.10378999950957075,0.8986147143685779
3,RNF125,1.6242856,,0.10431487563192131,0.8992661692407009
3,RNF113A,1.6122462,,0.10690837215965851,0.9021803557777089
3,ITGB7,1.6045213,,0.10859919210835983,0.9095373941477523
3,TOR1A,1.5940845,,0.11091711927191149,0.9243093272659291
3,ARF6,1.5813876,,0.11378942595855608,0.9325012312415853
3,MMADHC,1.5794564,,0.11423140082709421,0.9325012312415853
3,CPNE2,1.5717726,,0.11600329394442656,0.9392979266755187
3,RGS14,1.5673349,,0.11703643090126715,0.9415947228386881
3,DPY30,1.5511454,,0.12086682770477959,0.9630822924683633
3,WTAP,1.5434206,,0.12272876948603094,0.9740378530637376
3,UBE2D3,1.5229167,,0.12777955406737423,0.9989334786688892
3,AHNAK,1.4930443,,0.13542559603379847,0.9989334786688892
3,SRP9,1.4798955,,0.1389011371428119,0.9989334786688892
3,C5orf56,1.4765261,,0.13980270771762335,0.9989334786688892
3,PSMA7,1.4761974,,0.13989090636590792,0.9989334786688892
3,OCIAD1,1.4547074,,0.14575029366491152,0.9989334786688892
3,AHSA1,1.4501053,,0.14702916078517733,0.9989334786688892
3,MAEA,1.3886758,,0.16493135063294329,0.9989334786688892
3,XCL1,1.3715824,,0.17019347561818565,0.9989334786688892
3,MLLT6,1.360447,,0.17368850588720564,0.9989334786688892
3,MESDC2,1.3539137,,0.17576390453443325,0.9989334786688892
3,DCAF5,1.3244112,,0.1853665359564698,0.9989334786688892
3,STOML2,1.2896901,,0.1971582650026792,0.9989334786688892
3,RCN2,1.271323,,0.20361378728459445,0.9989334786688892
3,NDUFB10,1.2584207,,0.20823965347339968,0.9989334786688892
3,PSMC5,1.2556677,,0.2092364881056079,0.9989334786688892
3,DIDO1,1.2522982,,0.21046119274801223,0.9989334786688892
3,SHARPIN,1.2022507,,0.22926639867080134,0.9989334786688892
3,CARHSP1,1.1935396,,0.2326580876996962,0.9989334786688892
3,MORF4L2,1.1929644,,0.23288331367767268,0.9989334786688892
3,PSMB6,1.1916084,,0.233414815303861,0.9989334786688892
3,IL16,1.1892252,,0.2343510527396363,0.9989334786688892
3,RBM3,1.1862668,,0.23551697550817197,0.9989334786688892
3,MRPL43,1.1857326,,0.23572792608751425,0.9989334786688892
3,STUB1,1.178172,,0.2387280329938385,0.9989334786688892
3,MOB2,1.1775557,,0.23897378936922165,0.9989334786688892
3,ABI3,1.175912,,0.23963001213151458,0.9989334786688892
3,CAPN12,1.1720085,,0.24119363045290598,0.9989334786688892
3,FAM173A,1.1719264,,0.24122662576375342,0.9989334786688892
3,GNPTAB,1.1712689,,0.24149070266159856,0.9989334786688892
3,H3F3B,1.1667079,,0.24332833945302124,0.9989334786688892
3,ITSN2,1.1610786,,0.24560993377739182,0.9989334786688892
3,ECSIT,1.1395886,,0.25445775150459926,0.9989334786688892
3,POLR2K,1.1207694,,0.26238604539500165,0.9989334786688892
3,HSPB11,1.1171945,,0.26391115271626686,0.9989334786688892
3,CLEC2B,1.1057715,,0.2688254165194446,0.9989334786688892
3,HENMT1,1.1040457,,0.2695732872934814,0.9989334786688892
3,PTPN7,1.0786933,,0.2807244890504841,0.9989334786688892
3,RCHY1,1.0724065,,0.2835374882431293,0.9989334786688892
3,ALG5,1.0684208,,0.2853307483162051,0.9989334786688892
3,MGMT,1.0605726,,0.28888418071483235,0.9989334786688892
3,CDC123,1.0264679,,0.3046710663230854,0.9989334786688892
3,NDUFAF4,1.0149628,,0.31012358017510944,0.9989334786688892
3,ATP6V0E1,1.0107716,,0.31212576644474155,0.9989334786688892
3,GBP1,1.0051833,,0.31480857028939124,0.9989334786688892
3,CHMP4A,0.99984163,,0.31738714197308004,0.9989334786688892
3,CYBA,0.9873914,,0.32345079638654206,0.9989334786688892
3,DUS3L,0.97222924,,0.33093652966221776,0.9989334786688892
3,NPRL2,0.96507955,,0.33450496187866097,0.9989334786688892
3,TAPBP,0.9600666,,0.3370217017011904,0.9989334786688892
3,NOL7,0.9599433,,0.33708374172050426,0.9989334786688892
3,ORMDL2,0.9547249,,0.33971683559486565,0.9989334786688892
3,ALKBH4,0.939686,,0.34737866004057283,0.9989334786688892
3,GABARAPL2,0.9354948,,0.34953336045373307,0.9989334786688892
3,C17orf59,0.9196752,,0.3577425299684509,0.9989334786688892
3,TMEM242,0.9044308,,0.36576701058937156,0.9989334786688892
3,PRPF31,0.90052724,,0.36783972573524226,0.9989334786688892
3,FAM107B,0.89654154,,0.36996360797634475,0.9989334786688892
3,GIMAP2,0.89247364,,0.3721391212945262,0.9989334786688892
3,DOCK10,0.8823655,,0.37757918476320385,0.9989334786688892
3,BOLA3,0.875298,,0.38141176476077765,0.9989334786688892
3,PRNP,0.874353,,0.38192606463087586,0.9989334786688892
3,USP19,0.8712712,,0.38360608242733607,0.9989334786688892
3,HERPUD2,0.8593962,,0.3901219530047836,0.9989334786688892
3,ERH,0.8563967,,0.3917784133955976,0.9989334786688892
3,MPC2,0.8534382,,0.39341635603167224,0.9989334786688892
3,COPS4,0.85035646,,0.39512694944086335,0.9989334786688892
3,NFU1,0.84871286,,0.3960411015625628,0.9989334786688892
3,ISOC1,0.84694594,,0.3970252383012104,0.9989334786688892
3,PRDX1,0.8414399,,0.400101531650755,0.9989334786688892
3,DIMT1,0.8376185,,0.4022449705165294,0.9989334786688892
3,STX18,0.83474225,,0.40386284484477986,0.9989334786688892
3,PEX16,0.83396155,,0.4043026534055083,0.9989334786688892
3,TMEM87A,0.8330576,,0.4048122632748714,0.9989334786688892
3,LYPLA1,0.82981145,,0.4066453895944472,0.9989334786688892
3,OASL,0.8289897,,0.40711025677758017,0.9989334786688892
3,LPIN1,0.82755154,,0.4079245365999282,0.9989334786688892
3,CWC27,0.8250039,,0.40936935508587724,0.9989334786688892
3,SSBP1,0.8226618,,0.4107003380386428,0.9989334786688892
3,ZBP1,0.8210182,,0.41163589406530054,0.9989334786688892
3,RBM25,0.8185939,,0.41301814490734945,0.9989334786688892
3,RPN2,0.8178132,,0.4134638611682485,0.9989334786688892
3,SIRPG,0.8162107,,0.4143796441996307,0.9989334786688892
3,CYB561,0.8079105,,0.4191420946982767,0.9989334786688892
3,EIF5,0.80388373,,0.4214641414169604,0.9989334786688892
3,SARS,0.79266614,,0.42797235692090796,0.9989334786688892
3,TAF12,0.7862972,,0.4316933874678648,0.9989334786688892
3,DNAJB14,0.7816951,,0.43439376171165167,0.9989334786688892
3,VPS13A,0.77992827,,0.43543309916744244,0.9989334786688892
3,PEX19,0.77832574,,0.4363769935447118,0.9989334786688892
3,SMCHD1,0.7727375,,0.43967773307102964,0.9989334786688892
3,RER1,0.76862854,,0.4421138627290291,0.9989334786688892
3,P2RY10,0.767026,,0.4430660429802985,0.9989334786688892
3,BZRAP1-AS1,0.76332796,,0.4452678499456554,0.9989334786688892
3,POLR2I,0.76324576,,0.44531684973013974,0.9989334786688892
3,ACD,0.75827384,,0.4482870494883353,0.9989334786688892
3,RBM39,0.75149405,,0.4523553957969949,0.9989334786688892
3,CD96,0.74105716,,0.45865877240407404,0.9989334786688892
3,HNRNPH3,0.73986554,,0.4593815679516877,0.9989334786688892
3,CASC4,0.73707145,,0.46107889811722236,0.9989334786688892
3,SLC25A11,0.72367615,,0.4692645904658377,0.9989334786688892
3,HAGH,0.71332145,,0.47564685836852505,0.9989334786688892
3,FAM96B,0.70847285,,0.47865166613648613,0.9989334786688892
3,DEXI,0.7045282,,0.48110388483138866,0.9989334786688892
3,TARSL2,0.69536513,,0.4868264899630772,0.9989334786688892
3,KLRC1,0.695283,,0.48687797964925383,0.9989334786688892
3,VPS13C,0.6950364,,0.4870324663597624,0.9989334786688892
3,ITM2A,0.69211906,,0.4888625679666445,0.9989334786688892
3,RPL7L1,0.69203687,,0.4889141737293219,0.9989334786688892
3,UBE2D2,0.6859556,,0.4927411324148938,0.9989334786688892
3,PURA,0.68562686,,0.49294845145690847,0.9989334786688892
3,ADAM10,0.6837367,,0.4941414424491287,0.9989334786688892
3,ACTN4,0.6757653,,0.49918969865565144,0.9989334786688892
3,PLRG1,0.671985,,0.5015932593379455,0.9989334786688892
3,S100A6,0.6707112,,0.5024045327774365,0.9989334786688892
3,RNF187,0.6699716,,0.5028759130214809,0.9989334786688892
3,SLC25A12,0.6690265,,0.5034785722039634,0.9989334786688892
3,CPSF3L,0.6679171,,0.5041865280237847,0.9989334786688892
3,CDKN2A,0.66360265,,0.506944673893874,0.9989334786688892
3,GPKOW,0.663315,,0.5071288317799572,0.9989334786688892
3,ELL,0.6608085,,0.5087351225828487,0.9989334786688892
3,YTHDF2,0.65748024,,0.5108721805098513,0.9989334786688892
3,TCP1,0.64474237,,0.5190941706495767,0.9989334786688892
3,CAPZB,0.6433453,,0.5200000774011917,0.9989334786688892
3,RP11-792A8.4,0.6420715,,0.5208267611753064,0.9989334786688892
3,IL27RA,0.63052523,,0.5283510056332439,0.9989334786688892
3,GOLGA1,0.62879944,,0.5294803633235343,0.9989334786688892
3,MVD,0.6251835,,0.5318506103034234,0.9989334786688892
3,THEM4,0.62107456,,0.5345505831051427,0.9989334786688892
3,RRS1,0.6200884,,0.535199604221015,0.9989334786688892
3,FOPNL,0.61117184,,0.5410858117963053,0.9989334786688892
3,TNFRSF1A,0.6098981,,0.5419293311188945,0.9989334786688892
3,OSTC,0.6082545,,0.5430187117112738,0.9989334786688892
3,SLBP,0.6068985,,0.5439182710657005,0.9989334786688892
3,TSPAN15,0.60250187,,0.5468401123725546,0.9989334786688892
3,WHAMM,0.5983929,,0.5495778120832099,0.9989334786688892
3,CLU,0.59826964,,0.5496600473514701,0.9989334786688892
3,CRLS1,0.59802306,,0.5498245360820665,0.9989334786688892
3,ARGLU1,0.59144866,,0.5542198286945671,0.9989334786688892
3,RAB2A,0.5893531,,0.5556244331647372,0.9989334786688892
3,PDCD1,0.5885724,,0.5561481611959018,0.9989334786688892
3,NXT2,0.5871753,,0.5570859593636948,0.9989334786688892
3,ATG16L1,0.5843401,,0.5589915024772741,0.9989334786688892
3,TMEM222,0.5836005,,0.5594891207177028,0.9989334786688892
3,ARL2BP,0.57686174,,0.5640328492188693,0.9989334786688892
3,SLA,0.5766563,,0.5641716562275075,0.9989334786688892
3,EMB,0.5723008,,0.5671182286661514,0.9989334786688892
3,NUDT16L1,0.57115024,,0.5678977979462224,0.9989334786688892
3,SLFN5,0.5700819,,0.5686221425623097,0.9989334786688892
3,KIR3DL2,0.5686849,,0.5695700282095129,0.9989334786688892
3,TNFRSF25,0.5639184,,0.5728096533167001,0.9989334786688892
3,SRM,0.5582891,,0.5766469884365951,0.9989334786688892
3,ATP6V0E2,0.5566866,,0.5777415808447152,0.9989334786688892
3,IDI1,0.55442667,,0.5792868966600586,0.9989334786688892
3,TIMM22,0.55196124,,0.5809749052009716,0.9989334786688892
3,C15orf61,0.5514682,,0.5813127829709049,0.9989334786688892
3,SF3B5,0.54694825,,0.5844142702894329,0.9989334786688892
3,NAP1L4,0.5464963,,0.584724841979553,0.9989334786688892
3,THOC7,0.53967535,,0.5894209409530646,0.9989334786688892
3,ELOVL4,0.5391412,,0.5897894409959601,0.9989334786688892
3,RPUSD4,0.5391412,,0.5897894409959601,0.9989334786688892
3,RP5-1028K7.2,0.5366758,,0.5914915846896411,0.9989334786688892
3,TMEM9B,0.5351555,,0.5925423638080525,0.9989334786688892
3,PGM1,0.53314203,,0.5939352522001087,0.9989334786688892
3,ABCC10,0.5328133,,0.5941628047152332,0.9989334786688892
3,SMARCC2,0.5323613,,0.5944757545012956,0.9989334786688892
3,TSSC1,0.5250473,,0.5995502882381929,0.9989334786688892
3,EAPP,0.51617193,,0.605734352283619,0.9989334786688892
3,DHX15,0.5154323,,0.6062509776385654,0.9989334786688892
3,ATAD1,0.51428175,,0.6070550085457581,0.9989334786688892
3,RPS3A,0.5094742,,0.6104198488980215,0.9989334786688892
3,CCND2,0.5056118,,0.6131292055384442,0.9989334786688892
3,ABT1,0.50413257,,0.6141682357166754,0.9989334786688892
3,SRPR,0.5026533,,0.6152080410218561,0.9989334786688892
3,GOSR2,0.5009275,,0.6164221246190869,0.9989334786688892
3,THAP2,0.5004755,,0.6167402725193196,0.9989334786688892
3,PAFAH1B1,0.49965376,,0.6173189076149553,0.9989334786688892
3,RHEBL1,0.4994072,,0.6174925444977611,0.9989334786688892
3,FKBP3,0.4978458,,0.6185927409223659,0.9989334786688892
3,BAG5,0.49751708,,0.6188244703093201,0.9989334786688892
3,PRR5L,0.49743488,,0.618882408578819,0.9989334786688892
3,FAM43A,0.49147683,,0.6230892249806632,0.9989334786688892
3,WDR45,0.48823074,,0.6253864134930551,0.9989334786688892
3,SNX5,0.48695695,,0.6262888383199205,0.9989334786688892
3,RBM4,0.48605296,,0.6269296085946425,0.9989334786688892
3,CLPX,0.48321778,,0.6289411219809197,0.9989334786688892
3,FNTA,0.476931,,0.6334112532994522,0.9989334786688892
3,C1orf50,0.4724111,,0.6366333755920308,0.9989334786688892
3,GGNBP2,0.47208238,,0.6368679810403877,0.9989334786688892
3,PSMD7,0.46883628,,0.6391866617303426,0.9989334786688892
3,HMGXB4,0.46871302,,0.6392747826158163,0.9989334786688892
3,TGFBRAP1,0.46854866,,0.6393922850498847,0.9989334786688892
3,PSMD14,0.4683021,,0.6395685556676058,0.9989334786688892
3,MED30,0.46797338,,0.6398036148159119,0.9989334786688892
3,NUP54,0.4625906,,0.6436578382575581,0.9989334786688892
3,PPP2CA,0.46156338,,0.6443944716505611,0.9989334786688892
3,C7orf26,0.46156338,,0.6443944716505611,0.9989334786688892
3,HPRT1,0.45959106,,0.645809786537736,0.9989334786688892
3,C3orf38,0.45794746,,0.6469901962514215,0.9989334786688892
3,TMED5,0.456838,,0.6477874754161768,0.9989334786688892
3,PCNA,0.45667365,,0.6479056252420248,0.9989334786688892
3,BOLA1,0.4565915,,0.6479647034808,0.9989334786688892
3,CCL4L1,0.45634493,,0.6481419514967399,0.9989334786688892
3,PPIL4,0.4560162,,0.6483783132053,0.9989334786688892
3,R3HDM1,0.45593405,,0.6484374091697334,0.9989334786688892
3,SH3BP1,0.45396173,,0.649856375873963,0.9989334786688892
3,SNHG8,0.44935966,,0.6531722335634307,0.9989334786688892
3,TNFSF12,0.4475517,,0.6544767730829006,0.9989334786688892
3,TAOK2,0.4381832,,0.6612534967105332,0.9989334786688892
3,PIK3R1,0.43748465,,0.66175990142222,0.9989334786688892
3,TLE4,0.43670395,,0.6623260663133422,0.9989334786688892
3,KIFC3,0.42610273,,0.6700329829529501,0.9989334786688892
3,ACOT13,0.4254453,,0.6705120876114563,0.9989334786688892
3,CISD1,0.41915855,,0.6751002699984269,0.9989334786688892
3,SMIM12,0.41656986,,0.67699304893831,0.9989334786688892
3,EFCAB14,0.41139254,,0.6807847229038415,0.9989334786688892
3,EXOC4,0.40929696,,0.6823217512616312,0.9989334786688892
3,RAD23A,0.40814644,,0.6831661711519039,0.9989334786688892
3,LRBA,0.40810534,,0.6831963363460357,0.9989334786688892
3,CTNNBL1,0.40436617,,0.685943481142395,0.9989334786688892
3,ATPAF1,0.40276366,,0.6871221032839161,0.9989334786688892
3,SLC39A14,0.40268147,,0.6871825659791981,0.9989334786688892
3,AC010642.1,0.40231165,,0.6874546728639666,0.9989334786688892
3,AKR1C3,0.40128443,,0.6882107376549292,0.9989334786688892
3,ATXN1L,0.4009146,,0.6884829973257548,0.9989334786688892
3,UNC45A,0.39779177,,0.6907836856615982,0.9989334786688892
3,RPL39L,0.39746305,,0.6910260300672857,0.9989334786688892
3,TMEM138,0.3932308,,0.6941490348379684,0.9989334786688892
3,TTC14,0.3931075,,0.6942400743323589,0.9989334786688892
3,EIF2S1,0.39245006,,0.6947256927830521,0.9989334786688892
3,ZNF32,0.3907243,,0.696001036967121,0.9989334786688892
3,INTS12,0.387396,,0.6984630558575061,0.9989334786688892
3,ANKHD1,0.3854648,,0.6998930925209736,0.9989334786688892
3,YPEL3,0.38451973,,0.7005932860637046,0.9989334786688892
3,DEF6,0.3817256,,0.7026649099416109,0.9989334786688892
3,CYTH2,0.38106817,,0.7031526726505468,0.9989334786688892
3,LINC00662,0.37765768,,0.7056848990538748,0.9989334786688892
3,CHI3L2,0.37630174,,0.7066925960084902,0.9989334786688892
3,ZNF747,0.37457594,,0.7079758630352355,0.9989334786688892
3,ARL16,0.37334326,,0.7088929905826836,0.9989334786688892
3,ISY1,0.37169966,,0.7101164838252181,0.9989334786688892
3,BBS2,0.37054914,,0.7109733741404383,0.9989334786688892
3,EBNA1BP2,0.36997387,,0.7114019563806415,0.9989334786688892
3,HBA1,0.36968625,,0.7116162817178624,0.9989334786688892
3,NOL11,0.36923426,,0.7119531247175961,0.9989334786688892
3,RAB7A,0.36857682,,0.7124431785160741,0.9989334786688892
3,ABHD17B,0.36841246,,0.7125657105295111,0.9989334786688892
3,POLDIP2,0.36528963,,0.714895225283529,0.9989334786688892
3,RDH14,0.36455,,0.7154473426379553,0.9989334786688892
3,CCDC174,0.3613861,,0.7178108554702226,0.9989334786688892
3,CIDEB,0.35912612,,0.7195007356212682,0.9989334786688892
3,PHACTR4,0.3580578,,0.7203000661340765,0.9989334786688892
3,C14orf80,0.35744146,,0.720761357517741,0.9989334786688892
3,CLIP1,0.35735926,,0.7208228707181938,0.9989334786688892
3,CEP120,0.35123685,,0.7254106597790151,0.9989334786688892
3,ZNF263,0.35103142,,0.7255647845443944,0.9989334786688892
3,MLLT11,0.34269014,,0.7318315733294796,0.9989334786688892
3,FBXO7,0.33775935,,0.7355445401718115,0.9989334786688892
3,R3HDM2,0.33738956,,0.7358232631657613,0.9989334786688892
3,PWP1,0.33611575,,0.7367835750280829,0.9989334786688892
3,GLYCTK,0.3351296,,0.7375273247785085,0.9989334786688892
3,RBM48,0.33492416,,0.7376823036083148,0.9989334786688892
3,PCGF1,0.33397907,,0.7383953434940316,0.9989334786688892
3,UIMC1,0.33291075,,0.7392016596021944,0.9989334786688892
3,RP11-430B1.2,0.3318424,,0.7400082625368467,0.9989334786688892
3,DIAPH1,0.32806212,,0.7428646869475688,0.9989334786688892
3,NFIC,0.32748687,,0.7432996718721514,0.9989334786688892
3,BCDIN3D,0.32551455,,0.744791670151056,0.9989334786688892
3,GFER,0.32193974,,0.7474983557246203,0.9989334786688892
3,GTF2B,0.32189864,,0.7475294852313341,0.9989334786688892
3,TOP2B,0.32078922,,0.7483701373983638,0.9989334786688892
3,ARPP19,0.31992632,,0.7490241848989239,0.9989334786688892
3,FLOT1,0.318406,,0.75017699340924,0.9989334786688892
3,RCL1,0.3137628,,0.7537011782984901,0.9989334786688892
3,FOSL2,0.31335193,,0.7540133015323893,0.9989334786688892
3,ACADM,0.31314647,,0.754169378223698,0.9989334786688892
3,PHF14,0.3105989,,0.7561055615791497,0.9989334786688892
3,NME6,0.3085855,,0.7576368558708554,0.9989334786688892
3,C1GALT1C1,0.30681863,,0.7589814289617773,0.9989334786688892
3,SMARCA4,0.30673644,,0.7590439850189807,0.9989334786688892
3,TNFRSF9,0.30575028,,0.7597947805945982,0.9989334786688892
3,METTL3,0.30422997,,0.7609527004608712,0.9989334786688892
3,ERV3-1,0.30390126,,0.7612031320312788,0.9989334786688892
3,SNX17,0.29814866,,0.7655897125542585,0.9989334786688892
3,XRRA1,0.2963407,,0.7669699135702338,0.9989334786688892
3,C9orf69,0.29523125,,0.7678172215708109,0.9989334786688892
3,TMEM62,0.29276586,,0.7697011206217977,0.9989334786688892
3,TBC1D15,0.29067028,,0.7713035047302144,0.9989334786688892
3,FAM120A,0.28660238,,0.7744167964371939,0.9989334786688892
3,TSC22D1,0.28458896,,0.775959065175504,0.9989334786688892
3,PEMT,0.283233,,0.7769982344376138,0.9989334786688892
3,LBR,0.28315082,,0.7770612272398887,0.9989334786688892
3,PTCH1,0.28216466,,0.7778172550888707,0.9989334786688892
3,EXOSC8,0.28171268,,0.7781638382101076,0.9989334786688892
3,AC093323.3,0.2803978,,0.779172330723048,0.9989334786688892
3,PBRM1,0.2803156,,0.7792353738696415,0.9989334786688892
3,DMAP1,0.27813783,,0.7809065452197951,0.9989334786688892
3,ARMC7,0.27604225,,0.7825156095601011,0.9989334786688892
3,PRAF2,0.27365905,,0.784346657030902,0.9989334786688892
3,PTGDS,0.27357686,,0.7844098179604865,0.9989334786688892
3,CDK19,0.27287832,,0.7849467431559318,0.9989334786688892
3,NAA25,0.2717278,,0.7858313135492482,0.9989334786688892
3,PI4KB,0.27168673,,0.7858629104708605,0.9989334786688892
3,AC074138.3,0.27061838,,0.7866845540989605,0.9989334786688892
3,PRPF19,0.2702075,,0.7870006341878015,0.9989334786688892
3,NFAT5,0.26901588,,0.7879174647345208,0.9989334786688892
3,RAB6B,0.26724902,,0.7892774438330543,0.9989334786688892
3,CYTH3,0.26724902,,0.7892774438330543,0.9989334786688892
3,PPIE,0.26248258,,0.7929494171509528,0.9989334786688892
3,PXMP4,0.26248258,,0.7929494171509528,0.9989334786688892
3,NBR1,0.25845575,,0.7960551869111662,0.9989334786688892
3,U2SURP,0.2570998,,0.7971017375372733,0.9989334786688892
3,ZNF493,0.2566478,,0.7974506689261058,0.9989334786688892
3,PCNX,0.25615472,,0.7978313675142507,0.9989334786688892
3,NARS,0.25603145,,0.7979265496782625,0.9989334786688892
3,CISH,0.25483984,,0.798846798606431,0.9989334786688892
3,ZNF92,0.25401804,,0.7994816159574812,0.9989334786688892
3,RP11-139H15.1,0.252621,,0.8005611094027945,0.9989334786688892
3,ZNF212,0.25188136,,0.8011327603233633,0.9989334786688892
3,ZNF468,0.2513472,,0.8015456855761601,0.9989334786688892
3,C14orf1,0.24937488,,0.8030708120997612,0.9989334786688892
3,PLEKHA1,0.24867636,,0.8036111412893532,0.9989334786688892
3,IRF9,0.2481011,,0.8040561887617477,0.9989334786688892
3,USP30,0.2468684,,0.8050100756428196,0.9989334786688892
3,SMS,0.24612878,,0.805582547214855,0.9989334786688892
3,C10orf32,0.24403319,,0.8072051150147114,0.9989334786688892
3,ZNF653,0.24382775,,0.8073642350718094,0.9989334786688892
3,KRBOX4,0.24362229,,0.807523363100122,0.9989334786688892
3,TIMM10B,0.24284159,,0.8081281221937785,0.9989334786688892
3,NUDCD1,0.2423485,,0.8085101344076544,0.9989334786688892
3,RRAGC,0.24197869,,0.8087966735320049,0.9989334786688892
3,KLC4,0.24037619,,0.8100386389091184,0.9989334786688892
3,OAT,0.23840387,,0.8115678682432877,0.9989334786688892
3,RP11-367G6.3,0.23799297,,0.8118865484017584,0.9989334786688892
3,SDHAF2,0.23671918,,0.8128746547247533,0.9989334786688892
3,ATG7,0.23528104,,0.8139906167041459,0.9989334786688892
3,NR2C2AP,0.23400724,,0.814979355634601,0.9989334786688892
3,ATP6V1C1,0.23359634,,0.815298366628413,0.9989334786688892
3,NNT-AS1,0.23347308,,0.8153940759000888,0.9989334786688892
3,SLC4A7,0.232528,,0.8161279383943524,0.9989334786688892
3,FASTKD1,0.2296928,,0.8183304911213127,0.9989334786688892
3,AAGAB,0.22866555,,0.8191288724626945,0.9989334786688892
3,RAB8B,0.22735067,,0.820151074156827,0.9989334786688892
3,OTUB1,0.22685759,,0.8205344786750872,0.9989334786688892
3,PEX26,0.22525509,,0.8217808391073564,0.9989334786688892
3,DLST,0.22361149,,0.8230596249110699,0.9989334786688892
3,CHD7,0.22278969,,0.8236991942962453,0.9989334786688892
3,PJA1,0.22114609,,0.8249786839811498,0.9989334786688892
3,SEPT11,0.21917377,,0.8265146853079521,0.9989334786688892
3,ARID4A,0.21814652,,0.8273149493864248,0.9989334786688892
3,MED7,0.2178589,,0.8275390555028421,0.9989334786688892
3,ELP6,0.216996,,0.8282114580426067,0.9989334786688892
3,SMYD4,0.21687274,,0.8283075258381705,0.9989334786688892
3,VMAC,0.21387316,,0.8306459638000737,0.9989334786688892
3,RFC1,0.21366772,,0.8308061859241187,0.9989334786688892
3,UBAC2,0.21272264,,0.8315432981874786,0.9989334786688892
3,WDR44,0.2125172,,0.8317035596164278,0.9989334786688892
3,EIF5B,0.2120652,,0.8320561593819515,0.9989334786688892
3,SNAPIN,0.2104627,,0.8333065576980814,0.9989334786688892
3,MRPS23,0.20935327,,0.8341724653396403,0.9989334786688892
3,AC113189.5,0.20742205,,0.8356802652627444,0.9989334786688892
3,NUPL2,0.20594281,,0.8368355847031063,0.9989334786688892
3,WDR91,0.20421703,,0.8381839021128134,0.9989334786688892
3,MAPK1IP1L,0.20405267,,0.8383123381428405,0.9989334786688892
3,ABHD12,0.20265561,,0.839404217980364,0.9989334786688892
3,GOLT1B,0.20183381,,0.8400466447947671,0.9989334786688892
3,F11R,0.20117638,,0.8405606629938763,0.9989334786688892
3,IL4I1,0.20105311,,0.8406570489817442,0.9989334786688892
3,TANGO6,0.19924515,,0.8420709838524197,0.9989334786688892
3,EDC3,0.19875208,,0.842456691053562,0.9989334786688892
3,MTERFD1,0.19747828,,0.8434532760656721,0.9989334786688892
3,SEC61A2,0.19735502,,0.8435497331068877,0.9989334786688892
3,ZNF333,0.19714956,,0.8437105000562799,0.9989334786688892
3,PKN2,0.1949307,,0.8454471966891677,0.9989334786688892
3,PRKD2,0.19484852,,0.845511533266118,0.9989334786688892
3,NECAB3,0.19460198,,0.8457045491765336,0.9989334786688892
3,CCNG1,0.19386236,,0.8462836524260303,0.9989334786688892
3,OSBPL7,0.19386236,,0.8462836524260303,0.9989334786688892
3,HBP1,0.19386236,,0.8462836524260303,0.9989334786688892
3,ZNF276,0.19345146,,0.8466054123546423,0.9989334786688892
3,DNAJC2,0.19283512,,0.8470881001888872,0.9989334786688892
3,PDIK1L,0.19176678,,0.8479248949088182,0.9989334786688892
3,MARCH5,0.19028755,,0.8490838166070336,0.9989334786688892
3,CXXC1,0.18987665,,0.8494057973064681,0.9989334786688892
3,RPL22L1,0.18876721,,0.8502752705308821,0.9989334786688892
3,C2orf76,0.18695925,,0.8516925795896939,0.9989334786688892
3,HMBOX1,0.18658945,,0.8519825428891619,0.9989334786688892
3,ZNF195,0.1859731,,0.852465859500256,0.9989334786688892
3,USP5,0.18589091,,0.8525303059049448,0.9989334786688892
3,KIF3A,0.18560329,,0.8527558760717144,0.9989334786688892
3,SPSB2,0.18301462,,0.854786547316885,0.9989334786688892
3,LARS,0.18260372,,0.8551089649196616,0.9989334786688892
3,RP11-805J14.5,0.18206955,,0.8555281439631471,0.9989334786688892
3,RIT1,0.18075468,,0.8565601427540367,0.9989334786688892
3,RIOK1,0.17960416,,0.857463342981562,0.9989334786688892
3,LINC01003,0.17870018,,0.8581731313051382,0.9989334786688892
3,TMEM116,0.17833036,,0.8584635323379168,0.9989334786688892
3,MARCH6,0.178166,,0.858592605613462,0.9989334786688892
3,IP6K1,0.1773853,,0.8592057552318764,0.9989334786688892
3,PUM1,0.17537189,,0.8607874268435044,0.9989334786688892
3,INVS,0.17356393,,0.8622081795630594,0.9989334786688892
3,SPTSSB,0.17356393,,0.8622081795630594,0.9989334786688892
3,RCE1,0.17208469,,0.8633709454681396,0.9989334786688892
3,PRUNE,0.17175597,,0.8636293781793045,0.9989334786688892
3,RP11-308N19.1,0.17035891,,0.8647278796595148,0.9989334786688892
3,ABCG2,0.17035891,,0.8647278796595148,0.9989334786688892
3,BLZF1,0.16657864,,0.8677016004890422,0.9989334786688892
3,KIAA1430,0.16563357,,0.8684453249951847,0.9989334786688892
3,UBXN4,0.16288054,,0.8706124880426245,0.9989334786688892
3,INTS2,0.16209984,,0.8712272342684433,0.9989334786688892
3,EARS2,0.16173002,,0.8715184570269764,0.9989334786688892
3,SLC35A2,0.1614424,,0.8717449756612496,0.9989334786688892
3,MPV17,0.16094932,,0.8721333177821482,0.9989334786688892
3,RARS,0.15942898,,0.873330899604536,0.9989334786688892
3,CTC-444N24.11,0.15926462,,0.8734603853466308,0.9989334786688892
3,WARS2,0.15885372,,0.8737841145237076,0.9989334786688892
3,RP11-252A24.3,0.15864828,,0.8739459870398645,0.9989334786688892
3,CTD-3214H19.4,0.15864828,,0.8739459870398645,0.9989334786688892
3,RP1-20N2.6,0.15864828,,0.8739459870398645,0.9989334786688892
3,MKLN1,0.15753885,,0.8748201896309936,0.9989334786688892
3,GIT2,0.15700468,,0.8752411565526622,0.9989334786688892
3,NDUFA2,0.15626507,,0.8758240920914889,0.9989334786688892
3,DNAJA1,0.15601853,,0.8760184189259305,0.9989334786688892
3,MRM1,0.15581308,,0.8761803636650972,0.9989334786688892
3,CLSTN3,0.15540218,,0.876504268689415,0.9989334786688892
3,BCL2A1,0.15503237,,0.8767958008972221,0.9989334786688892
3,SRSF6,0.15351205,,0.877994497379819,0.9989334786688892
3,THUMPD3,0.14997831,,0.8807817331155889,0.9989334786688892
3,PPP1R8,0.14989613,,0.8808465702638545,0.9989334786688892
3,TMEM87B,0.14812925,,0.8822407614290015,0.9989334786688892
3,SAMD9L,0.14751291,,0.882727193258816,0.9989334786688892
3,ATP5A1,0.14726637,,0.8829217783847416,0.9989334786688892
3,COLGALT2,0.14693765,,0.8831812362072016,0.9989334786688892
3,RP11-390B4.5,0.14693765,,0.8831812362072016,0.9989334786688892
3,PITPNM1,0.14397918,,0.8855169172766175,0.9989334786688892
3,TMEM140,0.1438559,,0.8856142590553775,0.9989334786688892
3,FBXO33,0.14089742,,0.8879509762687222,0.9989334786688892
3,MAF1,0.1401989,,0.8885028440825423,0.9989334786688892
3,BANP,0.13999344,,0.8886651684433409,0.9989334786688892
3,TRIP12,0.13991126,,0.8887300994952944,0.9989334786688892
3,FANCI,0.1389251,,0.8895093302285781,0.9989334786688892
3,TRIM16L,0.1389251,,0.8895093302285781,0.9989334786688892
3,ST20,0.1373226,,0.8907758075466738,0.9989334786688892
3,SPG7,0.13715824,,0.8909057184702146,0.9989334786688892
3,SAMSN1,0.13658299,,0.8913604297431564,0.9989334786688892
3,SPPL2A,0.13654189,,0.8913929104887004,0.9989334786688892
3,FAM98A,0.13613099,,0.8917177279581138,0.9989334786688892
3,PGRMC2,0.13596663,,0.8918476600363666,0.9989334786688892
3,KIF3C,0.1352681,,0.892399903721509,0.9989334786688892
3,AP001462.6,0.13522701,,0.8924323902718331,0.9989334786688892
3,CAMK2N1,0.13522701,,0.8924323902718331,0.9989334786688892
3,PHKG2,0.13382995,,0.8935370400344566,0.9989334786688892
3,RP11-70P17.1,0.13214527,,0.8948693922160433,0.9989334786688892
3,TPM1,0.13124129,,0.8955844354291279,0.9989334786688892
3,STAU2,0.12894025,,0.8974049269102773,0.9989334786688892
3,MLLT10,0.12610504,,0.8996487743551314,0.9989334786688892
3,API5,0.12368074,,0.9015680635859311,0.9989334786688892
3,ZNF841,0.12351638,,0.9016982058481323,0.9989334786688892
3,PROK2,0.12351638,,0.9016982058481323,0.9989334786688892
3,FBXW4,0.12322875,,0.9019259611623612,0.9989334786688892
3,IRAK4,0.12236586,,0.9026092754673558,0.9989334786688892
3,RPUSD1,0.12236586,,0.9026092754673558,0.9989334786688892
3,NAA20,0.11850341,,0.9056687976640087,0.9989334786688892
3,C9orf37,0.11821578,,0.9058966910166382,0.9989334786688892
3,WDYHV1,0.11768161,,0.9063199420732578,0.9989334786688892
3,PDXDC1,0.11599692,,0.9076549845151453,0.9989334786688892
3,TTC1,0.11521621,,0.9082737514196056,0.9989334786688892
3,AKAP8,0.112257734,,0.9106190542897771,0.9989334786688892
3,SERAC1,0.111887924,,0.9109122723399579,0.9989334786688892
3,GDF11,0.111805744,,0.9109774335557229,0.9989334786688892
3,TUBG2,0.111805744,,0.9109774335557229,0.9989334786688892
3,SH3BGRL2,0.111805744,,0.9109774335557229,0.9989334786688892
3,CYB5B,0.111477025,,0.911238084401597,0.9989334786688892
3,CCP110,0.111025035,,0.9115964949050362,0.9989334786688892
3,NUDT5,0.10786111,,0.9141058679932836,0.9989334786688892
3,METTL8,0.10683386,,0.9149207849045775,0.9989334786688892
3,UBE3A,0.10588879,,0.915670587474551,0.9989334786688892
3,ANTXR2,0.10588879,,0.915670587474551,0.9989334786688892
3,BRAT1,0.1050259,,0.916355255372062,0.9989334786688892
3,TMEM165,0.10473827,,0.9165834918186426,0.9989334786688892
3,TRMT61A,0.10457391,,0.9167139157336041,0.9989334786688892
3,ZNF799,0.10428628,,0.9169421629768104,0.9989334786688892
3,TMEM194A,0.10403974,,0.9171378089210035,0.9989334786688892
3,SPRY1,0.10391647,,0.9172356337757233,0.9989334786688892
3,PROCA1,0.103300124,,0.9177247768167358,0.9989334786688892
3,LAMP2,0.10157435,,0.9190945424318848,0.9989334786688892
3,PHF12,0.10149217,,0.919159775387643,0.9989334786688892
3,JAGN1,0.0997253,,0.9205624148163154,0.9989334786688892
3,C16orf80,0.09919113,,0.9209865174540031,0.9989334786688892
3,C18orf21,0.0989035,,0.921214889728162,0.9989334786688892
3,ADSL,0.09795843,,0.9219653014137412,0.9989334786688892
3,CORO7,0.09791734,,0.9219979295895467,0.9989334786688892
3,TMEM18,0.09668464,,0.9229768356622766,0.9989334786688892
3,GNG11,0.09664355,0.5215487,0.9230094678822973,0.9989334786688892
3,QSOX1,0.09639701,,0.9232052639218036,0.9989334786688892
3,HEMK1,0.093931615,,0.9251634783016679,0.9989334786688892
3,CRTC2,0.093356356,,0.9256204606825429,0.9989334786688892
3,LONRF1,0.09245238,,0.9263386253806393,0.9989334786688892
3,MTCH2,0.09208257,,0.9266324373629453,0.9989334786688892
3,TYW5,0.09146622,,0.9271221462145635,0.9989334786688892
3,GPATCH4,0.0886721,,0.9293425032174455,0.9989334786688892
3,FMO4,0.08846665,,0.9295057866860785,0.9989334786688892
3,LILRA4,0.08846665,,0.9295057866860785,0.9989334786688892
3,ARG2,0.08838447,,0.9295711009048925,0.9989334786688892
3,POMT1,0.08768594,,0.9301262908748051,0.9989334786688892
3,TRPV2,0.0874394,,0.9303222484091326,0.9989334786688892
3,ZNF559,0.086083435,,0.9314000900413787,0.9989334786688892
3,AGO4,0.08427548,,0.9328374075975057,0.9989334786688892
3,ACTL6A,0.08407003,,0.9330007530833611,0.9989334786688892
3,PPP2R1B,0.08374131,,0.9332621117262992,0.9989334786688892
3,RABIF,0.08185117,,0.9347650626820873,0.9989334786688892
3,FBXO25,0.08057738,,0.935778052422524,0.9989334786688892
3,RNF14,0.07979667,,0.9363989685997705,0.9989334786688892
3,ARHGEF7,0.0796734,,0.9364970115419489,0.9989334786688892
3,GRSF1,0.0796734,,0.9364970115419489,0.9989334786688892
3,ZNF567,0.07946795,,0.9366604185846632,0.9989334786688892
3,WDR55,0.07889269,,0.9371179724756911,0.9989334786688892
3,RP3-325F22.5,0.0768382,,0.9387522619802859,0.9989334786688892
3,ZBTB41,0.07675602,,0.9388176389728407,0.9989334786688892
3,DDX56,0.0764273,,0.9390791510625341,0.9989334786688892
3,TMX3,0.075523324,,0.9397983431017123,0.9989334786688892
3,SOX13,0.07346883,,0.941433052152035,0.9989334786688892
3,ZNF425,0.07346883,,0.941433052152035,0.9989334786688892
3,RP11-544A12.4,0.07346883,,0.941433052152035,0.9989334786688892
3,NCKAP1,0.07346883,,0.941433052152035,0.9989334786688892
3,CALD1,0.07346883,,0.941433052152035,0.9989334786688892
3,SCIN,0.07346883,,0.941433052152035,0.9989334786688892
3,ZNF763,0.07346883,,0.941433052152035,0.9989334786688892
3,TMEM102,0.07174305,,0.9428063987364093,0.9989334786688892
3,SPIN1,0.07157869,,0.942937202581934,0.9989334786688892
3,SEC31A,0.069894,,0.9442780300991077,0.9989334786688892
3,SRSF5,0.06972964,,0.9444088510542222,0.9989334786688892
3,EVA1B,0.06911329,,0.9448994429604599,0.9989334786688892
3,XPNPEP1,0.06812713,,0.945684433402445,0.9989334786688892
3,CES4A,0.06812713,,0.945684433402445,0.9989334786688892
3,IFFO1,0.066894434,,0.9466657455324706,0.9989334786688892
3,FBXO4,0.066524625,,0.9469601550190053,0.9989334786688892
3,MNAT1,0.066236995,,0.9471891451847482,0.9989334786688892
3,DUSP10,0.066154815,,0.9472545717485258,0.9989334786688892
3,CTNNAL1,0.065374106,,0.9478761417827173,0.9989334786688892
3,USP38,0.065374106,,0.9478761417827173,0.9989334786688892
3,LIX1L,0.06516866,,0.9480397181325322,0.9989334786688892
3,IQCE,0.06504539,,0.9481378649941182,0.9989334786688892
3,URB2,0.06504539,,0.9481378649941182,0.9989334786688892
3,CMTM2,0.06504539,,0.9481378649941182,0.9989334786688892
3,IL24,0.06496321,,0.9482032966724662,0.9989334786688892
3,RP11-647K16.1,0.06179928,-6.3604865,0.9507226777193055,0.9989334786688892
3,KCNJ14,0.06175819,-3.1451116,0.9507554002486821,0.9989334786688892
3,TMPRSS11E,0.06175819,-6.5900216,0.9507554002486821,0.9989334786688892
3,RP11-511B23.1,0.06175819,-3.0558424,0.9507554002486821,0.9989334786688892
3,AURKC,0.06175819,-4.536736,0.9507554002486821,0.9989334786688892
3,RP11-932O9.7,0.06175819,-3.1158316,0.9507554002486821,0.9989334786688892
3,CTC-454I21.3,0.06175819,-3.1911635,0.9507554002486821,0.9989334786688892
3,LIPC,0.06175819,-3.0563178,0.9507554002486821,0.9989334786688892
3,NEUROD2,0.06175819,-3.265582,0.9507554002486821,0.9989334786688892
3,HOXA5,0.06175819,-3.5494897,0.9507554002486821,0.9989334786688892
3,U73166.2,0.06175819,-3.529242,0.9507554002486821,0.9989334786688892
3,AK4,0.06175819,-3.3163514,0.9507554002486821,0.9989334786688892
3,GRPEL1,0.06093639,,0.9514098682010161,0.9989334786688892
3,PLEKHJ1,0.06077203,,0.9515407657385642,0.9989334786688892
3,KLF13,0.060032412,,0.9521298207866512,0.9989334786688892
3,RPPH1,0.057197206,,0.9543881046276953,0.9989334786688892
3,TRIM23,0.057197206,,0.9543881046276953,0.9989334786688892
3,LUC7L,0.057073936,,0.9544862993205685,0.9989334786688892
3,MAP3K7,0.055430338,,0.9557956273225374,0.9989334786688892
3,ANAPC4,0.05382783,,0.9570723370085561,0.9989334786688892
3,ZNF175,0.05325257,,0.9575306700835834,0.9989334786688892
3,ERI3,0.05317039,,0.9575961473868745,0.9989334786688892
3,DPH6,0.051937692,,0.9585783410220293,0.9989334786688892
3,HDAC2,0.051403522,,0.9590039778806858,0.9989334786688892
3,RP11-141B14.1,0.050088644,-3.2657537,0.9600517489198588,0.9989334786688892
3,RP11-408A13.4,0.050047554,-1.8073348,0.960084492886196,0.9989334786688892
3,RP11-493L12.4,0.050047554,-2.2072868,0.960084492886196,0.9989334786688892
3,KDM4A-AS1,0.050047554,-1.8395462,0.960084492886196,0.9989334786688892
3,LINC00957,0.050047554,-1.8052309,0.960084492886196,0.9989334786688892
3,C6orf99,0.050047554,-1.78733,0.960084492886196,0.9989334786688892
3,CTD-2302E22.4,0.050047554,-1.8403325,0.960084492886196,0.9989334786688892
3,C1QC,0.050047554,-1.9024099,0.960084492886196,0.9989334786688892
3,RWDD4,0.049718834,,0.9603464470363733,0.9989334786688892
3,HEXIM2,0.049513385,,0.9605101705561224,0.9989334786688892
3,CRELD2,0.048773766,,0.9610995889679876,0.9989334786688892
3,RMDN3,0.048486136,,0.9613288129993051,0.9989334786688892
3,GNPAT,0.047910877,,0.9617872706333955,0.9989334786688892
3,YEATS2,0.047869787,,0.9618200180925649,0.9989334786688892
3,MAP3K8,0.046924718,,0.9625732273198577,0.9989334786688892
3,LAIR1,0.04524003,,0.9639159870491578,0.9989334786688892
3,MICU1,0.04429496,,0.9646692875599563,0.9989334786688892
3,PLEKHB2,0.043144442,,0.9655863915492094,0.9989334786688892
3,ANKRD9,0.042035013,-6.3256783,0.9664707849532024,0.9989334786688892
3,MINA,0.041665204,,0.9667655919736413,0.9989334786688892
3,PGM2L1,0.041336484,,0.9670276464731651,0.9989334786688892
3,PDE6B,0.040925585,,0.9673552196017023,0.9989334786688892
3,SURF6,0.039692886,,0.9683379718181351,0.9989334786688892
3,USP7,0.039281987,,0.9686655666498234,0.9989334786688892
3,ZNF436,0.03837801,-1.8954961,0.9693862938146003,0.9989334786688892
3,TP53BP2,0.03837801,,0.9693862938146003,0.9989334786688892
3,HIST1H2AH,0.03837801,-1.3765503,0.9693862938146003,0.9989334786688892
3,RIN2,0.03833692,-1.19745,0.9694190547388346,0.9989334786688892
3,IPO9-AS1,0.03833692,-1.1892334,0.9694190547388346,0.9989334786688892
3,C5AR2,0.03833692,-1.2389286,0.9694190547388346,0.9989334786688892
3,TTC30A,0.03833692,-1.2870266,0.9694190547388346,0.9989334786688892
3,CTD-2537I9.12,0.03833692,-1.2812077,0.9694190547388346,0.9989334786688892
3,CCDC121,0.03833692,-1.1993634,0.9694190547388346,0.9989334786688892
3,INPP5A,0.03833692,-1.2297702,0.9694190547388346,0.9989334786688892
3,UBA5,0.037967112,,0.9697139053726336,0.9989334786688892
3,ARMCX5,0.037474032,,0.9701070459839303,0.9989334786688892
3,DIS3,0.036241334,,0.9710899290850735,0.9989334786688892
3,N4BP2L1,0.035707165,,0.9715158588198476,0.9989334786688892
3,CD48,0.035624985,,0.9715813871954657,0.9989334786688892
3,ERCC6L2,0.033775937,1.249842,0.9730558255284025,0.9989334786688892
3,STX16,0.032707598,,0.973907765528123,0.9989334786688892
3,IL1RAP,0.030160021,-2.2168097,0.9759394330845792,0.9989334786688892
3,KARS,0.027900074,,0.9777418499013378,0.9989334786688892
3,USP8,0.027858984,,0.9777746221960276,0.9989334786688892
3,DDX1,0.027776804,,0.9778401668978979,0.9989334786688892
3,POLA1,0.026708465,-0.99318004,0.9786922614765061,0.9989334786688892
3,PLA2G4C,0.026667375,-0.8808409,0.9787250348366903,0.9989334786688892
3,SNTA1,0.026667375,-0.78218293,0.9787250348366903,0.9989334786688892
3,HOMER2,0.026667375,-0.78049195,0.9787250348366903,0.9989334786688892
3,LINC00211,0.026626285,-0.7230319,0.9787578082327862,0.9989334786688892
3,CCDC122,0.026626285,-0.68842256,0.9787578082327862,0.9989334786688892
3,SHPK-1,0.026626285,-0.73580104,0.9787578082327862,0.9989334786688892
3,CD274,0.026626285,-0.7492753,0.9787578082327862,0.9989334786688892
3,FSTL1,0.026626285,-0.685616,0.9787578082327862,0.9989334786688892
3,ATP8B3,0.026626285,-0.72450817,0.9787578082327862,0.9989334786688892
3,YES1,0.026626285,-0.8042515,0.9787578082327862,0.9989334786688892
3,SLC20A2,0.025968846,,0.9792821874092035,0.9989334786688892
3,MRE11A,0.025557946,,0.9796099289551694,0.9989334786688892
3,MPST,0.024407428,,0.9805276234181376,0.9989334786688892
3,DDI2,0.02305146,-1.7137125,0.9816092248835359,0.9989334786688892
3,GID8,0.02301037,,0.981642001223315,0.9989334786688892
3,DTX3,0.02272274,,0.9818714364663882,0.9989334786688892
3,ADAL,0.021366771,,0.98295307963656,0.9989334786688892
3,ST3GAL3,0.021202412,-3.2865577,0.9830841900687043,0.9989334786688892
3,EHMT2,0.019805353,,0.9841986468318181,0.9989334786688892
3,ISOC2,0.018942466,,0.9848870033171386,0.9989334786688892
3,RFNG,0.018778106,,0.9850181201295012,0.9989334786688892
3,CECR5,0.018367207,,0.9853459139231153,0.9989334786688892
3,MPHOSPH10,0.016641429,,0.9867226742267646,0.9989334786688892
3,ZFAND4,0.01602508,,0.9872143841305671,0.9989334786688892
3,RP11-142C4.6,0.014956741,-0.4471274,0.988066692693917,0.9989334786688892
3,RP11-798G7.6,0.014956741,-0.44489947,0.988066692693917,0.9989334786688892
3,PLCL1,0.014915651,-0.38405883,0.9880994740707103,0.9989334786688892
3,ACOT11,0.014915651,-0.39812014,0.9880994740707103,0.9989334786688892
3,RP1-315G1.3,0.014915651,-0.37378418,0.9880994740707103,0.9989334786688892
3,CTD-2368P22.1,0.014915651,-0.4073502,0.9880994740707103,0.9989334786688892
3,C1orf198,0.014915651,-0.37415862,0.9880994740707103,0.9989334786688892
3,RFPL2,0.014915651,-0.42537883,0.9880994740707103,0.9989334786688892
3,CTB-152G17.6,0.014915651,-0.45897368,0.9880994740707103,0.9989334786688892
3,CCL3,0.013189873,,0.9894763093554422,0.9989334786688892
3,MAP2K7,0.011998264,,0.9904269998757474,0.9989334786688892
3,PLEKHA3,0.011423005,,0.9908859588681194,0.9989334786688892
3,RP11-706O15.1,0.011299735,,0.9909843076211791,0.9989334786688892
3,NPHP3,0.0108066555,,0.9913777039883921,0.9989334786688892
3,MUM1,0.010601206,,0.9915416197655658,0.9989334786688892
3,GTPBP6,0.010560116,,0.9915744029640633,0.9989334786688892
3,SLC2A13,0.010477936,,0.9916399694036783,0.9989334786688892
3,DNAJA3,0.010108126,,0.9919350190742172,0.9989334786688892
3,ABCB1,0.00805363,0.45528734,0.9935742028789292,0.9989334786688892
3,EOGT,0.007067471,-0.9113702,0.9943610211650348,0.9989334786688892
3,SPATA6,0.006985291,-0.95676243,0.9944265896136324,0.9989334786688892
3,FN3KRP,0.0065333014,,0.9947872167418552,0.9989334786688892
3,ARIH2OS,0.0064922115,,0.9948200010801524,0.9989334786688892
3,IDUA,0.006081312,-0.78826874,0.9951478449350053,0.9989334786688892
3,ZCCHC9,0.0058347723,,0.995344551644685,0.9989334786688892
3,ARF4,0.0057936823,,0.9953773361241315,0.9989334786688892
3,BMPR2,0.0056704124,,0.9954756896090781,0.9989334786688892
3,HDDC3,0.0036570053,,0.9970821385136227,0.9989334786688892
3,ATAD3C,0.0032871957,-0.2772255,0.9973772020357432,0.9989334786688892
3,FBXL14,0.0032461057,-0.17028792,0.9974099868944138,0.9989334786688892
3,AP003419.16,0.0032050158,-0.07755663,0.9974427717574573,0.9989334786688892
3,GNE,0.0032050158,-0.0751442,0.9974427717574573,0.9989334786688892
3,AKTIP,0.002999566,,0.9976066961363312,0.9989334786688892
3,PITHD1,0.0029173861,,0.9976722659165539,0.9989334786688892
3,FBXO11,-0.000739619,2.7712314,0.9994098694490564,0.9994098694490564
3,ZNF528,-0.0017257778,-0.2287261,0.9986230292724302,0.999122590567714
3,PGM2,-0.0025886665,,0.9979345451902203,0.9989334786688892
3,COMMD10,-0.0026297565,,0.9979017602682253,0.9989334786688892
3,YIPF5,-0.003040656,,0.9975739112522535,0.9989334786688892
3,CLYBL,-0.0034104655,,0.9972788474865225,0.9989334786688892
3,OBSCN,-0.004643164,-0.04086304,0.9962953045151055,0.9989334786688892
3,ZWINT,-0.004725344,-0.65142256,0.9962297351673028,0.9989334786688892
3,C6orf25,-0.004725344,-0.44489023,0.9962297351673028,0.9989334786688892
3,TMX2,-0.004766434,,0.9961969505029221,0.9989334786688892
3,TSPAN33,-0.004807524,-0.73235923,0.9961641658449625,0.9989334786688892
3,C9orf3,-0.005382783,0.15491538,0.9957051813387243,0.9989334786688892
3,CCDC115,-0.0064511215,,0.9948527854271954,0.9989334786688892
3,XXbac-BPG299F13.17,-0.006779841,,0.9945905108988313,0.9989334786688892
3,NEFH,-0.008423439,0.18664968,0.9932791475916162,0.9989334786688892
3,ESAM,-0.008464529,0.13286059,0.9932463637268012,0.9989334786688892
3,RP1-111C20.4,-0.008505619,0.20144406,0.9932135798733887,0.9989334786688892
3,DISP1,-0.008505619,0.19875844,0.9932135798733887,0.9989334786688892
3,CPQ,-0.009573958,,0.9923612038682432,0.9989334786688892
3,RUNDC1,-0.011381915,,0.9909187417704924,0.9989334786688892
3,C8orf44,-0.012162624,-2.4289908,0.9902958693102651,0.9989334786688892
3,MBNL1-AS1,-0.012655703,-1.295871,0.9899024792008002,0.9989334786688892
3,ANKRD27,-0.0142171215,,0.9886567605049895,0.9989334786688892
3,FAAH,-0.014710201,,0.9882633812549373,0.9989334786688892
3,USP20,-0.014874561,,0.9881322554675946,0.9989334786688892
3,DMTN,-0.016353799,0.069714636,0.9869521382322762,0.9989334786688892
3,ZNF682,-0.016518159,0.2930304,0.9868210158100281,0.9989334786688892
3,FRY-AS1,-0.016970148,0.42738566,0.9864604309950527,0.9989334786688892
3,TMEM177,-0.017216688,0.81373715,0.9862637495297468,0.9989334786688892
3,RAB11B,-0.017298868,,0.9861981892262395,0.9989334786688892
3,HELQ,-0.017627588,,0.9859359489486536,0.9989334786688892
3,RIOK2,-0.017833037,,0.9857720495450135,0.9989334786688892
3,NME3,-0.018326117,,0.9853786934394538,0.9989334786688892
3,STAU1,-0.018654836,,0.9851164580045347,0.9989334786688892
3,SDAD1,-0.018654836,,0.9851164580045347,0.9989334786688892
3,ALOX12,-0.020134073,0.3112609,0.9839364188563128,0.9989334786688892
3,ZNF404,-0.020175163,0.4234209,0.9839036404808239,0.9989334786688892
3,RAB38,-0.020216253,0.44412962,0.9838708621325082,0.9989334786688892
3,PRELID2,-0.020216253,0.45347401,0.9838708621325082,0.9989334786688892
3,PALLD,-0.020216253,0.44372988,0.9838708621325082,0.9989334786688892
3,ANKEF1,-0.020216253,0.4293435,0.9838708621325082,0.9989334786688892
3,ACBD3,-0.02268165,,0.9819042130525376,0.9989334786688892
3,TMEM104,-0.02317473,,0.9815108960506908,0.9989334786688892
3,MRPL42,-0.023297999,,0.9814125674987457,0.9989334786688892
3,AP4S1,-0.024160888,,0.9807242756257696,0.9989334786688892
3,RASD1,-0.027571354,-0.13688883,0.9780040293061876,0.9989334786688892
3,EXOC6,-0.027858984,,0.9777746221960276,0.9989334786688892
3,DTYMK,-0.028187703,,0.9775124448935804,0.9989334786688892
3,NR2C1,-0.028516423,0.041790336,0.9772502700204173,0.9989334786688892
3,CA2,-0.029749122,1.3360902,0.9762671363650668,0.9989334786688892
3,NKAP,-0.029954571,,0.9761032842206385,0.9989334786688892
3,TBPL1,-0.03151599,,0.9748580413732583,0.9989334786688892
3,ACPP,-0.03180362,0.6955064,0.9746286611265411,0.9989334786688892
3,RP11-162G10.5,-0.03184471,0.62971956,0.9745958926907136,0.9989334786688892
3,ZNF69,-0.03192689,0.6885591,0.9745303559477457,0.9989334786688892
3,AC092295.7,-0.03192689,0.69539785,0.9745303559477457,0.9989334786688892
3,SENP2,-0.03254324,-0.85901463,0.9740388358869833,0.9989334786688892
3,RBM5,-0.032707598,,0.973907765528123,0.9989334786688892
3,ZNF836,-0.033611577,,0.9731868912440903,0.9989334786688892
3,NT5C,-0.034597736,,0.9724005079346473,0.9989334786688892
3,BEND2,-0.035131905,0.72706974,0.9719745614624479,0.9989334786688892
3,MEIS1,-0.035131905,0.7135527,0.9719745614624479,0.9989334786688892
3,RP13-314C10.5,-0.035131905,0.7253789,0.9719745614624479,0.9989334786688892
3,MEG3,-0.035131905,0.7204471,0.9719745614624479,0.9989334786688892
3,NRN1L,-0.035131905,0.7025343,0.9719745614624479,0.9989334786688892
3,LINC00959,-0.035131905,0.72403693,0.9719745614624479,0.9989334786688892
3,CTC-444N24.6,-0.035131905,0.6944295,0.9719745614624479,0.9989334786688892
3,RP11-356N1.2,-0.035131905,0.680996,0.9719745614624479,0.9989334786688892
3,RP11-559M23.1,-0.035131905,0.74729306,0.9719745614624479,0.9989334786688892
3,RP11-178L8.7,-0.035131905,0.69303924,0.9719745614624479,0.9989334786688892
3,AL928742.12,-0.035131905,0.6922573,0.9719745614624479,0.9989334786688892
3,CTC-260E6.6,-0.035131905,0.6997972,0.9719745614624479,0.9989334786688892
3,RP4-773N10.4,-0.035131905,0.7410631,0.9719745614624479,0.9989334786688892
3,KRTAP5-AS1,-0.035131905,0.7107025,0.9719745614624479,0.9989334786688892
3,ZNF433,-0.035131905,0.70938265,0.9719745614624479,0.9989334786688892
3,BHLHE40-AS1,-0.035131905,0.7031683,0.9719745614624479,0.9989334786688892
3,PPT2-EGFL8,-0.035131905,0.80499005,0.9719745614624479,0.9989334786688892
3,RP11-420A6.2,-0.035131905,0.6919214,0.9719745614624479,0.9989334786688892
3,AC093642.3,-0.035131905,0.68058306,0.9719745614624479,0.9989334786688892
3,C19orf44,-0.035131905,0.7063753,0.9719745614624479,0.9989334786688892
3,AC068580.6,-0.035131905,0.7144593,0.9719745614624479,0.9989334786688892
3,TACR2,-0.035131905,0.6807859,0.9719745614624479,0.9989334786688892
3,RP11-490M8.1,-0.035131905,0.69635105,0.9719745614624479,0.9989334786688892
3,C10orf25,-0.035131905,0.71097845,0.9719745614624479,0.9989334786688892
3,SERPINE1,-0.035131905,0.72301,0.9719745614624479,0.9989334786688892
3,OMG,-0.035131905,0.73543674,0.9719745614624479,0.9989334786688892
3,GUCA1B,-0.035131905,0.6882704,0.9719745614624479,0.9989334786688892
3,ACVR2B,-0.035131905,0.72775584,0.9719745614624479,0.9989334786688892
3,TLR3,-0.035131905,0.74411863,0.9719745614624479,0.9989334786688892
3,RAB12,-0.035131905,0.70738965,0.9719745614624479,0.9989334786688892
3,RP11-359I18.5,-0.035131905,0.71380705,0.9719745614624479,0.9989334786688892
3,LCN2,-0.035131905,0.70648175,0.9719745614624479,0.9989334786688892
3,CLECL1,-0.035131905,0.72178024,0.9719745614624479,0.9989334786688892
3,TAL1,-0.035131905,0.8110964,0.9719745614624479,0.9989334786688892
3,CTD-2541M15.1,-0.035131905,0.7332853,0.9719745614624479,0.9989334786688892
3,AC145110.1,-0.035131905,0.7028874,0.9719745614624479,0.9989334786688892
3,FBXL22,-0.035131905,0.7018302,0.9719745614624479,0.9989334786688892
3,KCNH3,-0.035131905,0.68683994,0.9719745614624479,0.9989334786688892
3,RP11-159H10.3,-0.035131905,0.69237584,0.9719745614624479,0.9989334786688892
3,CCDC62,-0.035131905,0.7308349,0.9719745614624479,0.9989334786688892
3,RP11-77H9.2,-0.035131905,0.67871934,0.9719745614624479,0.9989334786688892
3,RP11-977G19.12,-0.035131905,0.7099814,0.9719745614624479,0.9989334786688892
3,GLS2,-0.035131905,0.7156195,0.9719745614624479,0.9989334786688892
3,SEC14L5,-0.035131905,0.7723603,0.9719745614624479,0.9989334786688892
3,DPY19L2,-0.035131905,0.68490726,0.9719745614624479,0.9989334786688892
3,NPPA-AS1,-0.035131905,0.690927,0.9719745614624479,0.9989334786688892
3,LRRC24,-0.035131905,0.7107587,0.9719745614624479,0.9989334786688892
3,HRASLS,-0.035131905,0.7532205,0.9719745614624479,0.9989334786688892
3,RP11-211G3.2,-0.035131905,0.77546597,0.9719745614624479,0.9989334786688892
3,FAM209A,-0.035131905,0.7282461,0.9719745614624479,0.9989334786688892
3,SPOCD1,-0.035131905,0.708205,0.9719745614624479,0.9989334786688892
3,WDR11-AS1,-0.035131905,0.7093883,0.9719745614624479,0.9989334786688892
3,RP11-247A12.2,-0.035131905,0.73912513,0.9719745614624479,0.9989334786688892
3,RP11-110I1.14,-0.035131905,0.73651594,0.9719745614624479,0.9989334786688892
3,NUDT12,-0.035131905,0.69278187,0.9719745614624479,0.9989334786688892
3,SYTL4,-0.035131905,0.6986611,0.9719745614624479,0.9989334786688892
3,CCDC163P,-0.035131905,0.67979455,0.9719745614624479,0.9989334786688892
3,CTD-2012J19.3,-0.035131905,0.6984279,0.9719745614624479,0.9989334786688892
3,MAP1A,-0.035131905,0.7294969,0.9719745614624479,0.9989334786688892
3,CASC7,-0.035994794,,0.9712865110223439,0.9989334786688892
3,SLC19A1,-0.036734413,0.205936,0.9706967704917775,0.9989334786688892
3,PDZD11,-0.03829583,,0.9694518157146759,0.9989334786688892
3,ANKAR,-0.039610706,1.1083142,0.9684034903588032,0.9989334786688892
3,LDOC1L,-0.039692886,0.62438035,0.9683379718181351,0.9989334786688892
3,SMARCD1,-0.039775066,,0.9682724534911853,0.9989334786688892
3,SH3GLB1,-0.040103786,,0.968010382329405,0.9989334786688892
3,LYRM2,-0.040103786,,0.968010382329405,0.9989334786688892
3,STK11IP,-0.040514685,,0.9676827982388544,0.9989334786688892
3,ZMAT3,-0.041007765,,0.9672897045335389,0.9989334786688892
3,LAMP3,-0.04351425,1.0357519,0.9652916031011302,0.9989334786688892
3,CDC42BPB,-0.04359643,0.8779804,0.9652260951999011,0.9989334786688892
3,PRSS57,-0.04363752,0.90086025,0.9651933413372707,0.9989334786688892
3,CLEC1B,-0.04380188,0.8944573,0.9650623264745981,0.9989334786688892
3,LZTS2,-0.04396624,1.2330903,0.9649313125551333,0.9989334786688892
3,CEP164,-0.0441306,,0.9648002995824085,0.9989334786688892
3,ATP6V1D,-0.0453633,,0.9638177328208467,0.9989334786688892
3,RALY,-0.04560984,,0.963621226014001,0.9989334786688892
3,C16orf58,-0.04639055,2.987692,0.9629989690932316,0.9989334786688892
3,LINC00174,-0.046842538,0.8312751,0.9626387253626691,0.9989334786688892
3,ARHGEF4,-0.046842538,0.87044865,0.9626387253626691,0.9989334786688892
3,RP4-781K5.2,-0.046842538,0.8623371,0.9626387253626691,0.9989334786688892
3,FAM65C,-0.046842538,0.8369881,0.9626387253626691,0.9989334786688892
3,C1orf186,-0.046842538,0.8486349,0.9626387253626691,0.9989334786688892
3,RNASE3,-0.046842538,0.8749458,0.9626387253626691,0.9989334786688892
3,CA6,-0.046842538,0.83397204,0.9626387253626691,0.9989334786688892
3,C2CD4D,-0.046842538,1.0024543,0.9626387253626691,0.9989334786688892
3,SUOX,-0.046842538,0.89853454,0.9626387253626691,0.9989334786688892
3,C15orf26,-0.046842538,0.84034866,0.9626387253626691,0.9989334786688892
3,CCDC153,-0.046842538,0.9183067,0.9626387253626691,0.9989334786688892
3,RP13-270P17.1,-0.046842538,0.8392658,0.9626387253626691,0.9989334786688892
3,CACNA1C-AS1,-0.046842538,0.84990364,0.9626387253626691,0.9989334786688892
3,RP11-10K16.1,-0.046842538,0.8799864,0.9626387253626691,0.9989334786688892
3,IFT81,-0.046842538,0.8591989,0.9626387253626691,0.9989334786688892
3,SAMD14,-0.046842538,0.85706073,0.9626387253626691,0.9989334786688892
3,VIL1,-0.046842538,0.8573661,0.9626387253626691,0.9989334786688892
3,TDRP,-0.046842538,0.8669946,0.9626387253626691,0.9989334786688892
3,LNP1,-0.046842538,0.86344814,0.9626387253626691,0.9989334786688892
3,WNT5B,-0.046842538,0.87635857,0.9626387253626691,0.9989334786688892
3,NEDD4,-0.046842538,0.8382613,0.9626387253626691,0.9989334786688892
3,CTD-2227I18.1,-0.046842538,0.84481895,0.9626387253626691,0.9989334786688892
3,GATA2,-0.046842538,0.83855575,0.9626387253626691,0.9989334786688892
3,AC007879.7,-0.046842538,0.8325552,0.9626387253626691,0.9989334786688892
3,DCAF8,-0.047253437,,0.962311237678801,0.9989334786688892
3,CHPF2,-0.048568316,1.7745961,0.961263320091898,0.9989334786688892
3,SENCR,-0.049225755,2.1103973,0.9607393862802467,0.9989334786688892
3,XPOT,-0.049759924,,0.9603137025328887,0.9989334786688892
3,ZNF232,-0.051074803,1.1091288,0.9592659140720723,0.9989334786688892
3,KIAA0196,-0.051855512,,0.9586438228501003,0.9989334786688892
3,GYS1,-0.05206096,1.0172329,0.9584801188041066,0.9989334786688892
3,ZBTB10,-0.05292385,4.3926153,0.9577925810116207,0.9989334786688892
3,TMEM234,-0.05300603,3.6853836,0.9577271028513341,0.9989334786688892
3,TIMMDC1,-0.05341693,,0.9573997163370833,0.9989334786688892
3,TTPAL,-0.05464963,0.63728815,0.9564176001291299,0.9989334786688892
3,ZNF593,-0.05464963,,0.9564176001291299,0.9989334786688892
3,ZNF615,-0.055224888,1.0414958,0.9559593017828184,0.9989334786688892
3,SARDH,-0.055265978,1.1509385,0.9559265667419777,0.9989334786688892
3,C16orf52,-0.055307068,1.1928055,0.9558938317754742,0.9989334786688892
3,PDZD4,-0.055348158,1.1496049,0.9558610968833628,0.9989334786688892
3,CMTM5,-0.055471428,1.0507284,0.9557628926539334,0.9989334786688892
3,ACP1,-0.055553608,,0.9556974235406184,0.9989334786688892
3,TMEM40,-0.055717967,1.1062405,0.9555664862111032,0.9989334786688892
3,ZC3H15,-0.056375407,,0.9550427489192176,0.9989334786688892
3,KPNA1,-0.058019005,0.83145124,0.9537334911067421,0.9989334786688892
3,TCEA2,-0.058347724,,0.9534716544128229,0.9989334786688892
3,PLXNA1,-0.058553174,0.99909616,0.9533080090275629,0.9989334786688892
3,AC137932.6,-0.058553174,1.0240253,0.9533080090275629,0.9989334786688892
3,RP11-294J22.6,-0.058553174,1.0053216,0.9533080090275629,0.9989334786688892
3,LY6G5B,-0.058553174,1.0128288,0.9533080090275629,0.9989334786688892
3,RPA4,-0.058553174,1.0213946,0.9533080090275629,0.9989334786688892
3,GPR55,-0.058553174,1.0312642,0.9533080090275629,0.9989334786688892
3,FZD2,-0.058553174,1.0370057,0.9533080090275629,0.9989334786688892
3,SEPT4,-0.058553174,1.0223352,0.9533080090275629,0.9989334786688892
3,PVALB,-0.058553174,0.97750914,0.9533080090275629,0.9989334786688892
3,RP11-324I22.4,-0.058553174,0.9616025,0.9533080090275629,0.9989334786688892
3,SMTN,-0.058553174,0.9578045,0.9533080090275629,0.9989334786688892
3,ARHGAP6,-0.058553174,0.95462495,0.9533080090275629,0.9989334786688892
3,RP11-502I4.3,-0.058553174,1.0065271,0.9533080090275629,0.9989334786688892
3,SYP,-0.058553174,1.027681,0.9533080090275629,0.9989334786688892
3,ARHGAP11A,-0.058553174,1.0676858,0.9533080090275629,0.9989334786688892
3,DNAJC27,-0.058553174,0.98621464,0.9533080090275629,0.9989334786688892
3,RP11-1055B8.7,-0.058553174,1.0265933,0.9533080090275629,0.9989334786688892
3,MCM10,-0.058553174,1.2926493,0.9533080090275629,0.9989334786688892
3,CLIP2,-0.058553174,1.005106,0.9533080090275629,0.9989334786688892
3,ZNF594,-0.058553174,0.99175453,0.9533080090275629,0.9989334786688892
3,VSIG10L,-0.058553174,1.0018834,0.9533080090275629,0.9989334786688892
3,MYH10,-0.058553174,1.0453048,0.9533080090275629,0.9989334786688892
3,RP1-266L20.2,-0.058553174,1.0445191,0.9533080090275629,0.9989334786688892
3,RP11-378J18.3,-0.058553174,1.1331041,0.9533080090275629,0.9989334786688892
3,ELOVL3,-0.058553174,0.9913943,0.9533080090275629,0.9989334786688892
3,NIPSNAP3B,-0.058553174,0.99720776,0.9533080090275629,0.9989334786688892
3,RP11-423O2.5,-0.058553174,1.0015228,0.9533080090275629,0.9989334786688892
3,RP11-314N13.3,-0.058553174,0.9885803,0.9533080090275629,0.9989334786688892
3,FCGBP,-0.058553174,0.9949596,0.9533080090275629,0.9989334786688892
3,SDCBP2,-0.058553174,1.0171009,0.9533080090275629,0.9989334786688892
3,AC004069.2,-0.058553174,1.0148708,0.9533080090275629,0.9989334786688892
3,RNF165,-0.058553174,0.9990785,0.9533080090275629,0.9989334786688892
3,ATP9A,-0.058553174,1.0161178,0.9533080090275629,0.9989334786688892
3,SCN1B,-0.058553174,1.0380956,0.9533080090275629,0.9989334786688892
3,RP11-879F14.2,-0.058553174,1.0453293,0.9533080090275629,0.9989334786688892
3,MTRF1,-0.058922984,1.4516578,0.9530134522995887,0.9989334786688892
3,POLR3E,-0.06122402,-0.032758337,0.951180800667012,0.9989334786688892
3,SLC27A1,-0.06147056,2.6041167,0.950984460276303,0.9989334786688892
3,WIBG,-0.06200473,,0.9505590663199212,0.9989334786688892
3,COMMD4,-0.06270326,,0.9500028031930594,0.9989334786688892
3,SETD5,-0.06303198,,0.9497410407237089,0.9989334786688892
3,SELPLG,-0.06303198,,0.9497410407237089,0.9989334786688892
3,RP11-488C13.5,-0.06319634,1.3103961,0.949610161521131,0.9989334786688892
3,GP1BA,-0.066894434,1.2968493,0.9466657455324706,0.9989334786688892
3,ATP10A,-0.066935524,1.276984,0.9466330338161393,0.9989334786688892
3,RBM26-AS1,-0.066935524,1.3946433,0.9466330338161393,0.9989334786688892
3,MANEA-AS1,-0.066976614,1.3748167,0.9466003221897773,0.9989334786688892
3,ARSG,-0.06829149,,0.9455535979790444,0.9989334786688892
3,GGA2,-0.06857912,,0.9453246395238781,0.9989334786688892
3,ASB8,-0.06878457,,0.9451611005341393,0.9989334786688892
3,ZFX,-0.06894893,3.7905333,0.9450302710059955,0.9989334786688892
3,SHOC2,-0.06997618,,0.9442126201848925,0.9989334786688892
3,PBLD,-0.07026381,1.1341177,0.9439836884501849,0.9989334786688892
3,RP11-42I10.1,-0.07026381,1.1303313,0.9439836884501849,0.9989334786688892
3,RPS6KL1,-0.07026381,1.2149034,0.9439836884501849,0.9989334786688892
3,ZNF587B,-0.07026381,1.1324947,0.9439836884501849,0.9989334786688892
3,TTC8,-0.07026381,1.3220575,0.9439836884501849,0.9989334786688892
3,RP11-545I5.3,-0.07026381,1.2714736,0.9439836884501849,0.9989334786688892
3,ELANE,-0.07026381,1.1602993,0.9439836884501849,0.9989334786688892
3,RSPH9,-0.07026381,1.2152466,0.9439836884501849,0.9989334786688892
3,ARVCF,-0.07026381,1.4700179,0.9439836884501849,0.9989334786688892
3,LGALSL,-0.07026381,1.1804578,0.9439836884501849,0.9989334786688892
3,LINC00984,-0.07026381,1.2359734,0.9439836884501849,0.9989334786688892
3,SLC4A8,-0.07026381,1.2102203,0.9439836884501849,0.9989334786688892
3,TGFB1I1,-0.07026381,1.1447461,0.9439836884501849,0.9989334786688892
3,CTTN,-0.07026381,1.1670247,0.9439836884501849,0.9989334786688892
3,ITGB3,-0.07026381,1.0900023,0.9439836884501849,0.9989334786688892
3,SMIM5,-0.07026381,1.1532719,0.9439836884501849,0.9989334786688892
3,TNS1,-0.07026381,1.201591,0.9439836884501849,0.9989334786688892
3,PDZK1IP1,-0.07026381,1.1474088,0.9439836884501849,0.9989334786688892
3,BGLAP,-0.07026381,1.119769,0.9439836884501849,0.9989334786688892
3,ENKUR,-0.07026381,1.1553183,0.9439836884501849,0.9989334786688892
3,RP11-219B4.7,-0.07026381,1.1442283,0.9439836884501849,0.9989334786688892
3,hsa-mir-1199,-0.07026381,1.1557208,0.9439836884501849,0.9989334786688892
3,MMP9,-0.07026381,1.1836109,0.9439836884501849,0.9989334786688892
3,CTD-2012K14.7,-0.07026381,1.165803,0.9439836884501849,0.9989334786688892
3,LINC00494,-0.07026381,1.1262814,0.9439836884501849,0.9989334786688892
3,DDB2,-0.07330447,,0.9415638396271904,0.9989334786688892
3,IFIT5,-0.07363319,,0.9413022662561706,0.9989334786688892
3,RAB21,-0.07367428,,0.9412695700293805,0.9989334786688892
3,PGRMC1,-0.07659166,,0.9389483941946704,0.9989334786688892
3,ACTR6,-0.07749564,0.7252885,0.9382292609384265,0.9989334786688892
3,ILF3,-0.07770109,,0.9380658285667002,0.9989334786688892
3,TCF12,-0.07852288,,0.9374121252379508,0.9989334786688892
3,PPP6R1,-0.07872833,1.4953558,0.9372487059795828,0.9989334786688892
3,NELFB,-0.07955013,2.6104016,0.9365950554470439,0.9989334786688892
3,ACADVL,-0.0796734,,0.9364970115419489,0.9989334786688892
3,MRPL19,-0.08139918,,0.9351244986503541,0.9989334786688892
3,MIS18A,-0.08181008,1.2752211,0.9347977381308191,0.9989334786688892
3,AAR2,-0.08181008,3.2679694,0.9347977381308191,0.9989334786688892
3,ZFYVE28,-0.08189226,7.2139807,0.9347323873432511,0.9989334786688892
3,DRAXIN,-0.08197444,1.2525842,0.9346670369954858,0.9989334786688892
3,RP1-28O10.1,-0.08197444,1.5294186,0.9346670369954858,0.9989334786688892
3,TPM2,-0.08197444,1.3044411,0.9346670369954858,0.9989334786688892
3,NT5M,-0.08197444,1.3135957,0.9346670369954858,0.9989334786688892
3,IDO1,-0.08197444,1.3225733,0.9346670369954858,0.9989334786688892
3,HGD,-0.08197444,1.2685465,0.9346670369954858,0.9989334786688892
3,RP11-950C14.3,-0.08197444,1.2684327,0.9346670369954858,0.9989334786688892
3,ARHGAP19,-0.08197444,1.347408,0.9346670369954858,0.9989334786688892
3,CLDN5,-0.08197444,1.2568419,0.9346670369954858,0.9989334786688892
3,AP4B1-AS1,-0.08197444,1.2676778,0.9346670369954858,0.9989334786688892
3,CRIP3,-0.08197444,1.313755,0.9346670369954858,0.9989334786688892
3,RP11-527L4.5,-0.08197444,1.4028924,0.9346670369954858,0.9989334786688892
3,CXCR1,-0.08197444,1.2903304,0.9346670369954858,0.9989334786688892
3,AC004257.3,-0.08197444,1.2830476,0.9346670369954858,0.9989334786688892
3,HP,-0.08197444,1.2473186,0.9346670369954858,0.9989334786688892
3,TEX2,-0.08197444,1.3170929,0.9346670369954858,0.9989334786688892
3,RP11-432I5.1,-0.08197444,1.3743612,0.9346670369954858,0.9989334786688892
3,RP11-1000B6.3,-0.08197444,1.2977262,0.9346670369954858,0.9989334786688892
3,PARS2,-0.08197444,1.3166858,0.9346670369954858,0.9989334786688892
3,CTD-2015H6.3,-0.08197444,1.2774935,0.9346670369954858,0.9989334786688892
3,JAM3,-0.08197444,1.2850924,0.9346670369954858,0.9989334786688892
3,PRICKLE1,-0.08197444,1.3005164,0.9346670369954858,0.9989334786688892
3,RP11-219B17.1,-0.08197444,1.3005536,0.9346670369954858,0.9989334786688892
3,LINC00886,-0.08197444,1.5048611,0.9346670369954858,0.9989334786688892
3,RP13-270P17.3,-0.08242643,1.9808452,0.9343076179638379,0.9989334786688892
3,TRIT1,-0.08357695,2.4887283,0.9333927937475053,0.9989334786688892
3,NDUFS1,-0.08361804,0.40884033,0.9333601230737715,0.9989334786688892
3,CNEP1R1,-0.085590355,2.1044705,0.9317920637515843,0.9989334786688892
3,RAB40C,-0.085795805,3.1290655,0.931628739356499,0.9989334786688892
3,ZUFSP,-0.086288884,2.5065756,0.9312367725670267,0.9989334786688892
3,PIGU,-0.08822011,6.1298165,0.9297017307653028,0.9989334786688892
3,MLEC,-0.08842556,,0.9295384437361573,0.9989334786688892
3,SUV420H2,-0.08937063,2.2928162,0.9287873617151333,0.9989334786688892
3,PACSIN2,-0.09019243,,0.9281342984539447,0.9989334786688892
3,KIAA0101,-0.09027461,1.5930662,0.9280689947827885,0.9989334786688892
3,UBE2C,-0.093685076,1.4865804,0.9253593248786536,0.9989334786688892
3,TOP2A,-0.093685076,1.496106,0.9253593248786536,0.9989334786688892
3,BIRC5,-0.093685076,1.5031587,0.9253593248786536,0.9989334786688892
3,SPATA7,-0.093685076,1.5459608,0.9253593248786536,0.9989334786688892
3,DNASE1L3,-0.093685076,1.5711961,0.9253593248786536,0.9989334786688892
3,FAXDC2,-0.093685076,1.4702585,0.9253593248786536,0.9989334786688892
3,MYO1E,-0.093685076,1.4357188,0.9253593248786536,0.9989334786688892
3,RP11-701P16.5,-0.093685076,1.6159694,0.9253593248786536,0.9989334786688892
3,SLC22A4,-0.093685076,1.6509898,0.9253593248786536,0.9989334786688892
3,LY6G6F,-0.093685076,1.4341475,0.9253593248786536,0.9989334786688892
3,C5orf42,-0.093685076,1.4276562,0.9253593248786536,0.9989334786688892
3,HIST1H1B,-0.093685076,1.5712807,0.9253593248786536,0.9989334786688892
3,THBS1,-0.093685076,1.4542812,0.9253593248786536,0.9989334786688892
3,EML6,-0.093685076,1.4994034,0.9253593248786536,0.9989334786688892
3,CLEC4C,-0.093685076,1.5567778,0.9253593248786536,0.9989334786688892
3,CXCL3,-0.093685076,1.5021571,0.9253593248786536,0.9989334786688892
3,RP11-178G16.4,-0.093685076,1.4733601,0.9253593248786536,0.9989334786688892
3,RPH3A,-0.093685076,1.4527376,0.9253593248786536,0.9989334786688892
3,PRKAR2B,-0.093685076,1.477044,0.9253593248786536,0.9989334786688892
3,CDT1,-0.093685076,1.5472058,0.9253593248786536,0.9989334786688892
3,WBP2NL,-0.093685076,1.4463557,0.9253593248786536,0.9989334786688892
3,SAMD4B,-0.094301425,3.5925884,0.9248697169436335,0.9989334786688892
3,ADIPOR2,-0.094753414,1.4083922,0.924510689199868,0.9989334786688892
3,NOC4L,-0.094835594,,0.9244454130781055,0.9989334786688892
3,MRPL1,-0.095205404,,0.924151676832048,0.9989334786688892
3,DNAJC10,-0.095246494,6.892069,0.92411904010902,0.9989334786688892
3,JARID2,-0.09573957,,0.923727409411179,0.9989334786688892
3,CIAPIN1,-0.09635592,,0.9232378970477756,0.9989334786688892
3,ATF7IP2,-0.09647919,,0.9231399980576879,0.9989334786688892
3,RNF25,-0.09656137,2.913751,0.9230747327110402,0.9989334786688892
3,NAPA-AS1,-0.09771189,2.0969636,0.9221610724366396,0.9989334786688892
3,DPY19L4,-0.09799952,2.6812491,0.9219326733692672,0.9989334786688892
3,PPP1R2,-0.09898568,,0.921149639843224,0.9989334786688892
3,MYL9,-0.09939658,1.6940529,0.9208233983889853,0.9989334786688892
3,RNF26,-0.09993075,4.797934,0.9203993044261299,0.9989334786688892
3,ZNF718,-0.102026336,2.1383924,0.9187357709202224,0.9989334786688892
3,BRWD1,-0.102067426,2.772065,0.9187031561475418,0.9989334786688892
3,RABL2A,-0.10506699,2.5528047,0.9163226507277957,0.9989334786688892
3,TCL1B,-0.10539571,1.5958922,0.9160618186456121,0.9989334786688892
3,SCGB1C1,-0.10539571,1.6021559,0.9160618186456121,0.9989334786688892
3,ACVR2A,-0.10539571,1.6347125,0.9160618186456121,0.9989334786688892
3,INSL3,-0.10539571,1.5846398,0.9160618186456121,0.9989334786688892
3,MCF2L,-0.10539571,1.586045,0.9160618186456121,0.9989334786688892
3,LRRIQ3,-0.10539571,1.9309841,0.9160618186456121,0.9989334786688892
3,S100P,-0.10539571,1.5571325,0.9160618186456121,0.9989334786688892
3,AEBP1,-0.10539571,1.8822899,0.9160618186456121,0.9989334786688892
3,ZNF503,-0.10539571,1.7891464,0.9160618186456121,0.9989334786688892
3,REPS2,-0.10539571,1.7764443,0.9160618186456121,0.9989334786688892
3,GNG3,-0.10539571,1.578078,0.9160618186456121,0.9989334786688892
3,C19orf33,-0.10539571,1.6608211,0.9160618186456121,0.9989334786688892
3,ACAT2,-0.10551898,,0.9159640089430282,0.9989334786688892
3,TCTA,-0.10650514,4.2173905,0.9151815772461773,0.9989334786688892
3,EIF3D,-0.10671059,,0.9150185809609186,0.9989334786688892
3,RP11-400F19.6,-0.10675168,4.0622773,0.9149859821324615,0.9989334786688892
3,URGCP,-0.10687495,6.492558,0.9148881865052592,0.9989334786688892
3,TBCK,-0.10732694,3.232585,0.9145296135729649,0.9989334786688892
3,MOCS2,-0.10950471,,0.9128021890876092,0.9989334786688892
3,NEMF,-0.1095458,,0.9127696001065122,0.9989334786688892
3,NEK8,-0.110942855,3.2491784,0.911661662385643,0.9989334786688892
3,PLCB2,-0.111066125,,0.9115639113876758,0.9989334786688892
3,CGRRF1,-0.112216644,,0.9106516334727488,0.9989334786688892
3,ORC2,-0.11303844,3.6734593,0.9100000784277597,0.9989334786688892
3,ZSWIM6,-0.11357261,2.2760754,0.9095766000769647,0.9989334786688892
3,BET1,-0.11418896,2.8081114,0.9090880031412227,0.9989334786688892
3,PAXIP1-AS1,-0.11427114,8.535815,0.9090228594772071,0.9989334786688892
3,QRICH1,-0.11472313,0.8090298,0.9086645802717508,0.9989334786688892
3,AGPAT1,-0.11517512,0.35235003,0.9083063196438933,0.9989334786688892
3,ECHS1,-0.11649,,0.9072642132115505,0.9989334786688892
3,LPGAT1,-0.11702417,,0.9068409029639208,0.9989334786688892
3,RP11-398C13.6,-0.11710635,1.8012695,0.906775780656031,0.9989334786688892
3,LINC01013,-0.11710635,1.7381583,0.906775780656031,0.9989334786688892
3,EGFL7,-0.11710635,1.8114809,0.906775780656031,0.9989334786688892
3,C3orf18,-0.11710635,1.7292706,0.906775780656031,0.9989334786688892
3,C2orf88,-0.11710635,1.726875,0.906775780656031,0.9989334786688892
3,CCL2,-0.11710635,1.8076133,0.906775780656031,0.9989334786688892
3,PTGDR2,-0.11710635,1.9247268,0.906775780656031,0.9989334786688892
3,SREBF1,-0.11718853,3.0907228,0.9067106589748614,0.9989334786688892
3,SCAPER,-0.11817469,3.3572447,0.9059292478428795,0.9989334786688892
3,LIN52,-0.12216041,2.6371963,0.9027719800031563,0.9989334786688892
3,PLD6,-0.12232477,4.6617236,0.9026418160475047,0.9989334786688892
3,CAMK2G,-0.12363965,-1.4027693,0.9016005989035989,0.9989334786688892
3,GTF2H2,-0.12405055,6.6624546,0.9012752531739464,0.9989334786688892
3,RGL2,-0.12606396,,0.8996812998249094,0.9989334786688892
3,MRPS33,-0.12622832,,0.899551198957224,0.9989334786688892
3,FADS1,-0.12783082,2.139695,0.8982828574785107,0.9989334786688892
3,CCDC91,-0.12811846,,0.8980552338505782,0.9989334786688892
3,ZNF350,-0.12828282,8.4691925,0.8979251669708653,0.9989334786688892
3,SLC22A18AS,-0.12881698,1.9709836,0.8975024685691956,0.9989334786688892
3,PCP2,-0.12881698,1.8980172,0.8975024685691956,0.9989334786688892
3,RP11-145M9.4,-0.12881698,1.9872248,0.8975024685691956,0.9989334786688892
3,DLEU7,-0.12881698,1.9063324,0.8975024685691956,0.9989334786688892
3,GMPR2,-0.12935115,,0.897079799252434,0.9989334786688892
3,CDC16,-0.13206309,6.272293,0.8949343926237324,0.9989334786688892
3,ZNF628,-0.13329579,3.9775949,0.8939594608220253,0.9989334786688892
3,ST7L,-0.13493939,6.8196087,0.8926598011753959,0.9989334786688892
3,KIR2DL3,-0.13703497,3.4517212,0.8910031535849874,0.9989334786688892
3,ENTPD3-AS1,-0.13761023,3.9335382,0.8905484704879075,0.9989334786688892
3,PPP2R3C,-0.13917165,,0.8893145125071348,0.9989334786688892
3,CCDC151,-0.14052762,2.1524677,0.8882431348330888,0.9989334786688892
3,SEPT5,-0.14052762,2.0609806,0.8882431348330888,0.9989334786688892
3,CTB-113I20.2,-0.14052762,2.748643,0.8882431348330888,0.9989334786688892
3,RP11-5C23.1,-0.14052762,2.1395938,0.8882431348330888,0.9989334786688892
3,OSBPL1A,-0.14052762,2.229795,0.8882431348330888,0.9989334786688892
3,LYSMD4,-0.14052762,2.051652,0.8882431348330888,0.9989334786688892
3,CXCL10,-0.14052762,2.291362,0.8882431348330888,0.9989334786688892
3,TRAPPC12-AS1,-0.14052762,2.1415567,0.8882431348330888,0.9989334786688892
3,RP5-894A10.2,-0.14052762,2.0773792,0.8882431348330888,0.9989334786688892
3,TMTC2,-0.14052762,2.2365692,0.8882431348330888,0.9989334786688892
3,GFI1B,-0.14052762,2.102166,0.8882431348330888,0.9989334786688892
3,RP11-532F6.3,-0.14052762,2.137614,0.8882431348330888,0.9989334786688892
3,KIAA1429,-0.14200686,4.099685,0.8870745920677651,0.9989334786688892
3,LAMTOR5,-0.14254102,,0.886652678478823,0.9989334786688892
3,ZNF330,-0.14373264,,0.8857116025603237,0.9989334786688892
3,ETHE1,-0.1471842,,0.8829866416639395,0.9989334786688892
3,ZNF397,-0.14751291,,0.882727193258816,0.9989334786688892
3,PRKACB,-0.14780053,,0.8825001862232931,0.9989334786688892
3,TKTL1,-0.14788271,,0.8824353288419827,0.9989334786688892
3,CCDC94,-0.14911541,,0.8814625629469419,0.9989334786688892
3,YWHAG,-0.15112883,,0.879874097142823,0.9989334786688892
3,ZNF256,-0.15223825,2.2869515,0.8789990261770287,0.9989334786688892
3,AC147651.3,-0.15223825,2.2422357,0.8789990261770287,0.9989334786688892
3,SLC16A5,-0.15223825,2.2411585,0.8789990261770287,0.9989334786688892
3,FCGR3B,-0.15223825,2.3962023,0.8789990261770287,0.9989334786688892
3,DENND5B,-0.15223825,2.2834773,0.8789990261770287,0.9989334786688892
3,PRRG2,-0.15223825,2.3242712,0.8789990261770287,0.9989334786688892
3,KCNE1,-0.15223825,2.4121542,0.8789990261770287,0.9989334786688892
3,FCAR,-0.15223825,2.3191395,0.8789990261770287,0.9989334786688892
3,PF4,-0.15384077,2.4653752,0.8777352959610643,0.9989334786688892
3,C15orf57,-0.1544571,,0.8772493286514869,0.9989334786688892
3,STRA13,-0.15507346,,0.8767634076035573,0.9989334786688892
3,PMF1,-0.15532,,0.8765690521780074,0.9989334786688892
3,SPRTN,-0.15581308,5.415112,0.8761803636650972,0.9989334786688892
3,CBX5,-0.15597743,,0.8760508074587062,0.9989334786688892
3,INO80C,-0.15626507,,0.8758240920914889,0.9989334786688892
3,TADA2A,-0.15630615,3.5547595,0.8757917050132822,0.9989334786688892
3,FEM1B,-0.15704577,,0.8752087732267775,0.9989334786688892
3,GPR35,-0.15737449,4.6126738,0.874949714147063,0.9989334786688892
3,PPIG,-0.15766212,,0.8747230484446479,0.9989334786688892
3,NIT1,-0.15885372,,0.8737841145237076,0.9989334786688892
3,IFI27,-0.16041514,,0.87255405652349,0.9989334786688892
3,CEP85L,-0.16131912,,0.8718420582970361,0.9989334786688892
3,KCNG1,-0.1614013,3.6484892,0.8717773363252472,0.9989334786688892
3,PHRF1,-0.16337362,4.3961825,0.8702242675200516,0.9989334786688892
3,ISG20L2,-0.16337362,,0.8702242675200516,0.9989334786688892
3,DAGLB,-0.1634558,3.640236,0.8701595671375039,0.9989334786688892
3,AP001189.4,-0.16394888,2.3461032,0.8697713831082058,0.9989334786688892
3,TBXA2R,-0.16394888,3.0077116,0.8697713831082058,0.9989334786688892
3,FBXW9,-0.16394888,2.5451174,0.8697713831082058,0.9989334786688892
3,LARGE,-0.16394888,2.5054743,0.8697713831082058,0.9989334786688892
3,CNIH4,-0.16456524,,0.8692861972097021,0.9989334786688892
3,ING5,-0.1651405,5.8385944,0.8688334014322897,0.9989334786688892
3,SLC6A6,-0.16542812,,0.8686070196643192,0.9989334786688892
3,POLR2E,-0.16711281,,0.8672812862094383,0.9989334786688892
3,RAMP1,-0.16731825,,0.8671196368548479,0.9989334786688892
3,CTBP2,-0.16814005,,0.8664730950696045,0.9989334786688892
3,MPP6,-0.16818115,,0.8664407703217604,0.9989334786688892
3,GLRX3,-0.16834551,,0.8663114735647262,0.9989334786688892
3,RNASEH2B,-0.16863313,,0.866085212850299,0.9989334786688892
3,C4orf33,-0.16945493,3.6710927,0.8654388141986481,0.9989334786688892
3,OARD1,-0.17097527,,0.8642432142981518,0.9989334786688892
3,NAIP,-0.17233123,3.8976645,0.863177130526679,0.9989334786688892
3,ARHGAP21,-0.17241341,3.724848,0.8631125273754812,0.9989334786688892
3,ICAM2,-0.17483772,,0.8612071480169223,0.9989334786688892
3,NMNAT3,-0.17565952,2.841774,0.8605614394124574,0.9989334786688892
3,HEMGN,-0.17565952,2.7504954,0.8605614394124574,0.9989334786688892
3,PMEPA1,-0.17565952,2.6723924,0.8605614394124574,0.9989334786688892
3,HIST1H2BJ,-0.17565952,2.8106787,0.8605614394124574,0.9989334786688892
3,SF3B1,-0.17627586,,0.8600772191022389,0.9989334786688892
3,SLC25A14,-0.17627586,6.1625137,0.8600772191022389,0.9989334786688892
3,STAMBP,-0.17783728,,0.8588507635004264,0.9989334786688892
3,PRPF8,-0.18009724,,0.8570762342466269,0.9989334786688892
3,CYP27A1,-0.18013832,4.819064,0.8570439767357572,0.9989334786688892
3,MED9,-0.18034378,9.885747,0.8568826927639399,0.9989334786688892
3,CRTC1,-0.18071358,,0.8565923966778967,0.9989334786688892
3,SIRT1,-0.18342552,3.8673577,0.8544641539591964,0.9989334786688892
3,ATXN10,-0.18342552,,0.8544641539591964,0.9989334786688892
3,TMEM199,-0.18375424,,0.8542062567648598,0.9989334786688892
3,SLC48A1,-0.18441167,3.80212,0.8536905091354662,0.9989334786688892
3,ARL2,-0.18560329,,0.8527558760717144,0.9989334786688892
3,GP9,-0.18737015,2.553438,0.8513704216596152,0.9989334786688892
3,ABCC3,-0.18737015,3.2372892,0.8513704216596152,0.9989334786688892
3,SYCE1,-0.18737015,3.2298899,0.8513704216596152,0.9989334786688892
3,ZRANB3,-0.18737015,2.932815,0.8513704216596152,0.9989334786688892
3,TRPM4,-0.18737015,3.1772702,0.8513704216596152,0.9989334786688892
3,DHX9,-0.18737015,,0.8513704216596152,0.9989334786688892
3,EREG,-0.18753451,,0.8512415654292269,0.9989334786688892
3,SIRT6,-0.18802759,2.7211647,0.8508550205816438,0.9989334786688892
3,YTHDC1,-0.18897267,,0.8501142432008026,0.9989334786688892
3,HDAC9,-0.18917811,,0.8499532221223883,0.9989334786688892
3,NONO,-0.18991773,,0.8493735981051709,0.9989334786688892
3,RAD51B,-0.19024645,4.577955,0.8491160135449944,0.9989334786688892
3,PRKCB,-0.1920955,,0.8476674013063743,0.9989334786688892
3,PPIL2,-0.19279402,5.0916066,0.8471202814197073,0.9989334786688892
3,SPARC,-0.19382128,4.156953,0.8463158272664171,0.9989334786688892
3,ZFP69,-0.19517724,,0.845254193143733,0.9989334786688892
3,CEACAM4,-0.19542378,3.7249792,0.8450611988851999,0.9989334786688892
3,MTERFD2,-0.19542378,,0.8450611988851999,0.9989334786688892
3,SNHG12,-0.19628668,,0.8443857922775679,0.9989334786688892
3,RP11-102N12.3,-0.19632776,4.846701,0.8443536329075026,0.9989334786688892
3,MLX,-0.19768374,,0.8432925195488667,0.9989334786688892
3,TREML1,-0.1990808,2.5162728,0.8421995487137555,0.9989334786688892
3,PDIA5,-0.1990808,3.1939745,0.8421995487137555,0.9989334786688892
3,ITGA2B,-0.1990808,2.4807122,0.8421995487137555,0.9989334786688892
3,C1QB,-0.1990808,3.242706,0.8421995487137555,0.9989334786688892
3,ARRDC4,-0.1990808,3.3434381,0.8421995487137555,0.9989334786688892
3,BBC3,-0.19912188,,0.8421674071039015,0.9989334786688892
3,TCEAL8,-0.19982041,,0.8416210400146316,0.9989334786688892
3,GUSB,-0.20019022,,0.8413318177055991,0.9989334786688892
3,TASP1,-0.20088875,,0.8407855673479638,0.9989334786688892
3,UBIAD1,-0.20088875,,0.8407855673479638,0.9989334786688892
3,CCDC124,-0.20171055,,0.8401430180184271,0.9989334786688892
3,TMEM251,-0.20187491,,0.8400145209196418,0.9989334786688892
3,SCGB3A1,-0.20208035,,0.8398539055420662,0.9989334786688892
3,RABEP2,-0.20425813,,0.8381517937787536,0.9989334786688892
3,DYNLT1,-0.20454575,,0.8379270429887589,0.9989334786688892
3,ZNF561,-0.20614827,9.290959,0.8366751025648833,0.9989334786688892
3,SPEN,-0.20865475,,0.8347177697036355,0.9989334786688892
3,CHD2,-0.20939437,,0.8341403910930862,0.9989334786688892
3,TRIM69,-0.20980527,,0.8338196638142044,0.9989334786688892
3,TAF6L,-0.20988744,,0.8337555216745729,0.9989334786688892
3,ZNF45,-0.21079142,4.134004,0.8330500312486775,0.9989334786688892
3,LYPD2,-0.21079142,2.9648356,0.8330500312486775,0.9989334786688892
3,SPHK1,-0.21079142,4.031989,0.8330500312486775,0.9989334786688892
3,F5,-0.21079142,3.7579412,0.8330500312486775,0.9989334786688892
3,SERPINE2,-0.21079142,3.5341187,0.8330500312486775,0.9989334786688892
3,FCER1A,-0.21214738,,0.8319920478177028,0.9989334786688892
3,RP5-1073O3.7,-0.21280482,,0.8314791955766243,0.9989334786688892
3,RNF7,-0.21596876,,0.8290121013916584,0.9989334786688892
3,TRIM14,-0.21814652,,0.8273149493864248,0.9989334786688892
3,SH3KBP1,-0.21859851,,0.826962811048187,0.9989334786688892
3,TNRC18,-0.21876287,8.539749,0.8268347693656465,0.9989334786688892
3,LRIG2,-0.21892723,,0.8267067322868668,0.9989334786688892
3,CD2AP,-0.21974903,,0.8260666160646267,0.9989334786688892
3,TCEAL4,-0.2203243,,0.8256186034593457,0.9989334786688892
3,AL928768.3,-0.22250205,3.2668936,0.8239230712689318,0.9989334786688892
3,MYOM2,-0.22250205,3.6295023,0.8239230712689318,0.9989334786688892
3,GOLGB1,-0.22270751,,0.8237631576824989,0.9989334786688892
3,GGA3,-0.22278969,7.096134,0.8236991942962453,0.9989334786688892
3,UBE2Q1,-0.22743285,4.3782945,0.8200871775798106,0.9989334786688892
3,ATP5SL,-0.22743285,,0.8200871775798106,0.9989334786688892
3,GALK1,-0.22825465,8.649566,0.819448277560459,0.9989334786688892
3,TTN-AS1,-0.23026806,6.1360073,0.8178834797934192,0.9989334786688892
3,LRRC8C,-0.23039132,,0.8177876993501549,0.9989334786688892
3,CEPT1,-0.2313364,,0.8170534730897784,0.9989334786688892
3,ARSD,-0.23141858,,0.816989634904404,0.9989334786688892
3,VAMP5,-0.23371962,,0.8152026601126827,0.9989334786688892
3,EID2,-0.2342127,4.4056225,0.8148198616367129,0.9989334786688892
3,AC005082.12,-0.2342127,5.6432137,0.8148198616367129,0.9989334786688892
3,PTCRA,-0.2342127,2.7018383,0.8148198616367129,0.9989334786688892
3,RP11-138A9.2,-0.23470578,,0.8144371073658412,0.9989334786688892
3,IER3,-0.23602065,,0.8134166460926928,0.9989334786688892
3,ANKRD54,-0.23692463,7.9427824,0.8127152625422207,0.9989334786688892
3,CTD-2267D19.2,-0.23819841,,0.8117272044236465,0.9989334786688892
3,HMG20A,-0.2391024,,0.8110261836426627,0.9989334786688892
3,PARVB,-0.24021183,,0.8101660470796745,0.9989334786688892
3,SETD1B,-0.24037619,,0.8100386389091184,0.9989334786688892
3,NEIL1,-0.24066381,,0.8098156867246122,0.9989334786688892
3,KIF5B,-0.24095145,,0.8095927499727773,0.9989334786688892
3,SND1,-0.24164997,,0.809051396503967,0.9989334786688892
3,SMC2,-0.24243069,,0.8084464625326989,0.9989334786688892
3,INIP,-0.2431703,,0.807873472789949,0.9989334786688892
3,UBLCP1,-0.24366339,,0.8074915368570655,0.9989334786688892
3,GPS1,-0.2451837,,0.8063141902986763,0.9989334786688892
3,SAMD1,-0.24592333,5.8985205,0.8057415856049268,0.9989334786688892
3,SLFN12,-0.24592333,4.5629163,0.8057415856049268,0.9989334786688892
3,CTNND1,-0.24592333,4.977201,0.8057415856049268,0.9989334786688892
3,RNF168,-0.24637532,5.229828,0.805391711762639,0.9989334786688892
3,FEM1A,-0.24653968,,0.8052644945667333,0.9989334786688892
3,RABL6,-0.2468684,6.178597,0.8050100756428196,0.9989334786688892
3,LTV1,-0.24719712,,0.804755677364284,0.9989334786688892
3,NDUFA10,-0.24826546,,0.8039290258531011,0.9989334786688892
3,PACS1,-0.2484709,,0.8037700795143621,0.9989334786688892
3,MTIF2,-0.24859418,,0.8036747156053062,0.9989334786688892
3,RPUSD2,-0.24904616,4.6381574,0.8033250729510275,0.9989334786688892
3,RALBP1,-0.252169,,0.8009104389600726,0.9989334786688892
3,TOMM40,-0.25221008,,0.8008786800812144,0.9989334786688892
3,PTPRN2,-0.25311407,,0.8001800681038787,0.9989334786688892
3,HCFC2,-0.25360715,,0.7997990743579759,0.9989334786688892
3,SAAL1,-0.2575518,,0.7967528466941386,0.9989334786688892
3,SERPINF1,-0.25763395,4.103284,0.7966894163567372,0.9989334786688892
3,RP11-164H13.1,-0.25763395,,0.7966894163567372,0.9989334786688892
3,ATXN3,-0.25886667,,0.7957381226740939,0.9989334786688892
3,RFC5,-0.2600172,,0.7948505223800156,0.9989334786688892
3,TMEM60,-0.2611677,,0.7939631875758812,0.9989334786688892
3,RABL2B,-0.26231822,,0.7930761193564864,0.9989334786688892
3,ARHGAP18,-0.26252365,,0.7929177424535099,0.9989334786688892
3,PICALM,-0.26379746,,0.7919359965508621,0.9989334786688892
3,PTGS1,-0.2651945,5.5956388,0.7908596222914862,0.9989334786688892
3,JKAMP,-0.2684817,,0.788328553229755,0.9989334786688892
3,FAM212A,-0.2693446,4.622059,0.7876645165518886,0.9989334786688892
3,GTPBP2,-0.2693446,,0.7876645165518886,0.9989334786688892
3,TNFRSF17,-0.2693446,5.445998,0.7876645165518886,0.9989334786688892
3,TUBB1,-0.27045402,4.4297547,0.7868109819198441,0.9989334786688892
3,BNIP2,-0.2705362,,0.7867477673066964,0.9989334786688892
3,CSRP1,-0.2734947,,0.7844729803101036,0.9989334786688892
3,C19orf52,-0.275015,,0.7833047070612125,0.9989334786688892
3,RMND5A,-0.27534372,,0.7830521715661265,0.9989334786688892
3,BACE2,-0.27661753,,0.7820738126345723,0.9989334786688892
3,CCT6A,-0.2775626,,0.7813481560697222,0.9989334786688892
3,RP11-291B21.2,-0.27924728,,0.7800550667916384,0.9989334786688892
3,BLM,-0.28105524,,0.7786680378800978,0.9989334786688892
3,PAWR,-0.28105524,,0.7786680378800978,0.9989334786688892
3,IL6,-0.28105524,,0.7786680378800978,0.9989334786688892
3,DSCR3,-0.28167158,,0.7781953479560079,0.9989334786688892
3,SNRNP27,-0.28183594,,0.7780693111610473,0.9989334786688892
3,GOT2,-0.28290427,,0.7772502144400425,0.9989334786688892
3,CUL4B,-0.28397262,,0.7764313652434017,0.9989334786688892
3,MRPS18A,-0.28639692,,0.7745741301336367,0.9989334786688892
3,MAP3K7CL,-0.28660238,,0.7744167964371939,0.9989334786688892
3,REXO2,-0.28713655,,0.7740077721967522,0.9989334786688892
3,ICOSLG,-0.2885336,,0.7729383133444037,0.9989334786688892
3,DEDD,-0.29042375,,0.7714920848213316,0.9989334786688892
3,CAMK1D,-0.29079354,,0.7712092197515611,0.9989334786688892
3,RPUSD3,-0.29149207,,0.7706750020828972,0.9989334786688892
3,DENND1C,-0.29153317,,0.7706435808989371,0.9989334786688892
3,DOHH,-0.29256043,,0.7698581737543874,0.9989334786688892
3,GSTZ1,-0.29321787,,0.7693556369894428,0.9989334786688892
3,DICER1,-0.29987442,,0.764272941728975,0.9989334786688892
3,GUCD1,-0.30016205,,0.7640535460634069,0.9989334786688892
3,HBEGF,-0.3004497,,0.7638341693386553,0.9989334786688892
3,C1orf35,-0.30061406,,0.7637088197206208,0.9989334786688892
3,VIPR1,-0.30086058,,0.7635208069068351,0.9989334786688892
3,ZMAT5,-0.30262744,,0.7621737904558515,0.9989334786688892
3,FH,-0.30439433,,0.7608274940654424,0.9989334786688892
3,ENHO,-0.3044765,5.943791,0.7607648932165147,0.9989334786688892
3,CPNE5,-0.3044765,,0.7607648932165147,0.9989334786688892
3,IL23A,-0.30562702,,0.7598886459747718,0.9989334786688892
3,RNF139,-0.3061612,,0.7594819215513351,0.9989334786688892
3,CMTM7,-0.30657208,,0.7591691018637226,0.9989334786688892
3,NOP58,-0.30710626,,0.7587624951852251,0.9989334786688892
3,CTC-378H22.1,-0.30879095,,0.7574805576552763,0.9989334786688892
3,MAGEH1,-0.30907857,,0.7572617568126795,0.9989334786688892
3,PIGF,-0.3137628,,0.7537011782984901,0.9989334786688892
3,TRAPPC3,-0.3143381,,0.7532642733813204,0.9989334786688892
3,TBC1D23,-0.31581733,,0.7521411666469418,0.9989334786688892
3,NKIRAS2,-0.3175431,,0.7508315385951351,0.9989334786688892
3,ARRDC3,-0.31766638,,0.7507380211477754,0.9989334786688892
3,TFAM,-0.31943324,,0.7493980074334171,0.9989334786688892
3,UCK1,-0.32058376,,0.7485258465911451,0.9989334786688892
3,PIGX,-0.32062486,,0.7484947039319246,0.9989334786688892
3,APH1B,-0.3228848,,0.7467824908205436,0.9989334786688892
3,PDK2,-0.32325462,,0.7465024291937066,0.9989334786688892
3,TRIM8,-0.32428184,,0.7457246559893891,0.9989334786688892
3,SNAP47,-0.32752797,,0.7432685988009957,0.9989334786688892
3,RP11-727F15.9,-0.32789776,,0.7429889599843991,0.9989334786688892
3,PDCD2L,-0.3354583,,0.7372793808474147,0.9989334786688892
3,MVB12A,-0.3354583,,0.7372793808474147,0.9989334786688892
3,UBE2K,-0.33586922,,0.7369694893827792,0.9989334786688892
3,SIGLEC14,-0.33586922,,0.7369694893827792,0.9989334786688892
3,SSBP3,-0.33763608,,0.7356374439701097,0.9989334786688892
3,NOG,-0.3396084,,0.734151448059668,0.9989334786688892
3,VTI1A,-0.34006038,,0.733811047284369,0.9989334786688892
3,B4GALT4,-0.3412109,,0.732944808800828,0.9989334786688892
3,TDG,-0.3428545,,0.7317079152858581,0.9989334786688892
3,AP3S1,-0.34499118,,0.7301009958899558,0.9989334786688892
3,NF1,-0.3454021,,0.7297921084785491,0.9989334786688892
3,DENND6A,-0.34679914,,0.7287422194470061,0.9989334786688892
3,PHF5A,-0.34679914,,0.7287422194470061,0.9989334786688892
3,CHN2,-0.34712785,,0.7284952605733495,0.9989334786688892
3,TPTEP1,-0.34794965,,0.7278779867206246,0.9989334786688892
3,GAS2L1,-0.34803185,,0.7278162690357579,0.9989334786688892
3,LTB4R,-0.349018,,0.727075794605808,0.9989334786688892
3,DHX34,-0.35131904,,0.7253490129865572,0.9989334786688892
3,BACH1,-0.35238737,,0.7245477667793017,0.9989334786688892
3,STT3A,-0.35292155,,0.7241472567209775,0.9989334786688892
3,RFC2,-0.35411316,,0.7232540834112597,0.9989334786688892
3,PPBP,-0.35748252,4.898914,0.7207306015950767,0.9989334786688892
3,MRPS12,-0.35818106,,0.720207820067319,0.9989334786688892
3,STK38,-0.35830432,,0.7201155780734049,0.9989334786688892
3,NABP1,-0.3584276,,0.7200233401535558,0.9989334786688892
3,EPN1,-0.35871524,,0.7198081341910236,0.9989334786688892
3,LRRK2,-0.35912612,,0.7195007356212682,0.9989334786688892
3,LSM14A,-0.35982466,,0.7189782621731293,0.9989334786688892
3,ABRACL,-0.36031774,,0.718609536429405,0.9989334786688892
3,ATG4C,-0.36039993,,0.718548088505115,0.9989334786688892
3,SLC35A1,-0.36118063,,0.7179644240436205,0.9989334786688892
3,CHERP,-0.36282423,,0.7167361950147799,0.9989334786688892
3,RP11-428G5.5,-0.3630297,,0.7165827178113311,0.9989334786688892
3,CITED4,-0.36418018,,0.715723457163951,0.9989334786688892
3,GLB1,-0.36635795,,0.7140979858177519,0.9989334786688892
3,FAM210B,-0.36775503,,0.7130559127527105,0.9989334786688892
3,HDLBP,-0.36796045,,0.7129027118162345,0.9989334786688892
3,STK32C,-0.36837137,,0.7125963446923269,0.9989334786688892
3,ADPRM,-0.3703026,,0.7111570410650926,0.9989334786688892
3,TMEM167B,-0.37128875,,0.7104224740738105,0.9989334786688892
3,AQP3,-0.37206945,,0.7098411325549512,0.9989334786688892
3,NCKAP1L,-0.37215164,,0.7097799485274205,0.9989334786688892
3,AIM2,-0.37326106,,0.7089541474431947,0.9989334786688892
3,DNMT3A,-0.37350762,,0.7087706824910478,0.9989334786688892
3,GBGT1,-0.3747403,,0.7078536113245008,0.9989334786688892
3,ACRBP,-0.3747403,5.60536,0.7078536113245008,0.9989334786688892
3,FAM63A,-0.3747403,,0.7078536113245008,0.9989334786688892
3,NFATC1,-0.37531558,,0.7074257896505585,0.9989334786688892
3,PHPT1,-0.37568536,,0.7071508101948041,0.9989334786688892
3,SEL1L,-0.380082,,0.7038845458089873,0.9989334786688892
3,USP25,-0.38028744,,0.7037320495878421,0.9989334786688892
3,RBCK1,-0.38234195,,0.7022077435573937,0.9989334786688892
3,SDPR,-0.3825474,4.7319927,0.7020553786934163,0.9989334786688892
3,MLTK,-0.38279393,,0.7018725566635102,0.9989334786688892
3,RGS18,-0.38324592,,0.7015374277582452,0.9989334786688892
3,PCYT1A,-0.387396,,0.6984630558575061,0.9989334786688892
3,SIVA1,-0.38858762,,0.697581226051606,0.9989334786688892
3,SKAP2,-0.38895744,,0.6973076376883518,0.9989334786688892
3,RP11-421L21.3,-0.38977924,,0.6966998044773891,0.9989334786688892
3,KCNQ1OT1,-0.39010796,,0.6964567256811233,0.9989334786688892
3,DNAJC15,-0.3964358,,0.6917835603271405,0.9989334786688892
3,SCFD1,-0.39701107,,0.6913593053241115,0.9989334786688892
3,C16orf54,-0.39799723,,0.6906322364978781,0.9989334786688892
3,PAX5,-0.3981616,,0.6905110860825857,0.9989334786688892
3,TMBIM4-1,-0.3997641,,0.6893302854328174,0.9989334786688892
3,TRIP11,-0.3997641,,0.6893302854328174,0.9989334786688892
3,C14orf166,-0.4000517,,0.689118426826625,0.9989334786688892
3,CCDC66,-0.40079135,,0.6885737595217434,0.9989334786688892
3,REEP3,-0.40120223,,0.6882712363137427,0.9989334786688892
3,PSMC4,-0.40206513,,0.6876360999483568,0.9989334786688892
3,CCM2,-0.4049414,,0.6855205721144246,0.9989334786688892
3,ABHD13,-0.40518796,,0.6853393555354985,0.9989334786688892
3,CTNNBIP1,-0.4057632,,0.6849165872627819,0.9989334786688892
3,CHIC2,-0.40592757,,0.6847958144457901,0.9989334786688892
3,FRAT1,-0.40884498,,0.6826534402871007,0.9989334786688892
3,PLA2G12A,-0.40942022,,0.6822313012645262,0.9989334786688892
3,F13A1,-0.4098722,,0.6818996903384164,0.9989334786688892
3,RP5-887A10.1,-0.4098722,,0.6818996903384164,0.9989334786688892
3,CARS,-0.41057074,,0.6813873215705195,0.9989334786688892
3,UQCC1,-0.4123787,,0.6800618734086994,0.9989334786688892
3,CCDC69,-0.41299504,,0.6796102416843395,0.9989334786688892
3,DHX8,-0.41541937,,0.6778349401667163,0.9989334786688892
3,SETX,-0.4164466,,0.6770832322910131,0.9989334786688892
3,CR1,-0.41656986,,0.67699304893831,0.9989334786688892
3,CD93,-0.4172273,,0.6765121492946152,0.9989334786688892
3,TMEM55A,-0.4176382,,0.6762116539835442,0.9989334786688892
3,SNW1,-0.41878873,,0.6753705415601081,0.9989334786688892
3,DHRS4,-0.4188709,,0.6753104775943987,0.9989334786688892
3,HDAC5,-0.42125413,,0.6735695233221344,0.9989334786688892
3,ELP5,-0.4213363,,0.6735095215277171,0.9989334786688892
3,CD163,-0.42158285,,0.6733295286110895,0.9989334786688892
3,C1QA,-0.42158285,,0.6733295286110895,0.9989334786688892
3,MZB1,-0.42515767,,0.67072173805458,0.9989334786688892
3,DDX46,-0.42573294,,0.6703024628218284,0.9989334786688892
3,SMIM7,-0.4267191,,0.669583944209582,0.9989334786688892
3,MMD,-0.42967758,,0.6674302044449221,0.9989334786688892
3,MDP1,-0.43017066,,0.6670715134097994,0.9989334786688892
3,C12orf10,-0.43132117,,0.6662348636244183,0.9989334786688892
3,USP33,-0.4323895,,0.6654583461834955,0.9989334786688892
3,S100B,-0.43386874,,0.6643837603826432,0.9989334786688892
3,DNAJC7,-0.43530688,,0.663339685152226,0.9989334786688892
3,PTGES2,-0.4382243,,0.661223713022451,0.9989334786688892
3,NAT9,-0.44081295,,0.659348423542098,0.9989334786688892
3,CXCL2,-0.44130602,,0.6589914677198091,0.9989334786688892
3,ADD1,-0.44163474,,0.6587535403143805,0.9989334786688892
3,MALT1,-0.44212782,,0.6583967139721304,0.9989334786688892
3,CCT7,-0.4422511,,0.6583075195371428,0.9989334786688892
3,PPA2,-0.4442234,,0.6568810706060204,0.9989334786688892
3,ABHD5,-0.4446754,,0.6565543518429755,0.9989334786688892
3,FNBP4,-0.44471648,,0.6565246533923143,0.9989334786688892
3,AP3M2,-0.44549718,,0.6559604859859338,0.9989334786688892
3,PPP6C,-0.445867,,0.6556933172512347,0.9989334786688892
3,IDH1,-0.44709972,,0.6548030730961921,0.9989334786688892
3,UTP6,-0.44763386,,0.6544174528971152,0.9989334786688892
3,NCOR2,-0.44788042,,0.6542395054338925,0.9989334786688892
3,FHL1,-0.44935966,,0.6531722335634307,0.9989334786688892
3,KCNK6,-0.44968837,,0.6529351582808678,0.9989334786688892
3,FBXO21,-0.45009926,,0.652638863458155,0.9989334786688892
3,SLC50A1,-0.4533454,,0.6503000638396321,0.9989334786688892
3,SCAI,-0.45338646,,0.6502704807829046,0.9989334786688892
3,CEP68,-0.45346865,,0.6502113163228376,0.9989334786688892
3,FAM127A,-0.45642713,,0.6480828666084735,0.9989334786688892
3,SMPDL3A,-0.45671475,,0.6478760869540409,0.9989334786688892
3,PRPS2,-0.45679694,,0.6478170120410773,0.9989334786688892
3,NARG2,-0.4581529,,0.6468425963788967,0.9989334786688892
3,ECHDC1,-0.46078265,,0.6449545467075346,0.9989334786688892
3,GLTP,-0.46493274,,0.6419796236720721,0.9989334786688892
3,TTC3,-0.46579564,,0.6413617941162535,0.9989334786688892
3,KDM3B,-0.46661744,,0.6407736158320128,0.9989334786688892
3,USP36,-0.4687541,,0.6392454084215389,0.9989334786688892
3,ATXN7L3B,-0.46883628,,0.6391866617303426,0.9989334786688892
3,RP5-827C21.4,-0.47179475,,0.6370732906755712,0.9989334786688892
3,CCT4,-0.4720002,,0.6369266380922366,0.9989334786688892
3,PITPNA-AS1,-0.47257546,,0.6365160865275843,0.9989334786688892
3,SYVN1,-0.4733562,,0.6359590879187464,0.9989334786688892
3,CD9,-0.47352055,,0.6358418512690635,0.9989334786688892
3,TAF10,-0.4760681,,0.6340258514355076,0.9989334786688892
3,SEPHS2,-0.4773419,,0.6331186763789646,0.9989334786688892
3,TMEM80,-0.47956076,,0.6315397535050973,0.9989334786688892
3,PLA2G7,-0.480136,,0.6311306769975653,0.9989334786688892
3,TOP1MT,-0.48042366,,0.6309261811019499,0.9989334786688892
3,TM7SF3,-0.48083454,,0.6306340931271617,0.9989334786688892
3,MRPL51,-0.4819029,,0.6298749345395784,0.9989334786688892
3,TPM4,-0.48371086,,0.6285910951214029,0.9989334786688892
3,PLAGL2,-0.48453265,,0.628007902552586,0.9989334786688892
3,PARP1,-0.48605296,,0.6269296085946425,0.9989334786688892
3,PARL,-0.48851836,,0.6251827177525802,0.9989334786688892
3,EIF1B,-0.48897037,,0.6248626822746464,0.9989334786688892
3,C12orf45,-0.4895456,,0.624455466685566,0.9989334786688892
3,ZNF688,-0.4932848,,0.6218113648164851,0.9989334786688892
3,RP11-589C21.6,-0.49562693,,0.6201576492202413,0.9989334786688892
3,EFHD2,-0.4957913,,0.6200416709650818,0.9989334786688892
3,MYCBP2,-0.49591455,,0.6199546934754527,0.9989334786688892
3,RBPJ,-0.49727052,,0.6189982922230687,0.9989334786688892
3,MANBA,-0.49825668,,0.6183031325155899,0.9989334786688892
3,JAZF1,-0.49920174,,0.6176372582324792,0.9989334786688892
3,GNS,-0.50339293,,0.614688041584456,0.9989334786688892
3,FCRL2,-0.50355726,,0.6145725124336795,0.9989334786688892
3,RGS19,-0.5040093,,0.6142548565766289,0.9989334786688892
3,CTA-29F11.1,-0.5108713,,0.6094411789490396,0.9989334786688892
3,HDGF,-0.5109124,,0.609412405102167,0.9989334786688892
3,MDS2,-0.5121451,,0.6085494707421191,0.9989334786688892
3,MADD,-0.51313126,,0.6078595153312654,0.9989334786688892
3,ASXL2,-0.5154323,,0.6062509776385654,0.9989334786688892
3,KLF11,-0.51851404,,0.6040996739166924,0.9989334786688892
3,GARS,-0.52089727,,0.6024383535263038,0.9989334786688892
3,CDC40,-0.52118486,,0.6022379885928496,0.9989334786688892
3,CELF1,-0.52171904,,0.6018659619793102,0.9989334786688892
3,HNRNPL,-0.52180123,,0.6018087363147258,0.9989334786688892
3,MIS18BP1,-0.5226641,,0.6012080150429577,0.9989334786688892
3,PHF3,-0.5231161,,0.6008934595993114,0.9989334786688892
3,NIT2,-0.52549934,,0.5992361254291612,0.9989334786688892
3,POLD2,-0.5259513,,0.598922037231257,0.9989334786688892
3,GBP4,-0.5292385,,0.5966400082396406,0.9989334786688892
3,ATG16L2,-0.5301014,,0.5960416321876338,0.9989334786688892
3,GPR183,-0.53519654,,0.5925139531192296,0.9989334786688892
3,LMF2,-0.5371278,,0.5911793560857912,0.9989334786688892
3,SNX29P2,-0.53778523,,0.5907253407004345,0.9989334786688892
3,DENND5A,-0.5404971,,0.5888542252386046,0.9989334786688892
3,NSA2,-0.54082584,,0.5886276094046563,0.9989334786688892
3,ZCCHC11,-0.54555124,,0.5853744670236428,0.9989334786688892
3,TRUB2,-0.5455923,,0.5853462154871245,0.9989334786688892
3,SNCA,-0.54583883,,0.5851767195694523,0.9989334786688892
3,UBE2D4,-0.5535638,,0.5798774377361982,0.9989334786688892
3,CASP4,-0.5587411,,0.576338434139555,0.9989334786688892
3,GRAP,-0.55902874,,0.5761421219691438,0.9989334786688892
3,CWC15,-0.5608367,,0.5749088829363264,0.9989334786688892
3,MCM3,-0.5615352,,0.5744327387981785,0.9989334786688892
3,OXLD1,-0.5635075,,0.5730893402969386,0.9989334786688892
3,IFIT2,-0.56395954,,0.5727816881821349,0.9989334786688892
3,FCGR2B,-0.5656442,,0.5716356759884267,0.9989334786688892
3,NFE2L2,-0.5679863,,0.5700442536292171,0.9989334786688892
3,RP11-349A22.5,-0.5685205,,0.5696815937224502,0.9989334786688892
3,HIST1H2AC,-0.568767,,0.5695142493631994,0.9989334786688892
3,BLCAP,-0.5750127,,0.5652827040230406,0.9989334786688892
3,FAM96A,-0.57719046,,0.563810792222444,0.9989334786688892
3,C19orf24,-0.5773137,,0.5637275317089783,0.9989334786688892
3,VPS26B,-0.578793,,0.5627288679426738,0.9989334786688892
3,PSMC6,-0.5811762,,0.5611217079668722,0.9989334786688892
3,SIN3A,-0.58454555,,0.5588533133397907,0.9989334786688892
3,TGOLN2,-0.58586043,,0.5579692959880729,0.9989334786688892
3,OTUD5,-0.5859426,,0.5579140674954546,0.9989334786688892
3,DOK3,-0.5868466,,0.5573067296467595,0.9989334786688892
3,BABAM1,-0.58807933,,0.556479060830211,0.9989334786688892
3,HOOK2,-0.5895996,,0.5554590954079294,0.9989334786688892
3,DNTTIP1,-0.5901338,,0.5551009460523393,0.9989334786688892
3,RFXANK,-0.5908734,,0.5546052333143656,0.9989334786688892
3,YPEL2,-0.5926814,,0.5533944032389614,0.9989334786688892
3,COLGALT1,-0.5935854,,0.5527894743263485,0.9989334786688892
3,RP11-468E2.4,-0.5939141,,0.552569580616715,0.9989334786688892
3,PPP1R14A,-0.594325,,0.552294773846047,0.9989334786688892
3,BAZ2A,-0.59440714,,0.5522398205431651,0.9989334786688892
3,ANAPC13,-0.59551656,,0.5514982137789834,0.9989334786688892
3,NFKBIL1,-0.5959275,,0.551223668874692,0.9989334786688892
3,IRF7,-0.5990092,,0.5491667267443701,0.9989334786688892
3,TBCB,-0.5995845,,0.548783183999786,0.9989334786688892
3,HMGCL,-0.6011459,,0.5477428063769842,0.9989334786688892
3,AATF,-0.60554254,,0.5448185710036517,0.9989334786688892
3,VTI1B,-0.6068574,,0.5439455420063428,0.9989334786688892
3,NSMAF,-0.60813123,,0.5431004592043153,0.9989334786688892
3,TMEM91,-0.6105966,,0.5414666747729329,0.9989334786688892
3,ICOS,-0.61289763,,0.5399440264686092,0.9989334786688892
3,PCMT1,-0.61417145,,0.5391020542906036,0.9989334786688892
3,IGJ,-0.6150754,,0.5385049250458795,0.9989334786688892
3,PNPLA8,-0.61807495,,0.5365259212827231,0.9989334786688892
3,PRDM2,-0.6195953,,0.5355242636787549,0.9989334786688892
3,GMPR,-0.62066364,,0.5348209602984816,0.9989334786688892
3,SNRNP35,-0.6224305,,0.5336588280123226,0.9989334786688892
3,KIAA0040,-0.6250192,,0.5319584764020127,0.9989334786688892
3,CTNNB1,-0.6251835,,0.5318506103034234,0.9989334786688892
3,SLC39A1,-0.62629294,,0.5311228041221964,0.9989334786688892
3,MCUR1,-0.62637514,,0.5310689126565389,0.9989334786688892
3,RP11-18H21.1,-0.62818307,,0.5298840026292038,0.9989334786688892
3,ELOF1,-0.6290871,,0.5292920518335584,0.9989334786688892
3,MID1IP1,-0.63155246,,0.5276793519176448,0.9989334786688892
3,SNX14,-0.6337713,,0.5262300670745261,0.9989334786688892
3,ARHGDIA,-0.6380036,,0.5234713411496223,0.9989334786688892
3,UBE2L6,-0.63890755,,0.5228830618783646,0.9989334786688892
3,TNNI2,-0.64018136,,0.5220546994939481,0.9989334786688892
3,RPL34,-0.65045387,,0.5153991049430293,0.9989334786688892
3,FAM32A,-0.6515633,,0.5146829454615363,0.9989334786688892
3,WNK1,-0.6538232,,0.5132257033800429,0.9989334786688892
3,THYN1,-0.65480936,,0.5125904899743874,0.9989334786688892
3,IFI35,-0.65661734,,0.5114269973196843,0.9989334786688892
3,KLHL6,-0.66750616,,0.5044488670868922,0.9989334786688892
3,GMPPA,-0.6684102,,0.5038718161746739,0.9989334786688892
3,SAFB2,-0.6697661,,0.5030068934477621,0.9989334786688892
3,ZBED5-AS1,-0.6777376,,0.4979381001666463,0.9989334786688892
3,CDK16,-0.68081933,,0.49598582559908566,0.9989334786688892
3,RTFDC1,-0.68254507,,0.49489433850108344,0.9989334786688892
3,EMG1,-0.68591446,,0.49276704473915955,0.9989334786688892
3,PPIF,-0.6926121,,0.4885529950353543,0.9989334786688892
3,C5orf15,-0.6935572,,0.4879599424107506,0.9989334786688892
3,CSNK1A1,-0.69491315,,0.4871097196431424,0.9989334786688892
3,PFDN2,-0.69515973,,0.4869552196949306,0.9989334786688892
3,RELB,-0.6959815,,0.48644041111482583,0.9989334786688892
3,FCGR1B,-0.7026381,,0.48228132594785,0.9989334786688892
3,CKS1B,-0.70403516,,0.481410892406984,0.9989334786688892
3,TREX1,-0.7099521,,0.477733847462653,0.9989334786688892
3,SNX20,-0.71262294,,0.476079115565191,0.9989334786688892
3,CCDC22,-0.7201424,,0.4714373268824019,0.9989334786688892
3,CD1C,-0.72515535,,0.468356719805057,0.9989334786688892
3,EIF2B1,-0.7279495,,0.46664450938931423,0.9989334786688892
3,MRS2,-0.73172975,,0.46433352817855067,0.9989334786688892
3,CLEC10A,-0.73776996,,0.46065423729037314,0.9989334786688892
3,TMEM208,-0.7425775,,0.45773751129379037,0.9989334786688892
3,SLC40A1,-0.7499326,,0.45329529533307145,0.9989334786688892
3,FERMT3,-0.7511242,,0.4525779040063379,0.9989334786688892
3,UBE2D1,-0.7533842,,0.45121909749331834,0.9989334786688892
3,DDX17,-0.7544114,,0.4506022221365966,0.9989334786688892
3,MKKS,-0.75749314,,0.44875446442515454,0.9989334786688892
3,TPD52L2,-0.7602051,,0.4471320012797776,0.9989334786688892
3,RBM7,-0.76110905,,0.44659192253145785,0.9989334786688892
3,ST3GAL2,-0.7647661,,0.44441085139029735,0.9989334786688892
3,RAB34,-0.7661631,,0.44357924056112386,0.9989334786688892
3,MZT1,-0.76739585,,0.4428462050951574,0.9989334786688892
3,AP003733.1,-0.771587,,0.44035907162364585,0.9989334786688892
3,TXNDC17,-0.77183354,,0.44021301955242254,0.9989334786688892
3,CD19,-0.7728197,,0.43962908919590304,0.9989334786688892
3,SMARCD3,-0.7729019,,0.4395804484100624,0.9989334786688892
3,BBX,-0.77355933,,0.43919143335349975,0.9989334786688892
3,MRP63,-0.78001046,,0.4353847261000451,0.9989334786688892
3,FXN,-0.78054464,,0.43507037674653104,0.9989334786688892
3,C21orf33,-0.7812842,,0.43463534013263827,0.9989334786688892
3,KLHL24,-0.7816951,,0.43439376171165167,0.9989334786688892
3,CDV3,-0.78539324,,0.43222304901094155,0.9989334786688892
3,MRPL41,-0.7869136,,0.43133247036531175,0.9989334786688892
3,NR3C1,-0.78728336,,0.4311160041039116,0.9989334786688892
3,MFSD1,-0.7898309,,0.42962650494505117,0.9989334786688892
3,PRKCD,-0.7941454,,0.42711079694992315,0.9989334786688892
3,SAT2,-0.7985009,,0.4245798579996124,0.9989334786688892
3,EWSR1,-0.81111556,,0.41729932474811804,0.9989334786688892
3,DDT,-0.81140316,,0.417134181808562,0.9989334786688892
3,GINM1,-0.8152656,,0.41492028329691566,0.9989334786688892
3,EIF2AK4,-0.8153067,,0.414896768582922,0.9989334786688892
3,P2RX5,-0.8178132,,0.4134638611682485,0.9989334786688892
3,SUMO3,-0.8182241,,0.4132292381717345,0.9989334786688892
3,METTL21A,-0.82533264,,0.4091827560168865,0.9989334786688892
3,TAOK3,-0.8284144,,0.4074358523103645,0.9989334786688892
3,COA6,-0.8316605,,0.40560059725595965,0.9989334786688892
3,ADAM28,-0.8353586,,0.40351582994953583,0.9989334786688892
3,MARCH2,-0.83568734,,0.40333082837294976,0.9989334786688892
3,ISCA2,-0.84217954,,0.39968746702497404,0.9989334786688892
3,RASGRP4,-0.8431657,,0.39913578194875365,0.9989334786688892
3,HCCS,-0.84579545,,0.39766686388057604,0.9989334786688892
3,POLR3K,-0.8465351,,0.39725431856888405,0.9989334786688892
3,TRADD,-0.8517946,,0.3943281136586011,0.9989334786688892
3,FKBP5,-0.8524109,,0.39398605482142113,0.9989334786688892
3,TMEM205,-0.85323274,,0.393530255856275,0.9989334786688892
3,TINF2,-0.85504067,,0.392528622847098,0.9989334786688892
3,UQCRC1,-0.86625826,,0.3863485594888748,0.9989334786688892
3,PRKACA,-0.874805,,0.38168004207738004,0.9989334786688892
3,RARA,-0.875298,,0.38141176476077765,0.9989334786688892
3,LUC7L3,-0.8763664,,0.38083089438698037,0.9989334786688892
3,CD72,-0.8852418,,0.376026232881426,0.9989334786688892
3,PTAFR,-0.8900082,,0.3734614656010403,0.9989334786688892
3,HAVCR2,-0.89272016,,0.37200704668652584,0.9989334786688892
3,GALT,-0.89366525,,0.3715010299604439,0.9989334786688892
3,ADAP2,-0.8953499,,0.37060005969550913,0.9989334786688892
3,LSM6,-0.8969935,,0.36972237301801214,0.9989334786688892
3,UBE2E1,-0.8978564,,0.36926210509384694,0.9989334786688892
3,SPNS1,-0.89937675,,0.3684520241793987,0.9989334786688892
3,NCOA4,-0.89966434,,0.3682988901338672,0.9989334786688892
3,RELT,-0.91326517,,0.36110311070605516,0.9989334786688892
3,PAICS,-0.9134295,,0.3610166953999421,0.9989334786688892
3,SIK1,-0.91573054,,0.3598082434172317,0.9989334786688892
3,NUMB,-0.920497,,0.35731311437607205,0.9989334786688892
3,SDCCAG8,-0.9207435,,0.35718435301564155,0.9989334786688892
3,PELI1,-0.92419505,,0.3553847631816657,0.9989334786688892
3,DCP2,-0.9268248,,0.35401749386465975,0.9989334786688892
3,PLD4,-0.9272357,,0.3538041586628613,0.9989334786688892
3,DESI1,-0.9359057,,0.34932174097944124,0.9989334786688892
3,VAPA,-0.93656313,,0.34898331906245394,0.9989334786688892
3,APOBEC3B,-0.9415761,,0.34640970315674335,0.9989334786688892
3,PNRC1,-0.9416583,,0.34636761367713975,0.9989334786688892
3,IFI44,-0.9453975,,0.34445598833433444,0.9989334786688892
3,IGLL5,-0.95649177,,0.33882384273845567,0.9989334786688892
3,LDLRAP1,-0.96220326,,0.33594750796481376,0.9989334786688892
3,LYRM4,-0.9710376,,0.3315295520804249,0.9989334786688892
3,RBBP6,-0.9712431,,0.3314272578513604,0.9989334786688892
3,YIPF3,-0.9728045,,0.33065048872401537,0.9989334786688892
3,SURF1,-0.9742426,,0.32993608651173756,0.9989334786688892
3,LRCH4,-0.9746946,,0.3297117666812075,0.9989334786688892
3,NRGN,-0.9836933,,0.32526633035974284,0.9989334786688892
3,CTD-2006K23.1,-0.9836933,,0.32526633035974284,0.9989334786688892
3,DYNLL1,-0.98467946,,0.3247815409822332,0.9989334786688892
3,ZNF467,-0.9915826,,0.3214011907877946,0.9989334786688892
3,MAT2A,-0.9915826,,0.3214011907877946,0.9989334786688892
3,ATP5C1,-0.9958559,,0.3193201487483349,0.9989334786688892
3,CLNS1A,-1.0014442,,0.31661212057012045,0.9989334786688892
3,PNOC,-1.0048136,,0.31498664189657877,0.9989334786688892
3,ARHGAP24,-1.0071145,,0.3138797160257548,0.9989334786688892
3,MRPL21,-1.0086349,,0.31314976000706274,0.9989334786688892
3,SNX9,-1.0136889,,0.31073118872687355,0.9989334786688892
3,C16orf13,-1.0148805,,0.31016275703651675,0.9989334786688892
3,VPS25,-1.0209208,,0.3072919632445602,0.9989334786688892
3,SRP72,-1.0337409,,0.3012573239300803,0.9989334786688892
3,NAPRT1,-1.036083,,0.3001634266837998,0.9989334786688892
3,EIF1AY,-1.0363706,,0.3000292712245237,0.9989334786688892
3,YWHAE,-1.0364528,,0.2999909484374408,0.9989334786688892
3,ACTR2,-1.0384662,,0.2990530597065668,0.9989334786688892
3,PRDX4,-1.0549843,,0.29143247498320524,0.9989334786688892
3,CRTAP,-1.0656266,,0.2865924417073583,0.9989334786688892
3,SWAP70,-1.0676812,,0.2856643599166624,0.9989334786688892
3,SMIM14,-1.0740091,,0.28281864282727387,0.9989334786688892
3,IDH3G,-1.0832132,,0.2787138202055748,0.9989334786688892
3,KIAA0125,-1.089089,,0.2761146307906964,0.9989334786688892
3,SGK1,-1.1063468,,0.26857644313315154,0.9989334786688892
3,RILPL2,-1.1137019,,0.26540709433275056,0.9989334786688892
3,TAF1D,-1.1227828,,0.26152976175130827,0.9989334786688892
3,VPS28,-1.1286175,,0.2590592042177512,0.9989334786688892
3,GSN,-1.1286587,,0.2590418634517747,0.9989334786688892
3,MBOAT7,-1.1427935,,0.25312430457901536,0.9989334786688892
3,ARAP1,-1.1470258,,0.2513709393417428,0.9989334786688892
3,OLA1,-1.1509705,,0.24974438016437372,0.9989334786688892
3,ODC1,-1.1669545,,0.24322875719019132,0.9989334786688892
3,SPIB,-1.1700773,,0.2419698605700933,0.9989334786688892
3,PASK,-1.1734878,,0.2406002581819996,0.9989334786688892
3,C16orf74,-1.1755012,,0.2397942661588981,0.9989334786688892
3,SRA1,-1.1820345,,0.23719202010912532,0.9989334786688892
3,SIAH2,-1.1860613,,0.23559809453082559,0.9989334786688892
3,MTIF3,-1.1870475,,0.23520890349228862,0.9989334786688892
3,TMEM14B,-1.1875817,,0.23499828180450777,0.9989334786688892
3,CAT,-1.1946902,,0.23220809946974053,0.9989334786688892
3,RNF213,-1.2050449,,0.22818598857417804,0.9989334786688892
3,ARRB2,-1.210633,,0.22603605952995331,0.9989334786688892
3,MFF,-1.2156872,,0.22410412283950087,0.9989334786688892
3,LRRC59,-1.217413,,0.22344714860323145,0.9989334786688892
3,RAB1B,-1.2204125,,0.22230854526404487,0.9989334786688892
3,MYO9B,-1.2223848,,0.22156214210591585,0.9989334786688892
3,MRPL40,-1.2271101,,0.21978119333421287,0.9989334786688892
3,C4orf3,-1.2313013,,0.21821018658699576,0.9989334786688892
3,SUCLG2,-1.231589,,0.21810266907857234,0.9989334786688892
3,FCRLA,-1.2371361,,0.21603656061884968,0.9989334786688892
3,CORO1C,-1.2405466,,0.21477330301294095,0.9989334786688892
3,PQBP1,-1.2499151,,0.21133057360693097,0.9989334786688892
3,NT5C3A,-1.263557,,0.2063890998784137,0.9989334786688892
3,TNFRSF4,-1.2688575,,0.204491880042449,0.9989334786688892
3,ZNF106,-1.274117,,0.2026219372330028,0.9989334786688892
3,BLNK,-1.2764592,,0.20179324930113107,0.9989334786688892
3,CD82,-1.289649,,0.1971725376979253,0.9989334786688892
3,RETN,-1.311591,,0.18965814448365936,0.9989334786688892
3,PHACTR1,-1.3332865,,0.18243777890464308,0.9989334786688892
3,ITPA,-1.3353411,,0.18176474306858692,0.9989334786688892
3,SPG20,-1.3404773,,0.18009021572107253,0.9989334786688892
3,PKIG,-1.346723,,0.17806946721369876,0.9989334786688892
3,RIC3,-1.3471339,,0.17793711732136175,0.9989334786688892
3,HLA-DOB,-1.3475859,,0.17779161703156066,0.9989334786688892
3,JUND,-1.3476269,,0.17777839412606444,0.9989334786688892
3,IFT20,-1.3535029,,0.17589504830038383,0.9989334786688892
3,PSMG2,-1.355845,,0.1751485055330464,0.9989334786688892
3,FCGR1A,-1.3818549,,0.167016262033037,0.9989334786688892
3,TMEM141,-1.413412,,0.15753462929713125,0.9989334786688892
3,GNAI2,-1.4233968,,0.1546211529966886,0.9989334786688892
3,CSRNP1,-1.471472,,0.14116349821935187,0.9989334786688892
3,IFIT1,-1.5028237,,0.1328845156012334,0.9989334786688892
3,RXRA,-1.5090693,,0.1312810585527607,0.9989334786688892
3,ILF3-AS1,-1.5187666,,0.12882125893501117,0.9989334786688892
3,NKTR,-1.5308471,,0.12580720269298673,0.9945233414465354
3,BLOC1S1,-1.5525836,,0.12052264297199423,0.9630822924683633
3,ALKBH7,-1.5665131,,0.11722854299341666,0.9415947228386881
3,BEX4,-1.5744023,,0.11539445517211697,0.9381663022123331
3,C17orf62,-1.5864828,,0.11262982654608565,0.9269944571694293
3,NDUFA12,-1.5871813,,0.11247157790673666,0.9269944571694293
3,MPP1,-1.5891948,,0.1120164301847338,0.9269944571694293
3,TMEM14C,-1.6041104,,0.10868971860065639,0.9095373941477523
3,C1orf86,-1.6140952,,0.10650676478953856,0.9021803557777089
3,TRABD2A,-1.6146705,,0.10638206447079548,0.9021803557777089
3,S100A12,-1.6155745,,0.10618634071354578,0.9021803557777089
3,DRAM2,-1.6219023,,0.1048242577779481,0.8997790367205845
3,ATP5D,-1.6313941,,0.10280718270470086,0.8939755017800075
3,TNFRSF1B,-1.6475836,,0.09943815449334147,0.8684554977584407
3,MED28,-1.662869,,0.0963386551988333,0.8460867232751076
3,OSCAR,-1.6863314,,0.09173198865506588,0.8190356129916596
3,FOLR3,-1.6943028,,0.09020775167337379,0.8090381315997649
3,IL1B,-1.7083145,,0.08757800054737125,0.7925610909264367
3,COQ7,-1.7095472,,0.08734963507775279,0.7925610909264367
3,HINT1,-1.7097938,,0.08730401969402457,0.7925610909264367
3,SMAP2,-1.7399949,,0.08185992093847716,0.7594331371783671
3,NUDT1,-1.7498153,,0.08015018028704225,0.7554519418352845
3,PRDX3,-1.7521164,,0.07975379625447514,0.7554519418352845
3,ATP5H,-1.7769347,,0.07557898119424561,0.730231702359861
3,STX11,-1.8031912,,0.07135819287915676,0.7062200678731106
3,ZYX,-1.8743179,,0.06088662298688841,0.6244781844809068
3,MARCKSL1,-1.9176677,,0.05515314911662377,0.571535224006464
3,G0S2,-1.9180787,,0.055101034869997866,0.571535224006464
3,RASGRP2,-1.9239135,,0.054365432259479894,0.5692715419840827
3,IL8,-1.9262556,,0.05407246853306066,0.5691838792953753
3,TNFAIP2,-2.0259397,,0.04277095483349195,0.46031043176979025
3,MYADM,-2.0312815,,0.04222644842572347,0.45898313506221167
3,CAPZA2,-2.0356781,,0.04178268862154191,0.4566414056999116
3,UBXN1,-2.0478408,,0.04057560761108749,0.4508400845676388
3,PLBD1,-2.0592227,,0.03947291445990316,0.44103815038997946
3,SDHB,-2.0856435,,0.03701092933007497,0.41585313854016825
3,SCPEP1,-2.1514695,,0.03143915454788543,0.36136959250443024
3,C5AR1,-2.2081325,,0.02723503014418775,0.316686397025439
3,GRB2,-2.2175012,,0.026588866524418168,0.3109808950224347
3,H2AFY,-2.2226374,,0.026240262578322918,0.30870897150968135
3,LAT2,-2.2285132,,0.025846310317095268,0.30587349487686705
3,IGFBP7,-2.239895,,0.025097731122750204,0.29878251336607387
3,TMEM219,-2.2664804,,0.023421989728603623,0.28219264733257376
3,LINC00926,-2.3076525,,0.021018474046961146,0.25632285423123347
3,LIMD2,-2.332964,,0.019650041680180162,0.24110480589178113
3,BTK,-2.3555222,,0.018496689278262087,0.22977253761816258
3,ATP5O,-2.3952973,,0.016606892886723085,0.21021383400915297
3,EAF2,-2.4028168,,0.016269336652939337,0.20725269621578774
3,CSNK2B,-2.421266,,0.015466548141952705,0.1982890787429834
3,SMDT1,-2.42669,,0.0152372678810262,0.19660990814227355
3,LAMTOR1,-2.4425507,,0.014583878728686642,0.19063893762989076
3,ASGR1,-2.470944,,0.013475695358700128,0.177311781035528
3,BLVRA,-2.473245,,0.013389233834471987,0.177311781035528
3,CNPY3,-2.507514,,0.012158377855441917,0.16211170473922557
3,ATP6V1F,-2.5300312,,0.011405236764241876,0.15412482113840373
3,ARL4A,-2.5419884,,0.011022382352471929,0.1499643857479174
3,HVCN1,-2.6321397,,0.008484894928216915,0.11703303349264711
3,FCGR2A,-2.6348927,,0.008416386100236543,0.11689425139217421
3,TCL1A,-2.673312,,0.007510638487112423,0.10599115840355047
3,PPT1,-2.709964,,0.006729048593309171,0.09682084306919671
3,C20orf27,-2.7687638,,0.005626940569612861,0.08154986332772261
3,MAFB,-2.8176608,,0.004837487393826909,0.07274417133574299
3,SMCO4,-2.8325355,,0.00461804474948328,0.07050449999211114
3,IRF8,-2.8891573,,0.0038627569456921485,0.05942702993372536
3,RPL13,-2.9777472,,0.002903752805547407,0.04537113758667823
3,GCA,-2.9837875,,0.002847043999915305,0.04519117460183024
3,FPR1,-3.0459976,,0.002319096057866998,0.037404775126887065
3,CORO1B,-3.0559416,,0.002243550464366024,0.0364804953555451
3,FGL2,-3.1318758,,0.0017369340033420444,0.028709652947802387
3,IGSF6,-3.1533246,,0.0016142217841109171,0.027129777884217096
3,MAL,-3.1837313,,0.0014538995271004308,0.024642364866108997
3,ARPC1B,-3.196017,,0.0013933885463536418,0.02381860762997678
3,ALDH2,-3.2251499,,0.0012590673912545377,0.02170805846990582
3,OAS1,-3.2671437,,0.001086384847706409,0.01889364952532885
3,HLA-DPB1,-3.4305584,,0.0006023400559089587,0.010852973980341598
3,FYB,-3.4359412,,0.0005904989145663487,0.010736343901206341
3,APOBEC3A,-3.4621568,,0.0005358651043098435,0.009832387235043
3,VAMP8,-3.4707444,,0.0005190176356421526,0.0096114376970769
3,MS4A1,-3.510684,,0.0004469555257437529,0.008354308892406596
3,GSTO1,-3.5467608,,0.0003899984011401191,0.007499969252694598
3,LGALS3,-3.5488975,,0.00038684755205296454,0.007499969252694598
3,SERPINB1,-3.5555952,,0.0003771243320031644,0.007394594745160086
3,HLA-DMB,-3.5954525,,0.0003238282581743144,0.006476565163486288
3,OAZ1,-3.6397474,,0.00027290559715856055,0.005569501982827766
3,HLA-DQA1,-3.767003,,0.0001652190238229355,0.0035917179091942497
3,TNFSF10,-3.8089147,,0.0001395780763613511,0.0030676500299198044
3,RPS5,-3.899025,,9.658080940717689e-05,0.0021462402090483756
3,CD79B,-4.020569,,5.8057729348087076e-05,0.001304668075237912
3,TNFSF13B,-4.0344577,,5.472860649138714e-05,0.001252128612720389
3,TPT1,-4.0659323,,4.7840813794033804e-05,0.0011125770649775305
3,PYCARD,-4.0961747,,4.2003328518289704e-05,0.0009883136121950518
3,TALDO1,-4.285599,,1.822473028968039e-05,0.0004445056168214729
3,CDA,-4.313294,,1.6084013349649186e-05,0.00039713613209010337
3,SNX3,-4.399172,,1.0866477422404393e-05,0.00028595993216853666
3,CD79A,-4.4127727,,1.0205518171702908e-05,0.00027214715124541087
3,NCF2,-4.462779,,8.090346670329535e-06,0.00022165333343368592
3,MS4A6A,-4.4820914,,7.3915099393590505e-06,0.00020531972053775143
3,HLA-DQB1,-4.7324934,,2.2177846108246497e-06,6.522895914190146e-05
3,JUNB,-4.7463408,,2.071296462000916e-06,6.18297451343557e-05
3,LGALS1,-4.7625303,,1.911805724399401e-06,5.7933506799981846e-05
3,HLA-DMA,-4.908564,,9.174575029485295e-07,2.8229461629185524e-05
3,LINC00936,-4.9284515,,8.288394346364391e-07,2.590123233238872e-05
3,IFI30,-4.929725,,8.234536637955769e-07,2.590123233238872e-05
3,IFITM3,-5.0358605,,4.757068603176456e-07,1.5345382590891795e-05
3,HLA-DPA1,-5.1175885,,3.0946698535838695e-07,1.03155661786129e-05
3,LTB,-5.2090545,,1.898052099139095e-07,6.545007238410672e-06
3,S100A11,-5.309602,,1.0986503829241529e-07,3.995092301542374e-06
3,SELL,-5.311492,,1.0873141482322846e-07,3.995092301542374e-06
3,GSTP1,-5.3464594,,8.96913747849656e-08,3.3845801805647396e-06
3,CEBPB,-5.4406376,,5.309022014734262e-08,2.041931544128562e-06
3,CD74,-5.469565,,4.511416931397493e-08,1.7691831103519581e-06
3,GRN,-5.489083,,4.040265981212556e-08,1.6161063924850225e-06
3,HLA-DRB1,-5.5369525,,3.0778012546361334e-08,1.2824171894317223e-06
3,FCGRT,-5.6932173,,1.2466742323903863e-08,5.304996733576112e-07
3,SAT1,-5.946167,,2.7449378820531383e-09,1.2476990372968812e-07
3,LGALS2,-6.05033,,1.445492444810508e-09,6.723220673537247e-08
3,S100A9,-6.781608,,1.1884560441444076e-11,5.942280220722038e-10
3,FCN1,-7.0398173,,1.924922047141208e-12,1.0131168669164252e-10
3,RPL18A,-7.2575116,,3.9427580487016334e-13,2.131220566865748e-11
3,CD37,-7.3587575,,1.8563009493042696e-13,1.0607433996024397e-11
3,S100A8,-7.406627,,1.2955203444761448e-13,7.620707908683204e-12
3,NPC2,-8.001322,,1.2309049623443635e-15,7.693156014652271e-14
3,GPX1,-8.044836,,8.636086563680293e-16,5.5716687507614794e-14
3,TYMP,-8.131988,,4.2230676430903924e-16,2.8153784287269283e-14
3,LST1,-8.141891,,3.891526771841603e-16,2.6838115667873123e-14
3,CST3,-8.211661,,2.181487806675096e-16,1.558205576196497e-14
3,LYZ,-8.399155,,4.497036916773178e-17,3.597629533418542e-15
3,COTL1,-8.40503,,4.2774985300509227e-17,3.564582108375769e-15
3,TYROBP,-8.410044,,4.0985824193812044e-17,3.563984712505395e-15
3,FTL,-8.497647,,1.9347175715283515e-17,1.7588341559348651e-15
3,FCER1G,-8.55201,,1.2096393277913478e-17,1.1520374550393789e-15
3,C1orf162,-8.737284,,2.3878174803572464e-18,2.3878174803572465e-16
3,RPL8,-9.031446,,1.694167387011697e-19,1.78333409159126e-17
3,CTSS,-9.184876,,4.1199888271383777e-20,4.577765363487087e-18
3,AIF1,-9.24869,,2.2726200462133204e-20,2.6736706426039062e-18
3,HLA-DRA,-10.20173,,1.9477248106947696e-24,2.4346560133684617e-22
3,FTH1,-10.83283,,2.4060188318387712e-27,3.7015674335981096e-25
4,NKG7,20.191666,,1.1589022927377817e-90,2.3178045854755634e-87
4,GNLY,19.638287,,7.281288666629128e-86,7.281288666629127e-83
4,GZMB,19.51746,,7.80206314592584e-85,5.201375430617227e-82
4,CTSW,19.13981,,1.1769913860739229e-81,5.884956930369614e-79
4,PRF1,19.032463,,9.183330766025095e-81,3.673332306410038e-78
4,GZMA,18.128284,,1.906166449107902e-73,6.353888163693006e-71
4,CST7,18.057175,,6.927988623821992e-73,1.9794253210919978e-70
4,B2M,17.35852,,1.7005197157925515e-67,4.251299289481378e-65
4,FGFBP2,17.245605,,1.2073942789249775e-66,2.6830983976110614e-64
4,CD247,15.617505,,5.532874666237778e-55,1.0059772120432324e-52
4,FCGR3A,14.79022,,1.6939898059163102e-49,2.8233163431938505e-47
4,SPON2,14.681455,,8.475285011039112e-49,1.2107550015770161e-46
4,UBB,13.607823,,3.598011186695323e-42,4.797348248927098e-40
4,CCL4,13.501841,,1.525169717831215e-41,1.9064621472890186e-39
4,SRGN,12.845318,,9.137616820455062e-38,1.0152907578283403e-35
4,HOPX,12.518584,,5.907972723682504e-36,6.218918656507899e-34
4,ID2,12.327684,,6.426685648261197e-35,6.426685648261197e-33
4,CLIC3,11.557102,,6.796381586369375e-31,5.909897031625544e-29
4,XCL2,11.40304,,4.037683766264822e-30,3.3647364718873514e-28
4,GZMH,11.28003,,1.6468849015292766e-29,1.3175079212234212e-27
4,PTPRCAP,11.176286,,5.327318758451644e-29,4.097937506501265e-27
4,IGFBP7,10.763544,,5.1163948946896325e-27,3.7899221442145425e-25
4,FCER1G,10.206727,,1.8500025616359844e-24,1.2758638356110236e-22
4,CCL5,10.045516,,9.614329812296307e-24,6.202793427287941e-22
4,AKR1C3,9.29518,,1.4695713098662008e-20,8.906492787067883e-19
4,APOBEC3G,8.799923,,1.3691061355639565e-18,8.053565503317391e-17
4,TYROBP,8.778202,,1.6610850286674206e-18,9.491914449528116e-17
4,TTC38,8.56138,,1.1152417604603342e-17,6.028333840326131e-16
4,PDIA3,8.5060425,,1.7997114091334504e-17,9.472165311228686e-16
4,LITAF,8.110218,,5.052887680904119e-16,2.5912244517457022e-14
4,ARPC5L,7.918664,,2.400757910753385e-15,1.2003789553766926e-13
4,PRSS23,7.86158,,3.793182244327543e-15,1.8503328021109964e-13
4,XCL1,7.8240333,,5.115733066644762e-15,2.436063365068934e-13
4,EFHD2,7.7590904,,8.554075023477736e-15,3.9786395458035986e-13
4,CYBA,7.7492123,,9.246424132844282e-15,4.202920060383765e-13
4,PSME1,7.463027,,8.455689003711973e-14,3.5981655334944567e-12
4,ACTB,7.236764,,4.595165612289386e-13,1.8380662449157544e-11
4,S1PR5,7.1468263,,8.880709595136919e-13,3.415657536591123e-11
4,SAMD3,7.107533,,1.1813532930548636e-12,4.457936954924014e-11
4,ZAP70,6.902936,,5.0938630069202e-12,1.8866159284889631e-10
4,NCR3,6.8335724,,8.282559612395691e-12,3.0118398590529785e-10
4,ABI3,6.4781876,,9.283084747255583e-11,3.257222718335292e-09
4,PSMB8,6.360581,,2.009919675088772e-10,6.699732250295907e-09
4,GPR56,6.3249445,,2.5332389414753857e-10,8.305701447460281e-09
4,C5orf56,6.3037696,,2.904920757006925e-10,9.370712119377177e-09
4,PLEKHF1,6.2417192,,4.3278731939844677e-10,1.3739279980903071e-08
4,CCL3,6.1958227,,5.798139404899836e-10,1.8119185640311987e-08
4,HAVCR2,6.05404,,1.4125769541477559e-09,4.3463906281469413e-08
4,PTGDR,5.9605546,,2.5138298115747686e-09,7.503969586790354e-08
4,MALAT1,5.779479,,7.493239531459699e-09,2.1409255804170565e-07
4,C9orf142,5.521672,,3.3578892361513984e-08,9.074765605021746e-07
4,PPIB,5.5193253,,3.4030371018831544e-08,9.074765605021746e-07
4,H3F3B,5.1249204,,2.9766384883465765e-07,7.632406380375837e-06
4,PRMT2,4.9482646,,7.487805805473537e-07,1.804290555535792e-05
4,FCRL6,4.8581634,,1.184797158849766e-06,2.8209456163089666e-05
4,SERPINB1,4.781596,,1.7390879923525017e-06,3.9979034306954065e-05
4,HSP90AA1,4.4548626,,8.394695625912171e-06,0.0001886448455261162
4,CD160,4.398433,,1.0903517258901412e-05,0.0002347791763223526
4,TMEM50A,4.3981605,,1.0917231698989395e-05,0.0002347791763223526
4,ARPC4,4.3232303,,1.537609694410364e-05,0.0003237073040863924
4,GIMAP7,4.3200107,,1.5602170783137046e-05,0.0003250452246486885
4,RAMP1,4.277934,,1.8863578742512246e-05,0.00038497099474514785
4,KLRC1,4.206333,,2.595473829833936e-05,0.0005190947659667872
4,SCP2,4.184831,,2.853780888000091e-05,0.0005651051263366516
4,CAPZB,4.0927653,,4.2625942695184744e-05,0.0008276882076734902
4,BTN3A2,4.0756836,,4.587938289286655e-05,0.0008822958248628183
4,ITGB7,4.0492153,,5.138967304369368e-05,0.000978850915117975
4,TBCB,4.0414658,,5.31181472791615e-05,0.0010022291939464434
4,RBM39,4.0147247,,5.951526223228743e-05,0.0011124348080801389
4,LIMD2,3.9355924,,8.299170138385326e-05,0.001522783511630335
4,LYAR,3.797848,,0.0001459577211737572,0.0026298688499776074
4,GSTP1,3.776837,,0.00015883249593626748,0.0028362945702904907
4,RAB7A,3.7149503,,0.00020324352955938176,0.003565675957182136
4,SELL,3.655083,,0.0002570988554300406,0.0044276879329814105
4,SRSF3,3.6531727,,0.00025901974407941254,0.0044276879329814105
4,KLRB1,3.6235392,,0.0002905990790871063,0.00489743830635099
4,TMBIM6,3.6228297,,0.0002913975792278839,0.00489743830635099
4,RALY,3.6078765,,0.00030871329579995437,0.005145221596665906
4,CYB5B,3.5664005,,0.0003619182137935034,0.005933085472024645
4,STK17A,3.5189757,,0.0004332162640099765,0.006987359096935105
4,PSMC4,3.4838302,,0.0004942929332385339,0.007908686931816542
4,DEF6,3.4770086,,0.0005070417584898466,0.008048281880791217
4,S100B,3.4579623,,0.000544277700487243,0.008571302369877843
4,FLOT1,3.4534326,,0.0005535006138485347,0.008648447091383354
4,KIR3DL2,3.3925827,,0.0006923701273303634,0.010734420578765324
4,RCN2,3.303573,,0.0009546117030477837,0.014686333893042825
4,PTPN7,3.295878,,0.0009811464163631612,0.014979334600964293
4,RNF213,3.252437,,0.0011441990101986415,0.01720600015336303
4,CD47,3.236174,,0.0012114345660849527,0.018029708031388255
4,LAT2,3.2207298,,0.0012786466386905837,0.018803627039567408
4,ARL6IP5,3.140779,,0.0016849909242240087,0.02442015832208708
4,DENND2D,3.1346667,,0.0017204941424088368,0.024755311401565994
4,C1orf162,3.0421095,,0.0023492636913712704,0.032856834844353436
4,ACP1,3.0398176,,0.0023672157569351957,0.032877996624099945
4,LGALS1,3.0319042,,0.0024301627444388153,0.03351948613019056
4,CSNK2B,2.9873173,,0.0028143733955398615,0.03829079449714098
4,KLRG1,2.9472055,,0.003206598684956828,0.043041593086668835
4,TERF2IP,2.8642535,,0.004179934560464556,0.055732460806194074
4,SDHAF2,2.8008933,,0.005096138349765385,0.06575662386794046
4,HNRNPM,2.753905,,0.0058888838821225436,0.07549851130926338
4,NDUFB8-1,2.748175,,0.005992803960746747,0.07634145172925792
4,MAF1,2.7336583,,0.006263502297002474,0.07928483920256296
4,C9orf16,2.694638,,0.007046515690740388,0.08863541749358979
4,GNPTAB,2.6409373,,0.008267702742013423,0.1002145786910718
4,SH3GLB1,2.6272938,,0.008606698620099367,0.10323967977256934
4,LMAN2,2.6054096,,0.009176446029134422,0.10859699442762628
4,RBM3,2.571956,,0.010112576359125757,0.11897148657795008
4,TIGIT,2.5696638,,0.01017972457964215,0.11906110619464502
4,PSMA7,2.5511632,,0.010736400825043776,0.12484187005864858
4,SNAPIN,2.5478888,,0.01083769903017924,0.1252913182679681
4,VAMP8,2.5399756,,0.011086018383505694,0.127425498660985
4,SF3B5,2.4779253,,0.013214884477815167,0.1501691417933542
4,ARHGDIA,2.4101446,,0.01594620364639978,0.179170827487638
4,TMBIM4-1,2.4068155,,0.01609229781998748,0.17980221027918972
4,DYNLL1,2.3960645,,0.016572176356398478,0.18311797078893347
4,AATF,2.3811657,,0.017257943085859182,0.18758633788977372
4,PLEKHJ1,2.3593907,,0.01830496623998209,0.19789152691872527
4,MRPS12,2.3526237,,0.018641489904893234,0.20044612800960468
4,HENMT1,2.3467298,,0.018938988890535597,0.2020695169872771
4,LAIR1,2.3456383,,0.018994534596804048,0.2020695169872771
4,KIR2DL3,2.2751834,,0.02289493096720474,0.2397374970387931
4,FERMT3,2.260503,,0.02379004889429652,0.24525823602367547
4,DERL1,2.2502432,,0.024433514969528575,0.24932158132172014
4,CARHSP1,2.202218,,0.02764990159561626,0.2807096608692006
4,UBE2L6,2.1628704,,0.03055114702669142,0.3070467037858434
4,PLEKHA1,2.130017,,0.03317021205374189,0.3317021205374189
4,HBA1,2.1089516,,0.034948770664547345,0.34774896183629195
4,VDAC3,2.0935616,,0.03629904694454743,0.3558019147320859
4,LUC7L3,2.0916517,,0.0364696962600388,0.3558019147320859
4,C17orf62,2.0681849,,0.03862264778207076,0.37316567905382375
4,RBCK1,2.0625637,,0.0391540988682758,0.37627243170682845
4,CAPN12,2.0608172,,0.03932046911336357,0.37627243170682845
4,SRP9,2.0483744,,0.04052331727545657,0.3859363550043483
4,ICAM2,2.0440085,,0.040952697365913775,0.3881772262171922
4,CLEC2B,2.0085902,,0.044580613611355104,0.4166412487042533
4,SPPL2A,2.0053158,,0.044929302158071255,0.4179469968192675
4,PPIE,1.9957107,,0.04596541588703193,0.42560570265770303
4,RNF125,1.9781926,,0.04790698874928652,0.44153906681370064
4,CTBP2,1.9722986,,0.048575532073440245,0.445548986552015
4,MAP3K8,1.9583277,,0.05019157560782738,0.4551827221823215
4,MVD,1.955981,,0.050467392582924105,0.4551827221823215
4,TMEM141,1.9554899,,0.050525282162237686,0.4551827221823215
4,ATP6V0E1,1.941137,,0.05224167267157337,0.4685351809109719
4,RPS19BP1,1.9300585,,0.05359959912705115,0.4764408811293436
4,DNAJA1,1.8882003,,0.058999067064256845,0.5221156377367863
4,GSN,1.8357549,,0.06639392490972407,0.5849685014072605
4,EAPP,1.8206378,,0.06866192147834542,0.5985838313270204
4,FAM96B,1.8192735,,0.06886970980875454,0.5985838313270204
4,RER1,1.8188369,,0.06893631109445719,0.5985838313270204
4,IDH2,1.8146893,,0.06957166625054859,0.5997557435392119
4,GADD45B,1.8049206,,0.07108710629799626,0.6075821051110791
4,SNRPB,1.7838551,,0.07444721234301717,0.6335932965363164
4,MRPL51,1.7786705,,0.07529378323854508,0.6380829088012295
4,RORA,1.7727766,,0.07626572946204471,0.6435926536881411
4,PTGDS,1.760552,,0.07831424584559282,0.658102906265486
4,RMDN3,1.7466903,,0.08069107007702433,0.675239080142463
4,CCDC69,1.7392683,,0.08198758411920616,0.6832298676600513
4,TMEM165,1.7308093,,0.0834857764886667,0.6861472650424728
4,STMN1,1.730591,,0.08352473105848178,0.6861472650424728
4,CCDC115,1.729827,,0.08366118798955915,0.6861472650424728
4,OSTC,1.6946269,,0.09014622484210354,0.7328961369276711
4,EIF5,1.686277,,0.09174244332623757,0.7398584139212707
4,CD320,1.679892,,0.09297834193846273,0.7451020194361287
4,ARF6,1.6790733,,0.0931377524295161,0.7451020194361287
4,PDZD11,1.6708872,,0.09474394875647478,0.7521228259712762
4,IFT20,1.6688681,,0.09514353748536644,0.7521228259712762
4,ZNF276,1.6615552,,0.09660200606062741,0.7560104860796122
4,SNX17,1.6598088,,0.09695292917434996,0.7560104860796122
4,GTF3A,1.6586082,,0.09719477961021487,0.7560104860796122
4,RPN2,1.6465473,,0.09965112497911491,0.7657630836761009
4,IFI35,1.6461108,,0.09974096272422867,0.7657630836761009
4,ARL2BP,1.645183,,0.09993208241973117,0.7657630836761009
4,JAGN1,1.6432729,,0.10032648369620885,0.7658510205817469
4,CRELD2,1.6353052,,0.10198510195079356,0.7724644142881493
4,DIAPH1,1.6246632,,0.10423433929866482,0.7807815677802609
4,TINF2,1.5969943,,0.110266982520212,0.8196051758770498
4,RNF187,1.5952479,,0.11065680759581115,0.8196051758770498
4,PHPT1,1.5860249,,0.11273365283877182,0.8196051758770498
4,NT5C,1.5702531,,0.1163562411467833,0.8401172645977133
4,RTFDC1,1.5551361,,0.1199136485173397,0.8619273117545727
4,GIMAP5,1.5537719,,0.1202388599897629,0.8619273117545727
4,AHSA1,1.5437303,,0.12265370428697289,0.876097887764092
4,ACAT2,1.5337977,,0.1250794112504956,0.8839534363992623
4,HDAC1,1.5111496,,0.1307503326958849,0.9143379908803141
4,WHAMM,1.4978336,,0.13417648569573257,0.9350277748831538
4,LBR,1.4763861,,0.1398402740554302,0.9620075692241647
4,NFU1,1.476277,,0.139869560744017,0.9620075692241647
4,NKTR,1.4758949,,0.13997210132211596,0.9620075692241647
4,STUB1,1.4581584,,0.14479687901869465,0.9857291272583043
4,TMEM9B,1.4577764,,0.14490218170697072,0.9857291272583043
4,TRPV2,1.4553752,,0.14556542818519302,0.9868842588826646
4,POLR2E,1.42978,,0.15278016147607776,0.9995645637783087
4,SNRNP35,1.4248139,,0.1542110281598101,0.9995645637783087
4,YWHAB,1.4134079,,0.15753582962891777,0.9995645637783087
4,UBE2D3,1.4051672,,0.1599715557982132,0.9995645637783087
4,NDUFA12,1.4043486,,0.16021506168171917,0.9995645637783087
4,MFSD10,1.404294,,0.16023130536456565,0.9995645637783087
4,TNFRSF1A,1.3956168,,0.1628299178050362,0.9995645637783087
4,CHMP4A,1.392124,,0.16388482644560154,0.9995645637783087
4,ASB8,1.371004,,0.17037370675504493,0.9995645637783087
4,MESDC2,1.3693668,,0.1708846491011763,0.9995645637783087
4,ADD1,1.3578517,,0.17451074224593544,0.9995645637783087
4,YTHDF2,1.3575789,,0.17459736008787585,0.9995645637783087
4,ERH,1.3559417,,0.17511774127814095,0.9995645637783087
4,KLF13,1.355887,,0.17513510722903702,0.9995645637783087
4,PCSK7,1.3492836,,0.17724588506265126,0.9995645637783087
4,MOB2,1.3452451,,0.1785460784298436,0.9995645637783087
4,CDC37,1.3300736,,0.18349401371212226,0.9995645637783087
4,SSBP3,1.3278362,,0.1842322581638528,0.9995645637783087
4,PRPF19,1.3276178,,0.18430439957425726,0.9995645637783087
4,CIAPIN1,1.3204141,,0.18669681255575266,0.9995645637783087
4,ABT1,1.3132648,,0.18909370672828962,0.9995645637783087
4,TRAF3IP3,1.3091718,,0.1904761464173017,0.9995645637783087
4,NUDT5,1.2897981,,0.19712075611351776,0.9995645637783087
4,IRF9,1.2839042,,0.19917549187194983,0.9995645637783087
4,IL32,1.2829764,,0.19950034305628994,0.9995645637783087
4,TAF12,1.2781193,,0.2012073535521357,0.9995645637783087
4,BUB3,1.2699332,,0.20410840590053503,0.9995645637783087
4,UBE2D2,1.2678595,,0.20484814724121914,0.9995645637783087
4,SARS,1.2584728,,0.20822083634657151,0.9995645637783087
4,TIMM22,1.2549255,,0.2095058242115614,0.9995645637783087
4,SRPR,1.2544342,,0.2096841972522785,0.9995645637783087
4,VAPA,1.2515419,,0.21073684701033335,0.9995645637783087
4,CCT7,1.2465756,,0.21255313381761942,0.9995645637783087
4,CCL4L1,1.2287846,,0.21915258423034056,0.9995645637783087
4,HNRNPL,1.2252918,,0.22046527619192025,0.9995645637783087
4,MGMT,1.2249644,,0.2205886295780085,0.9995645637783087
4,ABCB1,1.2221812,,0.22163913209291763,0.9995645637783087
4,ZBP1,1.2166146,,0.22375087971517738,0.9995645637783087
4,BTN3A1,1.2151957,,0.22429146218154694,0.9995645637783087
4,BEX4,1.2148683,,0.2244163444470466,0.9995645637783087
4,ATP5C1,1.2094109,,0.2265050356002979,0.9995645637783087
4,OTUB1,1.2030257,,0.22896636455966202,0.9995645637783087
4,SHARPIN,1.1982232,,0.230830124058099,0.9995645637783087
4,ACTN4,1.1929841,,0.23287558386874807,0.9995645637783087
4,COMMD8,1.1877451,,0.23493386811557782,0.9995645637783087
4,SLA,1.1859987,,0.23562281682677677,0.9995645637783087
4,PPP2CA,1.1856167,,0.2357737147369119,0.9995645637783087
4,AC010642.1,1.1838157,,0.2364860115285402,0.9995645637783087
4,PRR5L,1.1790133,,0.23839290433384586,0.9995645637783087
4,TAPBP,1.1788495,,0.23845810280278013,0.9995645637783087
4,PPP1R8,1.1719186,,0.24122972283716848,0.9995645637783087
4,RAB2A,1.1718094,,0.24127355105183412,0.9995645637783087
4,WDR45,1.1712092,,0.24151470644496031,0.9995645637783087
4,ACADVL,1.1546187,,0.24824659231531232,0.9995645637783087
4,MARCH5,1.154073,,0.24847024430029951,0.9995645637783087
4,WDR55,1.1535819,,0.24867165156018434,0.9995645637783087
4,SLC25A11,1.1494342,,0.25037697744099874,0.9995645637783087
4,NPRL2,1.1390651,,0.2546759660236898,0.9995645637783087
4,VTI1B,1.1384649,,0.25492641761971235,0.9995645637783087
4,ATP6V1F,1.1380829,,0.2550858850569935,0.9995645637783087
4,GIMAP4,1.1343719,,0.256638607171797,0.9995645637783087
4,GBP4,1.1240028,,0.2610118347567978,0.9995645637783087
4,B4GALT4,1.115271,,0.26473431151106475,0.9995645637783087
4,IRF7,1.1114508,,0.2663743457934914,0.9995645637783087
4,MAEA,1.1104139,,0.26682070182677564,0.9995645637783087
4,ATXN10,1.1015184,,0.2706711070082003,0.9995645637783087
4,DGKZ,1.098244,,0.2720979772105323,0.9995645637783087
4,MLLT6,1.0974799,,0.2724316531264507,0.9995645637783087
4,MNAT1,1.0814352,,0.2795035651955984,0.9995645637783087
4,LYRM2,1.0793068,,0.2804509678553795,0.9995645637783087
4,CSNK1A1,1.0793068,,0.2804509678553795,0.9995645637783087
4,ACADM,1.0765235,,0.28169316674902944,0.9995645637783087
4,TMCO1,1.0533297,,0.29218991825500706,0.9995645637783087
4,TTC14,1.0498916,,0.2937679847441982,0.9995645637783087
4,RPUSD3,1.0477086,,0.294772893462228,0.9995645637783087
4,SPTSSB,1.0453619,,0.29585573663119746,0.9995645637783087
4,PRSS57,1.0453619,,0.29585573663119746,0.9995645637783087
4,TIMMDC1,1.0393043,,0.29866327829598716,0.9995645637783087
4,WTAP,1.0369575,,0.29975564900401586,0.9995645637783087
4,RAB8B,1.0295355,,0.3032281110938788,0.9995645637783087
4,PRKACB,1.0256608,,0.30505152219649234,0.9995645637783087
4,BNIP2,1.0231503,,0.3062367631128119,0.9995645637783087
4,VPS25,1.0127814,,0.3111646241481604,0.9995645637783087
4,SH3KBP1,1.0119628,,0.31155588126976774,0.9995645637783087
4,MRE11A,1.006669,,0.314093839062627,0.9995645637783087
4,FBXW4,1.0053593,,0.3147238800483485,0.9995645637783087
4,PSMD7,1.0052501,,0.3147764209370245,0.9995645637783087
4,MTCH2,1.004759,,0.3150129262797714,0.9995645637783087
4,SMIM12,1.0012662,,0.3166981089349098,0.9995645637783087
4,PRR5,0.9971732,,0.3186804452376295,0.9995645637783087
4,TMEM18,0.9941716,,0.320139311220098,0.9995645637783087
4,SNX3,0.9892054,,0.3225626455912217,0.9995645637783087
4,PHF5A,0.9838026,,0.32521257431625594,0.9995645637783087
4,HDAC2,0.98276573,,0.3257227618647456,0.9995645637783087
4,BBC3,0.9821108,,0.3260452535870564,0.9995645637783087
4,LPGAT1,0.9809648,,0.3266101133563285,0.9995645637783087
4,PCMT1,0.98047364,,0.3268523906240848,0.9995645637783087
4,IDI1,0.97894555,,0.32760688843309893,0.9995645637783087
4,CCND2,0.9771446,,0.3284975680332609,0.9995645637783087
4,TCEAL8,0.9765443,,0.3287948098566419,0.9995645637783087
4,PPA2,0.97119606,,0.33145065751895464,0.9995645637783087
4,CCM2,0.9644835,,0.334803590052697,0.9995645637783087
4,PITHD1,0.96382856,,0.3351318715673208,0.9995645637783087
4,SLC35A1,0.9597356,,0.3371883267228162,0.9995645637783087
4,S100A4,0.9535687,,0.34030200281827483,0.9995645637783087
4,IRAK4,0.9502397,,0.3419904698394235,0.9995645637783087
4,RIOK2,0.947511,,0.34337844889064695,0.9995645637783087
4,C19orf52,0.9447277,,0.3447978892436425,0.9995645637783087
4,ACAP1,0.9446732,,0.3448257587691822,0.9995645637783087
4,YIPF3,0.9360505,,0.3492471857821783,0.9995645637783087
4,UBXN4,0.9354502,,0.3495563412272158,0.9995645637783087
4,FN3KRP,0.9337584,,0.35042853174855115,0.9995645637783087
4,HBP1,0.92797357,,0.3534212772042037,0.9995645637783087
4,CCDC124,0.9262272,,0.35432791371422456,0.9995645637783087
4,BAZ2A,0.92033327,,0.35739864532168775,0.9995645637783087
4,RFC2,0.9184232,,0.3583973740504949,0.9995645637783087
4,FAM107B,0.91405725,,0.3606867664867671,0.9995645637783087
4,GGNBP2,0.90701723,,0.36439769099782504,0.9995645637783087
4,PCNA,0.88966274,,0.3736470071212107,0.9995645637783087
4,GYG1,0.888735,,0.3741455249345752,0.9995645637783087
4,NAA20,0.88731605,,0.3749087593009923,0.9995645637783087
4,CLSTN3,0.88360506,,0.376909455861532,0.9995645637783087
4,EMG1,0.88153124,,0.3780303546734378,0.9995645637783087
4,MPST,0.88049436,,0.37859157327785764,0.9995645637783087
4,FNBP4,0.8794029,,0.37918288350024765,0.9995645637783087
4,FAM43A,0.8772199,,0.3803672073052724,0.9995645637783087
4,SUMO3,0.87378174,,0.38223712006377086,0.9995645637783087
4,CD96,0.86374015,,0.3877306440451106,0.9995645637783087
4,ARRB2,0.8635219,,0.387850600450365,0.9995645637783087
4,TIMM10B,0.85882854,,0.39043513056074064,0.9995645637783087
4,PSMB6,0.8586648,,0.39052547709616703,0.9995645637783087
4,TM7SF3,0.8535349,,0.39336276617567134,0.9995645637783087
4,TMED5,0.85184306,,0.39430119895919946,0.9995645637783087
4,MT-CO2,0.85026044,,0.39518031293682254,0.9995645637783087
4,RABEP2,0.84251094,,0.3995020179337322,0.9995645637783087
4,TMEM208,0.8369444,,0.4026238160740693,0.9995645637783087
4,YPEL3,0.8335063,,0.4045592700525473,0.9995645637783087
4,DCP2,0.8326877,,0.4050209113693307,0.9995645637783087
4,ORAI1,0.82979524,,0.406654564435307,0.9995645637783087
4,EIF2S1,0.8242833,,0.4097786173334482,0.9995645637783087
4,ATP5A1,0.8225915,,0.41074033978478175,0.9995645637783087
4,VPS28,0.81898963,,0.41279233791151715,0.9995645637783087
4,C14orf1,0.81833476,,0.41316608003890865,0.9995645637783087
4,RHEBL1,0.8123316,,0.4166013784270517,0.9995645637783087
4,PPP2R3C,0.81096727,,0.41738447160458614,0.9995645637783087
4,KIF5B,0.8095483,,0.418199808136128,0.9995645637783087
4,YES1,0.80698335,,0.4196760634289095,0.9995645637783087
4,FKBP3,0.8022354,,0.42241677518397946,0.9995645637783087
4,PCYT1A,0.7972146,,0.42532637669718365,0.9995645637783087
4,DHX15,0.7966689,,0.42564334135492266,0.9995645637783087
4,C4orf3,0.78733677,,0.4310847390634055,0.9995645637783087
4,TMX2,0.7832438,,0.4334839873071772,0.9995645637783087
4,ZNF688,0.7806788,,0.43499144381589505,0.9995645637783087
4,ISY1,0.78013307,,0.435312569211881,0.9995645637783087
4,AC093323.3,0.7766949,,0.43733880219451005,0.9995645637783087
4,PRAF2,0.7747302,,0.43849908282689587,0.9995645637783087
4,SEPHS2,0.7709101,,0.4407602418446629,0.9995645637783087
4,PSMC6,0.7681814,,0.44237943923457157,0.9995645637783087
4,GLRX3,0.7681268,,0.44241185785443904,0.9995645637783087
4,DDX17,0.7666533,,0.4432876741648527,0.9995645637783087
4,MRPS23,0.7663804,,0.4434499710284334,0.9995645637783087
4,STX4,0.7624511,,0.44579080701969676,0.9995645637783087
4,TRAPPC3,0.76223284,,0.44592105953790206,0.9995645637783087
4,RP5-1028K7.2,0.75874007,,0.44800804582188536,0.9995645637783087
4,COMMD4,0.7553565,,0.45003509499426164,0.9995645637783087
4,C1GALT1C1,0.7526824,,0.4516407881103567,0.9995645637783087
4,RP11-792A8.4,0.7523004,,0.4518704370497477,0.9995645637783087
4,SENCR,0.74340487,,0.4572366100678822,0.9995645637783087
4,LRCH4,0.7408399,,0.45879053305468465,0.9995645637783087
4,SMIM7,0.7401304,,0.4592208635532864,0.9995645637783087
4,DNAJB14,0.7391481,,0.459817078899598,0.9995645637783087
4,BRWD1,0.73674685,,0.4612763167942314,0.9995645637783087
4,DPY30,0.7341273,,0.46287115940443535,0.9995645637783087
4,PARP1,0.73407274,,0.46290441795462534,0.9995645637783087
4,ABHD17B,0.72976136,,0.465536050044416,0.9995645637783087
4,SNX5,0.7285062,,0.46630378106479253,0.9995645637783087
4,ARMC7,0.72594124,,0.46787480615370236,0.9995645637783087
4,FBXO4,0.72583205,,0.46794172326864225,0.9995645637783087
4,CHIC2,0.724686,,0.46864467298602575,0.9995645637783087
4,GALT,0.7219573,,0.47032071278736143,0.9995645637783087
4,SPG7,0.7199381,,0.4715631103654834,0.9995645637783087
4,NXT2,0.7172094,,0.4732448970861354,0.9995645637783087
4,OASL,0.7159542,,0.4740196256560554,0.9995645637783087
4,SLC50A1,0.7065675,,0.47983528795709984,0.9995645637783087
4,PSMD14,0.7051486,,0.48071777314027053,0.9995645637783087
4,RDH14,0.69576186,,0.4865779621237033,0.9995645637783087
4,NDUFB10,0.6948887,,0.48712505214774704,0.9995645637783087
4,OCIAD1,0.69461584,,0.4872960858876607,0.9995645637783087
4,MCM3,0.69232374,,0.4887340486283587,0.9995645637783087
4,TPM4,0.6889947,,0.49082658425748926,0.9995645637783087
4,AAGAB,0.68888557,,0.4908952734041414,0.9995645637783087
4,TFAM,0.6865935,,0.49233893792366146,0.9995645637783087
4,RALBP1,0.6859932,,0.49271741643384404,0.9995645637783087
4,VPS13A,0.68370104,,0.4941639495360187,0.9995645637783087
4,TMEM242,0.6811361,,0.49578537861774563,0.9995645637783087
4,JARID2,0.6798809,,0.4965798774902833,0.9995645637783087
4,PRNP,0.6721314,,0.5015000399605235,0.9995645637783087
4,SAMD9L,0.6698393,,0.5029602303550817,0.9995645637783087
4,MRPL42,0.6646548,,0.5062713121732674,0.9995645637783087
4,EWSR1,0.6634542,,0.5070397207051065,0.9995645637783087
4,RAB11B,0.66290843,,0.507389199769855,0.9995645637783087
4,ZMAT5,0.6596886,,0.5094536983090074,0.9995645637783087
4,FBXO25,0.6581605,,0.5104349970809097,0.9995645637783087
4,ZC3H15,0.6558684,,0.5119087962104896,0.9995645637783087
4,SLBP,0.65521353,,0.5123302891196888,0.9995645637783087
4,TCP1,0.65455866,,0.5127519629261725,0.9995645637783087
4,DTX3,0.6515025,,0.5147221628470174,0.9995645637783087
4,C15orf61,0.6503019,,0.5154972448875508,0.9995645637783087
4,SPRTN,0.65019274,,0.5155677369205536,0.9995645637783087
4,ST20,0.64746404,,0.5173316623886539,0.9995645637783087
4,ARSG,0.6473549,,0.5174022843361549,0.9995645637783087
4,BOLA3,0.64402586,,0.5195586485549177,0.9995645637783087
4,TMEM140,0.6388959,,0.5228906264795107,0.9995645637783087
4,ZNF32,0.63633096,,0.524560720612842,0.9995645637783087
4,RAB1B,0.6344209,,0.5258061803122807,0.9995645637783087
4,VPS26B,0.63322026,,0.5265898138220602,0.9995645637783087
4,PALLD,0.62934554,,0.5291228748643625,0.9995645637783087
4,DCAF8,0.62901807,,0.5293372200839631,0.9995645637783087
4,CCDC174,0.6280357,,0.5299805206034582,0.9995645637783087
4,XXbac-BPG299F13.17,0.62667143,,0.5308746520677119,0.9995645637783087
4,ATP6V1D,0.62121403,,0.5344588158375648,0.9995645637783087
4,SF3B1,0.61826706,,0.5363993294336229,0.9995645637783087
4,ECHDC1,0.6118819,,0.5406159019400579,0.9995645637783087
4,MLLT11,0.60849833,,0.5428570227862786,0.9995645637783087
4,MTERFD1,0.6076797,,0.5433999239878287,0.9995645637783087
4,CDV3,0.60691565,,0.5439068755014775,0.9995645637783087
4,ELP5,0.6048419,,0.5452840714605716,0.9995645637783087
4,PDZD4,0.60429615,,0.5456467788942669,0.9995645637783087
4,FOSL2,0.6040233,,0.5458281774789541,0.9995645637783087
4,C1orf35,0.6026589,,0.546735618737547,0.9995645637783087
4,RNF139,0.60156745,,0.5474621092307002,0.9995645637783087
4,ATG16L2,0.6014037,,0.5475711239739147,0.9995645637783087
4,BZRAP1-AS1,0.5985113,,0.5494988193784619,0.9995645637783087
4,PKN2,0.5968195,,0.5506278881222547,0.9995645637783087
4,GIMAP2,0.5943091,,0.5523053817896639,0.9995645637783087
4,RAB9A,0.5913621,,0.5542778088373947,0.9995645637783087
4,ZMAT3,0.5913076,,0.554314367744225,0.9995645637783087
4,UBLCP1,0.5905435,,0.5548263162836913,0.9995645637783087
4,TLE4,0.5867779,,0.557352862931088,0.9995645637783087
4,SEL1L,0.58459496,,0.5588200881770744,0.9995645637783087
4,PRKD2,0.5843767,,0.5589669138248301,0.9995645637783087
4,NDUFA2,0.5807748,,0.5613922378942429,0.9995645637783087
4,TRIT1,0.5780461,,0.5632329869313422,0.9995645637783087
4,STRA13,0.5778824,,0.5633435243665001,0.9995645637783087
4,ERV3-1,0.57651806,,0.5642650761965597,0.9995645637783087
4,ELOF1,0.57482624,,0.565408807426939,0.9995645637783087
4,RAB21,0.5747171,,0.5654826347748212,0.9995645637783087
4,CDC123,0.56882316,,0.5694761734818208,0.9995645637783087
4,CHI3L2,0.5588907,,0.5762363201625691,0.9995645637783087
4,FXN,0.5545794,,0.5791824087467066,0.9995645637783087
4,PGRMC1,0.54863083,,0.5832588354023783,0.9995645637783087
4,NONO,0.5442649,,0.5862591929399898,0.9995645637783087
4,GOLT1B,0.5430097,,0.587123118582124,0.9995645637783087
4,C1orf50,0.5423002,,0.5876116849994475,0.9995645637783087
4,RCL1,0.5372249,,0.5911122869321296,0.9995645637783087
4,OLA1,0.5355331,,0.5922812813717415,0.9995645637783087
4,RNF165,0.53520566,,0.592507660822859,0.9995645637783087
4,MAP2K7,0.5323678,,0.5944712762064187,0.9995645637783087
4,ATP5SL,0.5322041,,0.5945846523977594,0.9995645637783087
4,HDDC3,0.5279473,,0.5975358946102972,0.9995645637783087
4,COLGALT2,0.5268558,,0.5982936944698208,0.9995645637783087
4,CPSF3L,0.523636,,0.6005317412362337,0.9995645637783087
4,SPG20,0.52248996,,0.6013292463579674,0.9995645637783087
4,PHKG2,0.5213439,,0.6021272291686686,0.9995645637783087
4,LAMTOR1,0.52128935,,0.6021652402522988,0.9995645637783087
4,MORF4L2,0.5211256,,0.6022792799911609,0.9995645637783087
4,CXCR1,0.51850605,,0.6041052376075198,0.9995645637783087
4,ITPA,0.5178512,,0.6045621151494831,0.9995645637783087
4,HAGH,0.5176329,,0.6047144421080562,0.9995645637783087
4,CPQ,0.5106474,,0.6095979643867465,0.9995645637783087
4,PURA,0.5052446,,0.6133870411264828,0.9995645637783087
4,ALKBH4,0.50409853,,0.6141921189808914,0.9995645637783087
4,GID8,0.49885947,,0.6178783876612608,0.9995645637783087
4,LRRC59,0.49432984,,0.6210732527204035,0.9995645637783087
4,SH3BP1,0.49389327,,0.6213815707207386,0.9995645637783087
4,SDCCAG8,0.49225605,,0.6225383550313456,0.9995645637783087
4,NOL11,0.49160114,,0.6230013300325121,0.9995645637783087
4,USP7,0.49154657,,0.623039918013786,0.9995645637783087
4,C17orf59,0.49132827,,0.6231942802896,0.9995645637783087
4,SNX14,0.48870873,,0.6250479174447761,0.9995645637783087
4,GLYCTK,0.48701695,,0.6262463207021729,0.9995645637783087
4,STK38,0.48581633,,0.6270973998496907,0.9995645637783087
4,RAB38,0.48510686,,0.6276005437210913,0.9995645637783087
4,GOSR2,0.48161414,,0.630080081149138,0.9995645637783087
4,TRMT61A,0.4800315,,0.6312049972702184,0.9995645637783087
4,CDC42EP3,0.47954032,,0.6315542831063461,0.9995645637783087
4,STAU2,0.47948575,,0.6315930977237758,0.9995645637783087
4,NF1,0.4739192,,0.6355575083397265,0.9995645637783087
4,ARRDC3,0.47217286,,0.6368034075652089,0.9995645637783087
4,TMEM138,0.4714634,,0.6373098478704624,0.9995645637783087
4,DENND1C,0.4714634,,0.6373098478704624,0.9995645637783087
4,TMEM199,0.47135425,,0.6373877768062377,0.9995645637783087
4,NKAP,0.46933502,,0.6388301845406008,0.9995645637783087
4,ZNF92,0.46611518,,0.64113306736214,0.9995645637783087
4,DLST,0.466006,,0.6412111919033562,0.9995645637783087
4,NME3,0.46464166,,0.6421880837210212,0.9995645637783087
4,AHNAK,0.4597846,,0.6456708368821544,0.9995645637783087
4,SEPT11,0.45858398,,0.646532944917521,0.9995645637783087
4,USP33,0.45716506,,0.6475524119256628,0.9995645637783087
4,GPATCH4,0.4571105,,0.6475916354164879,0.9995645637783087
4,LSM14A,0.4565102,,0.6480231583757117,0.9995645637783087
4,PHF14,0.45525497,,0.6489258157020974,0.9995645637783087
4,HPRT1,0.4539998,,0.649828988986059,0.9995645637783087
4,ORMDL2,0.45263544,,0.6508112829668595,0.9995645637783087
4,RPUSD2,0.4518714,,0.6513616327413856,0.9995645637783087
4,OXLD1,0.4514894,,0.6516368789089962,0.9995645637783087
4,CCT6A,0.45121652,,0.65183351238422,0.9995645637783087
4,ABHD12,0.45023417,,0.6525415932834543,0.9995645637783087
4,NUDT16L1,0.44739634,,0.6545889179428417,0.9995645637783087
4,IER3,0.44363075,,0.6573095735614325,0.9995645637783087
4,C16orf13,0.4416115,,0.6587703513983612,0.9995645637783087
4,INIP,0.44041088,,0.6596395401081752,0.9995645637783087
4,STOML2,0.43713647,,0.6620123884085538,0.9995645637783087
4,RNF168,0.436045,,0.6628040941616011,0.9995645637783087
4,KIAA0196,0.42753145,,0.6689922742233514,0.9995645637783087
4,SCFD1,0.4274223,,0.6690717571491548,0.9995645637783087
4,DOHH,0.42693114,,0.6694294761922793,0.9995645637783087
4,LAMTOR5,0.42087346,,0.6738474906659,0.9995645637783087
4,TBPL1,0.41776276,,0.6761205919785018,0.9995645637783087
4,SLFN5,0.4167804,,0.676839028413481,0.9995645637783087
4,RP11-400F19.6,0.4159618,,0.6774379502024813,0.9995645637783087
4,ACTR6,0.41448832,,0.6785165232121303,0.9995645637783087
4,IFI44,0.40668425,,0.6842399057677075,0.9995645637783087
4,MUM1,0.40646595,,0.6844002633152315,0.9995645637783087
4,DMAP1,0.40570194,,0.6849616267438334,0.9995645637783087
4,TYW5,0.40166345,,0.6879317180060208,0.9995645637783087
4,ABHD13,0.40057197,,0.6887352747562738,0.9995645637783087
4,MDP1,0.4002991,,0.6889362188820951,0.9995645637783087
4,ARIH2OS,0.40002626,,0.6891371849581012,0.9995645637783087
4,MARCH2,0.39980796,,0.6892979736145938,0.9995645637783087
4,EDC3,0.39980796,,0.6892979736145938,0.9995645637783087
4,SETX,0.39942592,,0.6895793875280258,0.9995645637783087
4,UCK1,0.3957149,,0.6923153522775808,0.9995645637783087
4,EMB,0.3930408,,0.6942893506474297,0.9995645637783087
4,ETHE1,0.3920039,,0.6950553377557787,0.9995645637783087
4,DDX1,0.3903121,,0.6963057744285919,0.9995645637783087
4,CCDC22,0.38747427,,0.6984051343405071,0.9995645637783087
4,API5,0.38709223,,0.6986879171874223,0.9995645637783087
4,CTNNBIP1,0.38610992,,0.6994152650248706,0.9995645637783087
4,SNW1,0.38130742,,0.7029751485920468,0.9995645637783087
4,GPKOW,0.38059795,,0.7035015953264954,0.9995645637783087
4,AP3S1,0.37939733,,0.7043928289435697,0.9995645637783087
4,KLHL24,0.3790699,,0.7046359631771012,0.9995645637783087
4,ATXN1L,0.37650493,,0.706541557077949,0.9995645637783087
4,ARGLU1,0.37432197,,0.7081647898042471,0.9995645637783087
4,RP11-468E2.4,0.37121126,,0.7104801874944842,0.9995645637783087
4,ZNF212,0.3698469,,0.7114965579159536,0.9995645637783087
4,SMARCC2,0.3690283,,0.7121066265081248,0.9995645637783087
4,TMX3,0.36771855,,0.713083119500594,0.9995645637783087
4,TXNDC17,0.3673365,,0.7133680186331124,0.9995645637783087
4,CHERP,0.3662996,,0.71414151771853,0.9995645637783087
4,FAM173A,0.36619046,,0.7142229557808029,0.9995645637783087
4,ATAD1,0.36580846,,0.7145080146267629,0.9995645637783087
4,ALG5,0.36564472,,0.714630194901112,0.9995645637783087
4,ZNF195,0.3644441,,0.7155264068923843,0.9995645637783087
4,JAZF1,0.3640621,,0.7158116475620757,0.9995645637783087
4,CISD1,0.36291602,,0.7166676074671763,0.9995645637783087
4,ZFP69,0.362152,,0.7172384452891847,0.9995645637783087
4,RAB40C,0.3617154,,0.7175647092744788,0.9995645637783087
4,NIT2,0.3615517,,0.7176870715564807,0.9995645637783087
4,HIST1H2AC,0.3613334,,0.717850232532682,0.9995645637783087
4,LINC01003,0.35603973,,0.7218108104390496,0.9995645637783087
4,PRDX3,0.35560313,,0.7221377908883793,0.9995645637783087
4,ZNF468,0.3552757,,0.7223830595452784,0.9995645637783087
4,LAMP2,0.35385677,,0.7234462198273894,0.9995645637783087
4,LTV1,0.35112807,,0.7254922579315144,0.9995645637783087
4,HMGCL,0.35101894,,0.7255741403394351,0.9995645637783087
4,XPNPEP1,0.34883597,,0.7272124461742709,0.9995645637783087
4,AAR2,0.34790823,,0.7279091044722008,0.9995645637783087
4,MMADHC,0.3464893,,0.7289750167017686,0.9995645637783087
4,OAS1,0.346271,,0.7291390497702722,0.9995645637783087
4,PIGU,0.34583443,,0.7294671530992666,0.9995645637783087
4,C14orf80,0.34550697,,0.7297132631119049,0.9995645637783087
4,YWHAE,0.34370604,,0.7310673652864783,0.9995645637783087
4,MIS18A,0.34332404,,0.7313547070001771,0.9995645637783087
4,PACS1,0.34283286,,0.7317242017208483,0.9995645637783087
4,CELF1,0.34097734,,0.733120631555559,0.9995645637783087
4,NDUFS1,0.34092277,,0.733161716421161,0.9995645637783087
4,PLRG1,0.34010416,,0.7337780810738368,0.9995645637783087
4,PSMA1,0.33994046,,0.7339013746113154,0.9995645637783087
4,COPS4,0.3396676,,0.7341068790882537,0.9995645637783087
4,C16orf54,0.33633858,,0.7366155633811697,0.9995645637783087
4,NR3C1,0.33601114,,0.7368624714293439,0.9995645637783087
4,IFIT5,0.33508337,,0.7375621916887836,0.9995645637783087
4,DDX56,0.33284584,,0.7392506463594052,0.9995645637783087
4,PI4KB,0.33202726,,0.7398686883749126,0.9995645637783087
4,PAFAH1B1,0.3275522,,0.7432502779597991,0.9995645637783087
4,TCTA,0.3268973,,0.7437455622448228,0.9995645637783087
4,TKTL1,0.32296798,,0.7467194881903396,0.9995645637783087
4,TPD52L2,0.32204023,,0.7474222177731324,0.9995645637783087
4,TMEM62,0.32138535,,0.7479183886459191,0.9995645637783087
4,RNF113A,0.31680113,,0.7513944983888134,0.9995645637783087
4,RBM7,0.31652826,,0.7516015696384634,0.9995645637783087
4,MAPK1IP1L,0.31516394,,0.7526371938944157,0.9995645637783087
4,FNTA,0.3146182,,0.7530515684078807,0.9995645637783087
4,MED30,0.3141816,,0.7533831192547917,0.9995645637783087
4,RPL39L,0.31183493,,0.7551659828595532,0.9995645637783087
4,RP11-139H15.1,0.31139833,,0.7554978226745028,0.9995645637783087
4,TNFRSF1B,0.30861506,,0.7576143597101408,0.9995645637783087
4,PRDX4,0.30823305,,0.7579050070779733,0.9995645637783087
4,RBM5,0.3064867,,0.7592341160324481,0.9995645637783087
4,TOP2B,0.30463117,,0.7606470738914465,0.9995645637783087
4,CLNS1A,0.3043583,,0.7608549292985882,0.9995645637783087
4,ZBTB10,0.30299395,,0.7618944649999836,0.9995645637783087
4,CTC-444N24.11,0.30141133,,0.7631008647758265,0.9995645637783087
4,PPP6R1,0.29928294,,0.764724171554922,0.9995645637783087
4,BLZF1,0.29775488,,0.7658902608508356,0.9995645637783087
4,UBE3A,0.2972637,,0.7662651880882292,0.9995645637783087
4,RFC5,0.29595393,,0.7672652614747284,0.9995645637783087
4,ELP6,0.29551736,,0.7675987055110549,0.9995645637783087
4,DYNLT1,0.2947533,,0.7681823360656632,0.9995645637783087
4,CTNNBL1,0.29409844,,0.7686826954614291,0.9995645637783087
4,C4orf33,0.29317066,,0.7693917028742152,0.9995645637783087
4,ECSIT,0.29306152,,0.7694751282018092,0.9995645637783087
4,MED9,0.29251578,,0.7698922948501169,0.9995645637783087
4,TBC1D15,0.29131517,,0.7708102957504306,0.9995645637783087
4,MKLN1,0.28574863,,0.7750706585382565,0.9995645637783087
4,ZNF45,0.2829108,,0.7772452259073568,0.9995645637783087
4,SLC25A12,0.28105527,,0.7786680037564172,0.9995645637783087
4,GIT2,0.2807824,,0.7788772984980705,0.9995645637783087
4,ARL2,0.27652565,,0.7821443637704891,0.9995645637783087
4,MYOM2,0.2753796,,0.7830246179940613,0.9995645637783087
4,CXXC1,0.27445185,,0.78373740830166,0.9995645637783087
4,DIS3,0.2733058,,0.7846181645204248,0.9995645637783087
4,MADD,0.2724326,,0.7852894021297012,0.9995645637783087
4,BCDIN3D,0.27041337,,0.7868422499513664,0.9995645637783087
4,RNF7,0.27024966,,0.7869681937817604,0.9995645637783087
4,SELPLG,0.26850328,,0.788311940750834,0.9995645637783087
4,R3HDM1,0.26719353,,0.789320164778187,0.9995645637783087
4,DICER1,0.26697522,,0.7894882364694231,0.9995645637783087
4,EID2,0.26675692,,0.7896563179560707,0.9995645637783087
4,ADIPOR2,0.26610205,,0.7901606211140849,0.9995645637783087
4,MICU1,0.2659929,,0.7902446801907889,0.9995645637783087
4,MRS2,0.2651743,,0.7908752009921272,0.9995645637783087
4,C10orf32,0.26468313,,0.7912535792025511,0.9995645637783087
4,BHLHE40-AS1,0.2634279,,0.7922207690366059,0.9995645637783087
4,RP11-490M8.1,0.2634279,,0.7922207690366059,0.9995645637783087
4,PPIG,0.26135412,,0.7938194349595349,0.9995645637783087
4,CD2AP,0.25840715,,0.7960927127579503,0.9995645637783087
4,SAMD1,0.25758854,,0.7967244869435572,0.9995645637783087
4,ZNF559,0.25671536,,0.7973985262502574,0.9995645637783087
4,DNAJC10,0.25518727,,0.7985784583539972,0.9995645637783087
4,EXOSC8,0.25496897,,0.7987470577102412,0.9995645637783087
4,SDAD1,0.25355005,,0.7998431819312739,0.9995645637783087
4,DENND6A,0.25316805,,0.800138359774322,0.9995645637783087
4,ARL16,0.25267687,,0.8005179160883744,0.9995645637783087
4,SKAP2,0.25103965,,0.8017834435454325,0.9995645637783087
4,EVA1B,0.24962075,,0.8028806549438339,0.9995645637783087
4,TTC1,0.24940245,,0.8030494912485979,0.9995645637783087
4,OARD1,0.24934788,,0.8030917017613762,0.9995645637783087
4,CRLS1,0.24732864,,0.8046538935417571,0.9995645637783087
4,C2orf76,0.24558228,,0.8060056078583638,0.9995645637783087
4,NR2C2AP,0.24465452,,0.8067239421791708,0.9995645637783087
4,GNPAT,0.24127094,,0.8093451271789542,0.9995645637783087
4,GUCD1,0.24099807,,0.8095566067233163,0.9995645637783087
4,CDK16,0.24050692,,0.8099373049402347,0.9995645637783087
4,RP11-545I5.3,0.23859683,,0.8114182247437903,0.9995645637783087
4,ARVCF,0.23848768,,0.8115028691707591,0.9995645637783087
4,CWC27,0.2382148,,0.8117144898757785,0.9995645637783087
4,PEX19,0.2376145,,0.8121801038273887,0.9995645637783087
4,DUSP10,0.23717791,,0.8125187738840098,0.9995645637783087
4,PRPF8,0.23663217,,0.8129421607662243,0.9995645637783087
4,PGM1,0.23434007,,0.8147209813833434,0.9995645637783087
4,AP001462.6,0.23002873,,0.8180694407054544,0.9995645637783087
4,PARS2,0.23002873,,0.8180694407054544,0.9995645637783087
4,TPM2,0.23002873,,0.8180694407054544,0.9995645637783087
4,ATP8B3,0.23002873,,0.8180694407054544,0.9995645637783087
4,AP4B1-AS1,0.23002873,,0.8180694407054544,0.9995645637783087
4,GMPPA,0.22975586,,0.8182814809243061,0.9995645637783087
4,CHPF2,0.22964671,,0.8183663007349813,0.9995645637783087
4,PTPRN2,0.2280095,,0.8196388524872815,0.9995645637783087
4,BET1,0.22626314,,0.8209967646459038,0.9995645637783087
4,PLEKHA3,0.2257174,,0.8214212224390547,0.9995645637783087
4,DNMT3A,0.22506252,,0.8219306408018308,0.9995645637783087
4,HIST1H1B,0.22189723,,0.8243938843611537,0.9995645637783087
4,C1orf198,0.22167894,,0.8245638272912741,0.9995645637783087
4,THBS1,0.22167894,,0.8245638272912741,0.9995645637783087
4,MRPL19,0.22042374,,0.8255411584996012,0.9995645637783087
4,TMEM87B,0.21998715,,0.8258811632567158,0.9995645637783087
4,SLC25A14,0.21900482,,0.8266462932687814,0.9995645637783087
4,LYPLA1,0.21813163,,0.8273265470596156,0.9995645637783087
4,NFKBIL1,0.21534838,,0.8294957184023194,0.9995645637783087
4,NELFB,0.21458434,,0.8300914053855235,0.9995645637783087
4,CLPX,0.20776261,,0.8354143294126748,0.9995645637783087
4,MYL9,0.20727144,,0.8357978741246762,0.9995645637783087
4,SMARCD1,0.20661655,,0.8363093278008481,0.9995645637783087
4,ZFYVE28,0.20656198,,0.8363519520674715,0.9995645637783087
4,COQ7,0.20563424,,0.8370766380175344,0.9995645637783087
4,C3orf18,0.20497935,,0.8375882643239316,0.9995645637783087
4,HMBOX1,0.20345128,,0.8387823257812745,0.9995645637783087
4,UBE2K,0.2019232,,0.8399767585147799,0.9995645637783087
4,CEP164,0.20126832,,0.8404887712510148,0.9995645637783087
4,LRIG2,0.20115918,,0.8405741132744404,0.9995645637783087
4,C9orf37,0.19853963,,0.842622881730412,0.9995645637783087
4,TNFRSF9,0.19673869,,0.8440320291116055,0.9995645637783087
4,POLDIP2,0.19564721,,0.8448863011437167,0.9995645637783087
4,PPIL2,0.19493775,,0.8454416758616811,0.9995645637783087
4,PHACTR4,0.19417372,,0.8460398576084125,0.9995645637783087
4,LIN52,0.1937917,,0.8463389817840319,0.9995645637783087
4,ARSD,0.19079015,,0.8486900103934887,0.9995645637783087
4,DIDO1,0.1896441,,0.8495880322458664,0.9995645637783087
4,URGCP,0.18631509,,0.8521976748274396,0.9995645637783087
4,ABRACL,0.18626052,,0.8522404694186452,0.9995645637783087
4,C21orf33,0.1848416,,0.8533532811175569,0.9995645637783087
4,AP4S1,0.18445958,,0.853652934231022,0.9995645637783087
4,TMEM104,0.18429586,,0.8537813634605729,0.9995645637783087
4,GTF2H2,0.18364097,,0.8542951190973068,0.9995645637783087
4,ZNF628,0.18364097,,0.8542951190973068,0.9995645637783087
4,VMAC,0.18325895,,0.8545948384340141,0.9995645637783087
4,SLC4A7,0.18282236,,0.8549374005104264,0.9995645637783087
4,OSBPL7,0.18260407,,0.8551086918065394,0.9995645637783087
4,PDCD2L,0.18249492,,0.8551943400156207,0.9995645637783087
4,ANKRD27,0.18216747,,0.8554512948751284,0.9995645637783087
4,UQCRC1,0.18129429,,0.8561365826967783,0.9995645637783087
4,PDK2,0.18091229,,0.8564364302640615,0.9995645637783087
4,INVS,0.17992996,,0.8572075619234146,0.9995645637783087
4,PTCH1,0.17992996,,0.8572075619234146,0.9995645637783087
4,NAP1L4,0.17987537,,0.857250406574544,0.9995645637783087
4,PRPF31,0.1796025,,0.8574646361365135,0.9995645637783087
4,HEMK1,0.17954794,,0.8575074833093075,0.9995645637783087
4,SEC31A,0.17812902,,0.8586216568063239,0.9995645637783087
4,NARS,0.17747413,,0.85913598585182,0.9995645637783087
4,MED7,0.17485458,,0.8611938977119444,0.9995645637783087
4,TRUB2,0.17310822,,0.8625663635863142,0.9995645637783087
4,SRP72,0.17179845,,0.8635959855398873,0.9995645637783087
4,C16orf52,0.1716893,,0.8636817978520526,0.9995645637783087
4,ATP6V1C1,0.17092526,,0.8642825290082726,0.9995645637783087
4,LPIN1,0.16956092,,0.8653554581337917,0.9995645637783087
4,ATPAF1,0.16868775,,0.8660422631725815,0.9995645637783087
4,TAOK3,0.16825114,,0.8663857036626754,0.9995645637783087
4,ADAM10,0.16628648,,0.8679314971582881,0.9995645637783087
4,AGPAT1,0.16432182,,0.8694777957409813,0.9995645637783087
4,TADA2A,0.16393982,,0.8697785230708144,0.9995645637783087
4,ATP10A,0.1635578,,0.8700792692351214,0.9995645637783087
4,PLA2G12A,0.16137485,,0.8717981779523504,0.9995645637783087
4,NOP58,0.16132027,,0.8718411584631791,0.9995645637783087
4,TRIM14,0.16110198,,0.8720130842892105,0.9995645637783087
4,U2SURP,0.1610474,,0.8720560666907742,0.9995645637783087
4,WARS2,0.15995592,,0.8729157938884929,0.9995645637783087
4,EXOC6,0.15946476,,0.8733027201609788,0.9995645637783087
4,NCOA4,0.15733638,,0.8749797497161307,0.9995645637783087
4,USP25,0.15733638,,0.8749797497161307,0.9995645637783087
4,NUP54,0.15597203,,0.8760550645566372,0.9995645637783087
4,IL1RAP,0.15531714,,0.8765712970882586,0.9995645637783087
4,TMEM234,0.15515342,,0.8767003634344919,0.9995645637783087
4,STK32C,0.15477142,,0.8770015309865637,0.9995645637783087
4,EIF2B1,0.15220644,,0.8790241150309042,0.9995645637783087
4,ZNF836,0.15116954,,0.8798419802925835,0.9995645637783087
4,ATP6V0E2,0.15111496,,0.8798850293916818,0.9995645637783087
4,SIN3A,0.15067837,,0.8802294349548117,0.9995645637783087
4,TP53BP2,0.1504055,,0.8804446999415458,0.9995645637783087
4,RBM4,0.14756766,,0.8826839766243596,0.9995645637783087
4,PIGX,0.14636704,,0.8836316462896563,0.9995645637783087
4,RAD51B,0.14407493,,0.8854412951941714,0.9995645637783087
4,TMEM251,0.14314719,,0.8861739425832552,0.9995645637783087
4,PMF1,0.1418374,,0.8872084338207115,0.9995645637783087
4,SLC20A2,0.1412371,,0.8876826399763735,0.9995645637783087
4,FAM120A,0.14047307,,0.8882862332135016,0.9995645637783087
4,USP36,0.13779895,,0.8903993174564941,0.9995645637783087
4,TGOLN2,0.1376898,,0.8904855824361325,0.9995645637783087
4,ZFAND4,0.1364346,,0.8914777226302861,0.9995645637783087
4,MVB12A,0.13485196,,0.8927289240089755,0.9995645637783087
4,CNEP1R1,0.13305102,,0.8941530295735226,0.9995645637783087
4,WDR44,0.13059519,,0.8960955408169806,0.9995645637783087
4,DDT,0.1295583,,0.8969158999805712,0.9995645637783087
4,ADAL,0.12770279,,0.8983841856225697,0.9995645637783087
4,RABL2A,0.12584728,,0.8998528192216524,0.9995645637783087
4,DHX9,0.12557441,,0.9000688237982543,0.9995645637783087
4,N4BP2L1,0.124701224,,0.9007600881041655,0.9995645637783087
4,TMEM167B,0.12464665,,0.9008032946279892,0.9995645637783087
4,RPL7L1,0.123609744,,0.9016242742793088,0.9995645637783087
4,TMEM177,0.12164509,,0.903180102548676,0.9995645637783087
4,INO80C,0.119680434,,0.9047363026913547,0.9995645637783087
4,SPSB2,0.119407564,,0.9049524706776122,0.9995645637783087
4,RAB12,0.11918927,,0.9051254101386562,0.9995645637783087
4,CTD-2012J19.3,0.11918927,,0.9051254101386562,0.9995645637783087
4,MEIS1,0.11918927,,0.9051254101386562,0.9995645637783087
4,TAF10,0.117770344,,0.9062496259519929,0.9995645637783087
4,SMYD4,0.117333755,,0.9065955764118523,0.9995645637783087
4,KPNA1,0.116078556,,0.9075902824768027,0.9995645637783087
4,MLX,0.11591484,,0.907720037464803,0.9995645637783087
4,NUPL2,0.1153691,,0.9081525718567834,0.9995645637783087
4,SLFN12,0.11444134,,0.9088879427566579,0.9995645637783087
4,STX18,0.111930944,,0.9108781596022215,0.9995645637783087
4,SPEN,0.111767225,,0.9110079759149696,0.9995645637783087
4,STAMBP,0.111658074,,0.9110945214433981,0.9995645637783087
4,RP11-308N19.1,0.11083947,,0.9117436464566291,0.9995645637783087
4,LINC00174,0.11083947,,0.9117436464566291,0.9995645637783087
4,ABCG2,0.11083947,,0.9117436464566291,0.9995645637783087
4,C15orf26,0.11083947,,0.9117436464566291,0.9995645637783087
4,NEUROD2,0.11083947,,0.9117436464566291,0.9995645637783087
4,LIPC,0.11083947,,0.9117436464566291,0.9995645637783087
4,TANGO6,0.11013001,,0.9123062691274215,0.9995645637783087
4,DDX46,0.10832907,,0.9137346619278478,0.9995645637783087
4,LDOC1L,0.1057641,,0.9157695195656219,0.9995645637783087
4,CDC40,0.10570953,,0.9158128204542162,0.9995645637783087
4,EHMT2,0.104672626,,0.9166355846545854,0.9995645637783087
4,RP11-141B14.1,0.10254425,,0.9183246952580156,0.9995645637783087
4,PCGF1,0.10248967,,0.9183680106666903,0.9995645637783087
4,RP11-252A24.3,0.10248967,,0.9183680106666903,0.9995645637783087
4,RP11-493L12.4,0.10248967,,0.9183680106666903,0.9995645637783087
4,CTD-2302E22.4,0.10248967,,0.9183680106666903,0.9995645637783087
4,DCAF5,0.10205308,,0.9187145426472572,0.9995645637783087
4,NOL7,0.099979274,,0.9203607792945103,0.9995645637783087
4,SETD5,0.09877865,,0.9213140201431564,0.9995645637783087
4,CASP4,0.097741745,,0.9221373646362306,0.9995645637783087
4,TTC8,0.09430359,,0.9248679938843207,0.9995645637783087
4,RPS6KL1,0.09419445,,0.9249546951979212,0.9995645637783087
4,MMP9,0.09419445,,0.9249546951979212,0.9995645637783087
4,ZNF436,0.09419445,,0.9249546951979212,0.9995645637783087
4,TTC30A,0.094139874,,0.9249980461890566,0.9995645637783087
4,LINC00494,0.094139874,,0.9249980461890566,0.9995645637783087
4,BGLAP,0.094139874,,0.9249980461890566,0.9995645637783087
4,RP11-390B4.5,0.094139874,,0.9249980461890566,0.9995645637783087
4,FOPNL,0.093321264,,0.925648337710763,0.9995645637783087
4,SRA1,0.092720956,,0.9261252497587816,0.9995645637783087
4,SMC2,0.09255723,,0.9262553212953623,0.9995645637783087
4,HDAC5,0.09168405,,0.9269490693619491,0.9995645637783087
4,KIAA1429,0.09097459,,0.9275127805869431,0.9995645637783087
4,RFXANK,0.09026513,,0.9280765281966253,0.9995645637783087
4,C16orf58,0.08961025,,0.9285969426562868,0.9995645637783087
4,GARS,0.08933738,,0.9288137910410691,0.9995645637783087
4,BLM,0.08917365,,0.9289439026103724,0.9995645637783087
4,CARS,0.08890078,,0.9291607594454953,0.9995645637783087
4,NAIP,0.08868249,,0.9293342487020225,0.9995645637783087
4,MPC2,0.088573344,,0.9294209945902764,0.9995645637783087
4,TMEM102,0.08780931,,0.9300282392321721,0.9995645637783087
4,KIF3C,0.085953794,,0.9315031451376476,0.9995645637783087
4,RP1-28O10.1,0.08584465,,0.9315899116838933,0.9995645637783087
4,NT5M,0.085790075,,0.9316332952619493,0.9995645637783087
4,ARHGAP19,0.085790075,,0.9316332952619493,0.9995645637783087
4,LINC00886,0.085790075,,0.9316332952619493,0.9995645637783087
4,CAMK2N1,0.085790075,,0.9316332952619493,0.9995645637783087
4,DRAXIN,0.085790075,,0.9316332952619493,0.9995645637783087
4,CAPZA2,0.08546263,,0.9318936009912695,0.9995645637783087
4,PLAGL2,0.08529891,,0.9320237565893619,0.9995645637783087
4,ANKRD54,0.08382542,,0.9331952383517124,0.9995645637783087
4,SDPR,0.08229735,-0.5017453,0.9344102611389248,0.9995645637783087
4,SLC39A1,0.08229735,,0.9344102611389248,0.9995645637783087
4,SIRT1,0.08126045,,0.9352348280846394,0.9995645637783087
4,LMF2,0.080660135,,0.9357122407613588,0.9995645637783087
4,BBS2,0.078422606,,0.9374918903049012,0.9995645637783087
4,BIRC5,0.07754943,,0.9381864728947266,0.9995645637783087
4,CDT1,0.07749485,,0.9382298858737635,0.9995645637783087
4,DNASE1L3,0.07749485,,0.9382298858737635,0.9995645637783087
4,C5orf42,0.07749485,,0.9382298858737635,0.9995645637783087
4,UBE2C,0.07749485,,0.9382298858737635,0.9995645637783087
4,CTB-152G17.6,0.07744028,,0.9382732990364028,0.9995645637783087
4,ZNF841,0.07744028,,0.9382732990364028,0.9995645637783087
4,RP1-315G1.3,0.07744028,,0.9382732990364028,0.9995645637783087
4,PGM2L1,0.07705826,,0.9385771963049425,0.9995645637783087
4,TOR1A,0.0765671,,0.9389679345036499,0.9995645637783087
4,METTL3,0.076075934,,0.9393586873971421,0.9995645637783087
4,C3orf38,0.074929886,,0.9402705007685545,0.9995645637783087
4,ZFX,0.07449329,,0.9406178789049662,0.9995645637783087
4,MPV17,0.07291065,,0.9418772188753592,0.9995645637783087
4,MRPS18A,0.072583206,,0.9421377902203216,0.9995645637783087
4,POLR2K,0.07121886,,0.9432235705030503,0.9995645637783087
4,IDH3G,0.07094599,,0.9434407392848242,0.9995645637783087
4,C5orf15,0.06985451,,0.9443094562930837,0.9995645637783087
4,ATAD3C,0.06919963,,0.9448307183579483,0.9995645637783087
4,SERAC1,0.06914505,,0.9448741579327394,0.9995645637783087
4,SH3BGRL2,0.06909048,,0.9449175976714506,0.9995645637783087
4,INSL3,0.06909048,,0.9449175976714506,0.9995645637783087
4,GDF11,0.06909048,,0.9449175976714506,0.9995645637783087
4,ACTL6A,0.06810815,,0.9456995408517841,0.9995645637783087
4,ECHS1,0.067016676,,0.9465684279349473,0.9995645637783087
4,FASTKD1,0.06456085,,0.948523654689284,0.9995645637783087
4,MANBA,0.06450628,,0.9485671077374672,0.9995645637783087
4,NAPA-AS1,0.06428798,,0.9487409214586155,0.9995645637783087
4,RP11-706O15.1,0.063687675,,0.9492189217444931,0.9995645637783087
4,ANAPC4,0.062050454,,0.9505226512735143,0.9995645637783087
4,RFNG,0.061613865,,0.9508703349947376,0.9995645637783087
4,SLC6A6,0.061613865,,0.9508703349947376,0.9995645637783087
4,VAMP5,0.06155929,,0.9509137961188655,0.9995645637783087
4,GTF2B,0.060904406,,0.9514353409602263,0.9995645637783087
4,KIFC3,0.06079526,,0.9515222671289333,0.9995645637783087
4,DISP1,0.060740683,,0.9515657304296566,0.9995645637783087
4,CCT4,0.05997665,,0.9521742317089409,0.9995645637783087
4,UQCC1,0.05954006,,0.952521959268044,0.9995645637783087
4,TNFRSF25,0.058885172,,0.9530435675345006,0.9995645637783087
4,PICALM,0.057629976,,0.954043372746266,0.9995645637783087
4,TDG,0.05544702,,0.9557823357662912,0.9995645637783087
4,ZNF528,0.053591512,,0.9572606201588273,0.9995645637783087
4,NEK8,0.052936625,-1.3100545,0.9577824029514771,0.9995645637783087
4,FMO4,0.05244546,,0.9581737519292036,0.9995645637783087
4,ZNF404,0.05244546,,0.9581737519292036,0.9995645637783087
4,TSSC1,0.05200887,,0.9585216261531933,0.9995645637783087
4,ISOC2,0.051244836,,0.9591304250126667,0.9995645637783087
4,DHRS4,0.05042623,,0.9597827359469631,0.9995645637783087
4,GRSF1,0.048352424,,0.9614353764985029,0.9995645637783087
4,MBNL1-AS1,0.04829785,,0.9614788693083807,0.9995645637783087
4,FAM32A,0.0481887,,0.9615658552719225,0.9995645637783087
4,PYCARD,0.04704265,,0.9624792353142063,0.9995645637783087
4,NNT-AS1,0.046169467,,0.9631751770346957,0.9995645637783087
4,STX16,0.045460008,,0.9637406503661075,0.9995645637783087
4,ZNF330,0.044859696,,0.9642191420567976,0.9995645637783087
4,THUMPD3,0.04475055,,0.9643061419354889,0.9995645637783087
4,LIX1L,0.044423107,,0.9645671441170944,0.9995645637783087
4,GGA3,0.04420481,,0.9647411476824305,0.9995645637783087
4,CTB-113I20.2,0.044150237,,0.9647846488364458,0.9995645637783087
4,RP3-325F22.5,0.044150237,,0.9647846488364458,0.9995645637783087
4,RP11-532F6.3,0.044150237,,0.9647846488364458,0.9995645637783087
4,GLTP,0.044150237,,0.9647846488364458,0.9995645637783087
4,TMTC2,0.04409566,,0.9648281500952749,0.9995645637783087
4,RP11-5C23.1,0.04409566,,0.9648281500952749,0.9995645637783087
4,ZBTB41,0.04409566,,0.9648281500952749,0.9995645637783087
4,TRAPPC12-AS1,0.04409566,,0.9648281500952749,0.9995645637783087
4,ZNF69,0.04404109,,0.9648716514587886,0.9995645637783087
4,USP19,0.043440778,,0.9653501733296393,0.9995645637783087
4,PPP2R1B,0.03951146,,0.9684826167872204,0.9995645637783087
4,AGO4,0.038802,,0.9690482500969069,0.9995645637783087
4,IQCE,0.035745867,-4.0368123,0.9714849987801032,0.9995645637783087
4,IL24,0.03569129,-4.9099073,0.9715285146364416,0.9995645637783087
4,ERI3,0.03536385,,0.971789611549917,0.9995645637783087
4,SCAI,0.035036404,,0.9720507114868199,0.9995645637783087
4,TNFRSF4,0.03367206,,0.9731386598157599,0.9995645637783087
4,PNPLA8,0.033290043,,0.9734432943916133,0.9995645637783087
4,PBRM1,0.03198027,,0.9744877849336847,0.9995645637783087
4,ZNF263,0.031598255,,0.9747924363294255,0.9995645637783087
4,RP11-727F15.9,0.03056135,,0.9756193656703288,0.9995645637783087
4,USP8,0.029579021,,0.9764027966012936,0.9995645637783087
4,PRDM2,0.027887233,,0.9777520916957154,0.9995645637783087
4,TBXA2R,0.027559789,-3.582381,0.978013253057842,0.9995645637783087
4,EARS2,0.027505215,-5.1665344,0.9780567801814187,0.9995645637783087
4,ZNF615,0.027505215,-2.1565936,0.9780567801814187,0.9995645637783087
4,AC074138.3,0.027396068,-1.7707111,0.9781438346244538,0.9995645637783087
4,ZNF175,0.027341494,-2.3253336,0.9781873619436531,0.9995645637783087
4,FAAH,0.022975586,,0.9816697468592992,0.9995645637783087
4,PRKACA,0.021120075,,0.9831498700815051,0.9995645637783087
4,RABIF,0.020410616,,0.9837158151551371,0.9995645637783087
4,RBM26-AS1,0.019155419,-1.8970764,0.9847171224901431,0.9995645637783087
4,SPIN1,0.018991696,,0.9848477296033563,0.9995645637783087
4,ZNF397,0.017463628,,0.9860667484411187,0.9995645637783087
4,TSC22D1,0.016808743,-0.5676626,0.9865891952101696,0.9995645637783087
4,CASC7,0.016699595,,0.9866762702368552,0.9995645637783087
4,PAXIP1-AS1,0.015880987,,0.9873293379243745,0.9995645637783087
4,HEXIM2,0.015662692,,0.9875034907596641,0.9995645637783087
4,FEM1A,0.014953232,,0.9880694915436773,0.9995645637783087
4,SLC27A1,0.0147895105,,0.9882001079723108,0.9995645637783087
4,ILF3,0.014243772,,0.9886354983322653,0.9995645637783087
4,C15orf57,0.0139163295,,0.9888967341810784,0.9995645637783087
4,RP5-827C21.4,0.013534312,,0.9892015108405986,0.9995645637783087
4,ZCCHC11,0.012442836,,0.9900723098276669,0.9995645637783087
4,LTB4R,0.012115393,,0.9903335518771417,0.9995645637783087
4,TRPM4,0.011023915,-1.8320098,0.9912043660363398,0.9995645637783087
4,FANCI,0.010860194,-1.0347785,0.9913349890892961,0.9995645637783087
4,ZRANB3,0.010860194,-1.234324,0.9913349890892961,0.9995645637783087
4,SYCE1,0.010259882,-0.0073850183,0.9918139422439088,0.9995645637783087
4,CDC16,0.010041586,,0.9919881077678723,0.9995645637783087
4,GSTO1,0.009059258,,0.9927718572303827,0.9995645637783087
4,NKIRAS2,0.009059258,,0.9927718572303827,0.9995645637783087
4,ATP5D,0.008895536,,0.9929024828393251,0.9995645637783087
4,RBM25,0.007694911,,0.9938604095586759,0.9995645637783087
4,C9orf69,0.007149173,,0.9942958338033683,0.9995645637783087
4,CYTH2,0.0070945993,,0.9943393763234137,0.9995645637783087
4,ERCC6L2,0.004529629,0.4474623,0.9963858915393343,0.9995645637783087
4,NT5C3A,0.004093038,,0.9967342372937422,0.9995645637783087
4,ARRDC4,0.002728692,-0.63549143,0.9978228214852636,0.9995645637783087
4,TREML1,0.0016372151,0.9557994,0.9986936918536705,0.9995645637783087
4,NDUFA10,0.0014189199,,0.9988678661472992,0.9995645637783087
4,RABL2B,-0.0005457384,,0.9995645637783087,0.9995645637783087
4,MFF,-0.0005457384,,0.9995645637783087,0.9995645637783087
4,ISOC1,-0.00065488607,,0.9994774765453829,0.9995645637783087
4,BBX,-0.0013097721,,0.9989549533148633,0.9995645637783087
4,DDI2,-0.0021283797,,0.9983017999332493,0.9995645637783087
4,TNFSF12,-0.002783266,,0.9977792780263042,0.9995645637783087
4,FAM98A,-0.003383578,-1.157925,0.997300300442803,0.9995645637783087
4,EOGT,-0.0056211054,-0.102053136,0.995515030312433,0.9995645637783087
4,F5,-0.005730253,0.051716812,0.9954279444664893,0.9995645637783087
4,SERPINE2,-0.005784827,-0.0064947195,0.9953844015638778,0.9995645637783087
4,RP11-430B1.2,-0.0059485487,0.21567228,0.9952537729390409,0.9995645637783087
4,GTPBP6,-0.006767156,,0.9946006317931816,0.9995645637783087
4,C12orf45,-0.007040025,,0.9943829188603178,0.9995645637783087
4,RIT1,-0.007858633,,0.9937297826359295,0.9995645637783087
4,HERPUD2,-0.008731814,,0.9930331086385096,0.9995645637783087
4,COMMD10,-0.010150734,,0.9919010249576498,0.9995645637783087
4,COLGALT1,-0.010696473,,0.9914656123745067,0.9995645637783087
4,ATF7IP2,-0.013316017,,0.9893756696421082,0.9995645637783087
4,MAP3K7,-0.013861755,,0.9889402736057039,0.9995645637783087
4,OBSCN,-0.013970903,0.5087952,0.9888531947895197,0.9995645637783087
4,ZNF799,-0.013970903,0.26556498,0.9888531947895197,0.9995645637783087
4,PROCA1,-0.014025477,0.17710462,0.9888096554311574,0.9995645637783087
4,TMEM194A,-0.015171528,1.1227976,0.9878953368035246,0.9995645637783087
4,FAM127A,-0.015280675,,0.9878082596492213,0.9995645637783087
4,DHX8,-0.016481299,0.7031272,0.9868504207653305,0.9995645637783087
4,TAOK2,-0.017463628,,0.9860667484411187,0.9995645637783087
4,ZUFSP,-0.017681925,1.1790493,0.9858926008348239,0.9995645637783087
4,CCP110,-0.018009366,,0.9856313806883263,0.9995645637783087
4,BMPR2,-0.018500531,-0.31773892,0.9852395533656201,0.9995645637783087
4,FBXO33,-0.01931914,,0.9845865157865332,0.9995645637783087
4,PRPS2,-0.019646583,1.7317437,0.9843253036221219,0.9995645637783087
4,KRBOX4,-0.021065501,,0.9831934040205031,0.9995645637783087
4,CCDC94,-0.021502092,,0.9828451339207427,0.9995645637783087
4,LRBA,-0.021502092,,0.9828451339207427,0.9995645637783087
4,AC005082.12,-0.02215698,0.5720589,0.9823227349219809,0.9995645637783087
4,NPHP3,-0.022266127,-1.4752475,0.9822356691530948,0.9995645637783087
4,F11R,-0.022429848,0.59485763,0.9821050708968309,0.9995645637783087
4,ZNF682,-0.022429848,0.72415584,0.9821050708968309,0.9995645637783087
4,SYTL4,-0.025049392,0.6515047,0.9800155663997662,0.9995645637783087
4,NRN1L,-0.025049392,0.6550531,0.9800155663997662,0.9995645637783087
4,ZNF425,-0.025049392,0.67211974,0.9800155663997662,0.9995645637783087
4,GUCA1B,-0.025049392,0.6419816,0.9800155663997662,0.9995645637783087
4,RP13-314C10.5,-0.025049392,0.67596513,0.9800155663997662,0.9995645637783087
4,CALD1,-0.025049392,0.63729,0.9800155663997662,0.9995645637783087
4,NUDT12,-0.025049392,0.6461171,0.9800155663997662,0.9995645637783087
4,LRRC24,-0.025049392,0.66258496,0.9800155663997662,0.9995645637783087
4,RP11-178L8.7,-0.025049392,0.646353,0.9800155663997662,0.9995645637783087
4,RP11-77H9.2,-0.025049392,0.633223,0.9800155663997662,0.9995645637783087
4,CTD-2541M15.1,-0.025049392,0.6831962,0.9800155663997662,0.9995645637783087
4,SERPINE1,-0.025049392,0.67379797,0.9800155663997662,0.9995645637783087
4,FBXL22,-0.025049392,0.65440804,0.9800155663997662,0.9995645637783087
4,RP11-420A6.2,-0.025049392,0.6453284,0.9800155663997662,0.9995645637783087
4,AC145110.1,-0.025049392,0.6553765,0.9800155663997662,0.9995645637783087
4,OMG,-0.025049392,0.68516326,0.9800155663997662,0.9995645637783087
4,LCN2,-0.025049392,0.6586686,0.9800155663997662,0.9995645637783087
4,RP11-247A12.2,-0.025049392,0.688535,0.9800155663997662,0.9995645637783087
4,RP11-159H10.3,-0.025049392,0.6457449,0.9800155663997662,0.9995645637783087
4,SCIN,-0.025049392,0.64410233,0.9800155663997662,0.9995645637783087
4,SEC14L5,-0.025049392,0.7188832,0.9800155663997662,0.9995645637783087
4,BEND2,-0.025049392,0.6775118,0.9800155663997662,0.9995645637783087
4,RP11-544A12.4,-0.025049392,0.6906114,0.9800155663997662,0.9995645637783087
4,PPT2-EGFL8,-0.025049392,0.74861896,0.9800155663997662,0.9995645637783087
4,WDR11-AS1,-0.025049392,0.66133016,0.9800155663997662,0.9995645637783087
4,CCDC62,-0.025049392,0.68095547,0.9800155663997662,0.9995645637783087
4,ACVR2B,-0.025049392,0.67813945,0.9800155663997662,0.9995645637783087
4,CLECL1,-0.025049392,0.67267275,0.9800155663997662,0.9995645637783087
4,DPY19L2,-0.025049392,0.6388981,0.9800155663997662,0.9995645637783087
4,GLS2,-0.025049392,0.66703475,0.9800155663997662,0.9995645637783087
4,CCDC163P,-0.025049392,0.6342093,0.9800155663997662,0.9995645637783087
4,RP11-977G19.12,-0.025049392,0.6618732,0.9800155663997662,0.9995645637783087
4,AC093642.3,-0.025049392,0.63493246,0.9800155663997662,0.9995645637783087
4,FAM209A,-0.025049392,0.6785878,0.9800155663997662,0.9995645637783087
4,NPPA-AS1,-0.025049392,0.644417,0.9800155663997662,0.9995645637783087
4,KCNH3,-0.025049392,0.6406702,0.9800155663997662,0.9995645637783087
4,HRASLS,-0.025049392,0.7014134,0.9800155663997662,0.9995645637783087
4,CTC-444N24.6,-0.025049392,0.6476272,0.9800155663997662,0.9995645637783087
4,ZNF433,-0.025049392,0.661325,0.9800155663997662,0.9995645637783087
4,RP11-211G3.2,-0.025049392,0.72171605,0.9800155663997662,0.9995645637783087
4,AL928742.12,-0.025049392,0.6456363,0.9800155663997662,0.9995645637783087
4,ZNF763,-0.025049392,0.6435689,0.9800155663997662,0.9995645637783087
4,LINC00959,-0.025049392,0.6747375,0.9800155663997662,0.9995645637783087
4,SOX13,-0.025049392,0.68146,0.9800155663997662,0.9995645637783087
4,RP11-359I18.5,-0.025049392,0.6653757,0.9800155663997662,0.9995645637783087
4,KRTAP5-AS1,-0.025049392,0.66253346,0.9800155663997662,0.9995645637783087
4,AC068580.6,-0.025049392,0.66597277,0.9800155663997662,0.9995645637783087
4,C19orf44,-0.025049392,0.65857106,0.9800155663997662,0.9995645637783087
4,MEG3,-0.025049392,0.67145294,0.9800155663997662,0.9995645637783087
4,SPOCD1,-0.025049392,0.6602467,0.9800155663997662,0.9995645637783087
4,TLR3,-0.025049392,0.6930986,0.9800155663997662,0.9995645637783087
4,TAL1,-0.025049392,0.7541771,0.9800155663997662,0.9995645637783087
4,RP11-559M23.1,-0.025049392,0.695999,0.9800155663997662,0.9995645637783087
4,NCKAP1,-0.025049392,0.6499559,0.9800155663997662,0.9995645637783087
4,RP11-110I1.14,-0.025049392,0.6861706,0.9800155663997662,0.9995645637783087
4,C10orf25,-0.025049392,0.6627861,0.9800155663997662,0.9995645637783087
4,RP11-805J14.5,-0.025049392,0.64360386,0.9800155663997662,0.9995645637783087
4,TACR2,-0.025049392,0.63511854,0.9800155663997662,0.9995645637783087
4,MAP1A,-0.025049392,0.6797318,0.9800155663997662,0.9995645637783087
4,CTC-260E6.6,-0.025049392,0.65254563,0.9800155663997662,0.9995645637783087
4,RP4-773N10.4,-0.025049392,0.6903063,0.9800155663997662,0.9995645637783087
4,RP11-356N1.2,-0.025049392,0.63531125,0.9800155663997662,0.9995645637783087
4,CIDEB,-0.02570428,,0.9794932111383713,0.9995645637783087
4,NBR1,-0.027832659,4.080742,0.9777956184245492,0.9995645637783087
4,TCEA2,-0.029579021,,0.9764027966012936,0.9995645637783087
4,METTL8,-0.029579021,,0.9764027966012936,0.9995645637783087
4,RASD1,-0.030343056,0.42747292,0.9757934594268282,0.9995645637783087
4,UBA5,-0.030779645,,0.9754452730752748,0.9995645637783087
4,PRKCD,-0.03083422,,0.9754017501089585,0.9995645637783087
4,ARID4A,-0.03154368,,0.9748359582586276,0.9995645637783087
4,RNASE3,-0.03339919,0.81204194,0.9733562555441038,0.9995645637783087
4,CCDC153,-0.03339919,0.8512787,0.9733562555441038,0.9995645637783087
4,RP4-781K5.2,-0.03339919,0.8006116,0.9733562555441038,0.9995645637783087
4,KCNJ14,-0.03339919,0.783868,0.9733562555441038,0.9995645637783087
4,LNP1,-0.03339919,0.8016192,0.9733562555441038,0.9995645637783087
4,WNT5B,-0.03339919,0.8133221,0.9733562555441038,0.9995645637783087
4,U73166.2,-0.03339919,0.80455273,0.9733562555441038,0.9995645637783087
4,CACNA1C-AS1,-0.03339919,0.78933096,0.9733562555441038,0.9995645637783087
4,CA6,-0.03339919,0.7748634,0.9733562555441038,0.9995645637783087
4,VIL1,-0.03339919,0.7961025,0.9733562555441038,0.9995645637783087
4,AC007879.7,-0.03339919,0.7735761,0.9733562555441038,0.9995645637783087
4,RP11-647K16.1,-0.03339919,0.78926134,0.9733562555441038,0.9995645637783087
4,ARHGEF4,-0.03339919,0.8079661,0.9733562555441038,0.9995645637783087
4,CTC-454I21.3,-0.03339919,0.7866544,0.9733562555441038,0.9995645637783087
4,TDRP,-0.03339919,0.8048349,0.9733562555441038,0.9995645637783087
4,IFT81,-0.03339919,0.79776525,0.9733562555441038,0.9995645637783087
4,AURKC,-0.03339919,0.83839446,0.9733562555441038,0.9995645637783087
4,SAMD14,-0.03339919,0.79582554,0.9733562555441038,0.9995645637783087
4,RP11-511B23.1,-0.03339919,0.77820057,0.9733562555441038,0.9995645637783087
4,C2CD4D,-0.03339919,0.9270964,0.9733562555441038,0.9995645637783087
4,FAM65C,-0.03339919,0.77760345,0.9733562555441038,0.9995645637783087
4,AK4,-0.03339919,0.79378533,0.9733562555441038,0.9995645637783087
4,SUOX,-0.03339919,0.833401,0.9733562555441038,0.9995645637783087
4,RP11-10K16.1,-0.03339919,0.8166089,0.9733562555441038,0.9995645637783087
4,TMPRSS11E,-0.03339919,0.86363196,0.9733562555441038,0.9995645637783087
4,RP11-932O9.7,-0.03339919,0.7820485,0.9733562555441038,0.9995645637783087
4,NEDD4,-0.03339919,0.77875996,0.9733562555441038,0.9995645637783087
4,CTD-2227I18.1,-0.03339919,0.7847152,0.9733562555441038,0.9995645637783087
4,C1orf186,-0.03339919,0.78817934,0.9733562555441038,0.9995645637783087
4,RP13-270P17.1,-0.03339919,0.7796723,0.9733562555441038,0.9995645637783087
4,HOXA5,-0.03339919,0.805495,0.9733562555441038,0.9995645637783087
4,GATA2,-0.03339919,0.7790274,0.9733562555441038,0.9995645637783087
4,SNCA,-0.033944927,1.9964877,0.9729210660866909,0.9995645637783087
4,RPUSD1,-0.03443609,,0.9725294024641962,0.9995645637783087
4,SAMSN1,-0.034981832,,0.9720942284349514,0.9995645637783087
4,FADS1,-0.035309274,-0.48224163,0.9718331279968624,0.9995645637783087
4,GUSB,-0.03536385,,0.971789611549917,0.9995645637783087
4,NEIL1,-0.03563672,-0.518505,0.9715720305775407,0.9995645637783087
4,ARF4,-0.03765595,,0.9699619982132082,0.9995645637783087
4,RUNDC1,-0.037874244,-3.604777,0.9697879478760144,0.9995645637783087
4,PGM2,-0.04022092,,0.9679169993330292,0.9995645637783087
4,RP11-378J18.3,-0.04174899,1.0437429,0.966698801543856,0.9995645637783087
4,ARHGAP6,-0.04174899,0.88395166,0.966698801543856,0.9995645637783087
4,FCGBP,-0.04174899,0.9202148,0.966698801543856,0.9995645637783087
4,RP11-423O2.5,-0.04174899,0.9261116,0.966698801543856,0.9995645637783087
4,LINC00957,-0.04174899,0.9155633,0.966698801543856,0.9995645637783087
4,RPA4,-0.04174899,0.9439489,0.966698801543856,0.9995645637783087
4,SMTN,-0.04174899,0.8868334,0.966698801543856,0.9995645637783087
4,MYH10,-0.04174899,0.9653777,0.966698801543856,0.9995645637783087
4,CLIP2,-0.04174899,0.92932975,0.966698801543856,0.9995645637783087
4,ZNF594,-0.04174899,0.9173342,0.966698801543856,0.9995645637783087
4,AC137932.6,-0.04174899,0.9463084,0.966698801543856,0.9995645637783087
4,VSIG10L,-0.04174899,0.9264354,0.966698801543856,0.9995645637783087
4,DNAJC27,-0.04174899,0.9123536,0.966698801543856,0.9995645637783087
4,KDM4A-AS1,-0.04174899,0.9228273,0.966698801543856,0.9995645637783087
4,MCM10,-0.04174899,1.1848338,0.966698801543856,0.9995645637783087
4,GPR55,-0.04174899,0.95280445,0.966698801543856,0.9995645637783087
4,NIPSNAP3B,-0.04174899,0.92223495,0.966698801543856,0.9995645637783087
4,RP11-314N13.3,-0.04174899,0.9144806,0.966698801543856,0.9995645637783087
4,ELOVL3,-0.04174899,0.91701037,0.966698801543856,0.9995645637783087
4,ARHGAP11A,-0.04174899,0.98540235,0.966698801543856,0.9995645637783087
4,FZD2,-0.04174899,0.957944,0.966698801543856,0.9995645637783087
4,LY6G5B,-0.04174899,0.93626314,0.966698801543856,0.9995645637783087
4,ATP9A,-0.04174899,0.93921477,0.966698801543856,0.9995645637783087
4,SYP,-0.04174899,0.94958645,0.966698801543856,0.9995645637783087
4,C1QC,-0.04174899,0.9356517,0.966698801543856,0.9995645637783087
4,SCN1B,-0.04174899,0.9589338,0.966698801543856,0.9995645637783087
4,SEPT4,-0.04174899,0.9447925,0.966698801543856,0.9995645637783087
4,AC004069.2,-0.04174899,0.93809575,0.966698801543856,0.9995645637783087
4,RAB6B,-0.04174899,0.9201369,0.966698801543856,0.9995645637783087
4,PVALB,-0.04174899,0.9045583,0.966698801543856,0.9995645637783087
4,CTD-3214H19.4,-0.04174899,0.9230336,0.966698801543856,0.9995645637783087
4,PLXNA1,-0.04174899,0.92393166,0.966698801543856,0.9995645637783087
4,RP11-294J22.6,-0.04174899,0.9295234,0.966698801543856,0.9995645637783087
4,C6orf99,-0.04174899,0.9116976,0.966698801543856,0.9995645637783087
4,RP11-324I22.4,-0.04174899,0.8902696,0.966698801543856,0.9995645637783087
4,CYTH3,-0.04174899,0.9254368,0.966698801543856,0.9995645637783087
4,RP11-879F14.2,-0.04174899,0.9653996,0.966698801543856,0.9995645637783087
4,RP11-408A13.4,-0.04174899,0.91601413,0.966698801543856,0.9995645637783087
4,RP11-1055B8.7,-0.04174899,0.94862676,0.966698801543856,0.9995645637783087
4,RP1-20N2.6,-0.04174899,0.93760306,0.966698801543856,0.9995645637783087
4,RP11-502I4.3,-0.04174899,0.9306058,0.966698801543856,0.9995645637783087
4,SDCBP2,-0.04174899,0.940097,0.966698801543856,0.9995645637783087
4,RP1-266L20.2,-0.04174899,0.96467406,0.966698801543856,0.9995645637783087
4,MRPL43,-0.042949613,,0.965741700513684,0.9995645637783087
4,SENP2,-0.043004185,,0.9656981970836346,0.9995645637783087
4,TOMM40,-0.045187138,,0.9639581449807365,0.9995645637783087
4,GYS1,-0.04704265,1.0071801,0.9624792353142063,0.9995645637783087
4,TRIM23,-0.04704265,1.7716589,0.9624792353142063,0.9995645637783087
4,GTPBP2,-0.047151797,1.5424826,0.9623922445982723,0.9995645637783087
4,TSPAN15,-0.047479242,1.2850634,0.9621312751407908,0.9995645637783087
4,DEXI,-0.04786126,,0.9618268159035323,0.9995645637783087
4,CEP68,-0.049553048,-1.6355091,0.9604785639462755,0.9995645637783087
4,BRAT1,-0.049825914,6.8250203,0.9602611144373286,0.9995645637783087
4,PDZK1IP1,-0.050098784,1.0562837,0.960043667884796,0.9995645637783087
4,ITGB3,-0.050098784,1.0052278,0.960043667884796,0.9995645637783087
4,CTD-2537I9.12,-0.050098784,1.1007785,0.960043667884796,0.9995645637783087
4,IPO9-AS1,-0.050098784,1.0601091,0.960043667884796,0.9995645637783087
4,RIN2,-0.050098784,1.0638752,0.960043667884796,0.9995645637783087
4,ELANE,-0.050098784,1.0677302,0.960043667884796,0.9995645637783087
4,SMIM5,-0.050098784,1.0614914,0.960043667884796,0.9995645637783087
4,ZNF587B,-0.050098784,1.043026,0.960043667884796,0.9995645637783087
4,RSPH9,-0.050098784,1.116392,0.960043667884796,0.9995645637783087
4,C5AR2,-0.050098784,1.0824828,0.960043667884796,0.9995645637783087
4,hsa-mir-1199,-0.050098784,1.0636657,0.960043667884796,0.9995645637783087
4,CCDC121,-0.050098784,1.0647483,0.960043667884796,0.9995645637783087
4,TNS1,-0.050098784,1.1043184,0.960043667884796,0.9995645637783087
4,LGALSL,-0.050098784,1.0856074,0.960043667884796,0.9995645637783087
4,CTD-2012K14.7,-0.050098784,1.0726137,0.960043667884796,0.9995645637783087
4,HIST1H2AH,-0.050098784,0.96630514,0.960043667884796,0.9995645637783087
4,CTTN,-0.050098784,1.0736976,0.960043667884796,0.9995645637783087
4,RP11-219B4.7,-0.050098784,1.0534576,0.960043667884796,0.9995645637783087
4,LINC00984,-0.050098784,1.1346935,0.960043667884796,0.9995645637783087
4,SLC4A8,-0.050098784,1.1119497,0.960043667884796,0.9995645637783087
4,RP11-42I10.1,-0.050098784,1.0411016,0.960043667884796,0.9995645637783087
4,TGFB1I1,-0.050098784,1.0539178,0.960043667884796,0.9995645637783087
4,PBLD,-0.050098784,1.0444695,0.960043667884796,0.9995645637783087
4,ENKUR,-0.050098784,1.0633084,0.960043667884796,0.9995645637783087
4,INPP5A,-0.050098784,1.0784315,0.960043667884796,0.9995645637783087
4,ARHGAP18,-0.05157228,0.4999144,0.9588695082763099,0.9995645637783087
4,UIMC1,-0.052227166,,0.9583476880496745,0.9995645637783087
4,IL16,-0.052281737,,0.9583042038333232,0.9995645637783087
4,PHF12,-0.053809807,,0.9570866966196677,0.9995645637783087
4,STK11IP,-0.054082677,3.8125436,0.9568692950696116,0.9995645637783087
4,RP11-488C13.5,-0.055119578,1.430908,0.9560431985762776,0.9995645637783087
4,TMEM222,-0.055228725,,0.9559562437817684,0.9995645637783087
4,ZNF567,-0.05555617,2.481676,0.9556953825473887,0.9995645637783087
4,CGRRF1,-0.05730253,2.1137648,0.9543042034555318,0.9995645637783087
4,FSTL1,-0.058448583,1.1449071,0.9533913175676826,0.9995645637783087
4,CTD-2015H6.3,-0.058448583,1.1710517,0.9533913175676826,0.9995645637783087
4,LINC00211,-0.058448583,1.1817433,0.9533913175676826,0.9995645637783087
4,RP11-1000B6.3,-0.058448583,1.1888199,0.9533913175676826,0.9995645637783087
4,RP11-219B17.1,-0.058448583,1.1913005,0.9533913175676826,0.9995645637783087
4,JAM3,-0.058448583,1.1777285,0.9533913175676826,0.9995645637783087
4,CLDN5,-0.058448583,1.1529262,0.9533913175676826,0.9995645637783087
4,IDO1,-0.058448583,1.210612,0.9533913175676826,0.9995645637783087
4,SHPK-1,-0.058448583,1.1939695,0.9533913175676826,0.9995645637783087
4,SNTA1,-0.058448583,1.2060368,0.9533913175676826,0.9995645637783087
4,CD274,-0.058448583,1.206687,0.9533913175676826,0.9995645637783087
4,HGD,-0.058448583,1.1632062,0.9533913175676826,0.9995645637783087
4,RP11-432I5.1,-0.058448583,1.2558407,0.9533913175676826,0.9995645637783087
4,CRIP3,-0.058448583,1.2028974,0.9533913175676826,0.9995645637783087
4,ZNF653,-0.058448583,1.1711001,0.9533913175676826,0.9995645637783087
4,POLA1,-0.058448583,1.2043837,0.9533913175676826,0.9995645637783087
4,RP11-527L4.5,-0.058448583,1.2806771,0.9533913175676826,0.9995645637783087
4,PLA2G4C,-0.058448583,1.237767,0.9533913175676826,0.9995645637783087
4,CCDC122,-0.058448583,1.1477239,0.9533913175676826,0.9995645637783087
4,HP,-0.058448583,1.1444966,0.9533913175676826,0.9995645637783087
4,AC004257.3,-0.058448583,1.1759493,0.9533913175676826,0.9995645637783087
4,RP11-950C14.3,-0.058448583,1.1630849,0.9533913175676826,0.9995645637783087
4,PRICKLE1,-0.058448583,1.1912678,0.9533913175676826,0.9995645637783087
4,TEX2,-0.058448583,1.2057991,0.9533913175676826,0.9995645637783087
4,HOMER2,-0.058448583,1.2184433,0.9533913175676826,0.9995645637783087
4,PSMC5,-0.05954006,,0.952521959268044,0.9995645637783087
4,NAA25,-0.060194947,1.7571998,0.9520003713397167,0.9995645637783087
4,PHRF1,-0.061231848,2.6260319,0.9511745659253099,0.9995645637783087
4,USP38,-0.06166844,,0.9508268740167477,0.9995645637783087
4,ISCA2,-0.06166844,,0.9508268740167477,0.9995645637783087
4,ACD,-0.0623779,,0.9502618946601078,0.9995645637783087
4,CTNNB1,-0.06330565,,0.949523113270762,0.9995645637783087
4,FUS,-0.06423341,,0.9487843752703621,0.9995645637783087
4,PEMT,-0.06428798,1.3760235,0.9487409214586155,0.9995645637783087
4,TGFBRAP1,-0.06450628,2.3396428,0.9485671077374672,0.9995645637783087
4,MIS18BP1,-0.06527031,,0.9479587790418499,0.9995645637783087
4,SLC48A1,-0.06559776,2.3759751,0.9476980760095857,0.9995645637783087
4,RP11-701P16.5,-0.06679838,1.4637908,0.9467422130116282,0.9995645637783087
4,LY6G6F,-0.06679838,1.3075668,0.9467422130116282,0.9995645637783087
4,EML6,-0.06679838,1.3639488,0.9467422130116282,0.9995645637783087
4,MYO1E,-0.06679838,1.3089854,0.9467422130116282,0.9995645637783087
4,RP11-178G16.4,-0.06679838,1.3414886,0.9467422130116282,0.9995645637783087
4,RP11-798G7.6,-0.06679838,1.3063991,0.9467422130116282,0.9995645637783087
4,SLC22A4,-0.06679838,1.4935411,0.9467422130116282,0.9995645637783087
4,TOP2A,-0.06679838,1.3612391,0.9467422130116282,0.9995645637783087
4,CLEC4C,-0.06679838,1.4132333,0.9467422130116282,0.9995645637783087
4,FAXDC2,-0.06679838,1.3388101,0.9467422130116282,0.9995645637783087
4,CXCL3,-0.06679838,1.3663251,0.9467422130116282,0.9995645637783087
4,ACOT11,-0.06679838,1.3693331,0.9467422130116282,0.9995645637783087
4,CTD-2368P22.1,-0.06679838,1.3891594,0.9467422130116282,0.9995645637783087
4,RFPL2,-0.06679838,1.4270335,0.9467422130116282,0.9995645637783087
4,PROK2,-0.06679838,1.2649088,0.9467422130116282,0.9995645637783087
4,RP11-142C4.6,-0.06679838,1.3001521,0.9467422130116282,0.9995645637783087
4,WBP2NL,-0.06679838,1.3181411,0.9467422130116282,0.9995645637783087
4,PLCL1,-0.06679838,1.3385377,0.9467422130116282,0.9995645637783087
4,RPH3A,-0.06679838,1.3236642,0.9467422130116282,0.9995645637783087
4,SPATA7,-0.06679838,1.4039602,0.9467422130116282,0.9995645637783087
4,PRKAR2B,-0.06679838,1.3447216,0.9467422130116282,0.9995645637783087
4,CUL4B,-0.06739869,0.44329903,0.9462643101732636,0.9995645637783087
4,PXMP4,-0.06750784,1.0038774,0.9461774208204704,0.9995645637783087
4,SYVN1,-0.068981335,2.0471647,0.9450044776401179,0.9995645637783087
4,PDE6B,-0.07100057,3.2529345,0.9433973051916181,0.9995645637783087
4,RP11-70P17.1,-0.07236491,2.6925812,0.9423115078925887,0.9995645637783087
4,KLC4,-0.07269236,2.9026585,0.9420509324158465,0.9995645637783087
4,CPNE5,-0.07269236,2.6226454,0.9420509324158465,0.9995645637783087
4,LINC00662,-0.0728015,,0.941964075300516,0.9995645637783087
4,RP11-367G6.3,-0.07291065,2.2776814,0.9418772188753592,0.9995645637783087
4,DPH6,-0.07345639,1.3312622,0.9414429471382071,0.9995645637783087
4,BAG5,-0.073729254,0.1765308,0.9412258177898627,0.9995645637783087
4,AP003419.16,-0.07514818,1.4758679,0.9400968159576717,0.9995645637783087
4,SCGB1C1,-0.07514818,1.4518328,0.9400968159576717,0.9995645637783087
4,GNG3,-0.07514818,1.4311736,0.9400968159576717,0.9995645637783087
4,LRRIQ3,-0.07514818,1.7273409,0.9400968159576717,0.9995645637783087
4,MCF2L,-0.07514818,1.4379783,0.9400968159576717,0.9995645637783087
4,TCL1B,-0.07514818,1.446381,0.9400968159576717,0.9995645637783087
4,FBXL14,-0.07514818,1.4343469,0.9400968159576717,0.9995645637783087
4,AEBP1,-0.07514818,1.6869748,0.9400968159576717,0.9995645637783087
4,ACVR2A,-0.07514818,1.4794246,0.9400968159576717,0.9995645637783087
4,S100P,-0.07514818,1.4132581,0.9400968159576717,0.9995645637783087
4,ZNF503,-0.07514818,1.6097358,0.9400968159576717,0.9995645637783087
4,C19orf33,-0.07514818,1.5016838,0.9400968159576717,0.9995645637783087
4,TUBG2,-0.07514818,1.5468901,0.9400968159576717,0.9995645637783087
4,GNE,-0.07514818,1.4445206,0.9400968159576717,0.9995645637783087
4,REPS2,-0.07514818,1.5989131,0.9400968159576717,0.9995645637783087
4,GZMK,-0.07749485,,0.9382298858737635,0.9995645637783087
4,THOC7,-0.07765857,,0.9380996474879733,0.9995645637783087
4,SMCHD1,-0.07776772,,0.938012822817171,0.9995645637783087
4,ZNF493,-0.07956866,2.034858,0.936580322917113,0.9995645637783087
4,TRIM8,-0.079950675,,0.936276485533941,0.9995645637783087
4,TMEM205,-0.0811513,,0.93532162866231,0.9995645637783087
4,SLC2A13,-0.08153332,2.5947552,0.9350178300108684,0.9995645637783087
4,CTC-378H22.1,-0.08317053,-0.85692364,0.9337159435117133,0.9995645637783087
4,YIPF5,-0.08322511,,0.9336725503287117,0.9995645637783087
4,SUV420H2,-0.08322511,0.045332577,0.9336725503287117,0.9995645637783087
4,RMND5A,-0.08333425,2.3808172,0.9335857645540997,0.9995645637783087
4,RP1-111C20.4,-0.08349798,1.6454769,0.9334555873725849,0.9995645637783087
4,CCL2,-0.08349798,1.6246338,0.9334555873725849,0.9995645637783087
4,LINC01013,-0.08349798,1.5665004,0.9334555873725849,0.9995645637783087
4,EGFL7,-0.08349798,1.6278149,0.9334555873725849,0.9995645637783087
4,PTGDR2,-0.08349798,1.7215016,0.9334555873725849,0.9995645637783087
4,RP11-398C13.6,-0.08349798,1.6193054,0.9334555873725849,0.9995645637783087
4,NEFH,-0.08349798,1.7444702,0.9334555873725849,0.9995645637783087
4,ESAM,-0.08349798,1.5571388,0.9334555873725849,0.9995645637783087
4,C2orf88,-0.08349798,1.5571519,0.9334555873725849,0.9995645637783087
4,NSMAF,-0.084262006,2.9232996,0.9328481174446336,0.9995645637783087
4,MZT1,-0.08557178,,0.9318068316040684,0.9995645637783087
4,BANP,-0.08655411,2.0004437,0.9310259437112388,0.9995645637783087
4,FRAT1,-0.086772405,1.6752728,0.9308524220582376,0.9995645637783087
4,TMEM91,-0.086772405,4.4229054,0.9308524220582376,0.9995645637783087
4,ADPRM,-0.0869907,2.8895965,0.9306789036920546,0.9995645637783087
4,RIOK1,-0.08753644,5.407247,0.9302451222102799,0.9995645637783087
4,KLF11,-0.08808218,1.5729942,0.929811361450617,0.9995645637783087
4,MRPL1,-0.08808218,7.9908776,0.929811361450617,0.9995645637783087
4,IFIT2,-0.08808218,-0.8026691,0.929811361450617,0.9995645637783087
4,TRIP12,-0.08808218,1.553642,0.929811361450617,0.9995645637783087
4,TNRC18,-0.08840962,2.584968,0.9295511149947613,0.9995645637783087
4,RABL6,-0.08971939,0.82650894,0.9285102047861168,0.9995645637783087
4,SLC35A2,-0.09102917,6.227819,0.9274694168896701,0.9995645637783087
4,DLEU7,-0.09184777,1.7059941,0.9268189873529507,0.9995645637783087
4,SEC61A2,-0.09184777,1.6444266,0.9268189873529507,0.9995645637783087
4,RP11-145M9.4,-0.09184777,1.7724904,0.9268189873529507,0.9995645637783087
4,SLC22A18AS,-0.09184777,1.759001,0.9268189873529507,0.9995645637783087
4,ANKEF1,-0.09184777,1.6985705,0.9268189873529507,0.9995645637783087
4,PCP2,-0.09184777,1.6991915,0.9268189873529507,0.9995645637783087
4,ARG2,-0.09184777,1.7456121,0.9268189873529507,0.9995645637783087
4,PRELID2,-0.09184777,1.7686878,0.9268189873529507,0.9995645637783087
4,LILRA4,-0.09184777,1.7441107,0.9268189873529507,0.9995645637783087
4,ALOX12,-0.09184777,1.6816816,0.9268189873529507,0.9995645637783087
4,DEDD,-0.09239351,3.2077222,0.9263853948030113,0.9995645637783087
4,TAF6L,-0.09310297,3.9322827,0.9258217571914424,0.9995645637783087
4,WDYHV1,-0.093867004,2.8265557,0.9252148044829669,0.9995645637783087
4,DUS3L,-0.098287486,3.0306087,0.9217040149714985,0.9995645637783087
4,GFER,-0.09834206,,0.9216606812813324,0.9995645637783087
4,JKAMP,-0.09932439,6.9649577,0.9208807147511631,0.9995645637783087
4,RP11-162G10.5,-0.10019757,1.8760898,0.920187475029542,0.9995645637783087
4,LYSMD4,-0.10019757,1.8242836,0.920187475029542,0.9995645637783087
4,SEPT5,-0.10019757,1.8317571,0.920187475029542,0.9995645637783087
4,OSBPL1A,-0.10019757,1.9665629,0.920187475029542,0.9995645637783087
4,ACPP,-0.10019757,1.9716184,0.920187475029542,0.9995645637783087
4,RP5-894A10.2,-0.10019757,1.8449893,0.920187475029542,0.9995645637783087
4,CXCL10,-0.10019757,2.0147724,0.920187475029542,0.9995645637783087
4,GFI1B,-0.10019757,1.8648683,0.920187475029542,0.9995645637783087
4,AC092295.7,-0.10019757,1.9141436,0.920187475029542,0.9995645637783087
4,SLC39A14,-0.10019757,1.8173972,0.920187475029542,0.9995645637783087
4,CCDC151,-0.10019757,1.9050424,0.920187475029542,0.9995645637783087
4,LUC7L,-0.10150734,1.5733199,0.9191477293281208,0.9995645637783087
4,SAMD4B,-0.10167106,,0.9190177707982965,0.9995645637783087
4,ORC2,-0.10199851,3.2288828,0.9187578602318093,0.9995645637783087
4,PWP1,-0.10281712,4.1278157,0.9181081218532322,0.9995645637783087
4,PDXDC1,-0.103581145,2.5916173,0.917501748695172,0.9995645637783087
4,DHX34,-0.10587325,3.146991,0.915682918538351,0.9995645637783087
4,GOLGA1,-0.106091544,3.4076738,0.9155097194870494,0.9995645637783087
4,PDIK1L,-0.10696473,3.6318257,0.9148169634746511,0.9995645637783087
4,GNS,-0.10729217,,0.9145571966224582,0.9995645637783087
4,DENND5B,-0.10854737,2.008144,0.9135615084720385,0.9995645637783087
4,URB2,-0.10854737,2.1394937,0.9135615084720385,0.9995645637783087
4,PRRG2,-0.10854737,2.0397005,0.9135615084720385,0.9995645637783087
4,LAMP3,-0.10854737,2.3389168,0.9135615084720385,0.9995645637783087
4,FCAR,-0.10854737,2.0357783,0.9135615084720385,0.9995645637783087
4,CMTM2,-0.10854737,2.0064526,0.9135615084720385,0.9995645637783087
4,ZNF256,-0.10854737,2.0106936,0.9135615084720385,0.9995645637783087
4,CDC42BPB,-0.10854737,2.0338624,0.9135615084720385,0.9995645637783087
4,AC147651.3,-0.10854737,1.9758409,0.9135615084720385,0.9995645637783087
4,FCGR3B,-0.10854737,2.0951836,0.9135615084720385,0.9995645637783087
4,CLEC1B,-0.10854737,1.9642415,0.9135615084720385,0.9995645637783087
4,LZTS2,-0.10854737,2.372866,0.9135615084720385,0.9995645637783087
4,KCNE1,-0.10854737,2.1074336,0.9135615084720385,0.9995645637783087
4,CTNNAL1,-0.10854737,1.9305415,0.9135615084720385,0.9995645637783087
4,SLC16A5,-0.10854737,1.9750582,0.9135615084720385,0.9995645637783087
4,POMT1,-0.10898396,2.9193044,0.9132152138772419,0.9995645637783087
4,RP11-138A9.2,-0.10980257,5.1623874,0.9125659559733502,0.9995645637783087
4,FBXO11,-0.10991171,,0.9124793926525744,0.9995645637783087
4,UBE2D4,-0.11209467,1.9393841,0.910748345668401,0.9995645637783087
4,HCFC2,-0.11427762,3.648122,0.9090177222150344,0.9995645637783087
4,NEMF,-0.11504166,,0.9084121055723332,0.9995645637783087
4,TMEM40,-0.116897166,2.1103556,0.9069415445941105,0.9995645637783087
4,AP001189.4,-0.116897166,2.0564303,0.9069415445941105,0.9995645637783087
4,FBXW9,-0.116897166,2.2075949,0.9069415445941105,0.9995645637783087
4,ABHD5,-0.116897166,3.8999002,0.9069415445941105,0.9995645637783087
4,CMTM5,-0.116897166,2.0643883,0.9069415445941105,0.9995645637783087
4,SARDH,-0.116897166,2.24945,0.9069415445941105,0.9995645637783087
4,INTS2,-0.116897166,2.4091556,0.9069415445941105,0.9995645637783087
4,LARGE,-0.116897166,2.1776786,0.9069415445941105,0.9995645637783087
4,RRAGC,-0.117879495,,0.9061631411137739,0.9995645637783087
4,PGRMC2,-0.118425235,-0.43156818,0.9057307336339536,0.9995645637783087
4,GBP1,-0.1184798,,0.905687494420865,0.9995645637783087
4,CORO7,-0.118861824,,0.905384827764579,0.9995645637783087
4,DTYMK,-0.11951671,,0.9048660026370079,0.9995645637783087
4,ARHGEF7,-0.119680434,,0.9047363026913547,0.9995645637783087
4,PRUNE,-0.122900285,4.687532,0.9021860578840911,0.9995645637783087
4,METTL21A,-0.12322773,,0.9019267670395905,0.9995645637783087
4,ZBED5-AS1,-0.123991765,4.6667056,0.9013217958027032,0.9995645637783087
4,PMEPA1,-0.12524696,2.3013659,0.9003280390589051,0.9995645637783087
4,HIST1H2BJ,-0.12524696,2.401061,0.9003280390589051,0.9995645637783087
4,NMNAT3,-0.12524696,2.4233053,0.9003280390589051,0.9995645637783087
4,MANEA-AS1,-0.12524696,2.3823106,0.9003280390589051,0.9995645637783087
4,ANKRD9,-0.12524696,2.2654614,0.9003280390589051,0.9995645637783087
4,GP1BA,-0.12524696,2.3375926,0.9003280390589051,0.9995645637783087
4,HEMGN,-0.12524696,2.3579183,0.9003280390589051,0.9995645637783087
4,NME6,-0.12781194,1.5369986,0.8982978061983038,0.9995645637783087
4,C1orf86,-0.12944914,,0.8970022600031224,0.9995645637783087
4,KDM3B,-0.12988573,4.1806846,0.8966568272442075,0.9995645637783087
4,MTIF2,-0.13021319,2.8142116,0.8963977655260198,0.9995645637783087
4,ZNF747,-0.13021319,3.6666293,0.8963977655260198,0.9995645637783087
4,USP20,-0.13032234,,0.8963114140731605,0.9995645637783087
4,MTRF1,-0.13032234,3.6717257,0.8963114140731605,0.9995645637783087
4,MPP6,-0.13043147,4.5028296,0.8962250638485885,0.9995645637783087
4,YEATS2,-0.13043147,3.7330267,0.8962250638485885,0.9995645637783087
4,SHOC2,-0.1310318,2.9820108,0.8957501596142612,0.9995645637783087
4,SNAP47,-0.13283272,5.6181636,0.8943256717108968,0.9995645637783087
4,USP30,-0.13359676,2.8318968,0.8937214461849675,0.9995645637783087
4,ABCC3,-0.13359676,2.6900985,0.8937214461849675,0.9995645637783087
4,TRIM16L,-0.13359676,2.447095,0.8937214461849675,0.9995645637783087
4,GP9,-0.13359676,2.2133842,0.8937214461849675,0.9995645637783087
4,TMEM116,-0.13807182,,0.890183660685961,0.9995645637783087
4,ARMCX5,-0.1382901,4.263342,0.8900111411186585,0.9995645637783087
4,CYP27A1,-0.1387267,3.6352503,0.8896661176159893,0.9995645637783087
4,RP11-349A22.5,-0.138945,,0.8894936136967486,0.9995645637783087
4,CRTC1,-0.13905415,7.693333,0.8894073636986789,0.9995645637783087
4,PAX5,-0.13916329,8.091946,0.8893211150096532,0.9995645637783087
4,MLEC,-0.13987274,,0.8887605305085173,0.9995645637783087
4,ITGA2B,-0.14194655,2.1589036,0.8871222188526269,0.9995645637783087
4,PDIA5,-0.14194655,2.6616383,0.8871222188526269,0.9995645637783087
4,C1QB,-0.14194655,2.693248,0.8871222188526269,0.9995645637783087
4,KIAA0101,-0.14194655,2.5280466,0.8871222188526269,0.9995645637783087
4,RP11-421L21.3,-0.14571215,8.683673,0.8841486273004765,0.9995645637783087
4,SSBP1,-0.14609417,,0.8838470490346491,0.9995645637783087
4,FBXO21,-0.14669448,,0.8833731743527559,0.9995645637783087
4,SNRNP27,-0.14702192,,0.8831147148310208,0.9995645637783087
4,IFFO1,-0.14898658,4.703885,0.88156421993719,0.9995645637783087
4,RP13-270P17.3,-0.14953232,,0.8811336071922652,0.9995645637783087
4,ZNF718,-0.15029636,2.9830997,0.8805308084108826,0.9995645637783087
4,SPATA6,-0.15029636,2.7651093,0.8805308084108826,0.9995645637783087
4,IDUA,-0.15029636,3.5867877,0.8805308084108826,0.9995645637783087
4,SPHK1,-0.15029636,3.1495829,0.8805308084108826,0.9995645637783087
4,LYPD2,-0.15029636,2.507946,0.8805308084108826,0.9995645637783087
4,NFAT5,-0.15286133,3.291086,0.8785076349959131,0.9995645637783087
4,C1QA,-0.15619034,3.4118547,0.8758829987526117,0.9995645637783087
4,STAU1,-0.15684521,,0.8753668365720754,0.9995645637783087
4,CEP120,-0.15820956,4.4711623,0.8742916692210437,0.9995645637783087
4,UNC45A,-0.15837328,3.5054667,0.8741626646943941,0.9995645637783087
4,AL928768.3,-0.15864615,2.7080882,0.8739476645848201,0.9995645637783087
4,TSPAN33,-0.15864615,2.7536228,0.8739476645848201,0.9995645637783087
4,C6orf25,-0.15864615,2.9711626,0.8739476645848201,0.9995645637783087
4,SPRY1,-0.15864615,3.190238,0.8739476645848201,0.9995645637783087
4,ZWINT,-0.15864615,2.870684,0.8739476645848201,0.9995645637783087
4,ELOVL4,-0.15864615,3.4116383,0.8739476645848201,0.9995645637783087
4,ZSWIM6,-0.15864615,3.1179898,0.8739476645848201,0.9995645637783087
4,C9orf3,-0.15864615,3.170179,0.8739476645848201,0.9995645637783087
4,RBPJ,-0.15935561,,0.8733887078959985,0.9995645637783087
4,OTUD5,-0.15951933,,0.8732597268546396,0.9995645637783087
4,VTI1A,-0.16011965,6.022317,0.8727868252148496,0.9995645637783087
4,IGJ,-0.16110198,5.7899613,0.8720130842892105,0.9995645637783087
4,USP5,-0.16132027,5.3326406,0.8718411584631791,0.9995645637783087
4,REEP3,-0.16175686,6.996694,0.8714973249821196,0.9995645637783087
4,TBCK,-0.16404897,4.372282,0.8696925990528236,0.9995645637783087
4,TRIM69,-0.16617735,,0.8680173894379253,0.9995645637783087
4,REXO2,-0.16661394,,0.8676738296768296,0.9995645637783087
4,IL4I1,-0.16699596,3.3402176,0.8673732353835899,0.9995645637783087
4,PTCRA,-0.16699596,2.3219814,0.8673732353835899,0.9995645637783087
4,FRY-AS1,-0.16699596,3.3551211,0.8673732353835899,0.9995645637783087
4,DMTN,-0.16699596,3.146718,0.8673732353835899,0.9995645637783087
4,LONRF1,-0.16699596,3.2587087,0.8673732353835899,0.9995645637783087
4,RCE1,-0.1673234,,0.8671155983930627,0.9995645637783087
4,GMPR2,-0.16737796,,0.8670726602662329,0.9995645637783087
4,ASXL2,-0.16765083,,0.866857975517791,0.9995645637783087
4,RNF26,-0.16781455,,0.8667291693817659,0.9995645637783087
4,TBC1D23,-0.168142,6.3505573,0.8664715677297146,0.9995645637783087
4,MMD,-0.16890603,5.1017466,0.8658705524082856,0.9995645637783087
4,RNF25,-0.16988836,7.468974,0.8650979324310663,0.9995645637783087
4,ZNF561,-0.17087069,5.7718596,0.8643254413827571,0.9995645637783087
4,SREBF1,-0.17114356,4.318403,0.8641108835144433,0.9995645637783087
4,AC113189.5,-0.17114356,5.3573484,0.8641108835144433,0.9995645637783087
4,FCER1A,-0.17283535,,0.8627808489676643,0.9995645637783087
4,THAP2,-0.17387225,,0.8619658584658065,0.9995645637783087
4,ISG20L2,-0.17392683,,0.8619229682912479,0.9995645637783087
4,TPM1,-0.17458172,,0.8614083179861896,0.9995645637783087
4,CTNND1,-0.17534575,3.5545886,0.8608079670089791,0.9995645637783087
4,PJA1,-0.17725584,5.9207478,0.8593074421623225,0.9995645637783087
4,GOLGB1,-0.17736498,,0.8592217131772666,0.9995645637783087
4,DDB2,-0.17867476,,0.858193095088974,0.9995645637783087
4,CLIP1,-0.17927507,,0.857721725468486,0.9995645637783087
4,MPHOSPH10,-0.17943878,,0.8575931789143078,0.9995645637783087
4,TPTEP1,-0.17987537,4.734035,0.857250406574544,0.9995645637783087
4,CHN2,-0.18020283,4.6922107,0.8569933449808815,0.9995645637783087
4,HMG20A,-0.18063942,,0.8566506197882489,0.9995645637783087
4,ZNF333,-0.18063942,,0.8566506197882489,0.9995645637783087
4,C19orf24,-0.18074855,,0.8565649427107666,0.9995645637783087
4,CTD-2267D19.2,-0.18118516,,0.8562222513131621,0.9995645637783087
4,DENND5A,-0.18205833,,0.8555369499024306,0.9995645637783087
4,CES4A,-0.18369554,3.9589815,0.8542523037646085,0.9995645637783087
4,ANKAR,-0.18369554,4.2583833,0.8542523037646085,0.9995645637783087
4,RP11-164H13.1,-0.18369554,4.377329,0.8542523037646085,0.9995645637783087
4,SERPINF1,-0.18369554,3.1838744,0.8542523037646085,0.9995645637783087
4,IDH1,-0.18762486,,0.8511707354604776,0.9995645637783087
4,NDUFAF4,-0.18773401,,0.8510851685465799,0.9995645637783087
4,LRRK2,-0.18778858,5.4308324,0.851042385747061,0.9995645637783087
4,LRRC8C,-0.1883889,,0.8505718039171353,0.9995645637783087
4,STT3A,-0.19057184,5.988188,0.848861047072676,0.9995645637783087
4,ACTR2,-0.19155417,,0.8480914381637785,0.9995645637783087
4,SETD1B,-0.19166332,5.3695407,0.8480059349881693,0.9995645637783087
4,RPPH1,-0.19204535,3.9227421,0.8477066879657847,0.9995645637783087
4,TNFRSF17,-0.19204535,3.7004602,0.8477066879657847,0.9995645637783087
4,FAM212A,-0.19204535,3.417938,0.8477066879657847,0.9995645637783087
4,ZNF232,-0.19204535,4.5044746,0.8477066879657847,0.9995645637783087
4,KCNG1,-0.19204535,3.8334017,0.8477066879657847,0.9995645637783087
4,UBIAD1,-0.19286396,,0.8470655183247853,0.9995645637783087
4,RPUSD4,-0.1950469,,0.8453562285909236,0.9995645637783087
4,MRM1,-0.20039514,4.9427423,0.8411715598500387,0.9995645637783087
4,ARHGAP21,-0.20039514,4.1250668,0.8411715598500387,0.9995645637783087
4,IL6,-0.20039514,4.7168713,0.8411715598500387,0.9995645637783087
4,PDCD1,-0.20039514,5.3235188,0.8411715598500387,0.9995645637783087
4,PAWR,-0.20039514,5.0455923,0.8411715598500387,0.9995645637783087
4,KIF3A,-0.20274182,,0.839336837825658,0.9995645637783087
4,MKKS,-0.20503391,,0.8375456261721381,0.9995645637783087
4,DAGLB,-0.20628911,5.7202477,0.8365650806056724,0.9995645637783087
4,POLD2,-0.20710772,,0.8359257310438325,0.9995645637783087
4,TTPAL,-0.20858121,,0.8347751752409718,0.9995645637783087
4,TMEM60,-0.20983641,,0.8337953509284499,0.9995645637783087
4,AP3M2,-0.21240139,,0.8317939052480974,0.9995645637783087
4,DSCR3,-0.2127834,,0.8314959105561504,0.9995645637783087
4,MAP3K7CL,-0.2142569,5.893015,0.8303467297254327,0.9995645637783087
4,RNF14,-0.21643984,6.62901,0.8286449070839789,0.9995645637783087
4,RP11-102N12.3,-0.21709473,4.470803,0.8281345166972945,0.9995645637783087
4,CEACAM4,-0.21709473,4.161606,0.8281345166972945,0.9995645637783087
4,ST3GAL3,-0.21709473,6.2690625,0.8281345166972945,0.9995645637783087
4,ENHO,-0.21709473,3.8219655,0.8281345166972945,0.9995645637783087
4,ANKHD1,-0.21725845,,0.8280069304296994,0.9995645637783087
4,EIF2AK4,-0.21807706,4.667521,0.8273690672291047,0.9995645637783087
4,NABP1,-0.21895024,,0.8266888053250954,0.9995645637783087
4,FEM1B,-0.21982342,,0.8260086734633557,0.9995645637783087
4,APH1B,-0.21993257,,0.8259236661488224,0.9995645637783087
4,SRM,-0.22173351,,0.8245213407874441,0.9995645637783087
4,CKS1B,-0.22337073,,0.8232469852788572,0.9995645637783087
4,HDAC9,-0.22440763,,0.8224401342534674,0.9995645637783087
4,CYB561,-0.2252808,,0.8217608263274557,0.9995645637783087
4,DPY19L4,-0.22544453,5.887454,0.8216334709515256,0.9995645637783087
4,CDKN2A,-0.22544453,4.633085,0.8216334709515256,0.9995645637783087
4,NFATC1,-0.22762749,,0.819935849714774,0.9995645637783087
4,PELI1,-0.2284461,,0.8192994587623774,0.9995645637783087
4,GPS1,-0.22964671,0.19945566,0.8183663007349813,0.9995645637783087
4,RCHY1,-0.23215711,,0.8164159849215824,0.9995645637783087
4,WIBG,-0.23248456,,0.816161679428458,0.9995645637783087
4,PCNX,-0.23466751,,0.8144668054330451,0.9995645637783087
4,EPN1,-0.23543155,,0.8138738042109275,0.9995645637783087
4,LARS,-0.23674132,,0.8128574790116201,0.9995645637783087
4,CAMK2G,-0.23859683,,0.8114182247437903,0.9995645637783087
4,UTP6,-0.23876055,,0.8112912622367082,0.9995645637783087
4,CBX5,-0.2401249,,0.8102334346509292,0.9995645637783087
4,TTN-AS1,-0.24214412,5.472124,0.8086684862684831,0.9995645637783087
4,NOG,-0.24214412,,0.8086684862684831,0.9995645637783087
4,ABCC10,-0.24214412,6.4169664,0.8086684862684831,0.9995645637783087
4,PLD6,-0.24214412,,0.8086684862684831,0.9995645637783087
4,WDR91,-0.24214412,7.247768,0.8086684862684831,0.9995645637783087
4,C8orf44,-0.24214412,6.6476216,0.8086684862684831,0.9995645637783087
4,TMEM80,-0.24258071,,0.8083302194270066,0.9995645637783087
4,TARSL2,-0.24383591,,0.8073579020166824,0.9995645637783087
4,SAFB2,-0.2444908,,0.8068507240031126,0.9995645637783087
4,SIRT6,-0.24634631,,0.8054141612687227,0.9995645637783087
4,RP5-1073O3.7,-0.24967532,,0.8028384473048196,0.9995645637783087
4,NECAB3,-0.2504939,5.460181,0.8022054017983733,0.9995645637783087
4,CHD7,-0.25196743,,0.8010662472413081,0.9995645637783087
4,R3HDM2,-0.2537138,,0.7997166858909827,0.9995645637783087
4,MTERFD2,-0.25447783,,0.799126440561531,0.9995645637783087
4,RP11-428G5.5,-0.25884372,,0.7957558211393448,0.9995645637783087
4,SLC19A1,-0.25884372,6.723909,0.7957558211393448,0.9995645637783087
4,ENTPD3-AS1,-0.26315504,9.038826,0.7924310700704409,0.9995645637783087
4,PIGF,-0.2643557,,0.7915058586777898,0.9995645637783087
4,FBXO7,-0.26479226,,0.7911694909015123,0.9995645637783087
4,NR2C1,-0.2657746,,0.7904128056647095,0.9995645637783087
4,GBGT1,-0.26719353,4.7780914,0.789320164778187,0.9995645637783087
4,PTGS1,-0.26719353,5.1332626,0.789320164778187,0.9995645637783087
4,GPR35,-0.26719353,8.265463,0.789320164778187,0.9995645637783087
4,ACRBP,-0.26719353,3.7392466,0.789320164778187,0.9995645637783087
4,FAM63A,-0.26719353,,0.789320164778187,0.9995645637783087
4,PLEKHB2,-0.2680667,,0.7886479761160938,0.9995645637783087
4,DNAJC7,-0.26833957,,0.7884379494000079,0.9995645637783087
4,FHL1,-0.26883075,,0.7880599400731874,0.9995645637783087
4,OAT,-0.27019507,,0.7870101762970672,0.9995645637783087
4,YWHAG,-0.27068624,,0.7866323559594179,0.9995645637783087
4,BOLA1,-0.27090454,,0.7864644519270394,0.9995645637783087
4,C7orf26,-0.27112284,,0.7862965578237423,0.9995645637783087
4,CRTC2,-0.27385154,,0.7841987223202634,0.9995645637783087
4,JAKMIP1,-0.27554333,,0.7828988503544763,0.9995645637783087
4,BACE2,-0.27554333,16.133213,0.7828988503544763,0.9995645637783087
4,HELQ,-0.2784903,,0.7806360060353555,0.9995645637783087
4,CDK19,-0.28007296,,0.7794215398395844,0.9995645637783087
4,RGL2,-0.2822559,,0.7777472977659841,0.9995645637783087
4,MCUR1,-0.2823105,,0.7777054548967085,0.9995645637783087
4,HMGXB4,-0.28345653,,0.7768269037345759,0.9995645637783087
4,SUCLG2,-0.28356567,,0.7767432470611396,0.9995645637783087
4,ICOSLG,-0.2838931,,0.7764922925795692,0.9995645637783087
4,CCDC91,-0.2838931,,0.7764922925795692,0.9995645637783087
4,SAAL1,-0.2880953,,0.7732737893452335,0.9995645637783087
4,MALT1,-0.28978708,,0.771979124826544,0.9995645637783087
4,ATG4C,-0.29011452,,0.7717286177869582,0.9995645637783087
4,ING5,-0.29153344,,0.7706433625741753,0.9995645637783087
4,UBAC2,-0.29169717,,0.7705181696631631,0.9995645637783087
4,F13A1,-0.2922429,5.8948817,0.7701009031565923,0.9995645637783087
4,RP5-887A10.1,-0.2922429,,0.7701009031565923,0.9995645637783087
4,HBEGF,-0.2922429,,0.7701009031565923,0.9995645637783087
4,SPARC,-0.2922429,4.537955,0.7701009031565923,0.9995645637783087
4,ATXN7L3B,-0.29611766,,0.7671402310650096,0.9995645637783087
4,BLCAP,-0.2964451,,0.7668901884329234,0.9995645637783087
4,MDS2,-0.29830062,,0.765473739339344,0.9995645637783087
4,NIT1,-0.2989555,,0.764974003033771,0.9995645637783087
4,COA6,-0.29901007,,0.7649323627548719,0.9995645637783087
4,RP11-589C21.6,-0.2991738,,0.7648074459955411,0.9995645637783087
4,MARCKSL1,-0.29944667,,0.7645992649946538,0.9995645637783087
4,CD163,-0.30059272,,0.7637250907014532,0.9995645637783087
4,SND1,-0.30637753,,0.7593172090068515,0.9995645637783087
4,SMARCA4,-0.30943367,5.4870305,0.7569916593505583,0.9995645637783087
4,GALK1,-0.31319928,,0.7541292748654217,0.9995645637783087
4,CASC4,-0.31549138,,0.7523886033864557,0.9995645637783087
4,SIGLEC14,-0.3172923,,0.7510218152556469,0.9995645637783087
4,GNG11,-0.3172923,3.512679,0.7510218152556469,0.9995645637783087
4,TASP1,-0.31822005,,0.7503180167443996,0.9995645637783087
4,MFSD1,-0.32034844,,0.7487042060471705,0.9995645637783087
4,HDLBP,-0.32258597,,0.747008821964354,0.9995645637783087
4,MZB1,-0.32258597,,0.747008821964354,0.9995645637783087
4,DNAJC2,-0.32558754,,0.744736448751218,0.9995645637783087
4,SMPDL3A,-0.3256421,,0.7446951533646073,0.9995645637783087
4,GAS2L1,-0.3256421,,0.7446951533646073,0.9995645637783087
4,UBE2Q1,-0.32908025,7.358983,0.7420950280790154,0.9995645637783087
4,MARCH6,-0.32957143,,0.7417238209861837,0.9995645637783087
4,HDGF,-0.33077204,,0.7408166789776532,0.9995645637783087
4,WNK1,-0.33164522,,0.7401571655001855,0.9995645637783087
4,RARS,-0.33202726,,0.7398686883749126,0.9995645637783087
4,BACH1,-0.3373755,,0.7358338673916018,0.9995645637783087
4,DNTTIP1,-0.3387398,,0.7348057367080704,0.9995645637783087
4,BABAM1,-0.33988586,,0.7339424739822112,0.9995645637783087
4,ZNF350,-0.342178,,0.7322169581268827,0.9995645637783087
4,CSRP1,-0.342178,,0.7322169581268827,0.9995645637783087
4,PLA2G7,-0.3423417,,0.7320937586649944,0.9995645637783087
4,PF4,-0.3423417,4.0196614,0.7320937586649944,0.9995645637783087
4,ACOT13,-0.3461073,,0.7292620827092784,0.9995645637783087
4,MAGEH1,-0.34681675,,0.7287289903633524,0.9995645637783087
4,ST7L,-0.3487814,,0.7272534198391248,0.9995645637783087
4,MLTK,-0.3506915,,0.7258198063830525,0.9995645637783087
4,ATXN3,-0.3509098,,0.7256560258845686,0.9995645637783087
4,ODC1,-0.35216498,,0.7247145316882277,0.9995645637783087
4,FH,-0.3523833,,0.7245508360041281,0.9995645637783087
4,MOCS2,-0.3552757,,0.7223830595452784,0.9995645637783087
4,NOC4L,-0.35664004,,0.7213612953168892,0.9995645637783087
4,FAM210B,-0.35680377,,0.7212387169784924,0.9995645637783087
4,TOP1MT,-0.35789526,,0.7204217111817726,0.9995645637783087
4,ATG16L1,-0.3590413,,0.7195641985290765,0.9995645637783087
4,FCRL2,-0.3590413,,0.7195641985290765,0.9995645637783087
4,RRS1,-0.36127883,,0.7178910247879686,0.9995645637783087
4,SIK1,-0.36657247,,0.7139379368092031,0.9995645637783087
4,EREG,-0.36739108,,0.7133273163083008,0.9995645637783087
4,VIPR1,-0.36739108,,0.7133273163083008,0.9995645637783087
4,PTGES2,-0.36766395,,0.7131238169274063,0.9995645637783087
4,RBBP6,-0.36810055,,0.7127982603863806,0.9995645637783087
4,IP6K1,-0.36990148,,0.7114558932388335,0.9995645637783087
4,SURF6,-0.37033808,,0.7111306053825954,0.9995645637783087
4,EBNA1BP2,-0.37066552,,0.7108866739998725,0.9995645637783087
4,CEPT1,-0.37082925,,0.7107647194088281,0.9995645637783087
4,MAT2A,-0.37186614,,0.7099925123852306,0.9995645637783087
4,CTA-29F11.1,-0.37202987,,0.7098706121554152,0.9995645637783087
4,POLR3E,-0.3742674,,0.7082053876513987,0.9995645637783087
4,CD93,-0.3757409,,0.7071095371777991,0.9995645637783087
4,CR1,-0.3757409,,0.7071095371777991,0.9995645637783087
4,ATG7,-0.3757409,,0.7071095371777991,0.9995645637783087
4,KCNQ1OT1,-0.37645036,,0.7065821216707988,0.9995645637783087
4,TCF12,-0.3792882,,0.7044738703333004,0.9995645637783087
4,INTS12,-0.38125286,,0.7030156394420914,0.9995645637783087
4,XPOT,-0.38234434,,0.7022059826492166,0.9995645637783087
4,MYO9B,-0.38316292,,0.7015989617009074,0.9995645637783087
4,NUDCD1,-0.3838724,,0.7010730308534312,0.9995645637783087
4,TRIP11,-0.3856733,,0.6997386193347208,0.9995645637783087
4,C16orf80,-0.38583705,,0.6996173550846816,0.9995645637783087
4,GRPEL1,-0.38938436,,0.6969918486304248,0.9995645637783087
4,HSPB11,-0.3923859,,0.6947730957110303,0.9995645637783087
4,CLYBL,-0.3924405,,0.6947327788715278,0.9995645637783087
4,CXCL2,-0.3924405,,0.6947327788715278,0.9995645637783087
4,RBM48,-0.39729756,,0.6911480502112105,0.9995645637783087
4,ELL,-0.39838904,,0.6903434416639206,0.9995645637783087
4,ARAP1,-0.40351897,,0.6865664802755298,0.9995645637783087
4,SMARCD3,-0.40624768,,0.6845606350918529,0.9995645637783087
4,LSM6,-0.40821233,,0.6831178018853082,0.9995645637783087
4,CA2,-0.40914008,7.1019435,0.6824368657714703,0.9995645637783087
4,KIAA1430,-0.41039526,,0.681516010684866,0.9995645637783087
4,RARA,-0.4166167,,0.6769587964374888,0.9995645637783087
4,RWDD4,-0.41683498,,0.6767991075547258,0.9995645637783087
4,ANTXR2,-0.4169987,,0.6766793504275778,0.9995645637783087
4,GRAP,-0.41896337,,0.6752429033673275,0.9995645637783087
4,ARPP19,-0.41983655,,0.6746048615494067,0.9995645637783087
4,QRICH1,-0.42338386,,0.6720152256850694,0.9995645637783087
4,TUBB1,-0.42583966,5.2093635,0.6702246758835133,0.9995645637783087
4,CLU,-0.42583966,4.3599877,0.6702246758835133,0.9995645637783087
4,TMEM87A,-0.43004185,,0.6671651921537758,0.9995645637783087
4,RFC1,-0.43113333,,0.666371422994662,0.9995645637783087
4,HNRNPH3,-0.43167907,,0.6659746784061318,0.9995645637783087
4,C14orf166,-0.43189737,,0.6658160067329063,0.9995645637783087
4,DNAJA3,-0.43500808,,0.663556563731788,0.9995645637783087
4,MRPL40,-0.43522638,,0.6633981208512743,0.9995645637783087
4,CEP85L,-0.4376822,,0.6616166771038362,0.9995645637783087
4,PUM1,-0.4393194,,0.6604301106203418,0.9995645637783087
4,PLCB2,-0.44177523,,0.6586518613397705,0.9995645637783087
4,PITPNM1,-0.44253927,,0.6580990210868028,0.9995645637783087
4,GMPR,-0.44253927,,0.6580990210868028,0.9995645637783087
4,CD1C,-0.4470689,,0.6548253153344987,0.9995645637783087
4,GABARAPL2,-0.4474509,,0.6545495217437196,0.9995645637783087
4,MRPL41,-0.44799665,,0.6541556126784486,0.9995645637783087
4,CNIH4,-0.45094365,,0.6520301700710548,0.9995645637783087
4,DOCK10,-0.45323575,,0.6503789987710464,0.9995645637783087
4,XRRA1,-0.4541635,,0.6497111545546265,0.9995645637783087
4,GSTZ1,-0.45427266,,0.6496326031343007,0.9995645637783087
4,MTIF3,-0.45869312,,0.646454551825331,0.9995645637783087
4,PEX26,-0.45923886,,0.6460626452492454,0.9995645637783087
4,ADAM28,-0.4610398,,0.6447700508415561,0.9995645637783087
4,RELB,-0.4650237,,0.6419144915072362,0.9995645637783087
4,CWC15,-0.4694442,,0.6387521815492362,0.9995645637783087
4,GLB1,-0.4702082,,0.638206272557078,0.9995645637783087
4,FKBP5,-0.47069937,,0.637855434591549,0.9995645637783087
4,THEM4,-0.47119054,,0.63750467772717,0.9995645637783087
4,HCCS,-0.47282776,,0.6363360747548454,0.9995645637783087
4,PPIL4,-0.47326434,,0.6360245999196719,0.9995645637783087
4,UBE2E1,-0.47408295,,0.6354407580864073,0.9995645637783087
4,PSMG2,-0.47495613,,0.6348182431668785,0.9995645637783087
4,RGS14,-0.47555643,,0.6343904138658962,0.9995645637783087
4,KLHL6,-0.47593847,,0.6341182224319386,0.9995645637783087
4,VPS13C,-0.47904918,,0.6319036512205777,0.9995645637783087
4,SNX29P2,-0.4800315,,0.6312049972702184,0.9995645637783087
4,EIF1AY,-0.48101383,,0.6305066726916827,0.9995645637783087
4,ACBD3,-0.48428825,,0.6281813095407474,0.9995645637783087
4,NCOR2,-0.48734438,,0.626014294511235,0.9995645637783087
4,PTAFR,-0.48767182,,0.6257823053435092,0.9995645637783087
4,KIAA0125,-0.49307466,,0.6219598461464924,0.9995645637783087
4,ZNF593,-0.49602163,,0.6198791493047211,0.9995645637783087
4,MLLT10,-0.49645823,,0.6195711560763366,0.9995645637783087
4,QSOX1,-0.49787715,,0.6185706393052746,0.9995645637783087
4,RASGRP2,-0.49869576,,0.6179937393966755,0.9995645637783087
4,PPP1R14A,-0.5009878,,0.6163796732433413,0.9995645637783087
4,FCGR1B,-0.5009878,,0.6163796732433413,0.9995645637783087
4,AIM2,-0.5009878,,0.6163796732433413,0.9995645637783087
4,YPEL2,-0.5009878,,0.6163796732433413,0.9995645637783087
4,DIMT1,-0.5020793,,0.6156117209911696,0.9995645637783087
4,DOK3,-0.5052446,,0.6133870411264828,0.9995645637783087
4,PAICS,-0.5090648,,0.6107068184939326,0.9995645637783087
4,CD82,-0.5108657,,0.6094450892455818,0.9995645637783087
4,YTHDC1,-0.5110294,,0.6093304440769188,0.9995645637783087
4,PQBP1,-0.514795,,0.6066962570555037,0.9995645637783087
4,CPNE2,-0.51768744,,0.6046763587544454,0.9995645637783087
4,NCKAP1L,-0.51894265,,0.6038007387440881,0.9995645637783087
4,PITPNA-AS1,-0.5236906,,0.6004937767299707,0.9995645637783087
4,IL27RA,-0.52587354,,0.598976087055465,0.9995645637783087
4,CLEC10A,-0.5260372,,0.5988623304587404,0.9995645637783087
4,PPIF,-0.5302394,,0.5959459366531117,0.9995645637783087
4,TNNI2,-0.53438705,,0.5930737829966954,0.9995645637783087
4,EXOC4,-0.53935325,,0.5896431252334263,0.9995645637783087
4,SLC40A1,-0.5472119,,0.5842331661946072,0.9995645637783087
4,SAT2,-0.54792136,,0.5837459061110246,0.9995645637783087
4,GNAI2,-0.5543065,,0.579369107752302,0.9995645637783087
4,NRGN,-0.5561074,,0.578137416658594,0.9995645637783087
4,ST3GAL2,-0.5569806,,0.5775406767401434,0.9995645637783087
4,RNASEH2B,-0.5607462,,0.5749705635042784,0.9995645637783087
4,GGA2,-0.56298375,,0.5734459608571829,0.9995645637783087
4,PACSIN2,-0.56789535,,0.5701060101263778,0.9995645637783087
4,ARPC1B,-0.5708969,,0.5680695054320106,0.9995645637783087
4,SNHG12,-0.5732982,,0.5664428115277144,0.9995645637783087
4,NFIC,-0.5736802,,0.5661842254806972,0.9995645637783087
4,CD72,-0.5773912,,0.563675199415909,0.9995645637783087
4,NUMB,-0.5805565,,0.5615393906718922,0.9995645637783087
4,SRSF6,-0.58153886,,0.5608773501103825,0.9995645637783087
4,PEX16,-0.58606845,,0.5578295053454174,0.9995645637783087
4,SIAH2,-0.5866688,,0.5574261796247433,0.9995645637783087
4,NARG2,-0.58956116,,0.5554848752957333,0.9995645637783087
4,ANAPC13,-0.5921262,,0.5537661080574869,0.9995645637783087
4,IFI27,-0.59234446,,0.5536199503361711,0.9995645637783087
4,RGS18,-0.598293,,0.5496444415037937,0.9995645637783087
4,RASGRP4,-0.60118544,,0.5477164936625285,0.9995645637783087
4,GOT2,-0.60238606,,0.5469171965961382,0.9995645637783087
4,C12orf10,-0.60462356,,0.5454291400733244,0.9995645637783087
4,EIF5B,-0.60593337,,0.5445590157756685,0.9995645637783087
4,HLA-DOB,-0.606752,,0.5440155385659494,0.9995645637783087
4,MRP63,-0.6110633,,0.5411576841604405,0.9995645637783087
4,PIK3R1,-0.61433774,,0.5389921840215341,0.9995645637783087
4,SIVA1,-0.6183216,,0.5363633618038608,0.9995645637783087
4,AKTIP,-0.6193585,,0.5356802075125555,0.9995645637783087
4,TMEM219,-0.6202863,,0.535069335955333,0.9995645637783087
4,EFCAB14,-0.62044996,,0.5349615715646834,0.9995645637783087
4,BCL2A1,-0.6221418,,0.5338486474822549,0.9995645637783087
4,NFE2L2,-0.62557995,,0.5315905079481299,0.9995645637783087
4,IGLL5,-0.6275446,,0.5303023197612762,0.9995645637783087
4,AKAP8,-0.6295638,,0.5289800025874386,0.9995645637783087
4,FCGR2B,-0.6345846,,0.5256993674116501,0.9995645637783087
4,PPBP,-0.6429344,8.365142,0.5202666613660957,0.9995645637783087
4,AP003733.1,-0.64719117,,0.5175082266137498,0.9995645637783087
4,CD9,-0.6512842,,0.5148630417958933,0.9995645637783087
4,PNOC,-0.6528123,,0.5138773100107428,0.9995645637783087
4,ITSN2,-0.6588154,,0.5100143194822979,0.9995645637783087
4,CD2,-0.6607255,,0.5087883799994692,0.9995645637783087
4,SNX9,-0.66290843,,0.507389199769855,0.9995645637783087
4,C18orf21,-0.66329044,,0.5071445511432309,0.9995645637783087
4,TCEAL4,-0.6642728,,0.5065157393395943,0.9995645637783087
4,THYN1,-0.6766065,,0.49865567430888913,0.9995645637783087
4,RELT,-0.6821184,,0.49516407047153244,0.9995645637783087
4,MED28,-0.6821184,,0.49516407047153244,0.9995645637783087
4,MINA,-0.68773955,,0.4916168211955094,0.9995645637783087
4,CCDC66,-0.69166887,,0.48914531474923917,0.9995645637783087
4,MRPS33,-0.69898176,,0.48456344099620297,0.9995645637783087
4,GINM1,-0.70001864,,0.4839156604410678,0.9995645637783087
4,CTD-2006K23.1,-0.701383,,0.483064033761903,0.9995645637783087
4,MRPL21,-0.70422083,,0.48129526038235737,0.9995645637783087
4,ITM2A,-0.7053123,,0.48061590282451283,0.9995645637783087
4,SCAPER,-0.7097328,,0.47786985510587154,0.9995645637783087
4,KCNK6,-0.7097328,,0.47786985510587154,0.9995645637783087
4,TMEM55A,-0.71715486,,0.4732785664452467,0.9995645637783087
4,ADAP2,-0.7180826,,0.47270636659726784,0.9995645637783087
4,ARHGAP24,-0.7180826,,0.47270636659726784,0.9995645637783087
4,PRKCB,-0.7208113,,0.4710256354148239,0.9995645637783087
4,CAMK1D,-0.7211387,,0.4708241694847267,0.9995645637783087
4,CITED4,-0.7264324,,0.46757374475359603,0.9995645637783087
4,PHF3,-0.7400213,,0.4592870883090274,0.9995645637783087
4,ICOS,-0.7514818,,0.4523627641751319,0.9995645637783087
4,BLOC1S1,-0.75590223,,0.44970780045560954,0.9995645637783087
4,PARL,-0.7585218,,0.4481386664555118,0.9995645637783087
4,CHD2,-0.7604865,,0.4469638597562081,0.9995645637783087
4,TTC3,-0.7644158,,0.44461951014842127,0.9995645637783087
4,RGS19,-0.7721107,,0.4400488726238039,0.9995645637783087
4,ZNF467,-0.784881,,0.43252336266560887,0.9995645637783087
4,CD19,-0.784881,,0.43252336266560887,0.9995645637783087
4,CSRNP1,-0.79246676,,0.42808858349478796,0.9995645637783087
4,CCNG1,-0.7960686,,0.42599216167950693,0.9995645637783087
4,SGK1,-0.7961232,,0.4259604438502378,0.9995645637783087
4,SNX20,-0.7975421,,0.42513626407891003,0.9995645637783087
4,S100A12,-0.7983061,,0.4246928610321197,0.9995645637783087
4,ZNF106,-0.8029995,,0.42197503441359996,0.9995645637783087
4,GPR171,-0.8123316,,0.4166013784270517,0.9995645637783087
4,CNPY3,-0.81446,,0.41538148532317576,0.9995645637783087
4,MYCBP2,-0.8148966,,0.41513151193113107,0.9995645637783087
4,CECR5,-0.8156606,,0.4146942724654954,0.9995645637783087
4,RAD23A,-0.8158789,,0.41456939693268413,0.9995645637783087
4,FCRLA,-0.81707954,,0.4138829790717685,0.9995645637783087
4,RP11-291B21.2,-0.81828016,,0.4131972342604111,0.9995645637783087
4,PNRC1,-0.8200811,,0.41216987972727803,0.9995645637783087
4,PKIG,-0.82144547,,0.4113925901837985,0.9995645637783087
4,APOBEC3B,-0.82662994,,0.40844683420205574,0.9995645637783087
4,ZCCHC9,-0.83061385,,0.4061918113139428,0.9995645637783087
4,CAT,-0.83639866,,0.40293065985147647,0.9995645637783087
4,PPP6C,-0.84949636,,0.39560513651005136,0.9995645637783087
4,ZYX,-0.85151565,,0.394482987456241,0.9995645637783087
4,IL23A,-0.8540806,,0.3930603347479096,0.9995645637783087
4,MPP1,-0.8616118,,0.38890118347470837,0.9995645637783087
4,P2RY10,-0.863249,,0.3880005777580543,0.9995645637783087
4,STX11,-0.8639585,,0.3876107102555604,0.9995645637783087
4,SIRPG,-0.8642859,,0.3874308519788525,0.9995645637783087
4,NUDT1,-0.8817495,,0.37791226872091266,0.9995645637783087
4,RPL22L1,-0.8947381,,0.37092710337597745,0.9995645637783087
4,CORO1C,-0.89588416,,0.37031463659274266,0.9995645637783087
4,PARVB,-0.899486,,0.36839383347661436,0.9995645637783087
4,IFIT1,-0.9007412,,0.367725922280826,0.9995645637783087
4,SDHB,-0.90237844,,0.36685586801399017,0.9995645637783087
4,PLD4,-0.9030879,,0.36647924336863036,0.9995645637783087
4,SPIB,-0.91012794,,0.36275504697846317,0.9995645637783087
4,BLNK,-0.91012794,,0.36275504697846317,0.9995645637783087
4,RP11-18H21.1,-0.91012794,,0.36275504697846317,0.9995645637783087
4,POLR3K,-0.93010193,,0.35231829892124633,0.9995645637783087
4,POLR2I,-0.93321264,,0.35071017769283064,0.9995645637783087
4,RETN,-0.9351773,,0.3496969238381986,0.9995645637783087
4,SMIM14,-0.9370328,,0.34874166967636344,0.9995645637783087
4,RAB34,-0.9435271,,0.34541135070054696,0.9995645637783087
4,G0S2,-0.95176774,,0.3412147714723206,0.9995645637783087
4,DNAJC15,-0.9579892,,0.33806821123769415,0.9995645637783087
4,HOOK2,-0.9602267,,0.3369411246814483,0.9995645637783087
4,NAT9,-0.9717418,,0.3311790189343343,0.9995645637783087
4,FCGR1A,-0.9852761,,0.32448846578846646,0.9995645637783087
4,SWAP70,-1.004377,,0.31519695559201644,0.9995645637783087
4,PASK,-1.007324,,0.3137791298829351,0.9995645637783087
4,NSA2,-1.0097252,,0.3126269718247082,0.9995645637783087
4,ADSL,-1.0101072,,0.3124439312071635,0.9995645637783087
4,GRB2,-1.013327,,0.3109039662037786,0.9995645637783087
4,JUND,-1.0182933,,0.3085386010640949,0.9995645637783087
4,PHACTR1,-1.0270251,,0.3044086478891047,0.9995645637783087
4,P2RX5,-1.0471629,,0.29502448014775373,0.9995645637783087
4,SMAP2,-1.0512558,,0.29314108503741354,0.9995645637783087
4,MBOAT7,-1.0624435,,0.28803438729064457,0.9995645637783087
4,C16orf74,-1.0687741,,0.285171480767041,0.9995645637783087
4,RXRA,-1.0908219,,0.275351252215584,0.9995645637783087
4,KIAA0040,-1.0964975,,0.2728610763180107,0.9995645637783087
4,HVCN1,-1.1050111,,0.2691547744091737,0.9995645637783087
4,DESI1,-1.1068666,,0.26835159873547576,0.9995645637783087
4,CRTAP,-1.1196369,,0.2628685240688322,0.9995645637783087
4,FAM96A,-1.1346447,,0.25652421339288145,0.9995645637783087
4,UBE2D1,-1.143322,,0.2529049459551742,0.9995645637783087
4,SCGB3A1,-1.1522721,,0.24920929569378913,0.9995645637783087
4,PPP1R2,-1.1617134,,0.24535192871916156,0.9995645637783087
4,PFDN2,-1.1624774,,0.24504161374332034,0.9995645637783087
4,TREX1,-1.1749202,,0.240026643031227,0.9995645637783087
4,KARS,-1.1799409,,0.23802368402161356,0.9995645637783087
4,LYRM4,-1.1845253,,0.23620522833653268,0.9995645637783087
4,SPNS1,-1.2014977,,0.22955821339487248,0.9995645637783087
4,OSCAR,-1.2023709,,0.22921988092259338,0.9995645637783087
4,SURF1,-1.206573,,0.22759661934089415,0.9995645637783087
4,IRF8,-1.2688417,,0.2044975007966644,0.9995645637783087
4,CISH,-1.285323,,0.19867940859417066,0.9995645637783087
4,FOLR3,-1.2858688,,0.19848884805708633,0.9995645637783087
4,FGL2,-1.292254,,0.1962692115564204,0.9995645637783087
4,ARL4A,-1.3013132,,0.19315126602746246,0.9995645637783087
4,ILF3-AS1,-1.3062794,,0.19145754853346342,0.9995645637783087
4,TNFAIP2,-1.3069344,,0.19123501914153573,0.9995645637783087
4,MID1IP1,-1.3138652,,0.18889157249075028,0.9995645637783087
4,ASGR1,-1.3197047,,0.18693366429015157,0.9995645637783087
4,TAF1D,-1.3469915,,0.1779829644763411,0.9995645637783087
4,IL8,-1.3947437,,0.16309316358616244,0.9995645637783087
4,CD79B,-1.42274,,0.15481153815829868,0.9995645637783087
4,SMS,-1.4674906,,0.14224265629837865,0.9742647691669771
4,DRAM2,-1.4904661,,0.13610171225224033,0.9451507795294468
4,H2AFY,-1.5205363,,0.1283762353798114,0.9008858623144661
4,TMEM14B,-1.5257754,,0.12706580474957524,0.8948296109125018
4,BTK,-1.537236,,0.12423554611188048,0.8811031639140461
4,SCPEP1,-1.5372905,,0.12422218732710635,0.8811031639140461
4,NAPRT1,-1.5843878,,0.11310551427103288,0.8196051758770498
4,IFITM3,-1.5855337,,0.11284510994343593,0.8196051758770498
4,FCGR2A,-1.587171,,0.11247392371209879,0.8196051758770498
4,RIC3,-1.5884262,,0.11219000004239772,0.8196051758770498
4,SMCO4,-1.5933378,,0.11108442407017809,0.8196051758770498
4,IL1B,-1.607418,,0.10796272991437898,0.8056920142864102
4,TRADD,-1.6258093,,0.10399023650997406,0.7807815677802609
4,TNFSF10,-1.6335588,,0.10235153489317979,0.7724644142881493
4,UBXN1,-1.6343774,,0.10217963922053513,0.7724644142881493
4,EAF2,-1.656971,,0.09752535270426997,0.7560104860796122
4,LINC00926,-1.6605728,,0.09679927507870527,0.7560104860796122
4,TCL1A,-1.6691954,,0.09507864776081983,0.7521228259712762
4,EIF1B,-1.6887329,,0.09127062703417824,0.7390334172807954
4,MAFB,-1.7166747,,0.08603862348786187,0.7023561101049949
4,C5AR1,-1.7295542,,0.08370996633518168,0.6861472650424728
4,SRSF5,-1.8099414,,0.07030487472062548,0.6034753194903474
4,S100A11,-1.8175272,,0.06913643251827087,0.5985838313270204
4,PLBD1,-1.937153,,0.052726640694111385,0.4707735776259945
4,TRABD2A,-1.970443,,0.04878761402744564,0.445548986552015
4,ALKBH7,-2.0181952,,0.04357093839531306,0.4091167924442541
4,PPT1,-2.0329847,,0.042054070170600345,0.3967365110433995
4,SMDT1,-2.0757706,,0.03791517487257938,0.36810849390853767
4,LDLRAP1,-2.0957446,,0.036104852963376774,0.35571283707760365
4,GPR183,-2.098746,,0.035839282910978994,0.35484438525721773
4,ALDH2,-2.1696377,,0.03003431201284864,0.3033768890186731
4,IGSF6,-2.253463,,0.024229971138339763,0.24851252449579242
4,SNHG8,-2.2646506,,0.023534126915314504,0.24387696285300003
4,MS4A1,-2.273055,,0.023022865243225353,0.23982151295026408
4,C20orf27,-2.287899,,0.02214339816051694,0.233088401689652
4,GCA,-2.3095648,,0.02091225433041024,0.22129369661809778
4,CMTM7,-2.3835125,,0.017148303923209356,0.18741315763070335
4,CEBPB,-2.3914256,,0.01678308205257274,0.18442947310519495
4,FPR1,-2.4047418,,0.016183900910132193,0.17982112122369104
4,MYADM,-2.4480734,,0.014362242864530115,0.16228523010768492
4,CORO1B,-2.488458,,0.012829840654794951,0.14662675034051373
4,EIF3D,-2.6217272,,0.008748540927297672,0.1041492967535437
4,APOBEC3A,-2.626748,,0.00862051326100954,0.10323967977256934
4,MAL,-2.643175,,0.008213262338899732,0.10016173584024063
4,ATP5H,-2.6676238,,0.007638972378550082,0.09372972243619732
4,CDA,-2.6719353,,0.007541520909433083,0.09310519641275411
4,TMEM14C,-2.675701,,0.007457318622860537,0.09263749842062778
4,TYMP,-2.6817038,,0.0073248256295271,0.09156032036908875
4,BLVRA,-2.810771,,0.004942294008506016,0.06418563647410411
4,ATP5O,-2.8195574,,0.004808992297328303,0.0628626444095203
4,RILPL2,-2.8381126,,0.004538117788657059,0.05971207616654026
4,TNFSF13B,-2.8519197,,0.004345607284597048,0.05755771237876885
4,FYB,-2.9527175,,0.003149899675263881,0.04256621182789029
4,HINT1,-3.0200617,,0.0025272317164831267,0.03461961255456338
4,AQP3,-3.0949917,,0.0019681846311568013,0.02772091029798312
4,TALDO1,-3.117476,,0.0018240677664891573,0.025873301652328474
4,CD79A,-3.122606,,0.001792575572079708,0.02560822245828154
4,NCF2,-3.1435077,,0.001669359919122653,0.02437021779741099
4,MS4A6A,-3.2348645,,0.0012170052921187072,0.018029708031388255
4,HLA-DMB,-3.2620966,,0.001105914075227375,0.01675627386708144
4,CD48,-3.5514472,,0.00038311883928938864,0.0062295746225916855
4,S100A6,-3.5826635,,0.00034010867889574197,0.005621631056127966
4,IFI30,-3.6572113,,0.0002549741750377349,0.0044276879329814105
4,GRN,-3.737053,,0.0001861898076142176,0.0032953948250304
4,LGALS3,-3.8616996,,0.00011260101586228563,0.0020472911974961025
4,LINC00936,-3.9693737,,7.20617978816561e-05,0.001334477738549187
4,CD74,-4.110556,,3.94707194569656e-05,0.0007739356756267765
4,PRDX1,-4.2343297,,2.2923445532006237e-05,0.0004630999097374997
4,FCGRT,-4.3014555,,1.6967985934171123e-05,0.00034985538008600254
4,LGALS2,-4.3263955,,1.515690127040855e-05,0.0003224872610725223
4,S100A8,-4.419881,,9.875539282308533e-06,0.00021704481939139635
4,CST3,-4.448859,,8.632748792276264e-06,0.00019183886205058367
4,HLA-DQA1,-4.4634852,,8.063716199300927e-06,0.00018326627725683928
4,CTSS,-4.7934933,,1.6390199022767592e-06,3.811674191341301e-05
4,HLA-DQB1,-4.796386,,1.6155411457254853e-06,3.8012732840599654e-05
4,OAZ1,-4.9569964,,7.159128136350701e-07,1.7461288137440734e-05
4,CD37,-5.0316534,,4.862676164804437e-07,1.2006607814331943e-05
4,FCN1,-5.0694733,,3.989184235182018e-07,9.972960587955045e-06
4,HLA-DMA,-5.1095304,,3.2296062693899343e-07,8.176218403518821e-06
4,HLA-DPA1,-5.3475814,,8.913731186378749e-08,2.3152548536048697e-06
4,S100A9,-5.423548,,5.8427445558635365e-08,1.5375643568061939e-06
4,LST1,-5.5859056,,2.3248578474615503e-08,6.369473554689179e-07
4,NPC2,-5.6039147,,2.0956380111957716e-08,5.821216697766033e-07
4,SAT1,-5.7604327,,8.389866249685356e-09,2.363342605545171e-07
4,FTL,-5.8253207,,5.700298691860117e-09,1.6522604903942366e-07
4,LYZ,-5.9514956,,2.657032581763393e-09,7.814801711068802e-08
4,HLA-DPB1,-5.9926987,,2.0638690743216697e-09,6.254148710065665e-08
4,GPX1,-6.4318,,1.2610167297128813e-10,4.274632982077564e-09
4,RPS3A,-6.468801,,9.878360241351863e-11,3.406331117707539e-09
4,AIF1,-6.8084683,,9.864314481166126e-12,3.5229694575593307e-10
4,RPS27A,-7.209204,,5.627978665616095e-13,2.2070504571043513e-11
4,TPT1,-7.367632,,1.7368528013782383e-13,7.089195107666278e-12
4,HLA-DRB1,-7.3736353,,1.6603708904327997e-13,6.9182120434699986e-12
4,RPL34,-7.4737782,,7.792442113979363e-14,3.38801831042581e-12
4,HLA-DRA,-7.5734844,,3.633436859951623e-14,1.6148608266451658e-12
4,FTH1,-8.6278515,,6.251532114194988e-18,3.4730733967749937e-16
4,RPL21,-9.311606,,1.2591279671713221e-20,7.869549794820763e-19
4,COTL1,-10.045789,,9.587756076310508e-24,6.202793427287941e-22
4,JUNB,-10.670495,,1.3987847618885911e-26,9.99131972777565e-25
4,LTB,-11.824623,,2.9120695533192025e-32,2.6473359575629116e-30
4,RPS5,-12.160962,,5.0164666452407e-34,4.777587281181619e-32
4,RPL8,-13.343632,,1.2901845407283466e-40,1.5178641655627607e-38
4,RPL13,-14.780833,,1.9474154187433274e-49,2.9960237211435806e-47
4,RPL18A,-16.276703,,1.4444594632431917e-59,2.888918926486383e-57
5,HLA-DPA1,9.402324,,5.3371116482390354e-21,7.483652346657703e-18
5,HLA-DPB1,9.366699,,7.483652346657704e-21,7.483652346657703e-18
5,HLA-DRA,9.0610285,,1.2922589589785646e-19,8.615059726523764e-17
5,HLA-DRB1,9.021775,,1.8506521645641146e-19,9.253260822820573e-17
5,CD74,8.896539,,5.761537863505042e-19,1.9434689616831657e-16
5,HLA-DQA1,8.895219,,5.830406885049497e-19,1.9434689616831657e-16
5,CST3,8.862893,,7.796439932230768e-19,2.2275542663516477e-16
5,FCER1A,8.552385,,1.205708523045565e-17,3.0142713076139124e-15
5,HLA-DMA,7.9644647,,1.6594032779382467e-15,3.687562839862771e-13
5,HLA-DQB1,7.933678,,2.1274936477185333e-15,4.2549872954370666e-13
5,LYZ,7.190284,,6.465673234159715e-13,1.0776122056932857e-10
5,CLEC10A,7.0503135,,1.785152583431038e-12,2.7463885898939047e-10
5,GRN,6.970817,,3.151052143393201e-12,4.501503061990287e-10
5,GPX1,6.9233174,,4.411877944947113e-12,5.882503926596151e-10
5,GSTP1,6.830187,,8.480403726921346e-12,1.0600504658651682e-09
5,HLA-DMB,6.387625,,1.6848180532758717e-10,1.9821388862069076e-08
5,H2AFY,6.3065896,,2.8525104603483627e-10,3.1694560670537366e-08
5,LGALS1,6.2010345,,5.609326041804929e-10,5.904553728215715e-08
5,LGALS2,6.0318165,,1.6212702361199255e-09,1.6212702361199254e-07
5,ACTB,6.0039983,,1.9251693301648997e-09,1.8334946001570472e-07
5,FCGRT,5.900422,,3.625726892761039e-09,3.29611535705549e-07
5,ARPC1B,5.661274,,1.5025348061876236e-08,1.2521123384896862e-06
5,TYMP,5.644341,,1.6581515546072076e-08,1.326521243685766e-06
5,SRGN,5.571992,,2.5184337369823635e-08,1.937256720755664e-06
5,FCER1G,5.451923,,4.982809752446146e-08,3.5591498231758186e-06
5,COTL1,5.3912287,,6.997759988932602e-08,4.826041371677656e-06
5,PYCARD,5.2424617,,1.5844820776390307e-07,1.0222465017026004e-05
5,PHACTR1,5.187595,,2.1302712982414806e-07,1.3297243835925555e-05
5,TYROBP,5.1820974,,2.1940452329277166e-07,1.3297243835925555e-05
5,FTH1,5.164505,,2.410761260450978e-07,1.4180948590888105e-05
5,LST1,5.126241,,2.955839014157084e-07,1.689050865232619e-05
5,IGSF6,5.101392,,3.371648420030366e-07,1.873138011127981e-05
5,CD1C,4.955484,,7.215054595660837e-07,3.797397155610967e-05
5,PLD4,4.924147,,8.472908973427753e-07,4.345081524834745e-05
5,IL1B,4.8927007,,9.946172898628338e-07,4.851791657867482e-05
5,LAMTOR1,4.858615,,1.1820977692175428e-06,5.629036996274013e-05
5,ALDH2,4.829367,,1.3696750677873375e-06,6.37058171063878e-05
5,CYBA,4.7771397,,1.7780636485849542e-06,8.082107493567974e-05
5,IFI30,4.7372265,,2.166629303014807e-06,9.629463568954698e-05
5,C1orf162,4.731949,,2.223745348433877e-06,9.66845803666903e-05
5,GSN,4.6274934,,3.701184263908485e-06,0.00015749720271951
5,SERPINF1,4.5583324,,5.15613452705516e-06,0.00021155880211065089
5,MS4A6A,4.557233,,5.183190651710947e-06,0.00021155880211065089
5,AIF1,4.5451384,,5.489922729105226e-06,0.00021959690916420905
5,S100A11,4.505665,,6.616541614467819e-06,0.00025947222017520864
5,VAMP8,4.35261,,1.3452633106288445e-05,0.0005174089656264786
5,ENHO,4.253652,,2.103119986285758e-05,0.0007789333282539844
5,TPM4,4.220996,,2.4322530924341738e-05,0.0008844556699760632
5,CNPY3,4.1213784,,3.766124248530761e-05,0.0013450443744752716
5,RAB7A,4.005378,,6.19184919402304e-05,0.0021725786645694876
5,NCF2,3.943364,,8.034657999680006e-05,0.002770571724027588
5,OAZ1,3.884759,,0.00010243150440831866,0.0034722543867226666
5,TNFSF13B,3.81142,,0.00013817075675061485,0.004605691891687162
5,S100A6,3.7818427,,0.0001556717857051879,0.005103992973940587
5,SUMO3,3.755234,,0.00017317966328976358,0.0055864407512826965
5,ID2,3.7414896,,0.00018293263776138406,0.005807385325758224
5,TMEM219,3.6931102,,0.00022152786623013646,0.006922745819691764
5,SAT1,3.5844765,,0.00033775498732474443,0.010234999615901345
5,TNFAIP2,3.531589,,0.0004130708824308782,0.012330474102414272
5,ATP5C1,3.5181746,,0.0004345262501991381,0.012780183829386414
5,PRDX3,3.4210858,,0.0006237162092581675,0.01782046312166193
5,LGALS3,3.371277,,0.0007482055736628288,0.020874927902547906
5,SAT2,3.3700676,,0.0007514974044917246,0.020874927902547906
5,IFITM3,3.3326836,,0.0008601272627856447,0.02356513048727794
5,ATP5A1,3.3044255,,0.0009517126044461625,0.025721962282328717
5,SNX3,3.2911212,,0.0009978891930423018,0.02661037848112805
5,FTL,3.273089,,0.0010637903673732332,0.02799448335192719
5,RGS19,3.2454906,,0.001172484486783332,0.03045414251385278
5,PPT1,3.2215207,,0.0012751222625570712,0.03269544262966849
5,DNAJC15,3.2046978,,0.0013520430497526487,0.03412528186508169
5,OSTC,3.2019491,,0.0013650112746032676,0.03412528186508169
5,NPC2,3.1939225,,0.0014035379803480868,0.03465525877402684
5,C16orf13,3.1424644,,0.001675321091474067,0.04086149003595285
5,ATP6V1F,3.1250918,,0.0017774961491136714,0.04283123250876317
5,CCT4,3.1121173,,0.0018575070503620878,0.044226358341954465
5,PQBP1,3.107829,,0.00188467032366889,0.04434518408632682
5,ALKBH7,3.0954044,,0.001965447479670787,0.045708080922576444
5,SDHB,3.0640676,,0.0021834950832606884,0.050195289270360655
5,PPIB,3.0591197,,0.002219883737243609,0.05045190311917293
5,YWHAE,3.0319614,,0.0024297033301720465,0.05460007483532689
5,IRF7,2.9988654,,0.002709870028180332,0.05964361028476132
5,EFHD2,2.9984255,,0.00271378426795664,0.05964361028476132
5,PLBD1,2.9660993,,0.003016030750949197,0.06556588589019995
5,PHPT1,2.9167304,,0.0035372148226949676,0.07507364129665116
5,GSTO1,2.9142013,,0.00356599796159093,0.07507364129665116
5,MPC2,2.8995776,,0.0037366584866069287,0.07784705180431101
5,HAVCR2,2.8814354,,0.003958684966336697,0.0816223704399319
5,GADD45B,2.875388,,0.004035314436165627,0.08235335584011483
5,CSNK2B,2.8432815,,0.004465161119290458,0.09020527513718098
5,ARRB2,2.7967713,,0.005161605755444016,0.10094389701593584
5,TALDO1,2.7963314,,0.0051686359099055315,0.10094389701593584
5,CAT,2.7962215,,0.00517039479994693,0.10094389701593584
5,ABI3,2.7944622,,0.005198610696320696,0.10094389701593584
5,FGL2,2.7911637,,0.005251890769326358,0.10099789941012227
5,BLOC1S1,2.7854462,,0.005345412605613529,0.10181738296406723
5,AHNAK,2.7695029,,0.005614190847019475,0.1059281291890467
5,C17orf62,2.760047,,0.005779306480238701,0.10802442019137759
5,ETHE1,2.7428942,,0.006090030635150963,0.1127783450953882
5,RTFDC1,2.7299197,,0.006334975396831871,0.11623808067581415
5,CRTAP,2.7239823,,0.006449997785920758,0.11727268701674105
5,CLNS1A,2.6966038,,0.007005054865645998,0.12621720478641438
5,MYADM,2.6804407,,0.00735252835927778,0.1312951492728175
5,C12orf45,2.6719744,,0.007540641675348525,0.13346268451944293
5,BLNK,2.6592197,,0.007832185943565266,0.13740677093974152
5,FCN1,2.6460254,,0.00814437107865156,0.1416412361504619
5,PFDN2,2.6426167,,0.008226808310976535,0.1418415226030437
5,FAM173A,2.6241446,,0.00868668821798218,0.14780338248595756
5,MRPL41,2.6228251,,0.008720399566671496,0.14780338248595756
5,FKBP3,2.6179874,,0.008845010328943293,0.14865563578055954
5,RBM39,2.5863206,,0.009700661624182696,0.15968801648988268
5,IRF8,2.5848913,,0.009740969005882843,0.15968801648988268
5,TMEM208,2.5719168,,0.010113717704628431,0.1644242175641443
5,TMEM205,2.569168,,0.010194301488976947,0.1644242175641443
5,UBE2L6,2.5553138,,0.010609207117010853,0.16974731387217365
5,SAMD9L,2.5447583,,0.01093533696517083,0.1735767772249338
5,CTSS,2.5216682,,0.01167998160362395,0.1839367181673063
5,H3F3B,2.51694,,0.011837891136933357,0.1849670490145837
5,ZYX,2.5068245,,0.012182117254112945,0.18627598137764767
5,MBOAT7,2.5063846,,0.012197282784645895,0.18627598137764767
5,TBCB,2.5062747,,0.012201076780235923,0.18627598137764767
5,SMIM12,2.5001173,,0.012415216524310517,0.18810934127743206
5,S100A9,2.4626234,,0.01379247364371878,0.207405618702538
5,IGFBP7,2.432826,,0.014981499414617145,0.2228257991417314
5,SNRPB,2.4313965,,0.01504074144206687,0.2228257991417314
5,BTK,2.4285378,,0.015159844840378155,0.22293889471144343
5,MED28,2.4032485,,0.016250138496531685,0.23441037451037544
5,CTNNBIP1,2.3977509,,0.01649607998018611,0.23441037451037544
5,OLA1,2.3946722,,0.016635230411923038,0.23441037451037544
5,NCKAP1L,2.3935726,,0.016685176206623027,0.23441037451037544
5,SRP72,2.3925831,,0.016730239949672848,0.23441037451037544
5,CAPZA2,2.3919234,,0.016760341777491843,0.23441037451037544
5,NAPRT1,2.388185,,0.01693181856571564,0.23516414674605055
5,TOMM40,2.3832371,,0.017161139586746945,0.2367053736103027
5,C9orf142,2.3615763,,0.018197428866361536,0.24927984748440463
5,BABAM1,2.3584976,,0.018349080085607043,0.2496473481034972
5,SNX5,2.3498113,,0.018782932625049976,0.2538234138520267
5,PPP1R14A,2.3424444,,0.019157888740684772,0.2571528690024802
5,PSMD7,2.3235323,,0.020150567691601517,0.2673641278866233
5,GUSB,2.3228726,,0.020185991655440057,0.2673641278866233
5,TAF10,2.312757,,0.020736002740962687,0.2728421413284564
5,STK32C,2.3047304,,0.021181676129449104,0.27524679093327237
5,IFI44,2.3045106,,0.02119400290186197,0.27524679093327237
5,FERMT3,2.3017616,,0.021348615606838903,0.2754660078301794
5,UQCRC1,2.2879076,,0.02214290440383839,0.2823200663306476
5,ILF3,2.2875776,,0.022162125206955836,0.2823200663306476
5,IDH2,2.2739434,,0.02296938352177415,0.2889230631669705
5,LINC00936,2.265697,,0.023469940758567204,0.29337425948209006
5,DDT,2.2536023,,0.024221207937874106,0.30088457065682117
5,PRKCD,2.2340305,,0.025481068338980818,0.31458109060470146
5,RNF7,2.2300723,,0.02574265328848913,0.31586077654587885
5,PITHD1,2.2156682,,0.02671422926858202,0.32527318840568525
5,DYNLL1,2.213909,,0.026835038043469032,0.32527318840568525
5,GNAI2,2.18774,,0.028688536132773248,0.3456450136478704
5,MLEC,2.1744359,,0.029672422056364486,0.3552740153729931
5,FKBP5,2.1704774,,0.02997069277144387,0.3552740153729931
5,MPST,2.1698177,,0.03002065429901792,0.3552740153729931
5,TMEM14C,2.1653097,,0.03036397775824533,0.3572232677440627
5,ITGB7,2.145628,,0.03190266627751147,0.36901999020763915
5,OTUB1,2.1454082,,0.031920229152960784,0.36901999020763915
5,RPL8,2.1284754,,0.03329769299774426,0.3827321034223478
5,TRADD,2.1185796,,0.03412601641312034,0.38884130359273256
5,EIF2B1,2.1139615,,0.03451855558149096,0.38884130359273256
5,TRAPPC3,2.1138515,,0.03452794857157986,0.38884130359273256
5,SNW1,2.112752,,0.03462199862548896,0.38884130359273256
5,SCP2,2.110663,,0.03480129667154956,0.38884130359273256
5,MRPL21,2.1004372,,0.03569039511195687,0.39655994568840963
5,NT5C,2.0976884,,0.035932678624280116,0.3970461726439792
5,ISOC2,2.0886722,,0.036737236430075426,0.40370589483599373
5,LAMTOR5,2.082625,,0.037285434934315374,0.4074910921783101
5,S100A4,2.0756977,,0.03792191277407689,0.41219470406605313
5,RBPJ,2.0691006,,0.03853665034089952,0.4143725843107476
5,ACTR2,2.0545866,,0.03991893768991094,0.4269405100525234
5,RPL7L1,2.0484293,,0.040517947634507,0.4310419961117766
5,PAFAH1B1,2.0442512,,0.040928744298042476,0.43310840527029076
5,TXNDC17,2.0416121,,0.04119000894732505,0.43357904155079
5,LUC7L3,2.016433,,0.04375472242781738,0.45816463275201447
5,PSMA1,2.0106053,,0.044367149909428735,0.46215781155654934
5,GCA,1.9905939,,0.04652554736748244,0.4821300245334968
5,LAT2,1.9799285,,0.0477115668054378,0.4918718227364721
5,RALY,1.9772896,,0.04800890550766798,0.49239903084787673
5,TMEM55A,1.9724517,,0.04855807084260489,0.4954905188020907
5,ATP5D,1.9690431,,0.04894814234850264,0.49652689427940094
5,PPP2R3C,1.9668441,,0.04920119459867182,0.49652689427940094
5,ZC3H15,1.9650848,,0.049404425980800394,0.49652689427940094
5,POLR2E,1.9613464,,0.049838631759213006,0.49838631759213003
5,GALK1,1.9544193,,0.050651648626451266,0.5039965037457838
5,SERPINB1,1.940785,,0.05228434817551402,0.5176668136189507
5,MRPL51,1.9368268,,0.05276652001301466,0.5183742403183125
5,EAF2,1.9312192,,0.05345595392964924,0.5215215017526755
5,LYPLA1,1.9262713,,0.05407051005932901,0.5249564083430002
5,GRB2,1.9041706,,0.056887960317152944,0.5456187254020076
5,C20orf27,1.9039508,,0.05691659697538353,0.5456187254020076
5,MTCH2,1.9014218,,0.05724678141570115,0.5456187254020076
5,SNRNP27,1.9010919,,0.0572899661672108,0.5456187254020076
5,NCOA4,1.8899868,,0.058759739134076,0.5566998019956564
5,LTV1,1.8881176,,0.05901017901153958,0.5566998019956564
5,ZNF593,1.8777819,,0.06041100932324759,0.5648701975107245
5,MFSD1,1.8775619,,0.06044111113364753,0.5648701975107245
5,RBM3,1.872834,,0.061091312944789186,0.5682912832073412
5,PSMB8,1.8687657,,0.06165541639920825,0.5708834851778541
5,SRA1,1.861069,,0.06273443484888055,0.5755452738429409
5,RRAGC,1.861069,,0.06273443484888055,0.5755452738429409
5,PRKACA,1.8560112,,0.06345197040426148,0.5794700493539862
5,FAM120A,1.8518329,,0.06404981961425558,0.5822710874023235
5,RAB1B,1.8405077,,0.06569373072280685,0.5918354119171788
5,SPIB,1.8349001,,0.06652049115641794,0.5965963332414165
5,FCGR2A,1.8302821,,0.06720777043588591,0.6000693788918384
5,STX16,1.8250043,,0.06800037780189727,0.6044478026835313
5,GABARAPL2,1.818737,,0.06895156682461738,0.6101908568550211
5,POLD2,1.8112601,,0.07010058973485113,0.6176263412762214
5,NOC4L,1.8085114,,0.07052695542781891,0.6181990769372723
5,YWHAB,1.806862,,0.07078379430931768,0.6181990769372723
5,NDUFA10,1.8037833,,0.07126527902171327,0.6196980784496806
5,GRSF1,1.7994951,,0.07194038889250186,0.6198622753263451
5,C9orf16,1.7985055,,0.07209692513676402,0.6198622753263451
5,LSM6,1.797516,,0.07225374022665287,0.6198622753263451
5,ABRACL,1.7889396,,0.07362453595872297,0.6198622753263451
5,NKIRAS2,1.7863008,,0.07405057267809156,0.6198622753263451
5,NDUFA2,1.7856411,,0.07415739613537672,0.6198622753263451
5,ADSL,1.7850913,,0.07424651186353547,0.6198622753263451
5,MRP63,1.7847614,,0.07430002329646493,0.6198622753263451
5,PRDX4,1.783442,,0.07451438428128451,0.6198622753263451
5,RPS19BP1,1.7827823,,0.0746217541037666,0.6198622753263451
5,USP33,1.7823424,,0.07469340417682457,0.6198622753263451
5,COMMD4,1.7802533,,0.07503450986099519,0.6201199162065718
5,DNTTIP1,1.7754154,,0.0758293239978722,0.6241096625339276
5,PACSIN2,1.7702476,,0.07668590450487833,0.6285729877449043
5,FAM96B,1.7607917,,0.07827368043029871,0.6389688198391732
5,CTA-29F11.1,1.7576029,,0.07881508847825314,0.6407730770589686
5,CD72,1.7486968,,0.0803434520309611,0.6505542674571749
5,LYRM4,1.736382,,0.0824963155154696,0.6612349178338547
5,AATF,1.7323138,,0.08321772155409518,0.6612349178338547
5,CCDC22,1.7322037,,0.08323728971707088,0.6612349178338547
5,RAD23A,1.7318739,,0.08329601657190663,0.6612349178338547
5,STX18,1.731764,,0.0833155996470657,0.6612349178338547
5,PMF1,1.726816,,0.08420070496630967,0.6656182210775468
5,IDH3G,1.7237374,,0.08475526746357083,0.6661501636482046
5,GLTP,1.7227478,,0.08493414586514608,0.6661501636482046
5,ATXN10,1.7163705,,0.08609425410535937,0.671874455692136
5,TIMMDC1,1.715051,,0.08633586755643947,0.671874455692136
5,CLEC4C,1.7117524,,0.08694229770494544,0.6739713000383367
5,DNAJC7,1.7016368,,0.0888234834489308,0.6858956250882687
5,SNX17,1.6796461,,0.0930261927412273,0.7141575870674671
5,IFT20,1.6787665,,0.09319756511230447,0.7141575870674671
5,HMGXB4,1.6743684,,0.09405823054606742,0.7167509952591476
5,PSMB6,1.6733787,,0.09425275587657791,0.7167509952591476
5,C14orf1,1.6651323,,0.09588637027331723,0.726411896009979
5,PSMC5,1.6618336,,0.09654612917094761,0.7286500314788499
5,KCNK6,1.6584251,,0.09723169006348721,0.7310653388232121
5,TMEM242,1.6433616,,0.10030815643386967,0.7513719583061398
5,SRSF3,1.6402829,,0.10094637399156141,0.7524414714434378
5,ZNF467,1.6380838,,0.10140422130218589,0.7524414714434378
5,CDC37,1.6365445,,0.10172569728946328,0.7524414714434378
5,NUDT1,1.6354449,,0.10195581938058582,0.7524414714434378
5,AP3S1,1.6334658,,0.10237108320050116,0.7527285529448614
5,ACADM,1.6226903,,0.10465562446146612,0.7667078715125722
5,CCT7,1.6199415,,0.10524484927689161,0.7682105786634423
5,NUMB,1.6138941,,0.10655041038581942,0.774912075533232
5,TAPBP,1.607077,,0.1080374904381409,0.7817969193933249
5,CCT6A,1.6027888,,0.1089812979066873,0.7840381144365992
5,CCDC69,1.5979508,,0.11005392215199376,0.785918079657542
5,ZBP1,1.5978409,,0.11007839657240065,0.785918079657542
5,PCMT1,1.5963016,,0.11042149019188466,0.785918079657542
5,SMIM14,1.5934428,,0.1110609044783529,0.7876659892081767
5,POLDIP2,1.5873953,,0.11242314116954312,0.7945098315868773
5,SKAP2,1.5846465,,0.11304667887601322,0.7961033723662904
5,ACADVL,1.5816778,,0.11372315717064006,0.7975524751536313
5,POLR2I,1.5802484,,0.11405000394696926,0.7975524751536313
5,TIMM10B,1.5782692,,0.11450378142813869,0.7979357590811059
5,NONO,1.5737611,,0.11554268951766873,0.8023797883171441
5,HDAC2,1.5661743,,0.11730781096578434,0.8038100167665148
5,C14orf166,1.5641952,,0.117771741309002,0.8038100167665148
5,GMPR2,1.5633155,,0.11797839414283022,0.8038100167665148
5,NME3,1.5626558,,0.11813357037379613,0.8038100167665148
5,SRM,1.5616663,,0.1183666348555671,0.8038100167665148
5,ECHDC1,1.5614463,,0.11841847590167896,0.8038100167665148
5,RILPL2,1.5602368,,0.1187039199954775,0.8038100167665148
5,RRS1,1.5591373,,0.11896388248144418,0.8038100167665148
5,EIF5,1.5569383,,0.11948514602839992,0.8046137779690231
5,HDAC9,1.5536397,,0.1202703945309673,0.8053075615061699
5,PSMG2,1.55287,,0.12045419926939802,0.8053075615061699
5,NUPL2,1.5514406,,0.12079613422592547,0.8053075615061699
5,PARL,1.5483619,,0.1215351891221764,0.8066224676890779
5,SLC39A1,1.5472623,,0.12179999262105075,0.8066224676890779
5,HDDC3,1.5452832,,0.12227777544787827,0.8071140293589325
5,NDUFB10,1.5401154,,0.12353222560803694,0.812158133124625
5,SMDT1,1.538796,,0.12385411530150532,0.812158133124625
5,EBNA1BP2,1.5319788,,0.12552765096577087,0.8179464962024422
5,VDAC3,1.5234025,,0.12765803507015666,0.828948279676342
5,EIF3D,1.5195541,,0.12862307048367214,0.8325117830658391
5,RBCK1,1.5142764,,0.12995575501780174,0.8359076065743165
5,MAF1,1.5141665,,0.1299836328223062,0.8359076065743165
5,SNX9,1.5080091,,0.1315522107504102,0.8432834022462193
5,OAS1,1.5039408,,0.13259661576484244,0.8472627205421243
5,JKAMP,1.4899768,,0.13623035865854843,0.8662403626432406
5,TMEM9B,1.489207,,0.1364328571163104,0.8662403626432406
5,DIAPH1,1.4871179,,0.1369836668734894,0.8669852333765151
5,ATP5O,1.4839293,,0.13782768183423058,0.8690446525620187
5,KIF5B,1.4826099,,0.13817809975736098,0.8690446525620187
5,SMARCA4,1.4730439,,0.14073919574075472,0.8823774027633524
5,TNFRSF1A,1.4667766,,0.142436843971507,0.8891359805817945
5,RFXANK,1.465787,,0.14270632488337803,0.8891359805817945
5,STRA13,1.4608392,,0.14405960303663812,0.8947801430847088
5,SURF1,1.456331,,0.14530113569515232,0.8989853085744514
5,CD47,1.4551215,,0.14563561998906113,0.8989853085744514
5,EIF1B,1.451493,,0.14664261021870398,0.9024160628843322
5,MAFB,1.4446759,,0.14854892303695738,0.9113430861163029
5,RNASEH2B,1.442147,,0.149260896179541,0.9129106799971926
5,THOC7,1.4373091,,0.15063018434006278,0.9184767337808706
5,CCDC124,1.4353299,,0.15119309961146934,0.9189819975880268
5,RELT,1.4337906,,0.15163202960202443,0.9189819975880268
5,PARVB,1.423455,,0.15460430167769526,0.930928184581773
5,C15orf61,1.4221356,,0.15498690456702868,0.930928184581773
5,MRPS12,1.4185071,,0.1560427698321338,0.930928184581773
5,VPS25,1.4177374,,0.15626744123031353,0.930928184581773
5,DRAM2,1.4172976,,0.15639593500973786,0.930928184581773
5,DDX17,1.4115801,,0.15807365426888453,0.9381225772634096
5,LILRA4,1.4088312,,0.15888508600621087,0.9401484379065732
5,RNF187,1.4054227,,0.159895634631662,0.9433370774729322
5,PSMC4,1.3990453,,0.16179938027278473,0.9517610604281455
5,SF3B5,1.3958567,,0.16275764646425106,0.9543193048017887
5,CORO1B,1.3944273,,0.1631886011211059,0.9543193048017887
5,TINF2,1.3876102,,0.16525576668000708,0.9635904762682628
5,MARCH2,1.3794737,,0.16774875530504185,0.968866054577389
5,TAOK3,1.3774946,,0.16835940701736962,0.968866054577389
5,MLX,1.3774946,,0.16835940701736962,0.968866054577389
5,ATP6V1C1,1.376395,,0.1686993781737549,0.968866054577389
5,SIRT6,1.376175,,0.1687674341811214,0.968866054577389
5,BLCAP,1.3746357,,0.16924440316650924,0.968866054577389
5,CSRNP1,1.3736461,,0.16955155955104306,0.968866054577389
5,ARF6,1.369248,,0.1709217577406923,0.9728619159806994
5,ZNF106,1.3671589,,0.1715754997814436,0.9728619159806994
5,STX4,1.3655096,,0.17209293260579483,0.9728619159806994
5,GTF2B,1.3651798,,0.17219655912858378,0.9728619159806994
5,SIN3A,1.3537446,,0.1758178682454865,0.9891215448893875
5,TMEM165,1.3529749,,0.17606363499031097,0.9891215448893875
5,ADAM28,1.3352724,,0.181787186022219,0.9984732925142737
5,ASGR1,1.334173,,0.18214718704031152,0.9984732925142737
5,MARCKSL1,1.3328536,,0.18257988590795182,0.9984732925142737
5,PLEKHB2,1.3320838,,0.18283264526443554,0.9984732925142737
5,MID1IP1,1.3313142,,0.18308566390007475,0.9984732925142737
5,GGA2,1.3189994,,0.18716931805049375,0.9984732925142737
5,NAT9,1.3141614,,0.1887918812989201,0.9984732925142737
5,MRPL43,1.3091036,,0.19049926300244424,0.9984732925142737
5,C1orf86,1.3062449,,0.19146932011424678,0.9984732925142737
5,GOLT1B,1.3061348,,0.1915067024444368,0.9984732925142737
5,SSBP1,1.298658,,0.1940613132234167,0.9984732925142737
5,CRLS1,1.2865632,,0.19824658718953436,0.9984732925142737
5,RAB11B,1.2862333,,0.19836164861804184,0.9984732925142737
5,LTB4R,1.284694,,0.1988992477011562,0.9984732925142737
5,CCL3,1.2816153,,0.19997763929900658,0.9984732925142737
5,STK11IP,1.2757877,,0.2020305585943014,0.9984732925142737
5,GARS,1.2749081,,0.20234176284555083,0.9984732925142737
5,ARPC4,1.2743584,,0.2025364428178026,0.9984732925142737
5,TOP2B,1.2684209,,0.20464768811630818,0.9984732925142737
5,RAB34,1.263583,,0.2063797604925096,0.9984732925142737
5,MAT2A,1.2627033,,0.20669582311167733,0.9984732925142737
5,SMS,1.261054,,0.20728938735972047,0.9984732925142737
5,SGK1,1.2602843,,0.20756680687315143,0.9984732925142737
5,TCEAL8,1.2580853,,0.20836091789228384,0.9984732925142737
5,COA6,1.2577554,,0.20848022424366797,0.9984732925142737
5,PHKG2,1.256436,,0.20895794480908725,0.9984732925142737
5,PSMC6,1.2473098,,0.21228390519848106,0.9984732925142737
5,PPA2,1.2462103,,0.21268719033000927,0.9984732925142737
5,STX11,1.2400529,,0.2149558137396147,0.9984732925142737
5,BEX4,1.2364244,,0.21630082057551692,0.9984732925142737
5,FBXO25,1.2348851,,0.21687325606733976,0.9984732925142737
5,ARGLU1,1.2321362,,0.21789817183820503,0.9984732925142737
5,PRPF19,1.2319164,,0.21798031526195005,0.9984732925142737
5,CBX5,1.2316965,,0.21806248094189384,0.9984732925142737
5,PBRM1,1.2301571,,0.21863826404754383,0.9984732925142737
5,FLOT1,1.2269685,,0.21983443015808402,0.9984732925142737
5,MPP1,1.2261988,,0.2201238621898376,0.9984732925142737
5,C1orf35,1.2231201,,0.2212843240458755,0.9984732925142737
5,UBE2Q1,1.2160832,,0.22395325716712677,0.9984732925142737
5,SHARPIN,1.2152035,,0.22428848530075474,0.9984732925142737
5,DERL1,1.2147636,,0.22445623380679436,0.9984732925142737
5,MMADHC,1.2123448,,0.22538045343882873,0.9984732925142737
5,GYG1,1.2098157,,0.22634958533896132,0.9984732925142737
5,BNIP2,1.2086064,,0.2268141327834805,0.9984732925142737
5,CIAPIN1,1.2064072,,0.22766050576218166,0.9984732925142737
5,SNCA,1.2033285,,0.22884920562909927,0.9984732925142737
5,GPR183,1.2033285,,0.22884920562909927,0.9984732925142737
5,NFE2L2,1.2001399,,0.23008501020543837,0.9984732925142737
5,RPN2,1.1965114,,0.23149703455387804,0.9984732925142737
5,STUB1,1.1961815,,0.23162570492482137,0.9984732925142737
5,C12orf10,1.1955218,,0.23188319801204915,0.9984732925142737
5,CORO1C,1.1954119,,0.2319261332776611,0.9984732925142737
5,CSRP1,1.1918935,,0.23330304289204085,0.9984732925142737
5,PLCB2,1.1910138,,0.23364817414656402,0.9984732925142737
5,CWC27,1.1874952,,0.23503231792957202,0.9984732925142737
5,SH3KBP1,1.1839768,,0.23642225704517594,0.9984732925142737
5,NIT1,1.183537,,0.23659640726811015,0.9984732925142737
5,CASC4,1.1833171,,0.23668351638181562,0.9984732925142737
5,TCEAL4,1.181118,,0.23755585466886997,0.9984732925142737
5,NAA20,1.1782593,,0.23869328642240573,0.9984732925142737
5,HNRNPL,1.1780393,,0.2387809400875257,0.9984732925142737
5,KARS,1.1747407,,0.24009847122581307,0.9984732925142737
5,RARS,1.1745209,,0.24018648845305335,0.9984732925142737
5,YPEL3,1.173971,,0.24040663099664383,0.9984732925142737
5,MTIF3,1.1729815,,0.24080324575456147,0.9984732925142737
5,CSNK1A1,1.1727616,,0.24089144491849201,0.9984732925142737
5,CYB5B,1.1538496,,0.24856184382547386,0.9984732925142737
5,MTIF2,1.1536297,,0.24865202797560637,0.9984732925142737
5,PDIA3,1.1452732,,0.2520959941095463,0.9984732925142737
5,CIDEB,1.1425244,,0.2532361129173498,0.9984732925142737
5,SND1,1.141095,,0.25383039183367406,0.9984732925142737
5,GSTZ1,1.1371367,,0.25548115132049765,0.9984732925142737
5,EIF2AK4,1.1326286,,0.2573702537304874,0.9984732925142737
5,ITSN2,1.1325186,,0.2574164501626337,0.9984732925142737
5,DNASE1L3,1.1303196,,0.25834158712966604,0.9984732925142737
5,PGM2,1.1284504,,0.25912976378295827,0.9984732925142737
5,FCGR2B,1.1283404,,0.25917617893629663,0.9984732925142737
5,ZNF503,1.1251518,,0.26052472409731064,0.9984732925142737
5,B4GALT4,1.124602,,0.2607577216561674,0.9984732925142737
5,PLEKHJ1,1.124492,,0.26080433845928785,0.9984732925142737
5,SMAP2,1.1178949,,0.263611900306264,0.9984732925142737
5,TTC1,1.1170152,,0.2639878114257205,0.9984732925142737
5,MAEA,1.1155858,,0.2645994551759394,0.9984732925142737
5,NDUFB8-1,1.1100882,,0.2669610307061562,0.9984732925142737
5,SYVN1,1.1063498,,0.268575158597118,0.9984732925142737
5,IFIT1,1.1053602,,0.2690035473323684,0.9984732925142737
5,TRIM14,1.101072,,0.2708653174760538,0.9984732925142737
5,CHMP4A,1.0989829,,0.2717755252438151,0.9984732925142737
5,USP7,1.0983232,,0.27206339389272594,0.9984732925142737
5,SCFD1,1.0935951,,0.2741325603128376,0.9984732925142737
5,SF3B1,1.0931554,,0.2743255860786903,0.9984732925142737
5,ARF4,1.0919459,,0.27485688559075916,0.9984732925142737
5,NEMF,1.0885373,,0.276357962366758,0.9984732925142737
5,CAMK2G,1.0872179,,0.27694052218898146,0.9984732925142737
5,ISY1,1.0838094,,0.2784493395981733,0.9984732925142737
5,FOSL2,1.0825999,,0.278986068564102,0.9984732925142737
5,TRUB2,1.0823799,,0.27908373120036367,0.9984732925142737
5,NDUFA12,1.0816103,,0.27942573351581423,0.9984732925142737
5,PTCRA,1.0777619,,0.2811400182344428,0.9984732925142737
5,TTC3,1.0757828,,0.2820244244897845,0.9984732925142737
5,SETD5,1.0753429,,0.28222121518635357,0.9984732925142737
5,YTHDF2,1.0733638,,0.2831079254464005,0.9984732925142737
5,IER3,1.0732539,,0.2831572424129596,0.9984732925142737
5,UTP6,1.0691856,,0.2849860624796844,0.9984732925142737
5,AKAP8,1.0677562,,0.2856305132565595,0.9984732925142737
5,MAP3K7,1.0648974,,0.28692236801022586,0.9984732925142737
5,CEPT1,1.0643476,,0.2871712531365993,0.9984732925142737
5,RER1,1.0636879,,0.2874701075812792,0.9984732925142737
5,TMEM50A,1.0613788,,0.2885177503486368,0.9984732925142737
5,FN3KRP,1.0575305,,0.29026953453027016,0.9984732925142737
5,UBE2D1,1.0570908,,0.29047019325361967,0.9984732925142737
5,GOT2,1.0559912,,0.2909722483136896,0.9984732925142737
5,RPUSD3,1.0535722,,0.29207882266425067,0.9984732925142737
5,VTI1B,1.0503836,,0.2935418033819116,0.9984732925142737
5,FAM96A,1.0489541,,0.29419921549222505,0.9984732925142737
5,ITPA,1.0487343,,0.2943004433674792,0.9984732925142737
5,CLIC3,1.0480745,,0.2946042670845125,0.9984732925142737
5,RBM4,1.0478547,,0.29470558835556615,0.9984732925142737
5,PSMA7,1.0459855,,0.29556776197018664,0.9984732925142737
5,DNAJA1,1.0401579,,0.2982665467367611,0.9984732925142737
5,SMCO4,1.0364195,,0.3000064815628991,0.9984732925142737
5,DENND1C,1.0355399,,0.3004168595568194,0.9984732925142737
5,AC010642.1,1.03521,,0.30057084771967524,0.9984732925142737
5,FPR1,1.0324612,,0.3018561277649069,0.9984732925142737
5,DOCK10,1.0260838,,0.3048520464883948,0.9984732925142737
5,DMAP1,1.0242146,,0.3057338876059722,0.9984732925142737
5,NFKBIL1,1.023445,,0.3060974898199884,0.9984732925142737
5,THUMPD3,1.0205863,,0.3074505209964069,0.9984732925142737
5,FXN,1.018607,,0.30838955076656627,0.9984732925142737
5,TMEM141,1.0182772,,0.3085462399586022,0.9984732925142737
5,SH3BP1,1.0181673,,0.3085984813867989,0.9984732925142737
5,CARHSP1,1.0155283,,0.3098540303542128,0.9984732925142737
5,RNF113A,1.0129994,,0.31106042632828634,0.9984732925142737
5,RARA,1.0119,,0.31158591151025583,0.9984732925142737
5,TRPV2,1.0095909,,0.3126913345490866,0.9984732925142737
5,SDAD1,1.0067321,,0.3140635280182993,0.9984732925142737
5,BBX,1.0051928,,0.3148040395401507,0.9984732925142737
5,OARD1,1.0049728,,0.31490992050890876,0.9984732925142737
5,RPL22L1,1.0014544,,0.3166071987490776,0.9984732925142737
5,GGNBP2,1.0004648,,0.31708563770471343,0.9984732925142737
5,DYNLT1,1.0003548,,0.31713882684223926,0.9984732925142737
5,MIS18BP1,0.9981558,,0.3182038382428405,0.9984732925142737
5,NEIL1,0.9961766,,0.31916434944086036,0.9984732925142737
5,STOML2,0.9933178,,0.32055510105469254,0.9984732925142737
5,SDHAF2,0.9923282,,0.3210374365282789,0.9984732925142737
5,SLC25A11,0.98913956,,0.32259485212396344,0.9984732925142737
5,NFIC,0.98913956,,0.32259485212396344,0.9984732925142737
5,NKAP,0.9889197,,0.32270244145046645,0.9984732925142737
5,CARS,0.9873803,,0.32345622192889556,0.9984732925142737
5,WDR55,0.985841,,0.32421114896401426,0.9984732925142737
5,PRDX1,0.985841,,0.32421114896401426,0.9984732925142737
5,NUDT16L1,0.9836419,,0.32529160498640475,0.9984732925142737
5,TNFSF10,0.98265237,,0.32577857351932415,0.9984732925142737
5,PICALM,0.9757253,,0.32920061764607034,0.9984732925142737
5,GIT2,0.97550535,,0.32930963407704006,0.9984732925142737
5,EREG,0.97352624,,0.3302918344166531,0.9984732925142737
5,RPUSD1,0.97165704,,0.3312212074309012,0.9984732925142737
5,ATG16L2,0.97154707,,0.3312759290472459,0.9984732925142737
5,PHF5A,0.9658295,,0.3341295078839259,0.9984732925142737
5,HCCS,0.96472996,,0.33468008481120404,0.9984732925142737
5,S100A8,0.96429014,,0.3349004791986304,0.9984732925142737
5,C9orf37,0.9638503,,0.3351209670767711,0.9984732925142737
5,DDB2,0.96297073,,0.33556222329311836,0.9984732925142737
5,DDX46,0.96242094,,0.33583819831434214,0.9984732925142737
5,PPIF,0.9620911,,0.3360038534357179,0.9984732925142737
5,CDC40,0.96110153,,0.3365011342735562,0.9984732925142737
5,IL8,0.9587925,,0.3376632963151768,0.9984732925142737
5,CA2,0.9559337,,0.3391057321826191,0.9984732925142737
5,ARHGEF7,0.95417446,,0.3399953470562236,0.9984732925142737
5,NF1,0.95307493,,0.34055211534001817,0.9984732925142737
5,XPNPEP1,0.9526351,,0.34077498611087775,0.9984732925142737
5,ACTL6A,0.9490066,,0.342617233323005,0.9984732925142737
5,TMED5,0.94823694,,0.343008830050304,0.9984732925142737
5,PRPF8,0.9453782,,0.3444658351129899,0.9984732925142737
5,ARL2,0.9440588,,0.34513962897747585,0.9984732925142737
5,TMEM251,0.9397706,,0.3473352583656345,0.9984732925142737
5,C19orf24,0.9348227,,0.3498796935212012,0.9984732925142737
5,LUC7L,0.93438286,,0.3501064365327795,0.9984732925142737
5,CCDC66,0.93317336,,0.35073046036053823,0.9984732925142737
5,SNX20,0.9311942,,0.3517531102793864,0.9984732925142737
5,PRKCB,0.9310843,,0.35180997948160986,0.9984732925142737
5,DNAJC2,0.9276757,,0.3535758121644007,0.9984732925142737
5,CHIC2,0.92756575,,0.353632867634875,0.9984732925142737
5,UBXN4,0.924597,,0.35517556472199463,0.9984732925142737
5,CEBPB,0.92261785,,0.3562063853152171,0.9984732925142737
5,PLA2G12A,0.9197591,,0.3576986743181825,0.9984732925142737
5,KLHL6,0.91942924,,0.3578711143726383,0.9984732925142737
5,OTUD5,0.91865957,,0.3582736779069833,0.9984732925142737
5,CD2AP,0.9178899,,0.3586765261814877,0.9984732925142737
5,ADD1,0.91558087,,0.35988677907000866,0.9984732925142737
5,RNF213,0.915251,,0.3600598814493057,0.9984732925142737
5,YPEL2,0.9086538,,0.3635329012250642,0.9984732925142737
5,CTBP2,0.9084339,,0.3636490283269891,0.9984732925142737
5,USP38,0.90777415,,0.3639975488353825,0.9984732925142737
5,MRPS23,0.9024964,,0.3667932268225055,0.9984732925142737
5,GLB1,0.9005172,,0.36784504812689267,0.9984732925142737
5,PLRG1,0.8971087,,0.36966091600206263,0.9984732925142737
5,OASL,0.89589924,,0.3703065931836699,0.9984732925142737
5,TMEM87A,0.89040154,,0.3732503092182604,0.9984732925142737
5,CELF1,0.88919204,,0.3738998659325432,0.9984732925142737
5,FRAT1,0.88732284,,0.3749051010346427,0.9984732925142737
5,MZB1,0.8862233,,0.37549719532397363,0.9984732925142737
5,SIK1,0.88545364,,0.37591200479136,0.9984732925142737
5,HSPB11,0.88468397,,0.3763270970517406,0.9984732925142737
5,FEM1A,0.8785266,,0.3796580092115548,0.9984732925142737
5,PI4KB,0.8783067,,0.37977730468084714,0.9984732925142737
5,SMIM7,0.877647,,0.3801353293450054,0.9984732925142737
5,MED7,0.8758877,,0.38109107542862664,0.9984732925142737
5,KIAA0196,0.8701702,,0.3842074253719424,0.9984732925142737
5,MRPL40,0.868191,,0.38528978454559415,0.9984732925142737
5,COQ7,0.8653322,,0.38685647814620483,0.9984732925142737
5,SAAL1,0.86291325,,0.38818517299891664,0.9984732925142737
5,HMBOX1,0.8596146,,0.39000150353041896,0.9984732925142737
5,PITPNA-AS1,0.85741556,,0.3912152561779164,0.9984732925142737
5,LMAN2,0.85301745,,0.39364963201699965,0.9984732925142737
5,DIS3,0.84751976,,0.3967054676841183,0.9984732925142737
5,NOL11,0.84620035,,0.3974409928259389,0.9984732925142737
5,DGKZ,0.84554064,,0.39780906354946255,0.9984732925142737
5,TCEA2,0.84477097,,0.39823873896075357,0.9984732925142737
5,IDO1,0.84367144,,0.39885304574433134,0.9984732925142737
5,CRIP3,0.84367144,,0.39885304574433134,0.9984732925142737
5,RBBP6,0.8426818,,0.39940640931041094,0.9984732925142737
5,SPG7,0.8415823,,0.4000217991430275,0.9984732925142737
5,MCUR1,0.8390534,,0.40143935745941184,0.9984732925142737
5,LRRC8C,0.8389434,,0.40150105875415165,0.9984732925142737
5,NCOR2,0.8374041,,0.40236547442627857,0.9984732925142737
5,CPSF3L,0.835205,,0.40360228798423214,0.9984732925142737
5,ELP6,0.8346552,,0.40391184671096025,0.9984732925142737
5,HDLBP,0.8291576,,0.40701524356343355,0.9984732925142737
5,SLC35A1,0.8277282,,0.4078244504338282,0.9984732925142737
5,RFC1,0.82497936,,0.4093833095824392,0.9984732925142737
5,ILF3-AS1,0.8239898,,0.40994536543966664,0.9984732925142737
5,BAG5,0.818712,,0.41295073570286167,0.9984732925142737
5,IL16,0.8178324,,0.4134528967602479,0.9984732925142737
5,CCNG1,0.8173926,,0.4137041128137239,0.9984732925142737
5,EPN1,0.8167329,,0.4140811062546238,0.9984732925142737
5,NSMAF,0.81651294,,0.41420681588969555,0.9984732925142737
5,RMND5A,0.8143139,,0.41546515347570934,0.9984732925142737
5,NDUFS1,0.8136542,,0.4158430946401671,0.9984732925142737
5,YIPF3,0.81277454,,0.41634733184748896,0.9984732925142737
5,RXRA,0.81145513,,0.41710436379277294,0.9984732925142737
5,AGPAT1,0.8112352,,0.4172306146393536,0.9984732925142737
5,EFCAB14,0.8091461,,0.41843112080267886,0.9984732925142737
5,ANTXR2,0.8085963,,0.4187473811213893,0.9984732925142737
5,SIAH2,0.80595744,,0.4202673875141112,0.9984732925142737
5,TLE4,0.8037584,,0.421536531781607,0.9984732925142737
5,GINM1,0.80012995,,0.4236355273937472,0.9984732925142737
5,ST3GAL2,0.7980408,,0.4248468090240506,0.9984732925142737
5,C15orf57,0.797601,,0.42510207328742133,0.9984732925142737
5,ABHD12,0.79276305,,0.4279158872472586,0.9984732925142737
5,FAM32A,0.7914436,,0.42868516866198847,0.9984732925142737
5,LPIN1,0.788255,,0.4305475826964017,0.9984732925142737
5,PTGES2,0.78803504,,0.4306761978925653,0.9984732925142737
5,CDC16,0.7868256,,0.43138397984513766,0.9984732925142737
5,EMB,0.7845166,,0.4327370708856775,0.9984732925142737
5,LAMP2,0.7838568,,0.43312411905256765,0.9984732925142737
5,RGS18,0.7800085,,0.43538588811344525,0.9984732925142737
5,CES4A,0.7795687,,0.4356448091991897,0.9984732925142737
5,COMMD8,0.7792388,,0.435839058283052,0.9984732925142737
5,MPHOSPH10,0.7770397,,0.4371353279187875,0.9984732925142737
5,BLVRA,0.77627003,,0.4375895461631273,0.9984732925142737
5,GYS1,0.7750606,,0.43830386611815486,0.9984732925142737
5,MKLN1,0.7749506,,0.4383688375220832,0.9984732925142737
5,HPRT1,0.7746208,,0.4385637849506654,0.9984732925142737
5,CCDC115,0.774071,,0.4388888080354424,0.9984732925142737
5,FBXO7,0.77231175,,0.43992981139510046,0.9984732925142737
5,C5orf15,0.77209187,,0.44006003635945823,0.9984732925142737
5,HINT1,0.7719819,,0.4401251571339906,0.9984732925142737
5,DICER1,0.7714321,,0.44045084391746003,0.9984732925142737
5,MDP1,0.7701127,,0.4412330557960785,0.9984732925142737
5,DUS3L,0.7691231,,0.44182023660016856,0.9984732925142737
5,NFU1,0.7650548,,0.44423889663838856,0.9984732925142737
5,TFAM,0.76219606,,0.4459430071607827,0.9984732925142737
5,RABIF,0.76219606,,0.4459430071607827,0.9984732925142737
5,QSOX1,0.76109654,,0.4465994243979897,0.9984732925142737
5,TGOLN2,0.7521903,,0.45193662837356885,0.9984732925142737
5,MYCBP2,0.74878174,,0.4539887642742193,0.9984732925142737
5,INTS12,0.7470225,,0.4550499837224441,0.9984732925142737
5,TMEM199,0.74680257,,0.4551827343094337,0.9984732925142737
5,ACTN4,0.7460329,,0.4556475330437936,0.9984732925142737
5,JAGN1,0.7452632,,0.4561125987428116,0.9984732925142737
5,SMARCD1,0.74306417,,0.457442827819708,0.9984732925142737
5,PRNP,0.7428443,,0.45757597042376574,0.9984732925142737
5,JUND,0.7420746,,0.45804214081176675,0.9984732925142737
5,TMEM62,0.7409751,,0.45870856048163144,0.9984732925142737
5,DDX1,0.7404253,,0.45904197402834557,0.9984732925142737
5,MKKS,0.7403153,,0.45910867302881464,0.9984732925142737
5,RP11-349A22.5,0.73811626,,0.46044379275280256,0.9984732925142737
5,GPR35,0.73800635,,0.4605106056965462,0.9984732925142737
5,PTGS1,0.73558736,,0.46198186153066,0.9984732925142737
5,GNPAT,0.731629,,0.46439502116321996,0.9984732925142737
5,HBEGF,0.7273409,,0.4670171746926599,0.9984732925142737
5,MESDC2,0.72690105,,0.46728657704380727,0.9984732925142737
5,MPV17,0.7265712,,0.4674886853391045,0.9984732925142737
5,TMCO1,0.72635126,,0.46762345111684256,0.9984732925142737
5,IFIT5,0.7261314,,0.4677582384223554,0.9984732925142737
5,WNK1,0.7237124,,0.469242318733327,0.9984732925142737
5,NR3C1,0.7217332,,0.47045850060282224,0.9984732925142737
5,BMPR2,0.7150261,,0.47459292070892856,0.9984732925142737
5,ZMAT5,0.71205735,,0.47642926093710036,0.9984732925142737
5,ORAI1,0.7097483,,0.47786021256154976,0.9984732925142737
5,CHN2,0.7088687,,0.4784059545463567,0.9984732925142737
5,MGMT,0.7060099,,0.4801819657776568,0.9984732925142737
5,PLA2G7,0.7013919,,0.48305848362370674,0.9984732925142737
5,CHD2,0.7012819,,0.48312708601150933,0.9984732925142737
5,LRRC59,0.7004023,,0.4836760955189745,0.9984732925142737
5,MLTK,0.69886297,,0.4846376761684672,0.9984732925142737
5,CUL4B,0.69776344,,0.48532515324143566,0.9984732925142737
5,ACAT2,0.6966639,,0.48601315795855027,0.9984732925142737
5,BET1,0.6905065,,0.489875715140655,0.9984732925142737
5,CXCL2,0.6862183,,0.49257543664976344,0.9984732925142737
5,NR2C2AP,0.6837994,,0.49410186799271627,0.9984732925142737
5,THYN1,0.68215007,,0.4951440657420968,0.9984732925142737
5,SPNS1,0.68215007,,0.4951440657420968,0.9984732925142737
5,ARL4A,0.68105054,,0.4958395161156057,0.9984732925142737
5,SRSF6,0.67863154,,0.4973713401302038,0.9984732925142737
5,PDZD11,0.67731214,,0.4982079415656051,0.9984732925142737
5,ERI3,0.67731214,,0.4982079415656051,0.9984732925142737
5,SAMSN1,0.6770922,,0.49834744787989593,0.9984732925142737
5,CLYBL,0.675223,,0.49953408991686243,0.9984732925142737
5,CRELD2,0.67049503,,0.5025422805315372,0.9984732925142737
5,ACD,0.66917557,,0.5033834818561385,0.9984732925142737
5,GALT,0.6676362,,0.504365822483874,0.9984732925142737
5,RIOK2,0.66543716,,0.5057709181191554,0.9984732925142737
5,EIF2S1,0.6559812,,0.5118362282871122,0.9984732925142737
5,FAM43A,0.65433186,,0.5128980052508262,0.9984732925142737
5,GMPR,0.65367216,,0.5133230371422355,0.9984732925142737
5,ALG5,0.6483944,,0.5167298832328636,0.9984732925142737
5,PNPLA8,0.6458655,,0.5183664723491825,0.9984732925142737
5,ZUFSP,0.6427868,,0.5203624520037189,0.9984732925142737
5,DNAJA3,0.6408076,,0.5216476703488077,0.9984732925142737
5,STMN1,0.63882846,,0.5229345197185387,0.9984732925142737
5,MMD,0.63695925,,0.5241513723966997,0.9984732925142737
5,HLA-DOB,0.63498014,,0.5254413846656762,0.9984732925142737
5,ISCA2,0.6348702,,0.5255130996066429,0.9984732925142737
5,METTL8,0.6333308,,0.5265176342071192,0.9984732925142737
5,DESI1,0.6331109,,0.5266612191680724,0.9984732925142737
5,SARS,0.6326711,,0.5269484490619378,0.9984732925142737
5,FAM127A,0.6309118,,0.5280981676522599,0.9984732925142737
5,PRPS2,0.63003224,,0.5286735058885113,0.9984732925142737
5,TMBIM6,0.62761325,,0.5302573297463103,0.9984732925142737
5,ARPP19,0.6225554,,0.5335767307212916,0.9984732925142737
5,NT5C3A,0.6223355,,0.5337212903515157,0.9984732925142737
5,NUDT5,0.6176075,,0.53683410083352,0.9984732925142737
5,SRP9,0.61650795,,0.5375593164499946,0.9984732925142737
5,MYO9B,0.61650795,,0.5375593164499946,0.9984732925142737
5,PRMT2,0.6087013,,0.54272245619297,0.9984732925142737
5,HAGH,0.60837144,,0.5429411599512164,0.9984732925142737
5,BBC3,0.6080416,,0.5431599076027408,0.9984732925142737
5,PEX16,0.6072719,,0.5436704894014472,0.9984732925142737
5,KLF11,0.6050728,,0.5451306091853438,0.9984732925142737
5,TRIP12,0.6041932,,0.5457152017034435,0.9984732925142737
5,DHRS4,0.6036434,,0.5460807298596613,0.9984732925142737
5,AAR2,0.60331357,,0.5463001049940502,0.9984732925142737
5,UBE2E1,0.60287374,,0.5465926730891946,0.9984732925142737
5,SETX,0.60012496,,0.5484229800432521,0.9984732925142737
5,TNNI2,0.5994652,,0.5488627036962812,0.9984732925142737
5,R3HDM2,0.59781593,,0.5499627735295944,0.9984732925142737
5,C3orf38,0.59726614,,0.5503297047198278,0.9984732925142737
5,CHD7,0.5969363,,0.5505499212805214,0.9984732925142737
5,IGJ,0.5962766,,0.5509904844846976,0.9984732925142737
5,PDXDC1,0.59539694,,0.5515781717101111,0.9984732925142737
5,PHF3,0.59275806,,0.5533430794185897,0.9984732925142737
5,AHSA1,0.58967936,,0.5554056297940002,0.9984732925142737
5,HMGCL,0.5875903,,0.5568073527785983,0.9984732925142737
5,C1GALT1C1,0.58594096,,0.5579151925665411,0.9984732925142737
5,MRPL42,0.58473146,,0.5587282892821279,0.9984732925142737
5,EXOSC8,0.5825324,,0.560208120167762,0.9984732925142737
5,RFC5,0.57846415,,0.5629508045115985,0.9984732925142737
5,TMEM80,0.57659495,,0.5642131252221723,0.9984732925142737
5,HDAC1,0.57252663,,0.5669652305473944,0.9984732925142737
5,NOP58,0.57021767,,0.5685300931331702,0.9984732925142737
5,LSM14A,0.56878823,,0.5694998511482279,0.9984732925142737
5,TMEM14B,0.5681285,,0.5699476978814606,0.9984732925142737
5,ARL2BP,0.56493986,,0.5721146547816454,0.9984732925142737
5,PPP2CA,0.56120145,,0.5746601994108853,0.9984732925142737
5,SHOC2,0.5579029,,0.5769107087126206,0.9984732925142737
5,COMMD10,0.557683,,0.5770608902453819,0.9984732925142737
5,SMIM5,0.55746305,,0.5772110901972544,0.9984732925142737
5,RP11-545I5.3,0.55658346,,0.5778120740957153,0.9984732925142737
5,SH3GLB1,0.55658346,,0.5778120740957153,0.9984732925142737
5,ADAM10,0.5554839,,0.5785637177974439,0.9984732925142737
5,TREX1,0.5540545,,0.5795415410549827,0.9984732925142737
5,TPM2,0.55350477,,0.5799178332812909,0.9984732925142737
5,TNFRSF1B,0.55306494,,0.580218949522322,0.9984732925142737
5,DOK3,0.55064595,,0.5818763971773679,0.9984732925142737
5,BRWD1,0.5502061,,0.5821779888451485,0.9984732925142737
5,ACOT13,0.5488867,,0.583083201627743,0.9984732925142737
5,MYO1E,0.548227,,0.5835360540177619,0.9984732925142737
5,TMEM91,0.5480071,,0.5836870412246886,0.9984732925142737
5,N4BP2L1,0.54745734,,0.5840645888410188,0.9984732925142737
5,OSCAR,0.54668766,,0.5845933464162306,0.9984732925142737
5,TOR1A,0.5464677,,0.5847444608920662,0.9984732925142737
5,HNRNPH3,0.545808,,0.5851979132638238,0.9984732925142737
5,SELPLG,0.5451483,,0.5856515289442166,0.9984732925142737
5,HDGF,0.5447085,,0.5859540300563539,0.9984732925142737
5,P2RX5,0.5427293,,0.5873161813918345,0.9984732925142737
5,THEM4,0.5409701,,0.5885282116803604,0.9984732925142737
5,FH,0.5403103,,0.5889830207074935,0.9984732925142737
5,TOP1MT,0.5383312,,0.5903484201100817,0.9984732925142737
5,RP11-145M9.4,0.53701174,,0.5912594952409496,0.9984732925142737
5,SEC61A2,0.53613216,,0.5918672374951,0.9984732925142737
5,CDV3,0.53569233,,0.5921712161467343,0.9984732925142737
5,C1orf50,0.5352525,,0.5924752664255368,0.9984732925142737
5,SLC6A6,0.53305346,,0.593996590757498,0.9984732925142737
5,POLR3E,0.53261364,,0.5943010699170392,0.9984732925142737
5,MARCH6,0.5297548,,0.5962819213010155,0.9984732925142737
5,EMG1,0.52953494,,0.5964344189836503,0.9984732925142737
5,CTD-2006K23.1,0.5286553,,0.5970445872522278,0.9984732925142737
5,ANAPC13,0.5277757,,0.5976550393266205,0.9984732925142737
5,DEDD,0.52766573,,0.5977313657740616,0.9984732925142737
5,ISG20L2,0.5235975,,0.6005585519221516,0.9984732925142737
5,ARHGDIA,0.5230477,,0.6009410672476405,0.9984732925142737
5,TMBIM4-1,0.5206287,,0.602625440461926,0.9984732925142737
5,PMEPA1,0.5191993,,0.6036217500830474,0.9984732925142737
5,NRGN,0.5191993,,0.6036217500830474,0.9984732925142737
5,WHAMM,0.5191993,,0.6036217500830474,0.9984732925142737
5,SAMD4B,0.51820976,,0.6043119362879009,0.9984732925142737
5,ATP5SL,0.5178799,,0.6045420770528113,0.9984732925142737
5,MED30,0.51645046,,0.6055398078041733,0.9984732925142737
5,TRPM4,0.5148012,,0.6066919510579104,0.9984732925142737
5,IRF9,0.5137017,,0.6074605904000585,0.9984732925142737
5,TCTA,0.51260215,,0.6082296640167071,0.9984732925142737
5,API5,0.510623,,0.6096150887111332,0.9984732925142737
5,SSBP3,0.510513,,0.6096920978602767,0.9984732925142737
5,NME6,0.5093035,,0.6105394836569642,0.9984732925142737
5,PUM1,0.508204,,0.6113102875077556,0.9984732925142737
5,PSME1,0.50765425,,0.6116958510396533,0.9984732925142737
5,RNF168,0.5067746,,0.6123129765092883,0.9984732925142737
5,CITED4,0.5043556,,0.6140114892688967,0.9984732925142737
5,VAMP5,0.5041357,,0.6141660024487234,0.9984732925142737
5,BTN3A1,0.5024864,,0.615325396953408,0.9984732925142737
5,CWC15,0.50171673,,0.6158667768257662,0.9984732925142737
5,LARS,0.501167,,0.6162536047680246,0.9984732925142737
5,ZNF276,0.49962765,,0.617337289813906,0.9984732925142737
5,COLGALT1,0.49918783,,0.617647067340722,0.9984732925142737
5,F11R,0.49896792,,0.617801981614035,0.9984732925142737
5,CNIH4,0.49753854,,0.6188093384921138,0.9984732925142737
5,RASD1,0.49742857,,0.618886857186812,0.9984732925142737
5,ATPAF1,0.49654895,,0.6195071593220827,0.9984732925142737
5,CTNND1,0.4943499,,0.6210590994632276,0.9984732925142737
5,GPS1,0.4943499,,0.6210590994632276,0.9984732925142737
5,SLFN12,0.49391007,,0.6213696902381927,0.9984732925142737
5,NFAT5,0.49358022,,0.6216026776032708,0.9984732925142737
5,MAP3K8,0.4914911,,0.6230791444212955,0.9984732925142737
5,EVA1B,0.49017167,,0.6240124315908359,0.9984732925142737
5,RPPH1,0.4881925,,0.6254134940843339,0.9984732925142737
5,VPS28,0.48698303,,0.6262703659455853,0.9984732925142737
5,TSPAN15,0.48555362,,0.6272836834909294,0.9984732925142737
5,NAIP,0.48544368,,0.6273616601550394,0.9984732925142737
5,DNAJC10,0.4853337,,0.6274396409813519,0.9984732925142737
5,CCDC91,0.48247492,,0.6294686010349169,0.9984732925142737
5,JARID2,0.48027587,,0.631031245841426,0.9984732925142737
5,HSP90AA1,0.47906637,,0.6318914047113788,0.9984732925142737
5,PSMD14,0.47697726,,0.6333783073640098,0.9984732925142737
5,APOBEC3G,0.47653747,,0.6336915285595595,0.9984732925142737
5,CEACAM4,0.47565782,,0.6343181678660916,0.9984732925142737
5,PCNA,0.47488815,,0.6348666923920264,0.9984732925142737
5,KLC4,0.47301894,,0.6361996577313892,0.9984732925142737
5,PHF12,0.47257915,,0.6365134681241741,0.9984732925142737
5,C21orf33,0.47016016,,0.6382405900260278,0.9984732925142737
5,FASTKD1,0.47016016,,0.6382405900260278,0.9984732925142737
5,PCGF1,0.46972036,,0.6385548235773113,0.9984732925142737
5,FUS,0.4691706,,0.6389477068101626,0.9984732925142737
5,PGM1,0.4663118,,0.6409923313077878,0.9984732925142737
5,TNRC18,0.46576205,,0.6413858414217493,0.9984732925142737
5,LIN52,0.46202362,,0.6440643779721229,0.9984732925142737
5,SRPR,0.46103406,,0.6447741786426519,0.9984732925142737
5,PHF14,0.46048427,,0.6451686523429679,0.9984732925142737
5,SLC50A1,0.45982456,,0.6456421526128616,0.9984732925142737
5,PTGDS,0.45938474,,0.6459578992809301,0.9984732925142737
5,RIOK1,0.45795536,,0.6469845163278974,0.9984732925142737
5,CXXC1,0.4576255,,0.6472215234807264,0.9984732925142737
5,U2SURP,0.45707572,,0.6476166149019571,0.9984732925142737
5,AGO4,0.45630607,,0.6481699096826832,0.9984732925142737
5,LITAF,0.4559762,,0.6484070955287784,0.9984732925142737
5,SLC19A1,0.45300746,,0.6505433711697356,0.9984732925142737
5,SLC27A1,0.44597045,,0.6556185921721509,0.9984732925142737
5,CORO7,0.44597045,,0.6556185921721509,0.9984732925142737
5,STK38,0.44575053,,0.6557774509250889,0.9984732925142737
5,NOL7,0.44542068,,0.6560157682512853,0.9984732925142737
5,PIGF,0.444651,,0.6565719781563115,0.9984732925142737
5,RGL2,0.43871352,,0.6608691196971306,0.9984732925142737
5,RP13-270P17.3,0.43673438,,0.6623039969249191,0.9984732925142737
5,TRIT1,0.43629456,,0.6626230271944712,0.9984732925142737
5,F13A1,0.43585476,,0.662942118687992,0.9984732925142737
5,DLST,0.432886,,0.6650975838416484,0.9984732925142737
5,QRICH1,0.43255615,,0.6653372513524733,0.9984732925142737
5,YIPF5,0.43167654,,0.6659765318516543,0.9984732925142737
5,FBXO21,0.42859784,,0.668215922923761,0.9984732925142737
5,ARPC5L,0.42782816,,0.6687762333802587,0.9984732925142737
5,TAOK2,0.4274983,,0.6690164229387763,0.9984732925142737
5,TBCK,0.4270585,,0.6693367283704841,0.9984732925142737
5,MZT1,0.42595896,,0.6701377550708469,0.9984732925142737
5,TRIM8,0.42354,,0.6719013335859477,0.9984732925142737
5,IRAK4,0.42244044,,0.6727035583019028,0.9984732925142737
5,RETN,0.42222056,,0.6728640479957422,0.9984732925142737
5,GAS2L1,0.42178074,,0.6731850720830668,0.9984732925142737
5,USP5,0.42123097,,0.6735864359382588,0.9984732925142737
5,TAF12,0.421121,,0.673666719867456,0.9984732925142737
5,FADS1,0.42002147,,0.6744697634914123,0.9984732925142737
5,USP36,0.41958165,,0.67479108485266,0.9984732925142737
5,TRIM69,0.41749254,,0.6763181702771583,0.9984732925142737
5,FNTA,0.41694278,,0.6767202565533642,0.9984732925142737
5,PF4,0.41474372,,0.6783295224255027,0.9984732925142737
5,ARHGAP18,0.41122523,,0.6809073994026673,0.9984732925142737
5,MOB2,0.41111526,,0.6809880183410448,0.9984732925142737
5,DAGLB,0.40814653,,0.6831661045807944,0.9984732925142737
5,PGRMC1,0.40781668,,0.683408277464548,0.9984732925142737
5,TMEM138,0.40594745,5.9223585,0.6847812052237181,0.9984732925142737
5,CLEC2B,0.40550765,,0.6851043986553618,0.9984732925142737
5,STAMBP,0.404628,,0.685750958404091,0.9984732925142737
5,ECSIT,0.40286878,,0.6870447679790035,0.9984732925142737
5,LYRM2,0.40286878,2.8027835,0.6870447679790035,0.9984732925142737
5,PXMP4,0.40242895,,0.6873683638334342,0.9984732925142737
5,CISD1,0.4006697,,0.6886633195205687,0.9984732925142737
5,UIMC1,0.39957017,,0.6894731307267672,0.9984732925142737
5,WDYHV1,0.39869055,,0.6901212359511241,0.9984732925142737
5,VIPR1,0.39803082,,0.6906074640774198,0.9984732925142737
5,TAF6L,0.39671138,,0.6915803032361829,0.9984732925142737
5,PELI1,0.39605168,,0.6920669139120996,0.9984732925142737
5,SUV420H2,0.39451233,,0.6932028330237865,0.9984732925142737
5,NABP1,0.39440235,,0.6932839965348138,0.9984732925142737
5,CD93,0.39363268,,0.6938522396199678,0.9984732925142737
5,NIT2,0.39143363,,0.6954767390994012,0.9984732925142737
5,AP003733.1,0.3913237,,0.695558000851167,0.9984732925142737
5,DHX9,0.38769522,,0.6982415952395145,0.9984732925142737
5,GRPEL1,0.38670564,,0.6989741415269219,0.9984732925142737
5,ABT1,0.38571605,,0.6997069681957849,0.9984732925142737
5,NAP1L4,0.3843966,,0.7006845055144098,0.9984732925142737
5,RP11-139H15.1,0.383517,,0.7013364726613167,0.9984732925142737
5,CDC123,0.38318714,,0.7015810170779178,0.9984732925142737
5,RCHY1,0.38307717,,0.7016625387538804,0.9984732925142737
5,IDI1,0.38285726,,0.7018255924064047,0.9984732925142737
5,FCGR1A,0.38263738,,0.701988659787453,0.9984732925142737
5,ANKRD27,0.38219756,,0.7023148357081972,0.9984732925142737
5,SCAI,0.38109803,,0.7031305152878589,0.9984732925142737
5,NR2C1,0.3769198,,0.7062332083187233,0.9984732925142737
5,GNS,0.37395105,,0.7084407277680935,0.9984732925142737
5,ZNF32,0.37395105,,0.7084407277680935,0.9984732925142737
5,ZBTB10,0.37164205,,0.7101593834527647,0.9984732925142737
5,TUBB1,0.37032261,,0.7111421353736298,0.9984732925142737
5,KIAA1430,0.36834344,,0.7126171633701325,0.9984732925142737
5,ECHS1,0.3682335,,0.7126991409567015,0.9984732925142737
5,PARP1,0.3668041,,0.713765151318652,0.9984732925142737
5,C4orf33,0.36482495,,0.7152420882170865,0.9984732925142737
5,DOHH,0.36130643,,0.717870384677864,0.9984732925142737
5,NUP54,0.359987,,0.7188568593330109,0.9984732925142737
5,PGRMC2,0.35954717,,0.719185788440327,0.9984732925142737
5,TBPL1,0.35800785,-1.4292556,0.7203374496005237,0.9984732925142737
5,DHX8,0.3564685,,0.7214897456134823,0.9984732925142737
5,EIF1AY,0.35514906,,0.7224779313957951,0.9984732925142737
5,CKS1B,0.35514906,2.9962003,0.7224779313957951,0.9984732925142737
5,DIMT1,0.3540495,4.6716247,0.7233017734219054,0.9984732925142737
5,UBE2D2,0.3513007,,0.7253627799704763,0.9984732925142737
5,HENMT1,0.35119075,,0.7254452617403899,0.9984732925142737
5,MALT1,0.35108078,,0.7255277466953632,0.9984732925142737
5,PTGDR,0.34756228,,0.7281689417291441,0.9984732925142737
5,RUNDC1,0.34701252,,0.7285819211271344,0.9984732925142737
5,NARS,0.34668264,,0.72882974659407,0.9984732925142737
5,MLLT10,0.34613287,,0.7292428520097225,0.9984732925142737
5,CCDC94,0.34360397,,0.7311441478244026,0.9984732925142737
5,TM7SF3,0.34261438,,0.7318885836598685,0.9984732925142737
5,SMC2,0.34107503,,0.7330470964847122,0.9984732925142737
5,INO80C,0.34052527,,0.733460998638883,0.9984732925142737
5,C16orf74,0.3404153,,0.733543788372488,0.9984732925142737
5,BACH1,0.3404153,,0.733543788372488,0.9984732925142737
5,UBE2K,0.33909586,12.802555,0.7345375066335778,0.9984732925142737
5,DUSP10,0.33865607,,0.7348688449529632,0.9984732925142737
5,KIAA1429,0.33865607,,0.7348688449529632,0.9984732925142737
5,PLAGL2,0.3368968,,0.7361946912125695,0.9984732925142737
5,EWSR1,0.3356873,,0.7371066667028416,0.9984732925142737
5,SURF6,0.3356873,,0.7371066667028416,0.9984732925142737
5,DNMT3A,0.33513755,,0.7375213235160326,0.9984732925142737
5,CHPF2,0.33183897,,0.7400108650330767,0.9984732925142737
5,MVD,0.32996976,,0.7414228170584674,0.9984732925142737
5,ANKHD1,0.32832044,,0.7426693806571879,0.9984732925142737
5,DPH6,0.32766074,,0.7431681953207939,0.9984732925142737
5,ARAP1,0.32722092,,0.7435007983515673,0.9984732925142737
5,SNRNP35,0.32590148,,0.7444988944361195,0.9984732925142737
5,METTL21A,0.32414222,7.4158,0.7458303567169215,0.9984732925142737
5,C18orf21,0.32194316,,0.7474957521540846,0.9984732925142737
5,MIS18A,0.3201839,,0.7488289180717032,0.9984732925142737
5,C14orf80,0.3201839,,0.7488289180717032,0.9984732925142737
5,NUDCD1,0.319964,,0.7489956167035039,0.9984732925142737
5,BANP,0.3193043,,0.7494957829481017,0.9984732925142737
5,MRPL1,0.31908438,,0.7496625284552367,0.9984732925142737
5,UQCC1,0.31886446,,0.7498292856631045,0.9984732925142737
5,PLEKHA3,0.3157858,,0.7521651110907149,0.9984732925142737
5,UBE2D3,0.31512606,,0.7526659413834419,0.9984732925142737
5,LINC01003,0.31490615,,0.7528329079642373,0.9984732925142737
5,PDCD2L,0.31237724,,0.7547538528902695,0.9984732925142737
5,SMARCD3,0.31028813,,0.7563418659581658,0.9984732925142737
5,ABHD5,0.3067696,,0.7590187386296917,0.9984732925142737
5,PPIE,0.30479047,,0.7605257518456037,0.9984732925142737
5,SPG20,0.30380088,,0.7612795997937547,0.9984732925142737
5,MVB12A,0.3036909,,0.7613633746809428,0.9984732925142737
5,FNBP4,0.30105203,11.942319,0.7633748090899521,0.9984732925142737
5,MORF4L2,0.30072218,,0.7636263510538008,0.9984732925142737
5,EXOC6,0.2997326,,0.7643811265651448,0.9984732925142737
5,BUB3,0.29830322,,0.7654717529750934,0.9984732925142737
5,ATF7IP2,0.29445484,,0.7684103610576339,0.9984732925142737
5,C9orf69,0.29423493,,0.7685783825317323,0.9984732925142737
5,ACP1,0.28686807,,0.7742133380518617,0.9984732925142737
5,ODC1,0.28400928,,0.7764032632765092,0.9984732925142737
5,RAB8B,0.2827998,,0.7773303065278587,0.9984732925142737
5,RASGRP4,0.2825799,,0.7774988939559896,0.9984732925142737
5,REEP3,0.28126046,,0.7785106382695677,0.9984732925142737
5,TMX2,0.28005096,5.707651,0.7794384004928698,0.9984732925142737
5,RBM25,0.2792813,,0.7800289583591312,0.9984732925142737
5,CCDC62,0.27873152,,0.7804508631541367,0.9984732925142737
5,CLECL1,0.27873152,,0.7804508631541367,0.9984732925142737
5,FAM209A,0.27873152,,0.7804508631541367,0.9984732925142737
5,LINC00959,0.27873152,,0.7804508631541367,0.9984732925142737
5,RP11-544A12.4,0.27873152,,0.7804508631541367,0.9984732925142737
5,BEND2,0.27873152,,0.7804508631541367,0.9984732925142737
5,TLR3,0.27873152,,0.7804508631541367,0.9984732925142737
5,ACVR2B,0.27873152,,0.7804508631541367,0.9984732925142737
5,RP4-773N10.4,0.27873152,,0.7804508631541367,0.9984732925142737
5,TASP1,0.27730215,,0.7815481179197421,0.9984732925142737
5,IFIT2,0.27686232,,0.781885822383397,0.9984732925142737
5,CAMK1D,0.27675238,5.5606613,0.7819702549272902,0.9984732925142737
5,RP11-10K16.1,0.2747732,,0.7834904791550606,0.9984732925142737
5,SPEN,0.27334383,,0.7845889334853923,0.9984732925142737
5,ARIH2OS,0.272904,,0.7849270058910389,0.9984732925142737
5,UBE3A,0.27180448,,0.7857723643109455,0.9984732925142737
5,SCN1B,0.27092484,,0.7864488330217538,0.9984732925142737
5,MYH10,0.2708149,,0.7865334029570511,0.9984732925142737
5,RP1-266L20.2,0.2708149,,0.7865334029570511,0.9984732925142737
5,SDCBP2,0.2708149,,0.7865334029570511,0.9984732925142737
5,PIGX,0.27059498,3.7721808,0.7867025503815229,0.9984732925142737
5,PTAFR,0.27048504,,0.7867871278688024,0.9984732925142737
5,RP11-1055B8.7,0.27037507,,0.7868717078715142,0.9984732925142737
5,RP11-141B14.1,0.27037507,,0.7868717078715142,0.9984732925142737
5,CDK16,0.2667466,,0.7896642529106775,0.9984732925142737
5,TTC8,0.26652673,,0.7898335853186935,0.9984732925142737
5,MMP9,0.26630682,,0.7900029276517365,0.9984732925142737
5,ZNF330,0.26542717,,0.7906803960819972,0.9984732925142737
5,MANBA,0.26476747,,0.7911886012445457,0.9984732925142737
5,TPD52L2,0.26344803,,0.7922052776952105,0.9984732925142737
5,HOMER2,0.2630082,,0.7925442484738647,0.9984732925142737
5,RP11-1000B6.3,0.26289827,,0.7926289972978696,0.9984732925142737
5,SNTA1,0.26223853,,0.7931375416549251,0.9984732925142737
5,CDT1,0.2590499,,0.7955967427149743,0.9984732925142737
5,PRKAR2B,0.2590499,,0.7955967427149743,0.9984732925142737
5,SLC22A4,0.25893995,,0.7956815791312984,0.9984732925142737
5,SPATA7,0.25893995,,0.7956815791312984,0.9984732925142737
5,ACOT11,0.25893995,,0.7956815791312984,0.9984732925142737
5,LIMD2,0.25861007,,0.7959361028690637,0.9984732925142737
5,CISH,0.25817028,,0.7962755016242034,0.9984732925142737
5,RP11-142C4.6,0.25817028,,0.7962755016242034,0.9984732925142737
5,PAICS,0.25751054,,0.7967846719998513,0.9984732925142737
5,NPRL2,0.2571807,,0.7970392896409704,0.9984732925142737
5,RNF14,0.2561911,,0.7978032720670539,0.9984732925142737
5,TMX3,0.2559712,,0.7979730722704926,0.9984732925142737
5,AEBP1,0.2543219,,0.7992468779362744,0.9984732925142737
5,C19orf33,0.254102,,0.7994167591403692,0.9984732925142737
5,KCNQ1OT1,0.2531124,,0.8001813419237495,0.9984732925142737
5,ANAPC4,0.2524527,,0.8006911702296695,0.9984732925142737
5,ALKBH4,0.2522328,,0.8008611318792258,0.9984732925142737
5,FEM1B,0.25201288,,0.8010311029564148,0.9984732925142737
5,PTGDR2,0.25102332,,0.8017960892643117,0.9984732925142737
5,DISP1,0.25102332,,0.8017960892643117,0.9984732925142737
5,NEFH,0.25003374,,0.8025612656241284,0.9984732925142737
5,PCYT1A,0.24981382,,0.8027313305540839,0.9984732925142737
5,SLC35A2,0.24871428,,0.8035817951929722,0.9984732925142737
5,CLPX,0.24827448,,0.8039220462327703,0.9984732925142737
5,TNFRSF9,0.24596545,,0.8057089723383408,0.9984732925142737
5,PLEKHA1,0.24464601,,0.8067305293272536,0.9984732925142737
5,SNHG8,0.24453607,,0.8068156739865266,0.9984732925142737
5,S100A12,0.24332657,,0.8077524161233917,0.9984732925142737
5,TRAPPC12-AS1,0.24321662,,0.8078375881911006,0.9984732925142737
5,LYSMD4,0.24321662,,0.8078375881911006,0.9984732925142737
5,RP5-894A10.2,0.24321662,,0.8078375881911006,0.9984732925142737
5,OSBPL1A,0.242337,,0.8085190466500649,0.9984732925142737
5,ACPP,0.24189718,,0.8088598303902794,0.9984732925142737
5,CTB-113I20.2,0.24189718,,0.8088598303902794,0.9984732925142737
5,RP11-532F6.3,0.24189718,,0.8088598303902794,0.9984732925142737
5,ZBTB41,0.24189718,,0.8088598303902794,0.9984732925142737
5,RAB9A,0.24057774,5.836992,0.8098823989091255,0.9984732925142737
5,PPIL2,0.23991802,2.0381358,0.8103938050145485,0.9984732925142737
5,GTF3A,0.23903841,,0.811075805709383,0.9984732925142737
5,DENND5B,0.23782891,,0.8120137907339029,0.9984732925142737
5,CDC42BPB,0.23782891,,0.8120137907339029,0.9984732925142737
5,ATG4C,0.23683934,,0.8127814338005761,0.9984732925142737
5,TTC14,0.23529999,,0.8139759026241155,0.9984732925142737
5,ADAP2,0.23376064,,0.815170804172139,0.9984732925142737
5,PDK2,0.23266111,,0.8160245687291926,0.9984732925142737
5,ATP6V0E1,0.2322213,,0.8163661357689684,0.9984732925142737
5,FHL1,0.22826298,,0.8194418015521477,0.9984732925142737
5,IFI27,0.22804308,,0.8196127538144197,0.9984732925142737
5,SYCE1,0.22793312,,0.8196982331609792,0.9984732925142737
5,GRAP,0.22738336,,0.8201256620088225,0.9984732925142737
5,SCAPER,0.22694354,,0.820467643566352,0.9984732925142737
5,ZCCHC9,0.22617386,,0.8210661933935883,0.9984732925142737
5,GZMB,0.22573406,,0.821408268673595,0.9984732925142737
5,TRIM16L,0.2256241,,0.8214937928027981,0.9984732925142737
5,CRTC2,0.22320513,,0.8233758587012505,0.9984732925142737
5,PKN2,0.2223255,4.4400635,0.8240604988641291,0.9984732925142737
5,RDH14,0.21924682,,0.8264577906183505,0.9984732925142737
5,TSSC1,0.21891695,9.590184,0.8267147396953988,0.9984732925142737
5,SPATA6,0.21748756,,0.827828399772633,0.9984732925142737
5,FBXO4,0.21748756,,0.827828399772633,0.9984732925142737
5,IFFO1,0.21528849,,0.8295423983429365,0.9984732925142737
5,TSPAN33,0.21407901,,0.8304854440306235,0.9984732925142737
5,WDR45,0.21352924,,0.8309141819711727,0.9984732925142737
5,MYOM2,0.21341929,,0.8309999356032017,0.9984732925142737
5,ZSWIM6,0.21341929,,0.8309999356032017,0.9984732925142737
5,PROCA1,0.21341929,,0.8309999356032017,0.9984732925142737
5,WDR44,0.21341929,,0.8309999356032017,0.9984732925142737
5,IL4I1,0.21111028,,0.8328012251998257,0.9984732925142737
5,EID2,0.20957093,,0.8340025734230625,0.9984732925142737
5,LONRF1,0.20935102,,0.8341742263037444,0.9984732925142737
5,COPS4,0.20715195,,0.8358911884477481,0.9984732925142737
5,GID8,0.2068221,,0.8361488004390436,0.9984732925142737
5,RWDD4,0.20605242,,0.8367499633881085,0.9984732925142737
5,SAMD1,0.20528275,,0.8373512216849393,0.9984732925142737
5,PNOC,0.20407327,,0.8382962479722645,0.9984732925142737
5,CYTH2,0.2037434,3.333481,0.8385540229572648,0.9984732925142737
5,CLIP1,0.20297372,,0.8391555652500269,0.9984732925142737
5,SNX29P2,0.20275383,,0.8393274517535293,0.9984732925142737
5,RP11-164H13.1,0.20121448,,0.8405308714251336,0.9984732925142737
5,TMEM167B,0.19879551,,0.8424227116416851,0.9984732925142737
5,ZNF232,0.19736612,,0.8435410456285005,0.9984732925142737
5,UCK1,0.19571681,-0.3892437,0.8448318229511778,0.9984732925142737
5,PPP1R8,0.19428742,,0.8459508338359508,0.9984732925142737
5,ARHGAP21,0.19373766,,0.8463813055172242,0.9984732925142737
5,RP11-488C13.5,0.19329785,,0.8467257158818161,0.9984732925142737
5,AAGAB,0.19307794,3.5496788,0.846897932048594,0.9984732925142737
5,SIRT1,0.1898893,,0.8493958841299676,0.9984732925142737
5,PIK3R1,0.18933952,7.5777893,0.8498267191192864,0.9984732925142737
5,TGFBRAP1,0.18900967,,0.8500852416484446,0.9984732925142737
5,FCRL6,0.18889971,,0.8501714194080648,0.9984732925142737
5,RGS14,0.1884599,,0.8505161483359259,0.9984732925142737
5,METTL3,0.18670064,,0.8518953491517738,0.9984732925142737
5,DTX3,0.18516131,,0.8531025216717844,0.9984732925142737
5,RP11-102N12.3,0.1849414,,0.8532750030452918,0.9984732925142737
5,CHERP,0.1816428,5.003311,0.8558630609260057,0.9984732925142737
5,ZNF263,0.18142289,,0.8560356535710534,0.9984732925142737
5,ARID4A,0.18054326,,0.8567260929295861,0.9984732925142737
5,ARSD,0.1783442,,0.8584526699477097,0.9984732925142737
5,RALBP1,0.17801434,,0.8587117151134026,0.9984732925142737
5,MNAT1,0.17592523,,0.8603526866143127,0.9984732925142737
5,MFF,0.17460579,,0.8613894009034357,0.9984732925142737
5,MBNL1-AS1,0.17449583,,0.8614758045672135,0.9984732925142737
5,WDR91,0.17383611,,0.8619942613280197,0.9984732925142737
5,C19orf52,0.17328635,0.59083486,0.8624263540600592,0.9984732925142737
5,GBP1,0.1731764,,0.8625127775504576,0.9984732925142737
5,SPRTN,0.17306644,3.9849741,0.8625992026864882,0.9984732925142737
5,CEP164,0.17306644,5.4561205,0.8625992026864882,0.9984732925142737
5,TTN-AS1,0.17295648,,0.8626856294671372,0.9984732925142737
5,NOG,0.17273659,,0.8628584879582368,0.9984732925142737
5,PPP6C,0.17273659,,0.8628584879582368,0.9984732925142737
5,XPOT,0.17262663,4.876506,0.8629449196666601,0.9984732925142737
5,TMEM222,0.171747,,0.8636364323091751,0.9984732925142737
5,REXO2,0.1715271,,0.8638093268146023,0.9984732925142737
5,RNF139,0.17130719,,0.863982227841721,0.9984732925142737
5,APOBEC3B,0.17130719,,0.863982227841721,0.9984732925142737
5,GOLGA1,0.17042756,,0.8646738970047836,0.9984732925142737
5,AP4S1,0.16910812,,0.8657115950200389,0.9984732925142737
5,ZNF628,0.16888821,,0.8658845672499275,0.9984732925142737
5,DIDO1,0.1680086,7.166075,0.8665765203306353,0.9984732925142737
5,SEPHS2,0.16778868,,0.8667495246004598,0.9984732925142737
5,SLC40A1,0.16668916,,0.8676146415409345,0.9984732925142737
5,PHACTR4,0.1649299,4.259907,0.8689991580550039,0.9984732925142737
5,HCFC2,0.16460004,,0.8692587997565389,0.9984732925142737
5,KIAA0040,0.16383037,,0.8698646851699894,0.9984732925142737
5,DSCR3,0.1632806,5.3633995,0.8702975072638921,0.9984732925142737
5,SNAP47,0.16317065,,0.8703840763492908,0.9984732925142737
5,TADA2A,0.16141139,,0.8717693922528751,0.9984732925142737
5,FAM63A,0.16075167,,0.8722889873734441,0.9984732925142737
5,ACRBP,0.16053177,,0.8724621980037398,0.9984732925142737
5,BOLA1,0.15877251,2.352699,0.8738481024928018,0.9984732925142737
5,CTC-444N24.11,0.15800284,,0.8744545576989285,0.9984732925142737
5,WARS2,0.1564635,,0.8756676890282118,0.9984732925142737
5,SEC31A,0.15536396,3.3004246,0.876534390479743,0.9984732925142737
5,SLC20A2,0.155254,,0.8766210687855808,0.9984732925142737
5,TP53BP2,0.15261513,,0.8787017896740461,0.9984732925142737
5,MED9,0.15239523,,0.8788752211094871,0.9984732925142737
5,PAX5,0.15239523,,0.8788752211094871,0.9984732925142737
5,ARMCX5,0.15239523,,0.8788752211094871,0.9984732925142737
5,ELOF1,0.14953645,,0.8811303557023555,0.9984732925142737
5,FAM98A,0.14876677,,0.8817376728249353,0.9984732925142737
5,DDI2,0.14876677,,0.8817376728249353,0.9984732925142737
5,GPATCH4,0.1479971,5.5549207,0.8823450594903638,0.9984732925142737
5,INIP,0.14755729,,0.8826921686727974,0.9984732925142737
5,C16orf80,0.14722742,7.8329186,0.8829525153467495,0.9984732925142737
5,UBLCP1,0.14645775,5.222427,0.8835600400420789,0.9984732925142737
5,FBXW4,0.14447859,,0.8851225600344375,0.9984732925142737
5,C1QA,0.1442587,,0.8852962010605098,0.9984732925142737
5,ZFAND4,0.1442587,-2.9608166,0.8852962010605098,0.9984732925142737
5,AKR1C3,0.14293924,,0.8863381626092081,0.9984732925142737
5,SMCHD1,0.14172976,,0.8872934667201927,0.9984732925142737
5,CCP110,0.14107004,,0.8878146108053196,0.9984732925142737
5,RABL2A,0.14041032,0.5201772,0.888335803393847,0.9984732925142737
5,MTERFD2,0.14030036,,0.8884226735252653,0.9984732925142737
5,RP11-400F19.6,0.14019041,,0.8885095449967946,0.9984732925142737
5,ISOC1,0.13964064,5.409373,0.8889439224200686,0.9984732925142737
5,CHI3L2,0.13854112,3.712984,0.8898127771828156,0.9984732925142737
5,SIGLEC14,0.13634205,,0.8915508827671325,0.9984732925142737
5,LAIR1,0.13568233,,0.892072416452925,0.9984732925142737
5,RMDN3,0.13546242,5.6715393,0.8922462714004736,0.9984732925142737
5,ATP5H,0.1345828,,0.8929417428986748,0.9984732925142737
5,ZNF559,0.13425294,,0.8932025659662751,0.9984732925142737
5,TYW5,0.13271359,,0.8944198925573995,0.9984732925142737
5,HMG20A,0.13249369,,0.8945938167255445,0.9984732925142737
5,CTD-2267D19.2,0.13227378,,0.8947677459612573,0.9984732925142737
5,ZNF333,0.13205387,,0.8949416802562745,0.9984732925142737
5,DENND6A,0.13205387,1.6822265,0.8949416802562745,0.9984732925142737
5,EDC3,0.13205387,,0.8949416802562745,0.9984732925142737
5,THAP2,0.13084438,5.900137,0.8958984089445827,0.9984732925142737
5,RCE1,0.13084438,,0.8958984089445827,0.9984732925142737
5,IGLL5,0.12842542,,0.8978123192007573,0.9984732925142737
5,C2orf76,0.12842542,,0.8978123192007573,0.9984732925142737
5,RBM5,0.12809555,5.8638034,0.8980733532827452,0.9984732925142737
5,LRRK2,0.1279856,,0.8981603670958664,0.9984732925142737
5,SLBP,0.12512682,,0.9004231530107468,0.9984732925142737
5,ABHD13,0.1244671,,0.900945450006803,0.9984732925142737
5,C16orf58,0.12435714,,0.9010325036819863,0.9984732925142737
5,RHEBL1,0.123917334,2.1737018,0.9013807302757,0.9984732925142737
5,NAA25,0.12050878,,0.9040801248229873,0.9984732925142737
5,DEF6,0.11995901,,0.9045156157131706,0.9984732925142737
5,SDPR,0.11984906,1.5830805,0.9046027173419173,0.9984732925142737
5,RBM7,0.119519204,6.1462674,0.904864029110896,0.9984732925142737
5,CASP4,0.11863957,,0.9055609107855569,0.9984732925142737
5,ERH,0.11852962,,0.9056480261195711,0.9984732925142737
5,SLC25A14,0.1160007,,0.9076519900582317,0.9984732925142737
5,PGM2L1,0.11578079,1.3179532,0.9078262757604443,0.9984732925142737
5,PURA,0.113911584,,0.9093078825553111,0.9984732925142737
5,ELP5,0.113251865,,0.9098308781915153,0.9984732925142737
5,ST20,0.11237224,,0.9105282664537495,0.9984732925142737
5,ZNF468,0.11215233,0.27750444,0.9107026243115486,0.9984732925142737
5,NELFB,0.111712515,1.0432312,0.9110513529195591,0.9984732925142737
5,MFSD10,0.11061299,,0.9119232492567294,0.9984732925142737
5,SMARCC2,0.11017317,4.765389,0.9122720375435549,0.9984732925142737
5,RABL6,0.108194016,3.4471452,0.9138417930236382,0.9984732925142737
5,CTC-378H22.1,0.10808406,,0.9139290115744317,0.9984732925142737
5,ATG7,0.10786416,-0.82079476,0.9141034517845621,0.9984732925142737
5,ADPRM,0.10665467,,0.9150629466794569,0.9984732925142737
5,SCPEP1,0.10643476,,0.9152374136360768,0.9984732925142737
5,NDUFAF4,0.10280631,,0.918116701761493,0.9984732925142737
5,RFC2,0.10181672,,0.9189021501788043,0.9984732925142737
5,TRMT61A,0.099507704,2.7661989,0.9207351696126398,0.9984732925142737
5,ORC2,0.099507704,2.316377,0.9207351696126398,0.9984732925142737
5,USP19,0.099507704,2.6938982,0.9207351696126398,0.9984732925142737
5,TMEM18,0.09752855,,0.9223066647446918,0.9984732925142737
5,SNAPIN,0.09708873,,0.9226559272977234,0.9984732925142737
5,HEMK1,0.095659345,,0.9237911332491818,0.9984732925142737
5,RP11-138A9.2,0.095659345,3.7231581,0.9237911332491818,0.9984732925142737
5,GTF2H2,0.095439434,2.2466612,0.9239657941542234,0.9984732925142737
5,C17orf59,0.09455981,3.040811,0.9246644743484768,0.9984732925142737
5,MAPK1IP1L,0.0943399,,0.9248391534987088,0.9984732925142737
5,ENTPD3-AS1,0.09159107,0.8331331,0.9270229459368221,0.9984732925142737
5,ZNF397,0.09027163,,0.9280713626317176,0.9984732925142737
5,YWHAG,0.08818252,,0.9297316104132786,0.9984732925142737
5,CASC7,0.08730289,2.50329,0.9304307540369811,0.9984732925142737
5,USP25,0.085653596,,0.9317417926261335,0.9984732925142737
5,ARRDC3,0.085103825,,0.9321788468243226,0.9984732925142737
5,BLZF1,0.08345453,3.7932048,0.9334901315884346,0.9984732925142737
5,TMEM234,0.08323462,4.8400426,0.9336649832720466,0.9984732925142737
5,CDK19,0.08323462,3.9925683,0.9336649832720466,0.9984732925142737
5,CLU,0.08323462,1.8072276,0.9336649832720466,0.9984732925142737
5,USP8,0.08290476,15.635146,0.9339272667957518,0.9984732925142737
5,CTNNB1,0.081915185,,0.934714160290002,0.9984732925142737
5,UBXN1,0.08169527,,0.9348890342006556,0.9984732925142737
5,PITPNM1,0.081255466,,0.935238791438647,0.9984732925142737
5,DNAJB14,0.07674738,7.7333364,0.9388245118551338,0.9984732925142737
5,MRPS33,0.07586776,10.94201,0.9395243115614139,0.9984732925142737
5,RNF25,0.07531799,,0.9399617101283148,0.9984732925142737
5,GOLGB1,0.07465827,,0.94048661230469,0.9984732925142737
5,GNLY,0.07355873,,0.9413615066062668,0.9984732925142737
5,CNEP1R1,0.072569154,,0.942148972011326,0.9984732925142737
5,VPS13C,0.07146962,,0.943023999865872,0.9984732925142737
5,ADAL,0.071249716,3.889662,0.9431990137222829,0.9984732925142737
5,CEP120,0.07102981,4.2833123,0.943374030320881,0.9984732925142737
5,TBC1D23,0.06828098,1.5111089,0.9455619657408489,0.9984732925142737
5,PEX26,0.06806107,1.8445921,0.9457370185346318,0.9984732925142737
5,ADIPOR2,0.067841165,1.3967904,0.9459120739484623,0.9984732925142737
5,ZNF561,0.067181446,3.0722978,0.9464372558259748,0.9984732925142737
5,RNF26,0.067181446,3.9530787,0.9464372558259748,0.9984732925142737
5,HBP1,0.06630182,,0.9471375344987494,0.9984732925142737
5,VTI1A,0.065312244,6.1409564,0.9479253967977164,0.9984732925142737
5,GNPTAB,0.063113175,,0.9496763831008619,0.9984732925142737
5,SMYD4,0.063113175,3.900714,0.9496763831008619,0.9984732925142737
5,RELB,0.061793737,6.7128334,0.9507270920799371,0.9984732925142737
5,LBR,0.060034484,,0.952128170336407,0.9984732925142737
5,IDH1,0.059704624,1.9142275,0.9523908891145344,0.9984732925142737
5,SAFB2,0.057725463,,0.9539673094418473,0.9984732925142737
5,SETD1B,0.056076165,2.8354654,0.9552811308953845,0.9984732925142737
5,ACBD3,0.055416446,3.3763843,0.955806693700845,0.9984732925142737
5,CCM2,0.055416446,,0.955806693700845,0.9984732925142737
5,KLF13,0.05519654,,0.9559818855838305,0.9984732925142737
5,STT3A,0.054976635,5.227644,0.9561570795933217,0.9984732925142737
5,FCGR1B,0.0538771,,0.9570330812427301,0.9984732925142737
5,MAP2K7,0.05343729,1.8503376,0.9573834964923849,0.9984732925142737
5,TMEM102,0.05112827,4.6055875,0.959223310098975,0.9984732925142737
5,ATXN1L,0.05090836,3.1128747,0.9593985419249751,0.9984732925142737
5,ZNF567,0.05090836,5.9506216,0.9593985419249751,0.9984732925142737
5,JAZF1,0.047389857,,0.9622025121901794,0.9984732925142737
5,RP11-468E2.4,0.04684009,3.930648,0.9626406756612728,0.9984732925142737
5,PEMT,0.046620186,4.4212217,0.9628159442164451,0.9984732925142737
5,DCAF5,0.045520652,7.6527963,0.963692313776307,0.9984732925142737
5,ARSG,0.03870355,4.462094,0.969126743191043,0.9984732925142737
5,ZNF493,0.03870355,3.4144466,0.969126743191043,0.9984732925142737
5,SIVA1,0.036724392,,0.9707047605407783,0.9984732925142737
5,URGCP,0.036394533,,0.9709677747504833,0.9984732925142737
5,TCF12,0.035295,5.0686207,0.9718445114266613,0.9984732925142737
5,PIGU,0.03463528,4.5945716,0.9723705698321502,0.9984732925142737
5,ZFYVE28,0.03441537,6.0437527,0.972545925316461,0.9984732925142737
5,NNT-AS1,0.030786915,4.8116155,0.9754394760925025,0.9984732925142737
5,C16orf54,0.029687382,6.3373337,0.9763163752263762,0.9984732925142737
5,UBB,0.027488317,,0.9780702583081079,0.9984732925142737
5,RP5-1073O3.7,0.026718644,3.845617,0.9786841428684779,0.9984732925142737
5,FBXO11,0.026278831,7.1976843,0.9790349397372523,0.9984732925142737
5,VMAC,0.02221056,6.8771577,0.9822799941389733,0.9984732925142737
5,LIX1L,0.018911961,,0.9849113370798065,0.9984732925142737
5,ZBED5-AS1,0.018582102,4.7305474,0.9851744808747253,0.9984732925142737
5,EXOC4,0.018472148,,0.9852621958328766,0.9984732925142737
5,SWAP70,0.013854112,,0.9889463718664512,0.9984732925142737
5,TNFSF12,0.012314766,,0.9901744868051356,0.9984732925142737
5,SEL1L,0.010995327,3.0592842,0.9912271753927965,0.9984732925142737
5,ZNF836,0.010005747,5.9089694,0.9920167019561106,0.9984732925142737
5,SELL,0.009346028,,0.9925430573891085,0.9984732925142737
5,ING5,0.0068171024,3.55708,0.9945607812763446,0.9985963205039143
5,CEP85L,0.005937476,6.182522,0.99526260709208,0.9985963205039143
5,ASXL2,0.003298598,2.63549,0.9973681043600653,0.9985963205039143
5,SNHG12,0.0024189719,,0.998069941579569,0.9985963205039143
5,NXT2,0.0023090185,4.050563,0.9981576713481456,0.9985963205039143
5,RAB21,0.002089112,6.342837,0.9983331309510579,0.9985963205039143
5,C7orf26,0.0019791587,,0.9984208607832723,0.9985963205039143
5,MADD,-0.0017592523,4.7523336,0.9985963205039143,0.9985963205039143
5,RABEP2,-0.0034085512,4.4777584,0.9972803748396754,0.9985963205039143
5,R3HDM1,-0.0058275233,5.019491,0.9953503355879119,0.9985963205039143
5,DENND5A,-0.0076967287,5.4179177,0.993858959669096,0.9985963205039143
5,C5orf56,-0.008796262,,0.9929816894054453,0.9984732925142737
5,MUM1,-0.009455981,4.4352717,0.9924553312520483,0.9984732925142737
5,PRKD2,-0.010335607,,0.9917535255282156,0.9984732925142737
5,LPGAT1,-0.010665467,5.3317094,0.9914903499975668,0.9984732925142737
5,MRPL19,-0.01110528,,0.9911394507352392,0.9984732925142737
5,GLS2,-0.011874952,0.629255,0.990525381191003,0.9984732925142737
5,CTD-2541M15.1,-0.011874952,0.64428216,0.990525381191003,0.9984732925142737
5,SOX13,-0.011874952,0.6426684,0.990525381191003,0.9984732925142737
5,CCDC163P,-0.011874952,0.59869725,0.990525381191003,0.9984732925142737
5,RP11-805J14.5,-0.011874952,0.6074477,0.990525381191003,0.9984732925142737
5,RP13-314C10.5,-0.011874952,0.63756007,0.990525381191003,0.9984732925142737
5,OMG,-0.011874952,0.6461104,0.990525381191003,0.9984732925142737
5,KCNH3,-0.011874952,0.6047156,0.990525381191003,0.9984732925142737
5,C10orf25,-0.011874952,0.6253026,0.990525381191003,0.9984732925142737
5,SPOCD1,-0.011874952,0.6229398,0.990525381191003,0.9984732925142737
5,MEIS1,-0.011874952,0.62749517,0.990525381191003,0.9984732925142737
5,SEC14L5,-0.011874952,0.6774224,0.990525381191003,0.9984732925142737
5,TACR2,-0.011874952,0.59954435,0.990525381191003,0.9984732925142737
5,BHLHE40-AS1,-0.011874952,0.6186471,0.990525381191003,0.9984732925142737
5,CTC-260E6.6,-0.011874952,0.6157728,0.990525381191003,0.9984732925142737
5,ZNF763,-0.011874952,0.60741514,0.990525381191003,0.9984732925142737
5,RP11-159H10.3,-0.011874952,0.60944146,0.990525381191003,0.9984732925142737
5,AC093642.3,-0.011874952,0.599371,0.990525381191003,0.9984732925142737
5,PPT2-EGFL8,-0.011874952,0.7049909,0.990525381191003,0.9984732925142737
5,ZNF433,-0.011874952,0.62394315,0.990525381191003,0.9984732925142737
5,MAP1A,-0.011874952,0.64106196,0.990525381191003,0.9984732925142737
5,RP11-359I18.5,-0.011874952,0.6277118,0.990525381191003,0.9984732925142737
5,NCKAP1,-0.011874952,0.6133621,0.990525381191003,0.9984732925142737
5,GUCA1B,-0.011874952,0.60593694,0.990525381191003,0.9984732925142737
5,DPY19L2,-0.011874952,0.6030651,0.990525381191003,0.9984732925142737
5,CTD-2012J19.3,-0.011874952,0.61460495,0.990525381191003,0.9984732925142737
5,NPPA-AS1,-0.011874952,0.6082049,0.990525381191003,0.9984732925142737
5,RP11-977G19.12,-0.011874952,0.62445325,0.990525381191003,0.9984732925142737
5,AL928742.12,-0.011874952,0.6093403,0.990525381191003,0.9984732925142737
5,LRRC24,-0.011874952,0.62511545,0.990525381191003,0.9984732925142737
5,SYTL4,-0.011874952,0.61480385,0.990525381191003,0.9984732925142737
5,RP11-77H9.2,-0.011874952,0.5977784,0.990525381191003,0.9984732925142737
5,SCIN,-0.011874952,0.60791194,0.990525381191003,0.9984732925142737
5,RP11-247A12.2,-0.011874952,0.6492437,0.990525381191003,0.9984732925142737
5,NRN1L,-0.011874952,0.61810666,0.990525381191003,0.9984732925142737
5,ZNF425,-0.011874952,0.6339844,0.990525381191003,0.9984732925142737
5,RP11-356N1.2,-0.011874952,0.5997239,0.990525381191003,0.9984732925142737
5,CTC-444N24.6,-0.011874952,0.611194,0.990525381191003,0.9984732925142737
5,AC145110.1,-0.011874952,0.61840767,0.990525381191003,0.9984732925142737
5,RP11-178L8.7,-0.011874952,0.61000764,0.990525381191003,0.9984732925142737
5,HRASLS,-0.011874952,0.6612066,0.990525381191003,0.9984732925142737
5,LCN2,-0.011874952,0.6214714,0.990525381191003,0.9984732925142737
5,CALD1,-0.011874952,0.60156715,0.990525381191003,0.9984732925142737
5,FBXL22,-0.011874952,0.6175063,0.990525381191003,0.9984732925142737
5,SERPINE1,-0.011874952,0.635545,0.990525381191003,0.9984732925142737
5,RP11-490M8.1,-0.011874952,0.6128334,0.990525381191003,0.9984732925142737
5,KRTAP5-AS1,-0.011874952,0.62506753,0.990525381191003,0.9984732925142737
5,NUDT12,-0.011874952,0.609788,0.990525381191003,0.9984732925142737
5,RP11-420A6.2,-0.011874952,0.6090536,0.990525381191003,0.9984732925142737
5,C19orf44,-0.011874952,0.6213806,0.990525381191003,0.9984732925142737
5,AC068580.6,-0.011874952,0.6282671,0.990525381191003,0.9984732925142737
5,RP11-211G3.2,-0.011874952,0.6800505,0.990525381191003,0.9984732925142737
5,WDR11-AS1,-0.011874952,0.623948,0.990525381191003,0.9984732925142737
5,TAL1,-0.011874952,0.71013933,0.990525381191003,0.9984732925142737
5,MEG3,-0.011874952,0.6333643,0.990525381191003,0.9984732925142737
5,RP11-110I1.14,-0.011874952,0.647062,0.990525381191003,0.9984732925142737
5,RP11-559M23.1,-0.011874952,0.65617806,0.990525381191003,0.9984732925142737
5,RAB12,-0.011874952,0.622245,0.990525381191003,0.9984732925142737
5,FOPNL,-0.012754579,8.593873,0.9898235943197754,0.9984732925142737
5,BRAT1,-0.014403878,7.7216077,0.98850776558452,0.9984732925142737
5,LRCH4,-0.015723318,,0.9874551249309182,0.9984732925142737
5,RP11-511B23.1,-0.01583327,0.7322881,0.9873674058369171,0.9984732925142737
5,AURKC,-0.01583327,0.78787124,0.9873674058369171,0.9984732925142737
5,RP11-308N19.1,-0.01583327,0.72960967,0.9873674058369171,0.9984732925142737
5,LINC00174,-0.01583327,0.7269345,0.9873674058369171,0.9984732925142737
5,CCDC153,-0.01583327,0.7997454,0.9873674058369171,0.9984732925142737
5,ABCG2,-0.01583327,0.75303274,0.9873674058369171,0.9984732925142737
5,HOXA5,-0.01583327,0.7575139,0.9873674058369171,0.9984732925142737
5,AC007879.7,-0.01583327,0.72801054,0.9873674058369171,0.9984732925142737
5,VIL1,-0.01583327,0.74883735,0.9873674058369171,0.9984732925142737
5,RP13-270P17.1,-0.01583327,0.73364925,0.9873674058369171,0.9984732925142737
5,RP11-932O9.7,-0.01583327,0.73584664,0.9873674058369171,0.9984732925142737
5,SAMD14,-0.01583327,0.7485814,0.9873674058369171,0.9984732925142737
5,IFT81,-0.01583327,0.7503736,0.9873674058369171,0.9984732925142737
5,TDRP,-0.01583327,0.7569042,0.9873674058369171,0.9984732925142737
5,TMPRSS11E,-0.01583327,0.81112224,0.9873674058369171,0.9984732925142737
5,RP4-781K5.2,-0.01583327,0.75300324,0.9873674058369171,0.9984732925142737
5,ARHGEF4,-0.01583327,0.7597959,0.9873674058369171,0.9984732925142737
5,RP11-647K16.1,-0.01583327,0.7425371,0.9873674058369171,0.9984732925142737
5,FAM65C,-0.01583327,0.7317358,0.9873674058369171,0.9984732925142737
5,LIPC,-0.01583327,0.7323169,0.9873674058369171,0.9984732925142737
5,AK4,-0.01583327,0.7466961,0.9873674058369171,0.9984732925142737
5,NEDD4,-0.01583327,0.7328055,0.9873674058369171,0.9984732925142737
5,CTD-2227I18.1,-0.01583327,0.73831224,0.9873674058369171,0.9984732925142737
5,CTC-454I21.3,-0.01583327,0.7401051,0.9873674058369171,0.9984732925142737
5,RNASE3,-0.01583327,0.7635592,0.9873674058369171,0.9984732925142737
5,KCNJ14,-0.01583327,0.737529,0.9873674058369171,0.9984732925142737
5,C2CD4D,-0.01583327,0.8694475,0.9873674058369171,0.9984732925142737
5,LNP1,-0.01583327,0.75393397,0.9873674058369171,0.9984732925142737
5,CA6,-0.01583327,0.7292014,0.9873674058369171,0.9984732925142737
5,C15orf26,-0.01583327,0.7345587,0.9873674058369171,0.9984732925142737
5,C1orf186,-0.01583327,0.74151474,0.9873674058369171,0.9984732925142737
5,WNT5B,-0.01583327,0.764741,0.9873674058369171,0.9984732925142737
5,U73166.2,-0.01583327,0.7566436,0.9873674058369171,0.9984732925142737
5,SUOX,-0.01583327,0.78326714,0.9873674058369171,0.9984732925142737
5,NEUROD2,-0.01583327,0.7440936,0.9873674058369171,0.9984732925142737
5,CACNA1C-AS1,-0.01583327,0.7425793,0.9873674058369171,0.9984732925142737
5,GATA2,-0.01583327,0.7330528,0.9873674058369171,0.9984732925142737
5,CTNNBL1,-0.018032337,,0.9856130574364371,0.9984732925142737
5,CEP68,-0.018252242,5.6369476,0.9854376262825859,0.9984732925142737
5,ZNF350,-0.018472148,5.6860456,0.9852621958328766,0.9984732925142737
5,RPUSD4,-0.018472148,8.412712,0.9852621958328766,0.9984732925142737
5,CAPZB,-0.019461729,,0.9844727677503287,0.9984732925142737
5,RP11-314N13.3,-0.019791588,0.8577629,0.984209628396516,0.9984732925142737
5,RNF165,-0.019791588,0.8664209,0.984209628396516,0.9984732925142737
5,SEPT4,-0.019791588,0.8855615,0.984209628396516,0.9984732925142737
5,ATP9A,-0.019791588,0.8804499,0.984209628396516,0.9984732925142737
5,AC004069.2,-0.019791588,0.8794242,0.984209628396516,0.9984732925142737
5,RP11-879F14.2,-0.019791588,0.9044323,0.984209628396516,0.9984732925142737
5,PLXNA1,-0.019791588,0.86643547,0.984209628396516,0.9984732925142737
5,CTD-3214H19.4,-0.019791588,0.8656116,0.984209628396516,0.9984732925142737
5,GPR55,-0.019791588,0.8929053,0.984209628396516,0.9984732925142737
5,DNAJC27,-0.019791588,0.85581034,0.984209628396516,0.9984732925142737
5,RP11-294J22.6,-0.019791588,0.87156445,0.984209628396516,0.9984732925142737
5,RP11-378J18.3,-0.019791588,0.97596323,0.984209628396516,0.9984732925142737
5,C1QC,-0.019791588,0.87718374,0.984209628396516,0.9984732925142737
5,CYTH3,-0.019791588,0.8678162,0.984209628396516,0.9984732925142737
5,FCGBP,-0.019791588,0.8630253,0.984209628396516,0.9984732925142737
5,ZNF594,-0.019791588,0.8603819,0.984209628396516,0.9984732925142737
5,LINC00957,-0.019791588,0.8587566,0.984209628396516,0.9984732925142737
5,AC137932.6,-0.019791588,0.88695043,0.984209628396516,0.9984732925142737
5,CLIP2,-0.019791588,0.8713869,0.984209628396516,0.9984732925142737
5,RP11-252A24.3,-0.019791588,0.8523216,0.984209628396516,0.9984732925142737
5,ARHGAP6,-0.019791588,0.8297426,0.984209628396516,0.9984732925142737
5,SYP,-0.019791588,0.88995355,0.984209628396516,0.9984732925142737
5,VSIG10L,-0.019791588,0.8687323,0.984209628396516,0.9984732925142737
5,RPA4,-0.019791588,0.8847886,0.984209628396516,0.9984732925142737
5,RP11-408A13.4,-0.019791588,0.8591704,0.984209628396516,0.9984732925142737
5,RP1-20N2.6,-0.019791588,0.8789726,0.984209628396516,0.9984732925142737
5,RP11-502I4.3,-0.019791588,0.87255716,0.984209628396516,0.9984732925142737
5,NIPSNAP3B,-0.019791588,0.8648789,0.984209628396516,0.9984732925142737
5,MCM10,-0.019791588,1.1039398,0.984209628396516,0.9984732925142737
5,RP11-324I22.4,-0.019791588,0.83557373,0.984209628396516,0.9984732925142737
5,ARHGAP11A,-0.019791588,0.92272764,0.984209628396516,0.9984732925142737
5,ELOVL3,-0.019791588,0.8600847,0.984209628396516,0.9984732925142737
5,CTD-2302E22.4,-0.019791588,0.865573,0.984209628396516,0.9984732925142737
5,RP11-423O2.5,-0.019791588,0.8684352,0.984209628396516,0.9984732925142737
5,SMTN,-0.019791588,0.8324044,0.984209628396516,0.9984732925142737
5,PVALB,-0.019791588,0.84867865,0.984209628396516,0.9984732925142737
5,RP11-493L12.4,-0.019791588,0.92684126,0.984209628396516,0.9984732925142737
5,KDM4A-AS1,-0.019791588,0.8654223,0.984209628396516,0.9984732925142737
5,C6orf99,-0.019791588,0.8552082,0.984209628396516,0.9984732925142737
5,RAB6B,-0.019791588,0.8629539,0.984209628396516,0.9984732925142737
5,FZD2,-0.019791588,0.89760745,0.984209628396516,0.9984732925142737
5,LY6G5B,-0.019791588,0.87774426,0.984209628396516,0.9984732925142737
5,PPBP,-0.021440888,3.3294096,0.9828939579681375,0.9984732925142737
5,SPSB2,-0.021990653,,0.9824554113208017,0.9984732925142737
5,ST7L,-0.022320513,5.8025246,0.9821922858688211,0.9984732925142737
5,ZNF587B,-0.023749905,0.9751826,0.9810520983307788,0.9984732925142737
5,TTC30A,-0.023749905,1.029924,0.9810520983307788,0.9984732925142737
5,CCDC121,-0.023749905,0.99495286,0.9810520983307788,0.9984732925142737
5,RP11-42I10.1,-0.023749905,0.97342986,0.9810520983307788,0.9984732925142737
5,TGFB1I1,-0.023749905,0.98509896,0.9810520983307788,0.9984732925142737
5,HIST1H2AH,-0.023749905,0.90520054,0.9810520983307788,0.9984732925142737
5,PDZK1IP1,-0.023749905,0.9872521,0.9810520983307788,0.9984732925142737
5,RP11-219B4.7,-0.023749905,0.98468024,0.9810520983307788,0.9984732925142737
5,IPO9-AS1,-0.023749905,0.9907329,0.9810520983307788,0.9984732925142737
5,COLGALT2,-0.023749905,0.96059936,0.9810520983307788,0.9984732925142737
5,CTD-2537I9.12,-0.023749905,1.0276858,0.9810520983307788,0.9984732925142737
5,ENKUR,-0.023749905,0.9936432,0.9810520983307788,0.9984732925142737
5,LINC00494,-0.023749905,0.97014743,0.9810520983307788,0.9984732925142737
5,CTD-2012K14.7,-0.023749905,1.0021049,0.9810520983307788,0.9984732925142737
5,BGLAP,-0.023749905,0.96486545,0.9810520983307788,0.9984732925142737
5,LINC00984,-0.023749905,1.0584288,0.9810520983307788,0.9984732925142737
5,RIN2,-0.023749905,0.99415874,0.9810520983307788,0.9984732925142737
5,PBLD,-0.023749905,0.97649723,0.9810520983307788,0.9984732925142737
5,ZNF436,-0.023749905,1.2116473,0.9810520983307788,0.9984732925142737
5,ARVCF,-0.023749905,1.2422307,0.9810520983307788,0.9984732925142737
5,INPP5A,-0.023749905,1.0073926,0.9810520983307788,0.9984732925142737
5,RPS6KL1,-0.023749905,1.041741,0.9810520983307788,0.9984732925142737
5,ITGB3,-0.023749905,0.9407598,0.9810520983307788,0.9984732925142737
5,TNS1,-0.023749905,1.0308977,0.9810520983307788,0.9984732925142737
5,RP11-390B4.5,-0.023749905,0.9651334,0.9810520983307788,0.9984732925142737
5,CTTN,-0.023749905,1.0030901,0.9810520983307788,0.9984732925142737
5,C5AR2,-0.023749905,1.0110738,0.9810520983307788,0.9984732925142737
5,RSPH9,-0.023749905,1.0418471,0.9810520983307788,0.9984732925142737
5,SLC4A8,-0.023749905,1.0378194,0.9810520983307788,0.9984732925142737
5,LGALSL,-0.023749905,1.0139122,0.9810520983307788,0.9984732925142737
5,ELANE,-0.023749905,0.9976647,0.9810520983307788,0.9984732925142737
5,hsa-mir-1199,-0.023749905,0.9939683,0.9810520983307788,0.9984732925142737
5,PTPRN2,-0.02528925,7.14363,0.9798242474127855,0.9984732925142737
5,FAM210B,-0.025509158,4.062954,0.9796488439728447,0.9984732925142737
5,ZNF195,-0.026388785,6.8796115,0.9789472401373048,0.9984732925142737
5,ATXN3,-0.02660869,,0.9787718417018582,0.9984732925142737
5,RP11-527L4.5,-0.027708223,1.1897894,0.9778948650890582,0.9984732925142737
5,RP1-28O10.1,-0.027708223,1.287449,0.9778948650890582,0.9984732925142737
5,PARS2,-0.027708223,1.1221814,0.9778948650890582,0.9984732925142737
5,FSTL1,-0.027708223,1.0675278,0.9778948650890582,0.9984732925142737
5,SHPK-1,-0.027708223,1.1118404,0.9778948650890582,0.9984732925142737
5,CD274,-0.027708223,1.1233027,0.9778948650890582,0.9984732925142737
5,HGD,-0.027708223,1.0840877,0.9778948650890582,0.9984732925142737
5,NT5M,-0.027708223,1.1197418,0.9778948650890582,0.9984732925142737
5,CTD-2015H6.3,-0.027708223,1.0911595,0.9778948650890582,0.9984732925142737
5,CXCR1,-0.027708223,1.1013397,0.9778948650890582,0.9984732925142737
5,TEX2,-0.027708223,1.1225027,0.9778948650890582,0.9984732925142737
5,ZNF653,-0.027708223,1.0912032,0.9778948650890582,0.9984732925142737
5,RP11-219B17.1,-0.027708223,1.1094335,0.9778948650890582,0.9984732925142737
5,YES1,-0.027708223,1.1682824,0.9778948650890582,0.9984732925142737
5,JAM3,-0.027708223,1.0971879,0.9778948650890582,0.9984732925142737
5,PRICKLE1,-0.027708223,1.1094041,0.9778948650890582,0.9984732925142737
5,KIF3C,-0.027708223,1.3808025,0.9778948650890582,0.9984732925142737
5,CAMK2N1,-0.027708223,1.1909226,0.9778948650890582,0.9984732925142737
5,LINC00211,-0.027708223,1.1008115,0.9778948650890582,0.9984732925142737
5,DRAXIN,-0.027708223,1.0713522,0.9778948650890582,0.9984732925142737
5,AP4B1-AS1,-0.027708223,1.0833627,0.9778948650890582,0.9984732925142737
5,AP001462.6,-0.027708223,1.0765784,0.9778948650890582,0.9984732925142737
5,AC004257.3,-0.027708223,1.095594,0.9778948650890582,0.9984732925142737
5,PLA2G4C,-0.027708223,1.1512988,0.9778948650890582,0.9984732925142737
5,POLA1,-0.027708223,1.1212891,0.9778948650890582,0.9984732925142737
5,LINC00886,-0.027708223,1.2686125,0.9778948650890582,0.9984732925142737
5,RP11-432I5.1,-0.027708223,1.1675103,0.9778948650890582,0.9984732925142737
5,ATP8B3,-0.027708223,1.1020949,0.9778948650890582,0.9984732925142737
5,RP11-950C14.3,-0.027708223,1.0839628,0.9778948650890582,0.9984732925142737
5,HP,-0.027708223,1.0671563,0.9778948650890582,0.9984732925142737
5,CLDN5,-0.027708223,1.0748106,0.9778948650890582,0.9984732925142737
5,ARHGAP19,-0.027708223,1.1463753,0.9778948650890582,0.9984732925142737
5,CCDC122,-0.027708223,1.0700758,0.9778948650890582,0.9984732925142737
5,CD160,-0.030237148,,0.9758779220151855,0.9984732925142737
5,NSA2,-0.030347101,,0.9757902322433316,0.9984732925142737
5,FAM107B,-0.030786915,,0.9754394760925025,0.9984732925142737
5,WBP2NL,-0.03166654,1.2231437,0.9747379781067576,0.9984732925142737
5,BIRC5,-0.03166654,1.2670251,0.9747379781067576,0.9984732925142737
5,UBE2C,-0.03166654,1.2542019,0.9747379781067576,0.9984732925142737
5,C5orf42,-0.03166654,1.2086966,0.9747379781067576,0.9984732925142737
5,PROK2,-0.03166654,1.1754824,0.9747379781067576,0.9984732925142737
5,TOP2A,-0.03166654,1.2616879,0.9747379781067576,0.9984732925142737
5,HIST1H1B,-0.03166654,1.3191983,0.9747379781067576,0.9984732925142737
5,RP1-315G1.3,-0.03166654,1.2208441,0.9747379781067576,0.9984732925142737
5,RP11-701P16.5,-0.03166654,1.352588,0.9747379781067576,0.9984732925142737
5,C1orf198,-0.03166654,1.2215986,0.9747379781067576,0.9984732925142737
5,ATP6V1D,-0.03166654,,0.9747379781067576,0.9984732925142737
5,RP11-798G7.6,-0.03166654,1.21268,0.9747379781067576,0.9984732925142737
5,ZNF841,-0.03166654,1.2154227,0.9747379781067576,0.9984732925142737
5,THBS1,-0.03166654,1.2292708,0.9747379781067576,0.9984732925142737
5,CXCL3,-0.03166654,1.2661275,0.9747379781067576,0.9984732925142737
5,RP11-178G16.4,-0.03166654,1.2439891,0.9747379781067576,0.9984732925142737
5,EML6,-0.03166654,1.2640079,0.9747379781067576,0.9984732925142737
5,RPH3A,-0.03166654,1.228078,0.9747379781067576,0.9984732925142737
5,CTD-2368P22.1,-0.03166654,1.2864377,0.9747379781067576,0.9984732925142737
5,LY6G6F,-0.03166654,1.2136906,0.9747379781067576,0.9984732925142737
5,FAXDC2,-0.03166654,1.2415994,0.9747379781067576,0.9984732925142737
5,RFPL2,-0.03166654,1.320052,0.9747379781067576,0.9984732925142737
5,CTB-152G17.6,-0.03166654,1.3799226,0.9747379781067576,0.9984732925142737
5,PLCL1,-0.03166654,1.2413564,0.9747379781067576,0.9984732925142737
5,SPON2,-0.03232626,,0.9742118674107602,0.9984732925142737
5,TRIP11,-0.03441537,4.814012,0.972545925316461,0.9984732925142737
5,FBXL14,-0.035624858,1.3263943,0.9715814868030087,0.9984732925142737
5,S100P,-0.035624858,1.3076414,0.9715814868030087,0.9984732925142737
5,INSL3,-0.035624858,1.3284839,0.9715814868030087,0.9984732925142737
5,GNG3,-0.035624858,1.3235208,0.9715814868030087,0.9984732925142737
5,ATAD3C,-0.035624858,1.4236603,0.9715814868030087,0.9984732925142737
5,SERAC1,-0.035624858,1.332158,0.9715814868030087,0.9984732925142737
5,AP003419.16,-0.035624858,1.3630369,0.9715814868030087,0.9984732925142737
5,TCL1B,-0.035624858,1.3369821,0.9715814868030087,0.9984732925142737
5,SCGB1C1,-0.035624858,1.3418828,0.9715814868030087,0.9984732925142737
5,GDF11,-0.035624858,1.3365642,0.9715814868030087,0.9984732925142737
5,TUBG2,-0.035624858,1.4255339,0.9715814868030087,0.9984732925142737
5,REPS2,-0.035624858,1.4710742,0.9715814868030087,0.9984732925142737
5,GNE,-0.035624858,1.3353362,0.9715814868030087,0.9984732925142737
5,ACVR2A,-0.035624858,1.3661753,0.9715814868030087,0.9984732925142737
5,LRRIQ3,-0.035624858,1.5828179,0.9715814868030087,0.9984732925142737
5,SH3BGRL2,-0.035624858,1.3201382,0.9715814868030087,0.9984732925142737
5,MCF2L,-0.035624858,1.3295461,0.9715814868030087,0.9984732925142737
5,TMEM140,-0.035954718,4.278705,0.9713184652701953,0.9984732925142737
5,EIF5B,-0.03936327,,0.9686007639635177,0.9984732925142737
5,LINC01013,-0.039583176,1.4425017,0.968425440578351,0.9984732925142737
5,C2orf88,-0.039583176,1.4344058,0.968425440578351,0.9984732925142737
5,RP1-111C20.4,-0.039583176,1.5114137,0.968425440578351,0.9984732925142737
5,KIFC3,-0.039583176,1.3987436,0.968425440578351,0.9984732925142737
5,ESAM,-0.039583176,1.4343466,0.968425440578351,0.9984732925142737
5,C3orf18,-0.039583176,1.4359473,0.968425440578351,0.9984732925142737
5,EGFL7,-0.039583176,1.496043,0.968425440578351,0.9984732925142737
5,CCL2,-0.039583176,1.4933004,0.968425440578351,0.9984732925142737
5,RP11-398C13.6,-0.039583176,1.4886287,0.968425440578351,0.9984732925142737
5,CECR5,-0.040902615,,0.9673735326119938,0.9984732925142737
5,PCP2,-0.043541495,1.5577803,0.9652698888124119,0.9984732925142737
5,RAB38,-0.043541495,1.5944471,0.9652698888124119,0.9984732925142737
5,DLEU7,-0.043541495,1.5636315,0.9652698888124119,0.9984732925142737
5,FMO4,-0.043541495,1.5737473,0.9652698888124119,0.9984732925142737
5,ARG2,-0.043541495,1.5978175,0.9652698888124119,0.9984732925142737
5,SLC22A18AS,-0.043541495,1.6093413,0.9652698888124119,0.9984732925142737
5,PRELID2,-0.043541495,1.6176695,0.9652698888124119,0.9984732925142737
5,ANKEF1,-0.043541495,1.5572115,0.9652698888124119,0.9984732925142737
5,ALOX12,-0.043541495,1.5427318,0.9652698888124119,0.9984732925142737
5,ZNF404,-0.043541495,1.5716482,0.9652698888124119,0.9984732925142737
5,PALLD,-0.043541495,1.5934484,0.9652698888124119,0.9984732925142737
5,LMF2,-0.0437614,,0.965094595870691,0.9984732925142737
5,SEPT11,-0.044970885,3.1486323,0.9641305150715687,0.9984732925142737
5,MLLT11,-0.046950046,4.580164,0.9625530420601585,0.9984732925142737
5,ZNF69,-0.04749981,1.7292879,0.9621148808615896,0.9984732925142737
5,TMTC2,-0.04749981,1.7900112,0.9621148808615896,0.9984732925142737
5,AC092295.7,-0.04749981,1.7414438,0.9621148808615896,0.9984732925142737
5,RP11-5C23.1,-0.04749981,1.7250162,0.9621148808615896,0.9984732925142737
5,SLC39A14,-0.04749981,1.65925,0.9621148808615896,0.9984732925142737
5,RP3-325F22.5,-0.04749981,1.8388937,0.9621148808615896,0.9984732925142737
5,GFI1B,-0.04749981,1.6996948,0.9621148808615896,0.9984732925142737
5,RP11-162G10.5,-0.04749981,1.7092543,0.9621148808615896,0.9984732925142737
5,CXCL10,-0.04749981,1.826324,0.9621148808615896,0.9984732925142737
5,CCDC151,-0.04749981,1.7337782,0.9621148808615896,0.9984732925142737
5,SEPT5,-0.04749981,1.6714894,0.9621148808615896,0.9984732925142737
5,XXbac-BPG299F13.17,-0.05090836,,0.9593985419249751,0.9984732925142737
5,RP11-727F15.9,-0.051018316,,0.9593109257662287,0.9984732925142737
5,IL24,-0.051458128,2.000109,0.9589604660567363,0.9984732925142737
5,URB2,-0.051458128,1.9294429,0.9589604660567363,0.9984732925142737
5,FCAR,-0.051458128,1.8434659,0.9589604660567363,0.9984732925142737
5,FCGR3B,-0.051458128,1.8928221,0.9589604660567363,0.9984732925142737
5,PRRG2,-0.051458128,1.8466974,0.9589604660567363,0.9984732925142737
5,ZNF256,-0.051458128,1.8224825,0.9589604660567363,0.9984732925142737
5,KCNE1,-0.051458128,1.9029865,0.9589604660567363,0.9984732925142737
5,TDG,-0.051458128,8.781734,0.9589604660567363,0.9984732925142737
5,LZTS2,-0.051458128,2.119393,0.9589604660567363,0.9984732925142737
5,LAMP3,-0.051458128,2.092003,0.9589604660567363,0.9984732925142737
5,PTCH1,-0.051458128,1.8404546,0.9589604660567363,0.9984732925142737
5,INVS,-0.051458128,1.8407966,0.9589604660567363,0.9984732925142737
5,CTNNAL1,-0.051458128,1.7552758,0.9589604660567363,0.9984732925142737
5,SLC16A5,-0.051458128,1.7927492,0.9589604660567363,0.9984732925142737
5,IQCE,-0.051458128,1.9433044,0.9589604660567363,0.9984732925142737
5,CLEC1B,-0.051458128,1.783686,0.9589604660567363,0.9984732925142737
5,CMTM2,-0.051458128,1.8188627,0.9589604660567363,0.9984732925142737
5,AC147651.3,-0.051458128,1.7933639,0.9589604660567363,0.9984732925142737
5,PRSS57,-0.051458128,1.8250662,0.9589604660567363,0.9984732925142737
5,SPTSSB,-0.051458128,1.835661,0.9589604660567363,0.9984732925142737
5,PPP1R2,-0.05321738,,0.9575587072098248,0.9984732925142737
5,CPQ,-0.054976635,11.326298,0.9561570795933217,0.9984732925142737
5,PDZD4,-0.055416446,1.9807471,0.955806693700845,0.9984732925142737
5,SARDH,-0.055416446,2.0191936,0.955806693700845,0.9984732925142737
5,TBXA2R,-0.055416446,2.2500396,0.955806693700845,0.9984732925142737
5,ZNF175,-0.055416446,2.1635196,0.955806693700845,0.9984732925142737
5,TMEM40,-0.055416446,1.9052103,0.955806693700845,0.9984732925142737
5,CMTM5,-0.055416446,1.8672206,0.955806693700845,0.9984732925142737
5,EARS2,-0.055416446,2.1825352,0.955806693700845,0.9984732925142737
5,ZNF615,-0.055416446,1.9244204,0.955806693700845,0.9984732925142737
5,INTS2,-0.055416446,2.1477177,0.955806693700845,0.9984732925142737
5,FBXW9,-0.055416446,1.9850771,0.955806693700845,0.9984732925142737
5,AC074138.3,-0.055416446,1.9685522,0.955806693700845,0.9984732925142737
5,C16orf52,-0.055416446,2.0707705,0.955806693700845,0.9984732925142737
5,AP001189.4,-0.055416446,1.8605189,0.955806693700845,0.9984732925142737
5,LARGE,-0.055416446,1.9604731,0.955806693700845,0.9984732925142737
5,PRPF31,-0.056296073,,0.9551059476028814,0.9984732925142737
5,SDCCAG8,-0.057395604,,0.9542300638402585,0.9984732925142737
5,ARHGAP24,-0.05893495,6.2788005,0.9530039196690023,0.9984732925142737
5,HELQ,-0.05893495,6.1550055,0.9530039196690023,0.9984732925142737
5,ATP10A,-0.059374765,2.0535235,0.9526536130667372,0.9984732925142737
5,ANKRD9,-0.059374765,2.0321124,0.9526536130667372,0.9984732925142737
5,HEMGN,-0.059374765,2.106439,0.9526536130667372,0.9984732925142737
5,NMNAT3,-0.059374765,2.1587439,0.9526536130667372,0.9984732925142737
5,MANEA-AS1,-0.059374765,2.125807,0.9526536130667372,0.9984732925142737
5,RBM26-AS1,-0.059374765,2.2170095,0.9526536130667372,0.9984732925142737
5,GP1BA,-0.059374765,2.0901608,0.9526536130667372,0.9984732925142737
5,HIST1H2BJ,-0.059374765,2.140939,0.9526536130667372,0.9984732925142737
5,GP9,-0.06333308,1.9895256,0.949501273394754,0.9984732925142737
5,ABCC3,-0.06333308,2.3655784,0.949501273394754,0.9984732925142737
5,PPP6R1,-0.06333308,2.1927764,0.949501273394754,0.9984732925142737
5,FANCI,-0.06333308,2.1168015,0.949501273394754,0.9984732925142737
5,ZRANB3,-0.06333308,2.208414,0.949501273394754,0.9984732925142737
5,USP30,-0.06333308,2.4723732,0.949501273394754,0.9984732925142737
5,IL1RAP,-0.06333308,2.2894356,0.949501273394754,0.9984732925142737
5,CCDC174,-0.06355299,,0.9493261661274448,0.9984732925142737
5,TCP1,-0.06619187,,0.9472250722156135,0.9984732925142737
5,RABL2B,-0.066851586,,0.9466998555078496,0.9984732925142737
5,ITGA2B,-0.0672914,1.9449949,0.9463497238904487,0.9984732925142737
5,PDIA5,-0.0672914,2.3436728,0.9463497238904487,0.9984732925142737
5,TREML1,-0.0672914,1.9668591,0.9463497238904487,0.9984732925142737
5,C1QB,-0.0672914,2.367762,0.9463497238904487,0.9984732925142737
5,KIAA0101,-0.0672914,2.2404642,0.9463497238904487,0.9984732925142737
5,ARRDC4,-0.0672914,2.416559,0.9463497238904487,0.9984732925142737
5,MICU1,-0.069050655,5.920144,0.9449493017171327,0.9984732925142737
5,RP11-589C21.6,-0.06960042,5.3179145,0.9445117044709858,0.9984732925142737
5,ZNF718,-0.071249716,2.581891,0.9431990137222829,0.9984732925142737
5,EOGT,-0.071249716,2.6534317,0.9431990137222829,0.9984732925142737
5,SERPINE2,-0.071249716,2.5020115,0.9431990137222829,0.9984732925142737
5,SPHK1,-0.071249716,2.700155,0.9431990137222829,0.9984732925142737
5,F5,-0.071249716,2.5961914,0.9431990137222829,0.9984732925142737
5,RP11-430B1.2,-0.071249716,2.6876245,0.9431990137222829,0.9984732925142737
5,LYPD2,-0.071249716,2.224718,0.9431990137222829,0.9984732925142737
5,ZNF45,-0.071249716,2.7367482,0.9431990137222829,0.9984732925142737
5,IDUA,-0.071249716,2.991509,0.9431990137222829,0.9984732925142737
5,ZCCHC11,-0.072239295,,0.9424114730847244,0.9984732925142737
5,NBR1,-0.072789066,,0.9419739747848526,0.9984732925142737
5,C9orf3,-0.07520803,2.7140298,0.9400491920193254,0.9984732925142737
5,ELOVL4,-0.07520803,2.877115,0.9400491920193254,0.9984732925142737
5,TMEM194A,-0.07520803,2.6376772,0.9400491920193254,0.9984732925142737
5,C6orf25,-0.07520803,2.5732133,0.9400491920193254,0.9984732925142737
5,ZNF799,-0.07520803,2.8878305,0.9400491920193254,0.9984732925142737
5,ICOS,-0.07520803,,0.9400491920193254,0.9984732925142737
5,AL928768.3,-0.07520803,2.3785958,0.9400491920193254,0.9984732925142737
5,ZWINT,-0.07520803,2.5000517,0.9400491920193254,0.9984732925142737
5,SPRY1,-0.07520803,2.727818,0.9400491920193254,0.9984732925142737
5,OBSCN,-0.07520803,2.8929014,0.9400491920193254,0.9984732925142737
5,VPS13A,-0.077846915,5.980781,0.937949828718268,0.9984732925142737
5,PPIL4,-0.07916635,6.561375,0.9369003078689537,0.9984732925142737
5,AC005082.12,-0.07916635,3.0955968,0.9369003078689537,0.9984732925142737
5,TMEM177,-0.07916635,3.074878,0.9369003078689537,0.9984732925142737
5,FRY-AS1,-0.07916635,2.8399134,0.9369003078689537,0.9984732925142737
5,ZNF682,-0.07916635,2.8845177,0.9369003078689537,0.9984732925142737
5,DMTN,-0.07916635,2.697873,0.9369003078689537,0.9984732925142737
5,KIR2DL3,-0.08312467,3.2620573,0.9337524103145597,0.9984732925142737
5,EHMT2,-0.08312467,,0.9337524103145597,0.9984732925142737
5,ANKAR,-0.08708299,3.37303,0.9306055483532573,0.9984732925142737
5,LDOC1L,-0.08708299,2.9749172,0.9306055483532573,0.9984732925142737
5,CD19,-0.09060149,,0.9278092466795722,0.9984732925142737
5,TNFRSF17,-0.091041304,3.0586746,0.9274597709335952,0.9984732925142737
5,TRIM23,-0.091041304,3.6541424,0.9274597709335952,0.9984732925142737
5,KCNG1,-0.091041304,3.1385794,0.9274597709335952,0.9984732925142737
5,FAM212A,-0.091041304,2.880014,0.9274597709335952,0.9984732925142737
5,GTPBP2,-0.091041304,3.3720918,0.9274597709335952,0.9984732925142737
5,MARCH5,-0.0943399,,0.9248391534987088,0.9984732925142737
5,IL6,-0.09499962,3.5895348,0.9243151269532731,0.9984732925142737
5,PAWR,-0.09499962,3.72334,0.9243151269532731,0.9984732925142737
5,BLM,-0.09499962,3.491723,0.9243151269532731,0.9984732925142737
5,HBA1,-0.09499962,3.0537498,0.9243151269532731,0.9984732925142737
5,PDCD1,-0.09499962,3.8226192,0.9243151269532731,0.9984732925142737
5,MRM1,-0.09499962,3.6851902,0.9243151269532731,0.9984732925142737
5,ANKRD54,-0.09532948,6.7853413,0.9240531259819343,0.9984732925142737
5,GMPPA,-0.09554939,5.6535826,0.9238784632429571,0.9984732925142737
5,AP3M2,-0.09554939,9.07193,0.9238784632429571,0.9984732925142737
5,DCP2,-0.09609915,,0.9234418224699117,0.9984732925142737
5,ZNF212,-0.09895794,3.9595263,0.9211716652568608,0.9984732925142737
5,SLC48A1,-0.09895794,3.197813,0.9211716652568608,0.9984732925142737
5,CCND2,-0.101157,,0.9194258264720101,0.9984732925142737
5,ZFP69,-0.102916256,4.1040983,0.9180294346335229,0.9984732925142737
5,CPNE5,-0.102916256,4.0073934,0.9180294346335229,0.9984732925142737
5,CCL4L1,-0.102916256,3.7310045,0.9180294346335229,0.9984732925142737
5,RAB40C,-0.102916256,4.4375587,0.9180294346335229,0.9984732925142737
5,RP11-70P17.1,-0.102916256,4.2054324,0.9180294346335229,0.9984732925142737
5,RP11-367G6.3,-0.102916256,3.4510458,0.9180294346335229,0.9984732925142737
5,ST3GAL3,-0.102916256,4.075288,0.9180294346335229,0.9984732925142737
5,IP6K1,-0.10346603,,0.9175931138271596,0.9984732925142737
5,MYL9,-0.10687458,2.7463078,0.9148884838147472,0.9984732925142737
5,SLC2A13,-0.10687458,3.696244,0.9148884838147472,0.9984732925142737
5,RP11-706O15.1,-0.10687458,3.4376626,0.9148884838147472,0.9984732925142737
5,CDKN2A,-0.10687458,3.552513,0.9148884838147472,0.9984732925142737
5,NAPA-AS1,-0.10687458,3.5354314,0.9148884838147472,0.9984732925142737
5,ABCB1,-0.10687458,4.034906,0.9148884838147472,0.9984732925142737
5,DPY19L4,-0.10687458,3.9886081,0.9148884838147472,0.9984732925142737
5,RP11-291B21.2,-0.1077542,,0.9141906734418145,0.9984732925142737
5,YTHDC1,-0.10863382,,0.9134929292065906,0.9984732925142737
5,NEK8,-0.11083289,3.8049843,0.9117488614720771,0.9984732925142737
5,LRIG2,-0.11083289,4.018478,0.9117488614720771,0.9984732925142737
5,ZNF528,-0.11083289,4.261022,0.9117488614720771,0.9984732925142737
5,HERPUD2,-0.11281205,,0.9101795636721912,0.9984732925142737
5,C8orf44,-0.11479121,4.14412,0.9086106162148497,0.9984732925142737
5,ABCC10,-0.11479121,4.1047053,0.9086106162148497,0.9984732925142737
5,PLD6,-0.11479121,4.4830894,0.9086106162148497,0.9984732925142737
5,MINA,-0.11567084,,0.9079134202761464,0.9984732925142737
5,TARSL2,-0.11589074,,0.9077391323541262,0.9984732925142737
5,OSBPL7,-0.11874953,4.4757857,0.9054737965879381,0.9984732925142737
5,DHX34,-0.11874953,4.120413,0.9054737965879381,0.9984732925142737
5,PDIK1L,-0.11874953,4.155238,0.9054737965879381,0.9984732925142737
5,TMEM104,-0.11874953,4.1461473,0.9054737965879381,0.9984732925142737
5,NECAB3,-0.11874953,3.8650827,0.9054737965879381,0.9984732925142737
5,PPP2R1B,-0.11874953,4.4048157,0.9054737965879381,0.9984732925142737
5,PWP1,-0.11962915,,0.904776924041818,0.9984732925142737
5,ATP6V0E2,-0.12028887,,0.9042543177241994,0.9984732925142737
5,RP11-428G5.5,-0.122707844,4.804484,0.902338451069499,0.9984732925142737
5,TKTL1,-0.122707844,4.9433103,0.902338451069499,0.9984732925142737
5,GBGT1,-0.12666616,3.613493,0.8992046280687245,0.9984732925142737
5,SENCR,-0.12666616,4.4811826,0.8992046280687245,0.9984732925142737
5,PRUNE,-0.12666616,4.848559,0.8992046280687245,0.9984732925142737
5,PRR5L,-0.12666616,4.6918035,0.8992046280687245,0.9984732925142737
5,C10orf32,-0.12831546,,0.8978993293341558,0.9984732925142737
5,BZRAP1-AS1,-0.12930503,,0.8971162824516306,0.9984732925142737
5,HEXIM2,-0.13062449,5.276785,0.8960723759236016,0.9984732925142737
5,BACE2,-0.13062449,4.405536,0.8960723759236016,0.9984732925142737
5,MTRF1,-0.13062449,4.355997,0.8960723759236016,0.9984732925142737
5,ZNF747,-0.13062449,4.524693,0.8960723759236016,0.9984732925142737
5,JAKMIP1,-0.13062449,5.769224,0.8960723759236016,0.9984732925142737
5,CLSTN3,-0.13062449,4.901435,0.8960723759236016,0.9984732925142737
5,YEATS2,-0.13062449,4.503263,0.8960723759236016,0.9984732925142737
5,MPP6,-0.13062449,4.9892125,0.8960723759236016,0.9984732925142737
5,RP11-792A8.4,-0.13172401,,0.8952025911669172,0.9984732925142737
5,NARG2,-0.13183397,7.761773,0.8951156196023314,0.9984732925142737
5,ERCC6L2,-0.1345828,4.522842,0.8929417428986748,0.9984732925142737
5,CYP27A1,-0.1345828,4.216172,0.8929417428986748,0.9984732925142737
5,CRTC1,-0.1345828,5.8843966,0.8929417428986748,0.9984732925142737
5,ICOSLG,-0.1345828,4.9908524,0.8929417428986748,0.9984732925142737
5,RNF125,-0.1348027,,0.8927678672844324,0.9984732925142737
5,GFER,-0.13524252,,0.892420131527077,0.9984732925142737
5,RP5-887A10.1,-0.13854112,5.4614944,0.8898127771828156,0.9984732925142737
5,RAD51B,-0.13854112,4.5509453,0.8898127771828156,0.9984732925142737
5,SPARC,-0.13854112,3.5040996,0.8898127771828156,0.9984732925142737
5,ATXN7L3B,-0.14052027,,0.8882489346035692,0.9984732925142737
5,PRDM2,-0.1413999,,0.887554032685937,0.9984732925142737
5,SLC25A12,-0.14249943,4.737506,0.8866855268869979,0.9984732925142737
5,CD163,-0.14249943,5.034456,0.8866855268869979,0.9984732925142737
5,CD79A,-0.1442587,,0.8852962010605098,0.9984732925142737
5,BCDIN3D,-0.14645775,5.7563314,0.8835600400420789,0.9984732925142737
5,KPNA1,-0.1484369,10.357154,0.881997972900898,0.9984732925142737
5,AC113189.5,-0.15041606,5.485742,0.8804363645965874,0.9984732925142737
5,SREBF1,-0.15041606,4.944677,0.8804363645965874,0.9984732925142737
5,GNG11,-0.15041606,2.9383535,0.8804363645965874,0.9984732925142737
5,MRS2,-0.15206537,,0.8791353791580646,0.9984732925142737
5,BCL2A1,-0.15272509,,0.878615076138481,0.9984732925142737
5,TANGO6,-0.15437439,6.702202,0.8773145484145166,0.9984732925142737
5,TPTEP1,-0.15437439,5.01973,0.8773145484145166,0.9984732925142737
5,SMPDL3A,-0.15437439,5.573992,0.8773145484145166,0.9984732925142737
5,ORMDL2,-0.1548142,,0.8769677967954119,0.9984732925142737
5,UBA5,-0.15679336,8.975606,0.8754077076191197,0.9984732925142737
5,SENP2,-0.1583327,5.532653,0.8741946392731257,0.9984732925142737
5,PEX19,-0.1583327,9.002306,0.8741946392731257,0.9984732925142737
5,UBIAD1,-0.16064171,,0.8723755919237335,0.9984732925142737
5,HDAC5,-0.16064171,,0.8723755919237335,0.9984732925142737
5,CGRRF1,-0.1649299,,0.8689991580550039,0.9984732925142737
5,RAMP1,-0.16624933,,0.8679607327745978,0.9984732925142737
5,TTPAL,-0.16624933,6.8844132,0.8679607327745978,0.9984732925142737
5,PHRF1,-0.16624933,5.5218744,0.8679607327745978,0.9984732925142737
5,APH1B,-0.1665792,,0.8677011619732927,0.9984732925142737
5,GPKOW,-0.16745883,5.639372,0.8670090429719048,0.9984732925142737
5,KLHL24,-0.16899817,,0.865798080331445,0.9984732925142737
5,FCRL2,-0.17020765,8.508641,0.8648468305186064,0.9984732925142737
5,ZFX,-0.17020765,6.143056,0.8648468305186064,0.9984732925142737
5,MAP3K7CL,-0.17020765,4.922567,0.8648468305186064,0.9984732925142737
5,TMEM87B,-0.17020765,5.0326343,0.8648468305186064,0.9984732925142737
5,PDE6B,-0.17020765,5.2147074,0.8648468305186064,0.9984732925142737
5,ATG16L1,-0.17020765,5.956435,0.8648468305186064,0.9984732925142737
5,BBS2,-0.17020765,6.1167717,0.8648468305186064,0.9984732925142737
5,KIR3DL2,-0.17416598,9.2699585,0.8617350255012357,0.9984732925142737
5,FCRLA,-0.17427593,,0.8616486168671263,0.9984732925142737
5,HOOK2,-0.17713471,,0.8594025765152087,0.9984732925142737
5,RFNG,-0.1781243,4.608558,0.8586253650333217,0.9984732925142737
5,CR1,-0.1781243,5.68464,0.8586253650333217,0.9984732925142737
5,G0S2,-0.1781243,,0.8586253650333217,0.9984732925142737
5,ZNF688,-0.17823425,,0.8585390166444204,0.9984732925142737
5,GLYCTK,-0.18208261,6.0281477,0.8555178963259162,0.9984732925142737
5,PTPN7,-0.18373191,,0.8542237757754064,0.9984732925142737
5,OXLD1,-0.18373191,,0.8542237757754064,0.9984732925142737
5,CD96,-0.18406177,,0.8539649986080444,0.9984732925142737
5,GOSR2,-0.18483144,,0.8533612463631475,0.9984732925142737
5,GGA3,-0.18604092,5.0774646,0.8524126664881387,0.9984732925142737
5,RP5-1028K7.2,-0.18604092,8.885782,0.8524126664881387,0.9984732925142737
5,TCL1A,-0.18626083,,0.8522402203100876,0.9984732925142737
5,POMT1,-0.18999924,4.96949,0.8493097225250343,0.9984732925142737
5,SNX14,-0.19054902,,0.8488789415202453,0.9984732925142737
5,SLA,-0.19252817,,0.8473285044393046,0.9984732925142737
5,IL23A,-0.19703625,,0.8437991675930159,0.9984732925142737
5,SPIN1,-0.19791588,5.6306415,0.8431108797098691,0.9984732925142737
5,RPL39L,-0.19791588,6.195182,0.8431108797098691,0.9984732925142737
5,TSC22D1,-0.19791588,4.3142576,0.8431108797098691,0.9984732925142737
5,RAB2A,-0.20011495,,0.8413906853113273,0.9984732925142737
5,OAT,-0.20022489,,0.8413046953918747,0.9984732925142737
5,P2RY10,-0.20154434,,0.84027296430403,0.9984732925142737
5,KLRC1,-0.2018742,,0.8400150743283761,0.9984732925142737
5,VAPA,-0.20297372,,0.8391555652500269,0.9984732925142737
5,BAZ2A,-0.20451307,,0.8379525749884191,0.9984732925142737
5,RP11-421L21.3,-0.20583251,6.9289875,0.8369217417584679,0.9984732925142737
5,ABHD17B,-0.20583251,5.697026,0.8369217417584679,0.9984732925142737
5,MDS2,-0.20979083,8.481432,0.8338309284529957,0.9984732925142737
5,PRKACB,-0.21352924,,0.8309141819711727,0.9984732925142737
5,MRE11A,-0.21374916,7.4743414,0.830742680748066,0.9984732925142737
5,ERV3-1,-0.21374916,,0.830742680748066,0.9984732925142737
5,ICAM2,-0.21649799,,0.8285995981814165,0.9984732925142737
5,PLEKHF1,-0.21759751,,0.8277427212918562,0.9984732925142737
5,NPHP3,-0.21770747,6.6161227,0.8276570448609604,0.9984732925142737
5,VPS26B,-0.22144587,,0.824745272930598,0.9984732925142737
5,PJA1,-0.22166578,6.1094103,0.824574066888063,0.9984732925142737
5,RCL1,-0.2256241,6.77449,0.8214937928027981,0.9984732925142737
5,TTC38,-0.22595397,,0.8212372267842681,0.9984732925142737
5,LYAR,-0.22650373,,0.8208096592596992,0.9984732925142737
5,GUCD1,-0.22980233,,0.8182453764227614,0.9984732925142737
5,KIF3A,-0.23354074,,0.8153415395617544,0.9984732925142737
5,AIM2,-0.23749906,6.6823,0.8122696517195946,0.9984732925142737
5,GTPBP6,-0.2392583,,0.81090529207103,0.9984732925142737
5,LINC00662,-0.24145737,6.036882,0.8092006503882485,0.9984732925142737
5,RPS5,-0.24178724,,0.8089450319930317,0.9984732925142737
5,CPNE2,-0.24541569,9.569527,0.8061345808957385,0.9984732925142737
5,CYB561,-0.24541569,,0.8061345808957385,0.9984732925142737
5,GPR171,-0.24926406,,0.8031565337372513,0.9984732925142737
5,PACS1,-0.25201288,,0.8010311029564148,0.9984732925142737
5,SLC4A7,-0.25333232,,0.8000114180616692,0.9984732925142737
5,DDX56,-0.25696078,,0.7972090467372246,0.9984732925142737
5,RBM48,-0.25729063,,0.7969544146925375,0.9984732925142737
5,ELL,-0.25729063,,0.7969544146925375,0.9984732925142737
5,DHX15,-0.25828022,,0.7961906483199203,0.9984732925142737
5,UBE2D4,-0.26124898,5.7703576,0.793900523103143,0.9984732925142737
5,PPIG,-0.26124898,,0.793900523103143,0.9984732925142737
5,FAAH,-0.2652073,,0.7908497879260274,0.9984732925142737
5,USP20,-0.2652073,,0.7908497879260274,0.9984732925142737
5,MTERFD1,-0.2652073,,0.7908497879260274,0.9984732925142737
5,RPUSD2,-0.2691656,5.5497794,0.7878022536487428,0.9984732925142737
5,RP5-827C21.4,-0.2691656,,0.7878022536487428,0.9984732925142737
5,KDM3B,-0.2691656,8.199668,0.7878022536487428,0.9984732925142737
5,SCGB3A1,-0.27048504,,0.7867871278688024,0.9984732925142737
5,TMEM116,-0.27312392,,0.7847579646119119,0.9984732925142737
5,ZMAT3,-0.27312392,,0.7847579646119119,0.9984732925142737
5,ARMC7,-0.27708223,10.331681,0.7817169650073013,0.9984732925142737
5,FBXO33,-0.28499886,,0.7756450101060335,0.9984732925142737
5,TPM1,-0.28895718,10.156121,0.772614142431435,0.9984732925142737
5,MCM3,-0.29016668,,0.771688733030647,0.9984732925142737
5,LRBA,-0.29379514,,0.7689144580886389,0.9984732925142737
5,UBAC2,-0.29577428,,0.7674024609414648,0.9984732925142737
5,DEXI,-0.301162,,0.7632909673181348,0.9984732925142737
5,IL27RA,-0.30292124,,0.7619498771681303,0.9984732925142737
5,GLRX3,-0.30764922,,0.7583492482674636,0.9984732925142737
5,MAGEH1,-0.30819902,,0.7579309087517918,0.9984732925142737
5,CD9,-0.30874878,6.1492367,0.7575126401124889,0.9984732925142737
5,CMTM7,-0.3112777,,0.7555895204990701,0.9984732925142737
5,GBP4,-0.31534597,,0.7524989863727423,0.9984732925142737
5,SPPL2A,-0.31842467,,0.7501628351520608,0.9984732925142737
5,PCNX,-0.32062373,,0.7484955560261147,0.9984732925142737
5,BOLA3,-0.32271284,,0.7469127292163631,0.9984732925142737
5,STAU2,-0.32458204,,0.7454974198013924,0.9984732925142737
5,FOLR3,-0.33535746,,0.7373554516157516,0.9984732925142737
5,TNFRSF4,-0.33579728,,0.7370237445187671,0.9984732925142737
5,CAPN12,-0.33645698,,0.7365262757389812,0.9984732925142737
5,DPY30,-0.3385461,,0.734951687246742,0.9984732925142737
5,XCL1,-0.3404153,,0.733543788372488,0.9984732925142737
5,SIRPG,-0.34448358,,0.7304826395261488,0.9984732925142737
5,TBC1D15,-0.34833196,,0.727590903154836,0.9984732925142737
5,RIT1,-0.34833196,,0.727590903154836,0.9984732925142737
5,WIBG,-0.35273007,,0.724290807199595,0.9984732925142737
5,POLR3K,-0.35591874,,0.7219014333050101,0.9984732925142737
5,KRBOX4,-0.3602069,,0.7186924143037284,0.9984732925142737
5,ACTR6,-0.3602069,,0.7186924143037284,0.9984732925142737
5,NKTR,-0.36240596,,0.7170486815533594,0.9984732925142737
5,AKTIP,-0.36405528,,0.7158167409448934,0.9984732925142737
5,S100B,-0.36812353,,0.7127811218624851,0.9984732925142737
5,KIAA0125,-0.36812353,,0.7127811218624851,0.9984732925142737
5,MOCS2,-0.37208185,8.2081375,0.7098319064692676,0.9984732925142737
5,GPR56,-0.37208185,,0.7098319064692676,0.9984732925142737
5,TMEM60,-0.37208185,,0.7098319064692676,0.9984732925142737
5,HIST1H2AC,-0.37604016,11.580306,0.7068870315312031,0.9984732925142737
5,MRPS18A,-0.3769198,,0.7062332083187233,0.9984732925142737
5,NFATC1,-0.38395682,,0.7010104615635678,0.9984732925142737
5,SLFN5,-0.38483644,,0.7003586045675882,0.9984732925142737
5,AC093323.3,-0.38791513,,0.6980788453134987,0.9984732925142737
5,PRSS23,-0.39583176,,0.6922291457372753,0.9984732925142737
5,PAXIP1-AS1,-0.4077067,,0.6834890090001844,0.9984732925142737
5,PASK,-0.4122148,,0.6801819930860608,0.9984732925142737
5,CCL4,-0.41441387,,0.6785710391131649,0.9984732925142737
5,DTYMK,-0.41606316,,0.6773637862821325,0.9984732925142737
5,GZMK,-0.41727266,,0.6764789937199484,0.9984732925142737
5,UNC45A,-0.42354,,0.6719013335859477,0.9984732925142737
5,RP11-18H21.1,-0.43145663,,0.6661363899280816,0.9984732925142737
5,HNRNPM,-0.432886,,0.6650975838416484,0.9984732925142737
5,C4orf3,-0.4390434,,0.6606300944446617,0.9984732925142737
5,ATAD1,-0.4552065,,0.6489606678797,0.9984732925142737
5,PKIG,-0.4552065,,0.6489606678797,0.9984732925142737
5,CD82,-0.45696577,,0.6476956451043819,0.9984732925142737
5,TIGIT,-0.4576255,,0.6472215234807264,0.9984732925142737
5,PCSK7,-0.4640028,,0.6426457505364902,0.9984732925142737
5,S1PR5,-0.4670815,,0.6404415866278514,0.9984732925142737
5,ZNF92,-0.4670815,,0.6404415866278514,0.9984732925142737
5,POLR2K,-0.4691706,,0.6389477068101626,0.9984732925142737
5,STAU1,-0.49083138,,0.623545712453887,0.9984732925142737
5,EAPP,-0.49489966,,0.620670955952346,0.9984732925142737
5,NKG7,-0.50336605,,0.614706933445822,0.9984732925142737
5,CDC42EP3,-0.5073244,,0.611927240823084,0.9984732925142737
5,C5AR1,-0.5086438,,0.6110019142284797,0.9984732925142737
5,HVCN1,-0.51161253,,0.6089222010103057,0.9984732925142737
5,TIMM22,-0.51458126,,0.6068456441515504,0.9984732925142737
5,FCGR3A,-0.51700026,,0.6051559779297389,0.9984732925142737
5,IFI35,-0.5360222,,0.5919432254406688,0.9984732925142737
5,XCL2,-0.54624784,,0.5848955935286954,0.9984732925142737
5,DCAF8,-0.54624784,,0.5848955935286954,0.9984732925142737
5,ITM2A,-0.5635105,,0.5730873184341299,0.9984732925142737
5,XRRA1,-0.5699977,,0.5686792352812116,0.9984732925142737
5,KLRB1,-0.5739561,,0.5659975417476101,0.9984732925142737
5,TAF1D,-0.5759352,,0.5646589753301489,0.9984732925142737
5,MLLT6,-0.57791436,,0.563321933830927,0.9984732925142737
5,ARL16,-0.585831,,0.5579890866587349,0.9984732925142737
5,PRAF2,-0.60958093,,0.5421394608742542,0.9984732925142737
5,OCIAD1,-0.6254142,,0.5316992579224433,0.9984732925142737
5,PRR5,-0.6333308,,0.5265176342071192,0.9984732925142737
5,FGFBP2,-0.639928,,0.5222194022175427,0.9984732925142737
5,RCN2,-0.64256686,,0.5205051734054376,0.9984732925142737
5,CCL5,-0.64267683,,0.520433810183247,0.9984732925142737
5,CST7,-0.6465252,,0.5179392778896885,0.9984732925142737
5,KLRG1,-0.64740485,,0.517369968671906,0.9984732925142737
5,DENND2D,-0.6526826,,0.513960928690745,0.9984732925142737
5,TERF2IP,-0.65543145,,0.5121900264535132,0.9984732925142737
5,CD320,-0.66103905,,0.5085872784982344,0.9984732925142737
5,TNFRSF25,-0.66499734,,0.5060521842838982,0.9984732925142737
5,SAMD3,-0.71271706,,0.4760208492257194,0.9984732925142737
5,TRABD2A,-0.72953993,,0.4656714559229095,0.9984732925142737
5,SRSF5,-0.7519704,,0.45206886577878513,0.9984732925142737
5,ASB8,-0.77583027,,0.43784922133456694,0.9984732925142737
5,HOPX,-0.77791935,,0.4366165538964921,0.9984732925142737
5,GZMH,-0.7907839,,0.42907011080714774,0.9984732925142737
5,APOBEC3A,-0.79584175,,0.4261240257730158,0.9984732925142737
5,RPL18A,-0.8049679,,0.4208382244500739,0.9984732925142737
5,GIMAP2,-0.80595744,,0.4202673875141112,0.9984732925142737
5,LDLRAP1,-0.8204713,,0.41194749823485255,0.9984732925142737
5,LINC00926,-0.8510383,,0.3947480871500568,0.9984732925142737
5,MT-CO2,-0.8664317,,0.3862534442805443,0.9984732925142737
5,MAL,-0.8723692,,0.38300698845494596,0.9984732925142737
5,ARL6IP5,-0.88160527,,0.3779902929521336,0.9984732925142737
5,MS4A1,-0.88468397,,0.3763270970517406,0.9984732925142737
5,PRF1,-0.89293045,,0.3718944046436147,0.9984732925142737
5,WTAP,-0.912832,,0.3613308957850575,0.9984732925142737
5,CD79B,-0.91865957,,0.3582736779069833,0.9984732925142737
5,FYB,-0.9613214,,0.33639058652713283,0.9984732925142737
5,RORA,-0.9657195,,0.33418453928025305,0.9984732925142737
5,PNRC1,-0.9793537,,0.32740522349877255,0.9984732925142737
5,NCR3,-0.9856211,,0.32431908927707565,0.9984732925142737
5,ACAP1,-1.0048629,,0.31496286976914334,0.9984732925142737
5,RIC3,-1.021246,,0.3071379321547042,0.9984732925142737
5,CD37,-1.0300422,,0.3029901958488591,0.9984732925142737
5,GIMAP5,-1.0574206,,0.2903196904633194,0.9984732925142737
5,TRAF3IP3,-1.065667,,0.28657417354964776,0.9984732925142737
5,SUCLG2,-1.120094,,0.26267373874790145,0.9984732925142737
5,CTSW,-1.2432415,,0.21377882308087037,0.9984732925142737
5,ZAP70,-1.258855,,0.20808272889606227,0.9984732925142737
5,AQP3,-1.2671014,,0.20511901957655565,0.9984732925142737
5,BTN3A2,-1.329335,,0.1837374746270377,0.9984732925142737
5,CD48,-1.3442886,,0.17885506878185353,0.9984732925142737
5,JUNB,-1.4211459,,0.15527432827678198,0.930928184581773
5,CDA,-1.5318689,,0.12555478716707488,0.8179464962024422
5,CD2,-1.6059774,,0.1082788733359755,0.7817969193933249
5,RASGRP2,-1.8438063,,0.06521137045256276,0.5901481488919706
5,STK17A,-1.9359472,,0.052874172512467864,0.5183742403183125
5,GZMA,-2.0702002,,0.038433609741893325,0.4143725843107476
5,CD247,-2.1624508,,0.030583438402935054,0.3577010339524567
5,RPL34,-2.2801008,,0.02260170560321877,0.28609753928125026
5,GIMAP4,-2.406547,,0.016104125329824574,0.23441037451037544
5,GIMAP7,-2.5872004,,0.009675931039300822,0.15968801648988268
5,RPS3A,-2.9471874,,0.0032067884454269335,0.06896319237477276
5,TPT1,-3.5139964,,0.0004414187213459183,0.0127947455462585
5,RPL13,-3.6623235,,0.0002499380491027095,0.007690401510852599
5,IL32,-4.3120375,,1.6175717120372365e-05,0.0006104044196366931
5,PTPRCAP,-4.909963,,9.109352502276919e-07,4.5546762511384594e-05
5,LTB,-5.093365,,3.517632470795969e-07,1.9014229571870104e-05
5,RPS27A,-5.3483467,,8.876126822460945e-08,5.91741788164063e-06
5,B2M,-5.564735,,2.6255136424482183e-08,1.944824920332014e-06
5,RPL21,-5.761771,,8.323584744354117e-09,7.237899777699232e-07
5,MALAT1,-7.22294,,5.087545391251102e-13,9.25008252954746e-11
6,SDPR,5.9852314,,2.1608237515373718e-09,4.1064623717092177e-07
6,GNG11,5.9852314,,2.1608237515373718e-09,4.1064623717092177e-07
6,HIST1H2AC,5.9848523,,2.1658631318800375e-09,4.1064623717092177e-07
6,PPBP,5.984094,,2.1759762620525292e-09,4.1064623717092177e-07
6,SPARC,5.9829564,,2.1912322610281837e-09,4.1064623717092177e-07
6,PF4,5.982388,,2.1988992831825017e-09,4.1064623717092177e-07
6,RGS18,5.981819,,2.2065924353960476e-09,4.1064623717092177e-07
6,TPM4,5.9799232,,2.232426106639358e-09,4.1064623717092177e-07
6,NRGN,5.979544,,2.2376280801640092e-09,4.1064623717092177e-07
6,CD9,5.978407,,2.253304946638802e-09,4.1064623717092177e-07
6,GPX1,5.978028,,2.2585543044400697e-09,4.1064623717092177e-07
6,OAZ1,5.927222,,3.0810271899347927e-09,4.740041830668912e-07
6,ACTB,5.7035246,,1.173552099304596e-08,1.3806495285936422e-06
6,CCL5,5.5829554,,2.3646547891613123e-08,2.627394210179236e-06
6,ITGA2B,5.483429,,4.1715980631976756e-08,3.7219865749628777e-06
6,GP9,5.483239,,4.1760727523584835e-08,3.7219865749628777e-06
6,TUBB1,5.478879,,4.280284561207309e-08,3.7219865749628777e-06
6,CLU,5.4697795,,4.505954480586243e-08,3.7549620671552025e-06
6,SAT1,5.3554664,,8.533595708719031e-08,6.564304391322332e-06
6,ARPC1B,5.3475046,,8.917524898724201e-08,6.605573999054964e-06
6,NCOA4,5.3118644,,1.0850929113508043e-07,7.750663652505745e-06
6,AP001189.4,4.984091,,6.225378895526824e-07,4.016373480985048e-05
6,CA2,4.972527,,6.608578111841635e-07,4.130361319901022e-05
6,PGRMC1,4.947503,,7.517147781470341e-07,4.555847140285055e-05
6,MPP1,4.921721,,8.578640758199681e-07,5.046259269529224e-05
6,FERMT3,4.773474,,1.810747450717517e-06,0.00010347128289814382
6,LAMTOR1,4.5967913,,4.290471683562927e-06,0.0002258142991348909
6,SRGN,4.518497,,6.228011633347606e-06,0.0003193852119665439
6,PTCRA,4.4826674,,7.371569184238859e-06,0.00035636862325186177
6,TMEM40,4.4826674,,7.371569184238859e-06,0.00035636862325186177
6,TREML1,4.479445,,7.483741088289097e-06,0.00035636862325186177
6,MMD,4.4627624,,8.090976637102267e-06,0.00037090443413695086
6,F13A1,4.460677,,8.170112873162637e-06,0.00037090443413695086
6,TALDO1,4.456127,,8.345349768081394e-06,0.00037090443413695086
6,SNCA,4.438118,,9.074897565095524e-06,0.0003861658538338521
6,ODC1,4.326648,,1.5139546405221723e-05,0.0006308144335509051
6,SEPT5,3.984088,,6.773978951253195e-05,0.002709591580501278
6,ACRBP,3.9685428,,7.231345336607268e-05,0.002816895464527503
6,PTGS1,3.9655097,,7.323928207771508e-05,0.002816895464527503
6,TPM1,3.9310071,,8.45907390051798e-05,0.0031921033586860305
6,DYNLL1,3.824277,,0.00013115638553725834,0.004601978439903801
6,SNX3,3.7349877,,0.00018772440269115801,0.006363539074276543
6,LY6G6F,3.4891102,,0.00048463145266516025,0.015633272666618073
6,CMTM5,3.4813375,,0.0004989162486313594,0.0158386110676622
6,GP1BA,3.4750817,,0.0005106978944421673,0.015959309201317728
6,MYL9,3.4690154,,0.0005223697552854989,0.016020336068877455
6,RP11-367G6.3,3.4657924,,0.0005286710902729561,0.016020336068877455
6,GAS2L1,3.4525223,,0.0005553715008228165,0.01649588548812572
6,TSC22D1,3.4498682,,0.0005608601065962745,0.01649588548812572
6,PLA2G12A,3.3765032,,0.0007341353282807125,0.020975295093734643
6,MARCH2,3.3406737,,0.0008357539768167685,0.023542365544134327
6,PARVB,3.3122375,,0.0009255292187829696,0.025391354273353473
6,MFSD1,3.3118584,,0.0009267844309774017,0.025391354273353473
6,FTH1,3.3069296,,0.0009432463665954467,0.025493145043120183
6,TMEM50A,3.1423793,,0.0016758084126199748,0.042425529433417083
6,C9orf16,3.0511942,,0.002279331739294087,0.055593457055953345
6,HGD,2.9901512,,0.0027883932939148453,0.06599597854402613
6,C2orf88,2.985791,,0.002828458286731056,0.06599597854402613
6,CLEC1B,2.9835162,,0.0028495697894087564,0.06599597854402613
6,AC147651.3,2.9812412,,0.002870825066665136,0.06599597854402613
6,C6orf25,2.9677815,,0.0029995745280743556,0.06817214836532627
6,MAP3K7CL,2.9492033,,0.0031859435358697987,0.07159423676111908
6,VDAC3,2.8354588,,0.004575991006973656,0.10057123092249794
6,GSN,2.8250322,,0.004727585364600302,0.10277359488261525
6,MCUR1,2.765885,,0.005676851955881411,0.11951267275539812
6,MPST,2.7571647,,0.0058304963164109635,0.12146867325856174
6,GSTO1,2.73252,,0.006285182747516585,0.12959139685601206
6,VAPA,2.706359,,0.006802547752844348,0.13758220650268482
6,NT5C3A,2.7059798,,0.0068103192218829,0.13758220650268482
6,RBBP6,2.5971644,,0.009399695482748157,0.18799390965496313
6,STX11,2.5619035,,0.010410023428637505,0.20434104049379345
6,UBAC2,2.5224721,,0.011653318893882755,0.22410228642082222
6,ITGB3,2.491382,,0.012724723656432504,0.23876625583344177
6,CLDN5,2.4902446,,0.012765523273968463,0.23876625583344177
6,FAXDC2,2.4870217,,0.012881751578343677,0.23876625583344177
6,SCGB1C1,2.4839885,,0.012991997221455382,0.23876625583344177
6,ESAM,2.48342,,0.013012760942922577,0.23876625583344177
6,ALOX12,2.4798179,,0.01314494744803674,0.23899904450975892
6,HIST1H2BJ,2.474889,,0.01332775790341782,0.24013978204356434
6,DMTN,2.4674957,,0.013606187650773429,0.24296763662095408
6,B2M,2.4532776,,0.014156104897238042,0.2505505291546556
6,SENCR,2.44778,,0.014373941399912082,0.25217441052477335
6,TPTEP1,2.430908,,0.015061044281928412,0.2606257507736379
6,FHL1,2.3859787,,0.017033732516808196,0.28870733079335925
6,TMEM91,2.3727086,,0.017658187636952854,0.29677626280593034
6,SLC40A1,2.364936,,0.018033182479468817,0.3005530413244803
6,XPNPEP1,2.3184905,,0.020422681219647413,0.33207611739264087
6,RP11-879F14.2,1.9928023,,0.04628310417774058,0.6589263817697818
6,ARHGAP6,1.9926127,,0.04630387494860096,0.6589263817697818
6,PVALB,1.9926127,,0.04630387494860096,0.6589263817697818
6,PDZK1IP1,1.9905274,,0.04653287185718632,0.6589263817697818
6,CTTN,1.9905274,,0.04653287185718632,0.6589263817697818
6,FSTL1,1.9882525,,0.04678377310565451,0.6589263817697818
6,C19orf33,1.9837027,,0.047288991676722236,0.6613844989751362
6,ANKRD9,1.97157,,0.04865871833612918,0.6758155324462386
6,FAM63A,1.9355509,,0.05292272871502974,0.7294370432484649
6,GMPR,1.9139395,,0.05562789146888967,0.7429981846213606
6,TMEM140,1.8746977,,0.06083433228836314,0.7944720967129049
6,TMEM219,1.8259771,,0.06785370997446002,0.8728523104718121
6,PACSIN2,1.7914746,,0.07321716150030969,0.9291103917872605
6,FTL,1.7114744,,0.08699357459896413,0.9963517846225158
6,SPNS1,1.6371614,,0.10159675632618251,0.9963517846225158
6,UBB,1.6269244,,0.10375316103687841,0.9963517846225158
6,CAPZA2,1.6206684,,0.10508876802385655,0.9963517846225158
6,COTL1,1.5800996,,0.1140840623177,0.9963517846225158
6,DIAPH1,1.5715687,,0.11605059774385106,0.9963517846225158
6,GABARAPL2,1.5321374,,0.1254885435941471,0.9963517846225158
6,SPOCD1,1.4963078,,0.13457344741230617,0.9963517846225158
6,LCN2,1.4963078,,0.13457344741230617,0.9963517846225158
6,GATA2,1.494033,,0.13516700124375394,0.9963517846225158
6,AC137932.6,1.4917581,,0.13576257585247284,0.9963517846225158
6,ATP9A,1.4917581,,0.13576257585247284,0.9963517846225158
6,SCN1B,1.4913789,,0.13586203501775412,0.9963517846225158
6,ENKUR,1.4894832,,0.1363601750256258,0.9963517846225158
6,SMIM5,1.4894832,,0.1363601750256258,0.9963517846225158
6,LGALSL,1.4894832,,0.1363601750256258,0.9963517846225158
6,PRKAR2B,1.4839855,,0.13781275433691953,0.9963517846225158
6,PCP2,1.4786775,,0.1392265349356028,0.9963517846225158
6,CST3,1.4782983,,0.13932794498908468,0.9963517846225158
6,GFI1B,1.4769713,,0.1396833280279409,0.9963517846225158
6,HEMGN,1.4671135,,0.14234519316556707,0.9963517846225158
6,ABCC3,1.4665447,,0.1424999425270038,0.9963517846225158
6,SPHK1,1.4650282,,0.14291323891788887,0.9963517846225158
6,SERPINE2,1.4612367,,0.14395050423162262,0.9963517846225158
6,ST3GAL3,1.4547912,,0.14572708962323366,0.9963517846225158
6,GTPBP2,1.4542224,,0.14588464950555383,0.9963517846225158
6,ARHGAP21,1.449483,,0.14720272361391176,0.9963517846225158
6,C4orf3,1.4394356,,0.15002712957397604,0.9963517846225158
6,HEXIM2,1.4288195,,0.1530561179756984,0.9963517846225158
6,CAPZB,1.3899568,,0.16454198754286964,0.9963517846225158
6,AGPAT1,1.3256912,,0.18494199365626218,0.9963517846225158
6,LDLRAP1,1.305786,,0.1916253573196378,0.9963517846225158
6,ZYX,1.2360227,,0.21645012191193913,0.9963517846225158
6,LINC01003,1.2322313,,0.21786272039192878,0.9963517846225158
6,CCNG1,1.2083449,,0.2269146237973807,0.9963517846225158
6,PRKCD,1.1844586,,0.23623158577578462,0.9963517846225158
6,H3F3B,1.1537476,,0.24860367110245485,0.9963517846225158
6,BTK,1.0528942,,0.29238948800147035,0.9963517846225158
6,ACADVL,1.0284392,,0.30374330424512896,0.9963517846225158
6,RASGRP2,1.0119462,,0.31156377727238804,0.9963517846225158
6,PLBD1,1.0032258,,0.31575192965394094,0.9963517846225158
6,RPS19BP1,0.99564284,,0.3194237148803054,0.9963517846225158
6,NPPA-AS1,0.9952637,,0.31960803460205545,0.9963517846225158
6,SEC14L5,0.9952637,,0.31960803460205545,0.9963517846225158
6,SERPINE1,0.9952637,,0.31960803460205545,0.9963517846225158
6,HRASLS,0.9952637,,0.31960803460205545,0.9963517846225158
6,RP11-359I18.5,0.9952637,,0.31960803460205545,0.9963517846225158
6,SYTL4,0.9952637,,0.31960803460205545,0.9963517846225158
6,C15orf26,0.9929888,,0.3207154138212508,0.9963517846225158
6,VIL1,0.9929888,,0.3207154138212508,0.9963517846225158
6,TDRP,0.9929888,,0.3207154138212508,0.9963517846225158
6,AC007879.7,0.9929888,,0.3207154138212508,0.9963517846225158
6,SAMD14,0.9929888,,0.3207154138212508,0.9963517846225158
6,SEPT4,0.9907139,,0.32182529736866083,0.9963517846225158
6,TGFB1I1,0.988439,,0.3229376851510518,0.9963517846225158
6,TNS1,0.988439,,0.3229376851510518,0.9963517846225158
6,RSPH9,0.988439,,0.3229376851510518,0.9963517846225158
6,hsa-mir-1199,0.988439,,0.3229376851510518,0.9963517846225158
6,LINC00984,0.98768073,,0.3233090375552966,0.9963517846225158
6,NT5M,0.98616415,,0.32405257704903045,0.9963517846225158
6,PLA2G4C,0.98521626,,0.32451785436803904,0.9963517846225158
6,RP11-142C4.6,0.98426837,,0.3249835663924935,0.9963517846225158
6,C1orf198,0.9838892,,0.3251699729169887,0.9963517846225158
6,SH3BGRL2,0.98161435,,0.326289872583044,0.9963517846225158
6,EGFL7,0.9793395,,0.3274122758489869,0.9963517846225158
6,KIFC3,0.9778229,,0.32816193547195105,0.9963517846225158
6,IDH2,0.9778229,,0.32816193547195105,0.9963517846225158
6,ARG2,0.97706455,,0.3285371824902211,0.9963517846225158
6,AC092295.7,0.9747897,,0.32966459225571176,0.9963517846225158
6,CTNNAL1,0.9711878,,0.3314547762670875,0.9963517846225158
6,TBXA2R,0.9689129,,0.33258865108748636,0.9963517846225158
6,F11R,0.9541261,,0.34001980582368285,0.9963517846225158
6,FAM212A,0.9535574,,0.34030772894955397,0.9963517846225158
6,PRUNE,0.94028723,,0.34707025543673653,0.9963517846225158
6,MBNL1-AS1,0.94028723,,0.34707025543673653,0.9963517846225158
6,ARHGAP18,0.9101449,,0.36274607482615184,0.9963517846225158
6,ACP1,0.90692216,,0.36444794824297533,0.9963517846225158
6,PPP1R14A,0.87090313,,0.38380705382215485,0.9963517846225158
6,BNIP2,0.8652159,,0.3869203013403084,0.9963517846225158
6,SIAH2,0.85687464,,0.39151416952767837,0.9963517846225158
6,MADD,0.83753806,,0.4022901767471877,0.9963517846225158
6,TBC1D15,0.8337466,,0.40442378813375857,0.9963517846225158
6,UNC45A,0.7965901,,0.42568913079113113,0.9963517846225158
6,PKIG,0.7818033,,0.43433016842600514,0.9963517846225158
6,N4BP2L1,0.77782226,,0.4366737988406465,0.9963517846225158
6,UIMC1,0.76474166,,0.4444253942996246,0.9963517846225158
6,BZRAP1-AS1,0.7643625,,0.44465124304718473,0.9963517846225158
6,C17orf59,0.75147146,,0.4523689606940988,0.9963517846225158
6,BET1,0.7491966,,0.4537387254039129,0.9963517846225158
6,SNX9,0.7446468,,0.45648526129373745,0.9963517846225158
6,FYB,0.7345994,,0.4625835113174229,0.9963517846225158
6,ERV3-1,0.7302392,,0.4652439947514244,0.9963517846225158
6,HDAC5,0.7302392,,0.4652439947514244,0.9963517846225158
6,SPG20,0.72682685,,0.46733203167964577,0.9963517846225158
6,ARL6IP5,0.72341454,,0.4694252537271424,0.9963517846225158
6,CORO1C,0.7230354,,0.469658153523115,0.9963517846225158
6,PRKCB,0.7167794,,0.473510207277518,0.9963517846225158
6,TMEM55A,0.6885329,,0.4911172616559273,0.9963517846225158
6,PTGDR,0.6877746,,0.49159473333219716,0.9963517846225158
6,RABIF,0.6798125,,0.49662319652965314,0.9963517846225158
6,FOPNL,0.6688172,,0.5036120953965537,0.9963517846225158
6,DCAF8,0.665784,,0.5055491652876148,0.9963517846225158
6,SCP2,0.66199255,,0.5079760080176577,0.9963517846225158
6,CRLS1,0.6202862,,0.5350693498878857,0.9963517846225158
6,CORO7,0.61004925,,0.5418291860951729,0.9963517846225158
6,POLR2E,0.5994331,,0.548884109820392,0.9963517846225158
6,ATP6V1D,0.59753734,,0.5501486716931243,0.9963517846225158
6,CD82,0.5842672,,0.5590405714800009,0.9963517846225158
6,TBPL1,0.5804757,,0.5615938714727069,0.9963517846225158
6,SRSF6,0.57061785,,0.56825871830507,0.9963517846225158
6,SUMO3,0.5205703,,0.6026661426293042,0.9963517846225158
6,MEIS1,0.4942195,,0.6211511623548931,0.9963517846225158
6,MEG3,0.4942195,,0.6211511623548931,0.9963517846225158
6,BEND2,0.4942195,,0.6211511623548931,0.9963517846225158
6,TAL1,0.4942195,,0.6211511623548931,0.9963517846225158
6,GLS2,0.4942195,,0.6211511623548931,0.9963517846225158
6,CTD-2541M15.1,0.4942195,,0.6211511623548931,0.9963517846225158
6,RP11-559M23.1,0.4942195,,0.6211511623548931,0.9963517846225158
6,WDR11-AS1,0.4942195,,0.6211511623548931,0.9963517846225158
6,CALD1,0.4942195,,0.6211511623548931,0.9963517846225158
6,MAP1A,0.4942195,,0.6211511623548931,0.9963517846225158
6,MOB2,0.49251336,,0.622356491012455,0.9963517846225158
6,RP11-647K16.1,0.49213418,,0.6226244795240858,0.9963517846225158
6,LNP1,0.4919446,,0.6227584925351408,0.9963517846225158
6,RP4-781K5.2,0.4919446,,0.6227584925351408,0.9963517846225158
6,SMS,0.4913759,,0.6231606065454567,0.9963517846225158
6,WIBG,0.49099675,,0.6234287449967639,0.9963517846225158
6,CLIP2,0.48966974,,0.6243676225154662,0.9963517846225158
6,RAB6B,0.48966974,,0.6243676225154662,0.9963517846225158
6,SDCBP2,0.48966974,,0.6243676225154662,0.9963517846225158
6,AC004069.2,0.48966974,,0.6243676225154662,0.9963517846225158
6,LY6G5B,0.48966974,,0.6243676225154662,0.9963517846225158
6,GPR55,0.48891145,,0.6249043980392954,0.9963517846225158
6,TTC30A,0.48739484,,0.625978545974451,0.9963517846225158
6,INPP5A,0.48739484,,0.625978545974451,0.9963517846225158
6,PBLD,0.48739484,,0.625978545974451,0.9963517846225158
6,HOMER2,0.48530954,,0.6274567959126762,0.9963517846225158
6,JAM3,0.48511997,,0.6275912565650577,0.9963517846225158
6,UBE2C,0.48303464,,0.6290711391097518,0.9963517846225158
6,ZNF841,0.48284507,,0.6292057479146999,0.9963517846225158
6,THBS1,0.48284507,,0.6292057479146999,0.9963517846225158
6,EML6,0.48284507,,0.6292057479146999,0.9963517846225158
6,MCF2L,0.48057017,,0.6308220136253135,0.9963517846225158
6,RAB38,0.4760204,,0.6340598424102366,0.9963517846225158
6,CDC42BPB,0.4716602,,0.6371693497150468,0.9963517846225158
6,SLC39A14,0.4716602,,0.6371693497150468,0.9963517846225158
6,PTCH1,0.47147062,,0.6373046912284784,0.9963517846225158
6,ZNF615,0.46976447,,0.6385233087679185,0.9963517846225158
6,TRIM16L,0.46540424,,0.6416419862738915,0.9963517846225158
6,GUSB,0.46407723,,0.6425924085566026,0.9963517846225158
6,C9orf3,0.4593379,,0.6459915441303397,0.9963517846225158
6,TSPAN33,0.45895875,,0.646263795793999,0.9963517846225158
6,TERF2IP,0.45744213,,0.647353275934865,0.9963517846225158
6,TSPAN15,0.45175493,,0.6514455441918114,0.9963517846225158
6,ORAI1,0.44929045,,0.6532221359941652,0.9963517846225158
6,REXO2,0.44739473,,0.6545900848568738,0.9963517846225158
6,ANKAR,0.44701558,,0.6548638140404857,0.9963517846225158
6,SIRT1,0.4396222,,0.660210767786364,0.9963517846225158
6,GOLGA1,0.4373473,,0.6618594973750019,0.9963517846225158
6,TMEM104,0.43336624,,0.6647487190455155,0.9963517846225158
6,NECAB3,0.4272999,,0.66916092326118,0.9963517846225158
6,ZNF628,0.4272999,,0.66916092326118,0.9963517846225158
6,TBCK,0.42331883,,0.6720626642001286,0.9963517846225158
6,RABL2A,0.41004863,,0.6817702684147032,0.9963517846225158
6,SIGLEC14,0.4075842,,0.6835789835514474,0.9963517846225158
6,FADS1,0.40511972,,0.6853895164108159,0.9963517846225158
6,CTD-2267D19.2,0.40511972,,0.6853895164108159,0.9963517846225158
6,GGA3,0.40132824,,0.6881784798243038,0.9963517846225158
6,C16orf58,0.4001908,,0.6890159985436954,0.9963517846225158
6,YIPF3,0.39620975,,0.6919503109815618,0.9963517846225158
6,TMEM87B,0.39526185,,0.6926496409952058,0.9963517846225158
6,STX4,0.39469314,,0.6930693648251298,0.9963517846225158
6,ICAM2,0.3891955,,0.6971315359666197,0.9963517846225158
6,C9orf37,0.38824764,,0.6978327926159881,0.9963517846225158
6,GRB2,0.37838978,,0.7051410631485477,0.9963517846225158
6,ATP6V1F,0.37573573,,0.7071133661997941,0.9963517846225158
6,BLZF1,0.37554616,,0.707254320428754,0.9963517846225158
6,PLAGL2,0.37554616,,0.707254320428754,0.9963517846225158
6,C4orf33,0.3730817,,0.7090876370437533,0.9963517846225158
6,MTIF3,0.37270254,,0.7093698356751732,0.9963517846225158
6,CNEP1R1,0.36815277,,0.7127593198987634,0.9963517846225158
6,PEX26,0.36568832,,0.7145976669016871,0.9963517846225158
6,KLHL6,0.36493,,0.7151636460463533,0.9963517846225158
6,GRSF1,0.36170727,,0.7175708015380915,0.9963517846225158
6,USP20,0.36075938,,0.7182793237478967,0.9963517846225158
6,BACH1,0.35829493,,0.7201226141805195,0.9963517846225158
6,RP11-349A22.5,0.35829493,,0.7201226141805195,0.9963517846225158
6,DUSP10,0.35583046,,0.7219675329646902,0.9963517846225158
6,SEL1L,0.3548826,,0.7226775486288541,0.9963517846225158
6,FCGR1B,0.353366,,0.7238140703237728,0.9963517846225158
6,USP38,0.353366,,0.7238140703237728,0.9963517846225158
6,TNNI2,0.34654135,,0.7289359241803459,0.9963517846225158
6,MIS18A,0.34635177,,0.7290783719888534,0.9963517846225158
6,KLF11,0.34597263,,0.7293632956613544,0.9963517846225158
6,TRIP12,0.34597263,,0.7293632956613544,0.9963517846225158
6,TMEM9B,0.34274986,,0.7317866523419589,0.9963517846225158
6,ACOT13,0.34199157,,0.7323572439736652,0.9963517846225158
6,TMEM116,0.34066454,,0.7333561352586297,0.9963517846225158
6,ZBED5-AS1,0.3364939,,0.7364984410845743,0.9963517846225158
6,NSMAF,0.3336503,,0.7386434554470243,0.9963517846225158
6,RTFDC1,0.32966924,,0.7416498927324217,0.9963517846225158
6,ARMC7,0.32872137,,0.7423662946779808,0.9963517846225158
6,ST7L,0.3262569,,0.7442299831357024,0.9963517846225158
6,PDK2,0.32530904,,0.7449471861092299,0.9963517846225158
6,TCTA,0.32455075,,0.7455211077683079,0.9963517846225158
6,ASXL2,0.32379246,,0.7460951706900841,0.9963517846225158
6,KCNK6,0.32322374,,0.7465258104073664,0.9963517846225158
6,RIT1,0.3169678,,0.7512680449884386,0.9963517846225158
6,PTAFR,0.3162095,,0.7518435042513519,0.9963517846225158
6,B4GALT4,0.3139346,,0.7535707088504836,0.9963517846225158
6,NCOR2,0.3139346,,0.7535707088504836,0.9963517846225158
6,CDK16,0.31147015,,0.7554432393930087,0.9963517846225158
6,EIF2AK4,0.3065412,,0.7591926039447537,0.9963517846225158
6,CDC16,0.30559334,,0.7599142880907565,0.9963517846225158
6,RMND5A,0.3044559,,0.7607805849936389,0.9963517846225158
6,TRIP11,0.3016123,,0.7629476377516052,0.9963517846225158
6,GMPPA,0.300854,,0.7635258331783545,0.9963517846225158
6,NDUFS1,0.299527,,0.7645379924316502,0.9963517846225158
6,TRUB2,0.2949772,,0.768011297628966,0.9963517846225158
6,PHACTR4,0.28928998,,0.7723594809780729,0.9963517846225158
6,PRMT2,0.2891004,,0.7725045444455115,0.9963517846225158
6,MFF,0.28891084,,0.7726496158635062,0.9963517846225158
6,VTI1B,0.2862568,,0.7746814478465418,0.9963517846225158
6,NFIC,0.2832236,,0.7770054316824218,0.9963517846225158
6,MICU1,0.27981126,,0.7796222999385359,0.9963517846225158
6,FAM120A,0.27734682,,0.7815138166245714,0.9963517846225158
6,UCK1,0.27658853,,0.7820960824445523,0.9963517846225158
6,JARID2,0.27488235,,0.7834066266240032,0.9963517846225158
6,KPNA1,0.27488235,,0.7834066266240032,0.9963517846225158
6,SLBP,0.2737449,,0.7842806645073775,0.9963517846225158
6,MDP1,0.27203873,,0.7855922313637496,0.9963517846225158
6,MOCS2,0.26995343,,0.7871960840616798,0.9963517846225158
6,CARHSP1,0.2642662,,0.7915747990865515,0.9963517846225158
6,IP6K1,0.26256004,,0.7928897038407748,0.9963517846225158
6,NFATC1,0.2621809,,0.793181985033677,0.9963517846225158
6,RFC2,0.2591477,,0.7955212772955033,0.9963517846225158
6,TAOK3,0.2547875,,0.7988872275130339,0.9963517846225158
6,DDB2,0.25289175,,0.800351854623442,0.9963517846225158
6,ARRDC3,0.2519439,,0.8010844318625066,0.9963517846225158
6,RBCK1,0.24739411,,0.8046032272811416,0.9963517846225158
6,PRKACA,0.24739411,,0.8046032272811416,0.9963517846225158
6,QRICH1,0.24568795,,0.8059238009340102,0.9963517846225158
6,PPIF,0.24000072,,0.8103296915928353,0.9963517846225158
6,HAVCR2,0.239432,,0.8107706138583475,0.9963517846225158
6,VPS13C,0.23355521,,0.815330302027004,0.9963517846225158
6,RPUSD1,0.23184904,,0.8166552621022414,0.9963517846225158
6,ARF4,0.23165947,,0.8168025123145299,0.9963517846225158
6,CGRRF1,0.22824714,,0.8194541171153659,0.9963517846225158
6,BBC3,0.22786799,,0.8197488679385545,0.9963517846225158
6,C3orf38,0.22729927,,0.8201910419101062,0.9963517846225158
6,APH1B,0.22312865,5.1934824,0.8234353889436565,0.9963517846225158
6,PICALM,0.22066417,,0.8253539263219304,0.9963517846225158
6,JKAMP,0.21933717,,0.8263874178853843,0.9963517846225158
6,ARAP1,0.21687269,,0.828307556236764,0.9963517846225158
6,LUC7L,0.21080633,4.0374913,0.8330384009642878,0.9963517846225158
6,SNX14,0.20872101,5.2864227,0.8346660354185751,0.9963517846225158
6,VPS28,0.20625655,,0.8365905164220131,0.9963517846225158
6,ARPC4,0.20360251,,0.83866412838556,0.9963517846225158
6,DNAJB14,0.20094848,6.393789,0.8407388611658411,0.9963517846225158
6,GZMB,0.19943188,,0.8419249205853581,0.9963517846225158
6,PHACTR1,0.19810487,5.528256,0.8429630169836355,0.9963517846225158
6,FAM127A,0.1956404,6.6923594,0.844891633088523,0.9963517846225158
6,RELB,0.19393423,4.8877435,0.846227374383838,0.9963517846225158
6,HDGF,0.19393423,,0.846227374383838,0.9963517846225158
6,CASC4,0.19355509,5.8601503,0.8465242659458605,0.9963517846225158
6,FN3KRP,0.18521383,,0.8530613199541965,0.9963517846225158
6,SETX,0.18369724,7.95016,0.8542509739814033,0.9963517846225158
6,OTUB1,0.18047448,,0.8567800861003788,0.9963517846225158
6,RELT,0.17175408,,0.8636308708750982,0.9963517846225158
6,TMEM199,0.17061663,,0.8645252193462145,0.9963517846225158
6,MARCH6,0.16891046,,0.8658670671646989,0.9963517846225158
6,NBR1,0.16701472,,0.8673584626299511,0.9963517846225158
6,ACTN4,0.16663557,,0.8676567985627797,0.9963517846225158
6,DOCK10,0.166446,,0.8678059736002979,0.9963517846225158
6,AKTIP,0.16473983,,0.8691487601326894,0.9963517846225158
6,SLC50A1,0.16436069,,0.8694472085358036,0.9963517846225158
6,SWAP70,0.1636024,,0.8700441610972821,0.9963517846225158
6,CORO1B,0.16341282,,0.8701934108228846,0.9963517846225158
6,BRWD1,0.156209,5.5071464,0.8758682787688411,0.9963517846225158
6,RFC1,0.1541237,6.4994125,0.8775122089107422,0.9963517846225158
6,UBE3A,0.15165924,7.6584783,0.8794557161883279,0.9963517846225158
6,LRBA,0.14786775,,0.8824471420233069,0.9963517846225158
6,SPSB2,0.1438867,15.394638,0.8855899438843737,0.9963517846225158
6,HDLBP,0.1438867,6.31208,0.8855899438843737,0.9963517846225158
6,RXRA,0.14331797,,0.8860390637189884,0.9963517846225158
6,RAB1B,0.14085351,,0.8879856708719311,0.9963517846225158
6,FAM32A,0.13535586,,0.8923305204886125,0.9963517846225158
6,FBXO7,0.13270183,,0.894429199659872,0.9963517846225158
6,SPPL2A,0.13232268,6.8681602,0.8947290716578292,0.9963517846225158
6,NAP1L4,0.12663546,,0.8992289332861945,0.9963517846225158
6,LAMP2,0.12568758,11.828791,0.899979229285726,0.9963517846225158
6,CCND2,0.12549801,,0.9001292992339308,0.9963517846225158
6,EPN1,0.12284397,8.282571,0.9022306509829113,0.9963517846225158
6,MAP3K8,0.12000036,6.4148235,0.9044828592845219,0.9963517846225158
6,ATPAF1,0.119242065,,0.9050835787245106,0.9963517846225158
6,PLEKHB2,0.11507144,,0.9083884974804393,0.9963517846225158
6,CYTH2,0.11260698,6.0999637,0.9103421533647553,0.9963517846225158
6,TMEM60,0.11222783,,0.9106427642300883,0.9963517846225158
6,RRAGC,0.11184868,6.5177073,0.9109433878869755,0.9963517846225158
6,RAB11B,0.10691976,,0.9148526400342495,0.9963517846225158
6,PASK,0.104834445,,0.9165071801894682,0.9963517846225158
6,PPP2CA,0.102749124,,0.9181620820877008,0.9963517846225158
6,TRPV2,0.101990834,,0.9187639528940313,0.9963517846225158
6,TMEM167B,0.10085338,,0.9196668462778067,0.9963517846225158
6,ZNF688,0.09725148,,0.9225266864984936,0.9963517846225158
6,TOMM40,0.09535574,,0.924032270338846,0.9963517846225158
6,CARS,0.09213298,7.5835466,0.9265923846679743,0.9963517846225158
6,CTNNBIP1,0.090047665,6.847293,0.9282493360123343,0.9963517846225158
6,YTHDC1,0.087204054,8.657686,0.9305093151902505,0.9963517846225158
6,MZT1,0.084739596,,0.932468417834203,0.9963517846225158
6,C16orf80,0.08056896,8.577517,0.9357847482439627,0.9963517846225158
6,GFER,0.0781045,10.423381,0.9377449255905344,0.9963517846225158
6,TAF12,0.07507132,,0.9401579683137353,0.9963517846225158
6,PDZD11,0.07317558,,0.941666400472688,0.9963517846225158
6,SH3GLB1,0.07279643,,0.9419681121890813,0.9963517846225158
6,UBE2K,0.07241728,,0.9422698322330216,0.9963517846225158
6,DTYMK,0.07241728,,0.9422698322330216,0.9963517846225158
6,TMEM14C,0.070142396,,0.9440803249588056,0.9963517846225158
6,PAFAH1B1,0.068246655,,0.9455892899925911,0.9963517846225158
6,CHIC2,0.06464475,,0.948456856978879,0.9963517846225158
6,EIF1AY,0.06407602,,0.9489096927073549,0.9963517846225158
6,CIAPIN1,0.057630505,8.286001,0.9540429491648023,0.9963517846225158
6,NFE2L2,0.055545192,6.4015107,0.955704127190307,0.9963517846225158
6,NDUFAF4,0.055545192,,0.955704127190307,0.9963517846225158
6,HBP1,0.055166043,,0.9560061804432569,0.9963517846225158
6,IL1B,0.054218173,,0.9567613411214906,0.9963517846225158
6,CKS1B,0.05251201,7.2485723,0.9581207276890047,0.9963517846225158
6,DNTTIP1,0.05023712,7.798435,0.9599334318946905,0.9963517846225158
6,WDR45,0.047583085,,0.9620485146564668,0.9963517846225158
6,DESI1,0.043602027,,0.9652216350117213,0.9963517846225158
6,AP3S1,0.042464584,,0.966128344198278,0.9963517846225158
6,MPC2,0.03526077,,0.9718718044018865,0.9963517846225158
6,MAEA,0.034123328,,0.9727788075581704,0.9963517846225158
6,HSPB11,0.03374418,8.375721,0.9730811498247119,0.9963517846225158
6,VPS26B,0.031279717,6.4812255,0.9750464669045401,0.9963517846225158
6,FCGR2A,0.030521419,,0.9756512108866442,0.9963517846225158
6,TMEM87A,0.025592495,,0.9795823724087114,0.9963517846225158
6,PHF3,0.024265477,,0.9806408507538675,0.9963517846225158
6,ASB8,0.018199107,,0.985480014711513,0.9963517846225158
6,IFIT1,0.01687209,,0.9865386592280929,0.9963517846225158
6,PSMC6,0.014218053,,0.9886560175060256,0.9963517846225158
6,SAMSN1,0.010426572,,0.9916809499533017,0.9963517846225158
6,SNX20,0.0009478702,,0.9992437091333392,0.9992437091333392
6,RILPL2,-0.0041706287,,0.9966723293353958,0.9971709147927922
6,TOR1A,-0.005687221,10.633393,0.9954622785822619,0.9964587373195815
6,CRTAP,-0.0064455173,,0.9948572569455821,0.9963517846225158
6,SCIN,-0.0068246652,0.6009923,0.9945547472144135,0.9963517846225158
6,ZNF433,-0.0068246652,0.6167993,0.9945547472144135,0.9963517846225158
6,RP11-211G3.2,-0.0068246652,0.672102,0.9945547472144135,0.9963517846225158
6,ACVR2B,-0.0068246652,0.6322166,0.9945547472144135,0.9963517846225158
6,LRRC24,-0.0068246652,0.6179551,0.9945547472144135,0.9963517846225158
6,CLECL1,-0.0068246652,0.6272057,0.9945547472144135,0.9963517846225158
6,AC068580.6,-0.0068246652,0.62106234,0.9945547472144135,0.9963517846225158
6,ZNF763,-0.0068246652,0.6005025,0.9945547472144135,0.9963517846225158
6,RAB12,-0.0068246652,0.61512506,0.9945547472144135,0.9963517846225158
6,GUCA1B,-0.0068246652,0.59904486,0.9945547472144135,0.9963517846225158
6,KRTAP5-AS1,-0.0068246652,0.6179078,0.9945547472144135,0.9963517846225158
6,KCNH3,-0.0068246652,0.5978405,0.9945547472144135,0.9963517846225158
6,OMG,-0.0068246652,0.6386523,0.9945547472144135,0.9963517846225158
6,DPY19L2,-0.0068246652,0.59621286,0.9945547472144135,0.9963517846225158
6,RP11-544A12.4,-0.0068246652,0.6436425,0.9945547472144135,0.9963517846225158
6,NRN1L,-0.0068246652,0.6110447,0.9945547472144135,0.9963517846225158
6,RP11-247A12.2,-0.0068246652,0.6417408,0.9945547472144135,0.9963517846225158
6,AC093642.3,-0.0068246652,0.59256995,0.9945547472144135,0.9963517846225158
6,FAM209A,-0.0068246652,0.6326275,0.9945547472144135,0.9963517846225158
6,BHLHE40-AS1,-0.0068246652,0.61157763,0.9945547472144135,0.9963517846225158
6,PPT2-EGFL8,-0.0068246652,0.69667464,0.9945547472144135,0.9963517846225158
6,NUDT12,-0.0068246652,0.60284233,0.9945547472144135,0.9963517846225158
6,RP4-773N10.4,-0.0068246652,0.64336306,0.9945547472144135,0.9963517846225158
6,RP11-490M8.1,-0.0068246652,0.6058452,0.9945547472144135,0.9963517846225158
6,RP11-77H9.2,-0.0068246652,0.59099936,0.9945547472144135,0.9963517846225158
6,RP11-110I1.14,-0.0068246652,0.6395933,0.9945547472144135,0.9963517846225158
6,RP11-805J14.5,-0.0068246652,0.6005346,0.9945547472144135,0.9963517846225158
6,CCDC163P,-0.0068246652,0.5919055,0.9945547472144135,0.9963517846225158
6,NCKAP1,-0.0068246652,0.6063665,0.9945547472144135,0.9963517846225158
6,RP11-420A6.2,-0.0068246652,0.6021182,0.9945547472144135,0.9963517846225158
6,C19orf44,-0.0068246652,0.6142728,0.9945547472144135,0.9963517846225158
6,RP11-977G19.12,-0.0068246652,0.6173022,0.9945547472144135,0.9963517846225158
6,TACR2,-0.0068246652,0.5927409,0.9945547472144135,0.9963517846225158
6,AC145110.1,-0.0068246652,0.61134154,0.9945547472144135,0.9963517846225158
6,TLR3,-0.0068246652,0.6459201,0.9945547472144135,0.9963517846225158
6,C10orf25,-0.0068246652,0.6181396,0.9945547472144135,0.9963517846225158
6,RP11-178L8.7,-0.0068246652,0.6030589,0.9945547472144135,0.9963517846225158
6,CTC-260E6.6,-0.0068246652,0.60874355,0.9945547472144135,0.9963517846225158
6,AL928742.12,-0.0068246652,0.60240084,0.9945547472144135,0.9963517846225158
6,CTD-2012J19.3,-0.0068246652,0.60759205,0.9945547472144135,0.9963517846225158
6,RP11-159H10.3,-0.0068246652,0.6025006,0.9945547472144135,0.9963517846225158
6,ZNF425,-0.0068246652,0.6266988,0.9945547472144135,0.9963517846225158
6,RP11-356N1.2,-0.0068246652,0.5929179,0.9945547472144135,0.9963517846225158
6,SOX13,-0.0068246652,0.63525945,0.9945547472144135,0.9963517846225158
6,CCDC62,-0.0068246652,0.6347971,0.9945547472144135,0.9963517846225158
6,LINC00959,-0.0068246652,0.6290985,0.9945547472144135,0.9963517846225158
6,RP13-314C10.5,-0.0068246652,0.63022375,0.9945547472144135,0.9963517846225158
6,FBXL22,-0.0068246652,0.61045283,0.9945547472144135,0.9963517846225158
6,CTC-444N24.6,-0.0068246652,0.60422873,0.9945547472144135,0.9963517846225158
6,ISY1,-0.008530832,,0.9931934637386216,0.9963517846225158
6,CACNA1C-AS1,-0.009099553,0.73367995,0.9927397067873197,0.9963517846225158
6,TMPRSS11E,-0.009099553,0.8011504,0.9927397067873197,0.9963517846225158
6,AK4,-0.009099553,0.7377338,0.9927397067873197,0.9963517846225158
6,RP11-511B23.1,-0.009099553,0.72354555,0.9927397067873197,0.9963517846225158
6,ARHGEF4,-0.009099553,0.7506319,0.9927397067873197,0.9963517846225158
6,LINC00174,-0.009099553,0.71827304,0.9927397067873197,0.9963517846225158
6,NEDD4,-0.009099553,0.7240551,0.9927397067873197,0.9963517846225158
6,AURKC,-0.009099553,0.7782689,0.9927397067873197,0.9963517846225158
6,RNASE3,-0.009099553,0.75433695,0.9927397067873197,0.9963517846225158
6,CCDC153,-0.009099553,0.7899551,0.9927397067873197,0.9963517846225158
6,NEUROD2,-0.009099553,0.73517114,0.9927397067873197,0.9963517846225158
6,WNT5B,-0.009099553,0.75550044,0.9927397067873197,0.9963517846225158
6,CTC-454I21.3,-0.009099553,0.7312436,0.9927397067873197,0.9963517846225158
6,LIPC,-0.009099553,0.7235739,0.9927397067873197,0.9963517846225158
6,FAM65C,-0.009099553,0.72300166,0.9927397067873197,0.9963517846225158
6,CTD-2227I18.1,-0.009099553,0.72947806,0.9927397067873197,0.9963517846225158
6,RP11-932O9.7,-0.009099553,0.72705,0.9927397067873197,0.9963517846225158
6,C1orf186,-0.009099553,0.73263174,0.9927397067873197,0.9963517846225158
6,RP11-308N19.1,-0.009099553,0.72090775,0.9927397067873197,0.9963517846225158
6,SUOX,-0.009099553,0.77373725,0.9927397067873197,0.9963517846225158
6,RP11-10K16.1,-0.009099553,0.7584872,0.9927397067873197,0.9963517846225158
6,RP13-270P17.1,-0.009099553,0.724886,0.9927397067873197,0.9963517846225158
6,ABCG2,-0.009099553,0.7439731,0.9927397067873197,0.9963517846225158
6,U73166.2,-0.009099553,0.74752825,0.9927397067873197,0.9963517846225158
6,IFT81,-0.009099553,0.7413549,0.9927397067873197,0.9963517846225158
6,CA6,-0.009099553,0.72050565,0.9927397067873197,0.9963517846225158
6,C2CD4D,-0.009099553,0.8585227,0.9927397067873197,0.9963517846225158
6,HOXA5,-0.009099553,0.74838513,0.9927397067873197,0.9963517846225158
6,KCNJ14,-0.009099553,0.7287068,0.9927397067873197,0.9963517846225158
6,NUMB,-0.01080572,,0.9913784506098543,0.9963517846225158
6,FCGBP,-0.011374442,0.8521867,0.9909247039320097,0.9963517846225158
6,PLXNA1,-0.011374442,0.8555401,0.9909247039320097,0.9963517846225158
6,RP11-408A13.4,-0.011374442,0.84839576,0.9909247039320097,0.9963517846225158
6,SYP,-0.011374442,0.8786631,0.9909247039320097,0.9963517846225158
6,ARHGAP11A,-0.011374442,0.91087604,0.9909247039320097,0.9963517846225158
6,RP11-502I4.3,-0.011374442,0.86155957,0.9909247039320097,0.9963517846225158
6,CTD-3214H19.4,-0.011374442,0.85472995,0.9909247039320097,0.9963517846225158
6,CTD-2302E22.4,-0.011374442,0.854692,0.9909247039320097,0.9963517846225158
6,C1QC,-0.011374442,0.8661086,0.9909247039320097,0.9963517846225158
6,ZNF594,-0.011374442,0.8495872,0.9909247039320097,0.9963517846225158
6,RPA4,-0.011374442,0.87358546,0.9909247039320097,0.9963517846225158
6,RP1-20N2.6,-0.011374442,0.8678674,0.9909247039320097,0.9963517846225158
6,RP11-324I22.4,-0.011374442,0.8251966,0.9909247039320097,0.9963517846225158
6,RP11-252A24.3,-0.011374442,0.8416603,0.9909247039320097,0.9963517846225158
6,MYH10,-0.011374442,0.89287573,0.9909247039320097,0.9963517846225158
6,SMTN,-0.011374442,0.82207686,0.9909247039320097,0.9963517846225158
6,MCM10,-0.011374442,1.0887556,0.9909247039320097,0.9963517846225158
6,C6orf99,-0.011374442,0.84449923,0.9909247039320097,0.9963517846225158
6,RP1-266L20.2,-0.011374442,0.8922428,0.9909247039320097,0.9963517846225158
6,ELOVL3,-0.011374442,0.84929496,0.9909247039320097,0.9963517846225158
6,VSIG10L,-0.011374442,0.8577986,0.9909247039320097,0.9963517846225158
6,RP11-493L12.4,-0.011374442,0.9149183,0.9909247039320097,0.9963517846225158
6,CYTH3,-0.011374442,0.85689783,0.9909247039320097,0.9963517846225158
6,RP11-378J18.3,-0.011374442,0.963173,0.9909247039320097,0.9963517846225158
6,RP11-314N13.3,-0.011374442,0.8470116,0.9909247039320097,0.9963517846225158
6,RP11-423O2.5,-0.011374442,0.85750645,0.9909247039320097,0.9963517846225158
6,RP11-1055B8.7,-0.011374442,0.8778124,0.9909247039320097,0.9963517846225158
6,RP11-141B14.1,-0.011374442,0.9255175,0.9909247039320097,0.9963517846225158
6,FZD2,-0.011374442,0.8861871,0.9909247039320097,0.9963517846225158
6,LINC00957,-0.011374442,0.84798884,0.9909247039320097,0.9963517846225158
6,KDM4A-AS1,-0.011374442,0.8545438,0.9909247039320097,0.9963517846225158
6,DNAJC27,-0.011374442,0.8450914,0.9909247039320097,0.9963517846225158
6,RP11-294J22.6,-0.011374442,0.8605835,0.9909247039320097,0.9963517846225158
6,NIPSNAP3B,-0.011374442,0.85400945,0.9909247039320097,0.9963517846225158
6,RNF165,-0.011374442,0.8555258,0.9909247039320097,0.9963517846225158
6,ACADM,-0.01270146,,0.9898659733521185,0.9963517846225158
6,ARVCF,-0.0136493305,1.2241658,0.9891097480403357,0.9963517846225158
6,CTD-2537I9.12,-0.0136493305,1.0139242,0.9891097480403357,0.9963517846225158
6,BGLAP,-0.0136493305,0.9522497,0.9891097480403357,0.9963517846225158
6,HIST1H2AH,-0.0136493305,0.89363915,0.9891097480403357,0.9963517846225158
6,ZNF587B,-0.0136493305,0.962382,0.9891097480403357,0.9963517846225158
6,CCDC121,-0.0136493305,0.9817944,0.9891097480403357,0.9963517846225158
6,SLC4A8,-0.0136493305,1.0238683,0.9891097480403357,0.9963517846225158
6,TTC8,-0.0136493305,1.1114432,0.9891097480403357,0.9963517846225158
6,CTD-2012K14.7,-0.0136493305,0.9888158,0.9891097480403357,0.9963517846225158
6,ZNF436,-0.0136493305,1.1942346,0.9891097480403357,0.9963517846225158
6,MMP9,-0.0136493305,1.002905,0.9891097480403357,0.9963517846225158
6,IPO9-AS1,-0.0136493305,0.97765124,0.9891097480403357,0.9963517846225158
6,RP11-390B4.5,-0.0136493305,0.9525129,0.9891097480403357,0.9963517846225158
6,LINC00494,-0.0136493305,0.9574372,0.9891097480403357,0.9963517846225158
6,C5AR2,-0.0136493305,0.99762005,0.9891097480403357,0.9963517846225158
6,RP11-219B4.7,-0.0136493305,0.9717083,0.9891097480403357,0.9963517846225158
6,RPS6KL1,-0.0136493305,1.0277306,0.9891097480403357,0.9963517846225158
6,ELANE,-0.0136493305,0.9844568,0.9891097480403357,0.9963517846225158
6,RP11-545I5.3,-0.0136493305,1.0719795,0.9891097480403357,0.9963517846225158
6,RIN2,-0.0136493305,0.9810148,0.9891097480403357,0.9963517846225158
6,COLGALT2,-0.0136493305,0.9480597,0.9891097480403357,0.9963517846225158
6,RP11-42I10.1,-0.0136493305,0.96066076,0.9891097480403357,0.9963517846225158
6,CD274,-0.015924219,1.1076707,0.9872948485034206,0.9963517846225158
6,AP001462.6,-0.015924219,1.0618626,0.9872948485034206,0.9963517846225158
6,CAMK2N1,-0.015924219,1.1739122,0.9872948485034206,0.9963517846225158
6,CXCR1,-0.015924219,1.086142,0.9872948485034206,0.9963517846225158
6,PRICKLE1,-0.015924219,1.0940477,0.9872948485034206,0.9963517846225158
6,CCDC122,-0.015924219,1.0554852,0.9872948485034206,0.9963517846225158
6,DRAXIN,-0.015924219,1.0567372,0.9872948485034206,0.9963517846225158
6,IDO1,-0.015924219,1.1111472,0.9872948485034206,0.9963517846225158
6,RP11-1000B6.3,-0.015924219,1.0918833,0.9872948485034206,0.9963517846225158
6,LINC00211,-0.015924219,1.0856241,0.9872948485034206,0.9963517846225158
6,RP11-950C14.3,-0.015924219,1.0691041,0.9872948485034206,0.9963517846225158
6,ARHGAP19,-0.015924219,1.13028,0.9872948485034206,0.9963517846225158
6,TPM2,-0.015924219,1.0970905,0.9872948485034206,0.9963517846225158
6,AP4B1-AS1,-0.015924219,1.0685157,0.9872948485034206,0.9963517846225158
6,AC004257.3,-0.015924219,1.0805112,0.9872948485034206,0.9963517846225158
6,RP1-28O10.1,-0.015924219,1.2683617,0.9872948485034206,0.9963517846225158
6,RP11-219B17.1,-0.015924219,1.0940765,0.9872948485034206,0.9963517846225158
6,LINC00886,-0.015924219,1.2499382,0.9872948485034206,0.9963517846225158
6,SHPK-1,-0.015924219,1.0964359,0.9872948485034206,0.9963517846225158
6,TEX2,-0.015924219,1.1068866,0.9872948485034206,0.9963517846225158
6,RP11-527L4.5,-0.015924219,1.1728026,0.9872948485034206,0.9963517846225158
6,KIF3C,-0.015924219,1.359567,0.9872948485034206,0.9963517846225158
6,CRIP3,-0.015924219,1.1043434,0.9872948485034206,0.9963517846225158
6,PARS2,-0.015924219,1.1065718,0.9872948485034206,0.9963517846225158
6,CTD-2015H6.3,-0.015924219,1.0761609,0.9872948485034206,0.9963517846225158
6,ZNF653,-0.015924219,1.0762038,0.9872948485034206,0.9963517846225158
6,SNTA1,-0.015924219,1.1071076,0.9872948485034206,0.9963517846225158
6,HP,-0.015924219,1.0526217,0.9872948485034206,0.9963517846225158
6,YES1,-0.015924219,1.1517404,0.9872948485034206,0.9963517846225158
6,POLA1,-0.015924219,1.105709,0.9872948485034206,0.9963517846225158
6,ATP8B3,-0.015924219,1.0868824,0.9872948485034206,0.9963517846225158
6,RP11-432I5.1,-0.015924219,1.1509843,0.9872948485034206,0.9963517846225158
6,RPH3A,-0.018199107,1.210249,0.985480014711513,0.9963517846225158
6,TOP2A,-0.018199107,1.2431481,0.985480014711513,0.9963517846225158
6,ACOT11,-0.018199107,1.250088,0.985480014711513,0.9963517846225158
6,SPATA7,-0.018199107,1.2801864,0.985480014711513,0.9963517846225158
6,CLEC4C,-0.018199107,1.2882329,0.985480014711513,0.9963517846225158
6,RP11-178G16.4,-0.018199107,1.2258172,0.985480014711513,0.9963517846225158
6,HIST1H1B,-0.018199107,1.2993869,0.985480014711513,0.9963517846225158
6,CTD-2368P22.1,-0.018199107,1.2673329,0.985480014711513,0.9963517846225158
6,WBP2NL,-0.018199107,1.2054201,0.985480014711513,0.9963517846225158
6,SLC22A4,-0.018199107,1.3576051,0.985480014711513,0.9963517846225158
6,CTB-152G17.6,-0.018199107,1.3586662,0.985480014711513,0.9963517846225158
6,CDT1,-0.018199107,1.2812858,0.985480014711513,0.9963517846225158
6,RP11-701P16.5,-0.018199107,1.3319765,0.985480014711513,0.9963517846225158
6,DNASE1L3,-0.018199107,1.2989485,0.985480014711513,0.9963517846225158
6,BIRC5,-0.018199107,1.248362,0.985480014711513,0.9963517846225158
6,PROK2,-0.018199107,1.1587605,0.985480014711513,0.9963517846225158
6,PLCL1,-0.018199107,1.2232414,0.985480014711513,0.9963517846225158
6,MYO1E,-0.018199107,1.1974577,0.985480014711513,0.9963517846225158
6,RP1-315G1.3,-0.018199107,1.2031697,0.985480014711513,0.9963517846225158
6,RFPL2,-0.018199107,1.3001893,0.985480014711513,0.9963517846225158
6,C5orf42,-0.018199107,1.1912836,0.985480014711513,0.9963517846225158
6,RP11-798G7.6,-0.018199107,1.1951855,0.985480014711513,0.9963517846225158
6,CXCL3,-0.018199107,1.247473,0.985480014711513,0.9963517846225158
6,ASGR1,-0.01876783,,0.9850263176365182,0.9963517846225158
6,ARPP19,-0.019146977,,0.9847238556011282,0.9963517846225158
6,SHARPIN,-0.019526126,,0.9844213957614654,0.9963517846225158
6,INSL3,-0.020473996,1.3083901,0.9836652560538403,0.9963517846225158
6,GDF11,-0.020473996,1.3162843,0.9836652560538403,0.9963517846225158
6,REPS2,-0.020473996,1.4475402,0.9836652560538403,0.9963517846225158
6,LRRIQ3,-0.020473996,1.5563877,0.9836652560538403,0.9963517846225158
6,AP003419.16,-0.020473996,1.3421396,0.9836652560538403,0.9963517846225158
6,TUBG2,-0.020473996,1.4031348,0.9836652560538403,0.9963517846225158
6,S100P,-0.020473996,1.2880234,0.9836652560538403,0.9963517846225158
6,SERAC1,-0.020473996,1.3119811,0.9836652560538403,0.9963517846225158
6,ATAD3C,-0.020473996,1.4013301,0.9836652560538403,0.9963517846225158
6,ACVR2A,-0.020473996,1.3452042,0.9836652560538403,0.9963517846225158
6,GNG3,-0.020473996,1.3035408,0.9836652560538403,0.9963517846225158
6,AEBP1,-0.020473996,1.5222137,0.9836652560538403,0.9963517846225158
6,GNE,-0.020473996,1.3150846,0.9836652560538403,0.9963517846225158
6,ZNF503,-0.020473996,1.4569155,0.9836652560538403,0.9963517846225158
6,TCL1B,-0.020473996,1.3166925,0.9836652560538403,0.9963517846225158
6,FBXL14,-0.020473996,1.3063605,0.9836652560538403,0.9963517846225158
6,PSMC4,-0.021232292,,0.9830603548204436,0.9963517846225158
6,C3orf18,-0.022748884,1.4132488,0.9818505819184639,0.9963517846225158
6,CCL2,-0.022748884,1.4691592,0.9818505819184639,0.9963517846225158
6,PTGDR2,-0.022748884,1.5509217,0.9818505819184639,0.9963517846225158
6,LINC01013,-0.022748884,1.4196416,0.9818505819184639,0.9963517846225158
6,DISP1,-0.022748884,1.4735956,0.9818505819184639,0.9963517846225158
6,RP1-111C20.4,-0.022748884,1.486798,0.9818505819184639,0.9963517846225158
6,RP11-398C13.6,-0.022748884,1.4646022,0.9818505819184639,0.9963517846225158
6,NEFH,-0.022748884,1.5702273,0.9818505819184639,0.9963517846225158
6,RP11-145M9.4,-0.025023773,1.5934995,0.9800360016921328,0.9963517846225158
6,ZNF404,-0.025023773,1.545384,0.9800360016921328,0.9963517846225158
6,SLC22A18AS,-0.025023773,1.5820363,0.9800360016921328,0.9963517846225158
6,ANKEF1,-0.025023773,1.5313349,0.9800360016921328,0.9963517846225158
6,PRELID2,-0.025023773,1.5901315,0.9800360016921328,0.9963517846225158
6,TNFRSF9,-0.025023773,1.551256,0.9800360016921328,0.9963517846225158
6,FMO4,-0.025023773,1.5474287,0.9800360016921328,0.9963517846225158
6,PALLD,-0.025023773,1.5665842,0.9800360016921328,0.9963517846225158
6,LILRA4,-0.025023773,1.5696702,0.9800360016921328,0.9963517846225158
6,DLEU7,-0.025023773,1.5375818,0.9800360016921328,0.9963517846225158
6,SEC61A2,-0.025023773,1.4858221,0.9800360016921328,0.9963517846225158
6,CXCL10,-0.027298661,1.7924712,0.9782215247601389,0.9963517846225158
6,ZBTB41,-0.027298661,1.6864995,0.9782215247601389,0.9963517846225158
6,RP11-532F6.3,-0.027298661,1.6930482,0.9782215247601389,0.9963517846225158
6,RP5-894A10.2,-0.027298661,1.653348,0.9782215247601389,0.9963517846225158
6,CTB-113I20.2,-0.027298661,2.064542,0.9782215247601389,0.9963517846225158
6,RP11-5C23.1,-0.027298661,1.6943011,0.9782215247601389,0.9963517846225158
6,ACPP,-0.027298661,1.7572799,0.9782215247601389,0.9963517846225158
6,TMTC2,-0.027298661,1.7572954,0.9782215247601389,0.9963517846225158
6,CCDC151,-0.027298661,1.7028027,0.9782215247601389,0.9963517846225158
6,OSBPL1A,-0.027298661,1.7533507,0.9782215247601389,0.9963517846225158
6,TRAPPC12-AS1,-0.027298661,1.6955835,0.9782215247601389,0.9963517846225158
6,RP3-325F22.5,-0.027298661,1.8046193,0.9782215247601389,0.9963517846225158
6,LYSMD4,-0.027298661,1.636223,0.9782215247601389,0.9963517846225158
6,RP11-162G10.5,-0.027298661,1.6790259,0.9782215247601389,0.9963517846225158
6,ZNF69,-0.027298661,1.6984407,0.9782215247601389,0.9963517846225158
6,CNIH4,-0.028246531,,0.9774655254223553,0.9963517846225158
6,DENND5B,-0.02957355,1.7867346,0.97640716050617,0.9963517846225158
6,KCNE1,-0.02957355,1.8664973,0.97640716050617,0.9963517846225158
6,SPTSSB,-0.02957355,1.8014095,0.97640716050617,0.9963517846225158
6,LZTS2,-0.02957355,2.0750153,0.97640716050617,0.9963517846225158
6,SLC16A5,-0.02957355,1.759922,0.97640716050617,0.9963517846225158
6,PRRG2,-0.02957355,1.8120941,0.97640716050617,0.9963517846225158
6,ZNF256,-0.02957355,1.7886738,0.97640716050617,0.9963517846225158
6,FCAR,-0.02957355,1.8089765,0.97640716050617,0.9963517846225158
6,URB2,-0.02957355,1.8920368,0.97640716050617,0.9963517846225158
6,INVS,-0.02957355,1.8063773,0.97640716050617,0.9963517846225158
6,CMTM2,-0.02957355,1.7851579,0.97640716050617,0.9963517846225158
6,IQCE,-0.02957355,1.9054196,0.97640716050617,0.9963517846225158
6,FCGR3B,-0.02957355,1.8566755,0.97640716050617,0.9963517846225158
6,LAMP3,-0.02957355,2.048664,0.97640716050617,0.9963517846225158
6,PRSS57,-0.02957355,1.7911587,0.97640716050617,0.9963517846225158
6,IL24,-0.02957355,1.9601915,0.97640716050617,0.9963517846225158
6,MRPL51,-0.031090142,,0.9751976515688932,0.9963517846225158
6,CSNK1A1,-0.031090142,,0.9751976515688932,0.9963517846225158
6,ZNF175,-0.031848438,2.1172338,0.9745929183121657,0.9963517846225158
6,LARGE,-0.031848438,1.9219062,0.9745929183121657,0.9963517846225158
6,SARDH,-0.031848438,1.978518,0.9745929183121657,0.9963517846225158
6,FBXW9,-0.031848438,1.9456486,0.9745929183121657,0.9963517846225158
6,AC074138.3,-0.031848438,1.9297056,0.9745929183121657,0.9963517846225158
6,INTS2,-0.031848438,2.1020947,0.9745929183121657,0.9963517846225158
6,PDZD4,-0.031848438,1.9414556,0.9745929183121657,0.9963517846225158
6,C16orf52,-0.031848438,2.0281582,0.9745929183121657,0.9963517846225158
6,EARS2,-0.031848438,2.1355183,0.9745929183121657,0.9963517846225158
6,ATP10A,-0.034123328,2.0115054,0.9727788075581704,0.9963517846225158
6,RBM26-AS1,-0.034123328,2.1684783,0.9727788075581704,0.9963517846225158
6,MANEA-AS1,-0.034123328,2.0809639,0.9727788075581704,0.9963517846225158
6,NMNAT3,-0.034123328,2.1126342,0.9727788075581704,0.9963517846225158
6,PMEPA1,-0.034123328,2.0187411,0.9727788075581704,0.9963517846225158
6,ZRANB3,-0.036398213,2.1601949,0.9709648376221892,0.9963517846225158
6,USP30,-0.036398213,2.4119802,0.9709648376221892,0.9963517846225158
6,PPP6R1,-0.036398213,2.1451683,0.9709648376221892,0.9963517846225158
6,IL1RAP,-0.036398213,2.2376747,0.9709648376221892,0.9963517846225158
6,FANCI,-0.036398213,2.072303,0.9709648376221892,0.9963517846225158
6,TRPM4,-0.036398213,2.283184,0.9709648376221892,0.9963517846225158
6,SYCE1,-0.036398213,2.3079722,0.9709648376221892,0.9963517846225158
6,PDIA5,-0.038673103,2.2894034,0.9691510178800415,0.9963517846225158
6,ARRDC4,-0.038673103,2.3588636,0.9691510178800415,0.9963517846225158
6,C1QB,-0.038673103,2.3123703,0.9691510178800415,0.9963517846225158
6,KIAA0101,-0.038673103,2.1907985,0.9691510178800415,0.9963517846225158
6,PPA2,-0.040000122,11.131028,0.968093029451753,0.9963517846225158
6,SPATA6,-0.040947992,2.3637187,0.9673373577052159,0.9963517846225158
6,EOGT,-0.040947992,2.5832293,0.9673373577052159,0.9963517846225158
6,LYPD2,-0.040947992,2.1757216,0.9673373577052159,0.9963517846225158
6,ZNF718,-0.040947992,2.5155723,0.9673373577052159,0.9963517846225158
6,F5,-0.040947992,2.5291188,0.9673373577052159,0.9963517846225158
6,IDUA,-0.040947992,2.899961,0.9673373577052159,0.9963517846225158
6,RP11-430B1.2,-0.040947992,2.61537,0.9673373577052159,0.9963517846225158
6,ZNF45,-0.040947992,2.6617134,0.9673373577052159,0.9963517846225158
6,ZSWIM6,-0.04322288,2.6061668,0.965523866468725,0.9963517846225158
6,OBSCN,-0.04322288,2.807841,0.965523866468725,0.9963517846225158
6,TMEM194A,-0.04322288,2.5682406,0.965523866468725,0.9963517846225158
6,ELOVL4,-0.04322288,2.7930706,0.965523866468725,0.9963517846225158
6,PROCA1,-0.04322288,2.4848838,0.965523866468725,0.9963517846225158
6,WDR44,-0.04322288,2.532188,0.965523866468725,0.9963517846225158
6,MYOM2,-0.04322288,2.4786756,0.965523866468725,0.9963517846225158
6,ZNF799,-0.04322288,2.8032045,0.965523866468725,0.9963517846225158
6,ZWINT,-0.04322288,2.4380677,0.965523866468725,0.9963517846225158
6,AL928768.3,-0.04322288,2.3226135,0.965523866468725,0.9963517846225158
6,SPRY1,-0.04322288,2.6531317,0.965523866468725,0.9963517846225158
6,IL4I1,-0.045497768,2.7487144,0.9637105535389601,0.9963517846225158
6,AC005082.12,-0.045497768,2.996212,0.9637105535389601,0.9963517846225158
6,EID2,-0.045497768,2.7426577,0.9637105535389601,0.9963517846225158
6,LONRF1,-0.045497768,2.6969984,0.9637105535389601,0.9963517846225158
6,FRY-AS1,-0.045497768,2.7583222,0.9637105535389601,0.9963517846225158
6,ZNF682,-0.045497768,2.7998998,0.9637105535389601,0.9963517846225158
6,TMEM177,-0.045497768,2.9769418,0.9637105535389601,0.9963517846225158
6,SAMD1,-0.047772657,3.0294313,0.9618974282815456,0.9963517846225158
6,RASD1,-0.047772657,2.7521212,0.9618974282815456,0.9963517846225158
6,SLFN12,-0.047772657,2.7821085,0.9618974282815456,0.9963517846225158
6,KIR2DL3,-0.047772657,3.1489935,0.9618974282815456,0.9963517846225158
6,CTNND1,-0.047772657,2.8786314,0.9618974282815456,0.9963517846225158
6,HDAC2,-0.049668398,,0.9603866406826828,0.9963517846225158
6,LDOC1L,-0.050047547,2.8840318,0.9600845000591947,0.9963517846225158
6,EVA1B,-0.050047547,2.9006248,0.9600845000591947,0.9963517846225158
6,SERPINF1,-0.050047547,2.6485326,0.9600845000591947,0.9963517846225158
6,RP11-164H13.1,-0.050047547,3.3043606,0.9600845000591947,0.9963517846225158
6,CES4A,-0.050047547,3.1032758,0.9600845000591947,0.9963517846225158
6,STX16,-0.05080584,,0.9594802360551232,0.9963517846225158
6,TRIM23,-0.052322432,3.5034049,0.9582717782315636,0.9963517846225158
6,ZNF232,-0.052322432,3.3608642,0.9582717782315636,0.9963517846225158
6,GYS1,-0.052322432,2.93354,0.9582717782315636,0.9963517846225158
6,KCNG1,-0.052322432,3.0355358,0.9582717782315636,0.9963517846225158
6,RPPH1,-0.052322432,3.082801,0.9582717782315636,0.9963517846225158
6,TNFRSF17,-0.052322432,2.9616644,0.9582717782315636,0.9963517846225158
6,HBA1,-0.054597322,2.9570827,0.9564592721551071,0.9963517846225158
6,BLM,-0.054597322,3.3576133,0.9564592721551071,0.9963517846225158
6,PDCD1,-0.054597322,3.6523967,0.9564592721551071,0.9963517846225158
6,IL6,-0.054597322,3.4454682,0.9564592721551071,0.9963517846225158
6,MRM1,-0.054597322,3.5311546,0.9564592721551071,0.9963517846225158
6,NAIP,-0.054597322,3.2529802,0.9564592721551071,0.9963517846225158
6,PAWR,-0.054597322,3.564725,0.9564592721551071,0.9963517846225158
6,RP11-488C13.5,-0.054597322,3.324485,0.9564592721551071,0.9963517846225158
6,FNTA,-0.05687221,,0.9546469911829332,0.9963517846225158
6,SLC48A1,-0.05687221,3.0900357,0.9546469911829332,0.9963517846225158
6,TGFBRAP1,-0.05687221,3.535007,0.9546469911829332,0.9963517846225158
6,ZNF212,-0.05687221,3.772047,0.9546469911829332,0.9963517846225158
6,DTX3,-0.0591471,3.7440035,0.9528349446646586,0.9963517846225158
6,CPNE5,-0.0591471,3.8134441,0.9528349446646586,0.9963517846225158
6,ZFP69,-0.0591471,3.8967578,0.9528349446646586,0.9963517846225158
6,CCL4L1,-0.0591471,3.571334,0.9528349446646586,0.9963517846225158
6,RP11-70P17.1,-0.0591471,3.9832788,0.9528349446646586,0.9963517846225158
6,CEACAM4,-0.0591471,3.2035122,0.9528349446646586,0.9963517846225158
6,KLC4,-0.0591471,4.013877,0.9528349446646586,0.9963517846225158
6,ENHO,-0.0591471,3.0279756,0.9528349446646586,0.9963517846225158
6,RAB40C,-0.0591471,4.1776695,0.9528349446646586,0.9963517846225158
6,RP11-102N12.3,-0.0591471,3.3432233,0.9528349446646586,0.9963517846225158
6,SLC2A13,-0.061421987,3.5405571,0.951023141946264,0.9963517846225158
6,RP11-706O15.1,-0.061421987,3.3085678,0.951023141946264,0.9963517846225158
6,NAPA-AS1,-0.061421987,3.39692,0.951023141946264,0.9963517846225158
6,FASTKD1,-0.061421987,3.4501622,0.951023141946264,0.9963517846225158
6,ABCB1,-0.061421987,3.8370676,0.951023141946264,0.9963517846225158
6,CDKN2A,-0.061421987,3.4122634,0.951023141946264,0.9963517846225158
6,DPY19L4,-0.061421987,3.7973948,0.951023141946264,0.9963517846225158
6,TNRC18,-0.063696876,3.8187368,0.9492115923699496,0.9963517846225158
6,NEK8,-0.063696876,3.6366196,0.9492115923699496,0.9963517846225158
6,LRIG2,-0.063696876,3.8227634,0.9492115923699496,0.9963517846225158
6,ZNF528,-0.063696876,4.029996,0.9492115923699496,0.9963517846225158
6,TTN-AS1,-0.06597176,3.6937685,0.9474003052739901,0.9963517846225158
6,NOG,-0.06597176,4.399512,0.9474003052739901,0.9963517846225158
6,WDR91,-0.06597176,4.0021124,0.9474003052739901,0.9963517846225158
6,PLD6,-0.06597176,4.21465,0.9474003052739901,0.9963517846225158
6,ABCC10,-0.06597176,3.8972528,0.9474003052739901,0.9963517846225158
6,LIN52,-0.06597176,3.4662757,0.9474003052739901,0.9963517846225158
6,C8orf44,-0.06597176,3.9306524,0.9474003052739901,0.9963517846225158
6,ARSD,-0.06597176,3.8669653,0.9474003052739901,0.9963517846225158
6,PPP2R1B,-0.068246655,4.1499953,0.9455892899925911,0.9963517846225158
6,DHX34,-0.068246655,3.910422,0.9455892899925911,0.9963517846225158
6,AGO4,-0.068246655,4.0991035,0.9455892899925911,0.9963517846225158
6,AP4S1,-0.068246655,3.9534247,0.9455892899925911,0.9963517846225158
6,PDIK1L,-0.068246655,3.9402206,0.9455892899925911,0.9963517846225158
6,OSBPL7,-0.068246655,4.208416,0.9455892899925911,0.9963517846225158
6,ATP6V0E2,-0.070142396,,0.9440803249588056,0.9963517846225158
6,TKTL1,-0.07052154,4.580926,0.9437785558557437,0.9963517846225158
6,HCFC2,-0.07052154,4.138103,0.9437785558557437,0.9963517846225158
6,TMEM62,-0.07052154,4.0583935,0.9437785558557437,0.9963517846225158
6,SLC19A1,-0.07052154,3.9413025,0.9437785558557437,0.9963517846225158
6,RP11-428G5.5,-0.07052154,4.4729133,0.9437785558557437,0.9963517846225158
6,CTNNBL1,-0.07071111,,0.9436276743272498,0.9963517846225158
6,TIMMDC1,-0.07222771,,0.9424206953643394,0.9963517846225158
6,PTGDS,-0.07279643,3.807745,0.9419681121890813,0.9963517846225158
6,GBGT1,-0.07279643,3.4665024,0.9419681121890813,0.9963517846225158
6,PRR5L,-0.07279643,4.3835373,0.9419681121890813,0.9963517846225158
6,TADA2A,-0.07279643,3.8974557,0.9419681121890813,0.9963517846225158
6,GPR35,-0.07279643,4.074489,0.9419681121890813,0.9963517846225158
6,MTRF1,-0.07507132,4.109176,0.9401579683137353,0.9963517846225158
6,WARS2,-0.07507132,4.2929807,0.9401579683137353,0.9963517846225158
6,BACE2,-0.07507132,4.1503,0.9401579683137353,0.9963517846225158
6,SLC27A1,-0.07507132,4.115428,0.9401579683137353,0.9963517846225158
6,CLSTN3,-0.07507132,4.548086,0.9401579683137353,0.9963517846225158
6,ZNF747,-0.07507132,4.2484226,0.9401579683137353,0.9963517846225158
6,CTC-444N24.11,-0.07507132,4.349738,0.9401579683137353,0.9963517846225158
6,YEATS2,-0.07507132,4.2305465,0.9401579683137353,0.9963517846225158
6,MPP6,-0.07507132,4.6156263,0.9401579683137353,0.9963517846225158
6,JAKMIP1,-0.07507132,5.170143,0.9401579683137353,0.9963517846225158
6,ERCC6L2,-0.077346206,4.2464757,0.9383481335461906,0.9963517846225158
6,CYP27A1,-0.077346206,3.9911406,0.9383481335461906,0.9963517846225158
6,TP53BP2,-0.077346206,5.3056746,0.9383481335461906,0.9963517846225158
6,PAX5,-0.077346206,5.3140197,0.9383481335461906,0.9963517846225158
6,ICOSLG,-0.077346206,4.6166687,0.9383481335461906,0.9963517846225158
6,ARMCX5,-0.077346206,4.5402026,0.9383481335461906,0.9963517846225158
6,MED9,-0.077346206,4.382352,0.9383481335461906,0.9963517846225158
6,CRTC1,-0.077346206,5.2437167,0.9383481335461906,0.9963517846225158
6,DDI2,-0.07962109,4.3769236,0.9365386171981422,0.9963517846225158
6,RP13-270P17.3,-0.07962109,4.752786,0.9365386171981422,0.9963517846225158
6,RAD51B,-0.07962109,4.269571,0.9365386171981422,0.9963517846225158
6,RP5-887A10.1,-0.07962109,4.9610476,0.9365386171981422,0.9963517846225158
6,TRIT1,-0.07962109,4.3804026,0.9365386171981422,0.9963517846225158
6,SLC20A2,-0.07962109,4.3448405,0.9365386171981422,0.9963517846225158
6,HBEGF,-0.07962109,4.9540243,0.9365386171981422,0.9963517846225158
6,FAM98A,-0.07962109,4.169043,0.9365386171981422,0.9963517846225158
6,LSM14A,-0.08037939,,0.9359355174507352,0.9963517846225158
6,FBXW4,-0.081895985,4.991214,0.9347294285763518,0.9963517846225158
6,SLC25A12,-0.081895985,4.4194036,0.9347294285763518,0.9963517846225158
6,ZFAND4,-0.081895985,4.5230074,0.9347294285763518,0.9963517846225158
6,CD163,-0.081895985,4.6494684,0.9347294285763518,0.9963517846225158
6,C1QA,-0.081895985,3.6641955,0.9347294285763518,0.9963517846225158
6,PLEKHJ1,-0.08341257,,0.9335234894922722,0.9963517846225158
6,BMPR2,-0.08417087,3.8906896,0.9329205769825032,0.9963517846225158
6,RP11-400F19.6,-0.08417087,4.69077,0.9329205769825032,0.9963517846225158
6,TAOK2,-0.08417087,4.494704,0.9329205769825032,0.9963517846225158
6,CCP110,-0.08417087,4.338726,0.9329205769825032,0.9963517846225158
6,BCDIN3D,-0.08417087,5.1602187,0.9329205769825032,0.9963517846225158
6,SREBF1,-0.08644576,4.580656,0.9311120717130598,0.9963517846225158
6,AC113189.5,-0.08644576,4.9773355,0.9311120717130598,0.9963517846225158
6,ZNF559,-0.08872065,4.991077,0.9293039220591208,0.9963517846225158
6,CHN2,-0.08872065,4.4408245,0.9293039220591208,0.9963517846225158
6,SMPDL3A,-0.08872065,5.037736,0.9293039220591208,0.9963517846225158
6,TYW5,-0.08872065,4.908716,0.9293039220591208,0.9963517846225158
6,ZNF333,-0.08872065,5.228684,0.9293039220591208,0.9963517846225158
6,TANGO6,-0.08872065,5.7044353,0.9293039220591208,0.9963517846225158
6,HMG20A,-0.08872065,5.3694534,0.9293039220591208,0.9963517846225158
6,NEIL1,-0.08872065,4.408838,0.9293039220591208,0.9963517846225158
6,EDC3,-0.08872065,4.934349,0.9293039220591208,0.9963517846225158
6,DENND6A,-0.08872065,5.4082713,0.9293039220591208,0.9963517846225158
6,LRRK2,-0.090995535,4.9335785,0.9274961373062781,0.9963517846225158
6,SENP2,-0.090995535,5.009243,0.9274961373062781,0.9963517846225158
6,C2orf76,-0.090995535,4.8382792,0.9274961373062781,0.9963517846225158
6,TMED5,-0.0927017,,0.926140543790672,0.9963517846225158
6,RHEBL1,-0.09327043,5.5748158,0.9256887267344734,0.9963517846225158
6,PLA2G7,-0.09327043,4.5855565,0.9256887267344734,0.9963517846225158
6,STK11IP,-0.09327043,5.392712,0.9256887267344734,0.9963517846225158
6,DAGLB,-0.095545314,4.5483336,0.923881699617855,0.9963517846225158
6,RAMP1,-0.095545314,6.910884,0.923881699617855,0.9963517846225158
6,TTPAL,-0.095545314,5.7901525,0.923881699617855,0.9963517846225158
6,NAA25,-0.095545314,5.7323055,0.923881699617855,0.9963517846225158
6,PHRF1,-0.095545314,5.0011992,0.923881699617855,0.9963517846225158
6,MLTK,-0.095545314,5.152049,0.923881699617855,0.9963517846225158
6,TNFRSF1A,-0.09592446,,0.9235805663629828,0.9963517846225158
6,RIC3,-0.097441055,,0.9223761432912352,0.9963517846225158
6,FCRL2,-0.0978202,6.331351,0.9220750652246353,0.9963517846225158
6,PDE6B,-0.0978202,4.782503,0.9220750652246353,0.9963517846225158
6,PGM2L1,-0.0978202,4.671017,0.9220750652246353,0.9963517846225158
6,BBS2,-0.0978202,5.383538,0.9220750652246353,0.9963517846225158
6,PXMP4,-0.0978202,4.569986,0.9220750652246353,0.9963517846225158
6,ATG16L1,-0.0978202,5.2857814,0.9220750652246353,0.9963517846225158
6,SLC25A14,-0.0978202,4.721982,0.9220750652246353,0.9963517846225158
6,CUL4B,-0.0978202,4.96199,0.9220750652246353,0.9963517846225158
6,ZFX,-0.0978202,5.3990684,0.9220750652246353,0.9963517846225158
6,MFSD10,-0.09971594,,0.9205698432430177,0.9963517846225158
6,VIPR1,-0.10009509,4.9249854,0.9202688328169482,0.9963517846225158
6,ST20,-0.10009509,5.6114073,0.9202688328169482,0.9963517846225158
6,ZNF468,-0.10009509,5.4830055,0.9202688328169482,0.9963517846225158
6,HDAC9,-0.10009509,4.9189043,0.9202688328169482,0.9963517846225158
6,NELFB,-0.10009509,4.7375536,0.9202688328169482,0.9963517846225158
6,KIR3DL2,-0.10009509,6.4660335,0.9202688328169482,0.9963517846225158
6,EREG,-0.10009509,5.8621325,0.9202688328169482,0.9963517846225158
6,PURA,-0.10009509,4.866505,0.9202688328169482,0.9963517846225158
6,RFNG,-0.10236998,4.314418,0.918463011650706,0.9963517846225158
6,CD93,-0.10236998,4.785166,0.918463011650706,0.9963517846225158
6,SUV420H2,-0.10236998,5.0107036,0.918463011650706,0.9963517846225158
6,CR1,-0.10236998,5.110684,0.918463011650706,0.9963517846225158
6,ATG7,-0.10236998,5.0107713,0.918463011650706,0.9963517846225158
6,CTC-378H22.1,-0.10236998,5.334666,0.918463011650706,0.9963517846225158
6,WDYHV1,-0.104644865,4.851517,0.9166576109754585,0.9963517846225158
6,GLYCTK,-0.104644865,5.3291855,0.9166576109754585,0.9963517846225158
6,TAF6L,-0.104644865,5.7930956,0.9166576109754585,0.9963517846225158
6,CLYBL,-0.10691976,5.212151,0.9148526400342495,0.9963517846225158
6,RP5-1028K7.2,-0.10691976,6.4025536,0.9148526400342495,0.9963517846225158
6,CXCL2,-0.10691976,6.6970835,0.9148526400342495,0.9963517846225158
6,TRMT61A,-0.10691976,5.1995378,0.9148526400342495,0.9963517846225158
6,USP19,-0.10691976,6.057482,0.9148526400342495,0.9963517846225158
6,ORC2,-0.10691976,5.114206,0.9148526400342495,0.9963517846225158
6,ANKRD27,-0.109194644,5.1195,0.9130481080634756,0.9963517846225158
6,STRA13,-0.109194644,,0.9130481080634756,0.9963517846225158
6,SCAI,-0.109194644,4.8098373,0.9130481080634756,0.9963517846225158
6,GTF2H2,-0.109194644,6.310273,0.9130481080634756,0.9963517846225158
6,NF1,-0.109194644,6.393166,0.9130481080634756,0.9963517846225158
6,HEMK1,-0.109194644,4.8603525,0.9130481080634756,0.9963517846225158
6,POMT1,-0.109194644,4.597439,0.9130481080634756,0.9963517846225158
6,RP11-138A9.2,-0.109194644,6.730239,0.9130481080634756,0.9963517846225158
6,NR2C1,-0.11146953,5.056543,0.9112440242927441,0.9963517846225158
6,ARHGEF7,-0.11146953,6.7759304,0.9112440242927441,0.9963517846225158
6,ENTPD3-AS1,-0.11146953,4.8796597,0.9112440242927441,0.9963517846225158
6,ZNF397,-0.11374442,6.757052,0.9094403979447316,0.9963517846225158
6,CASC7,-0.11374442,5.6507554,0.9094403979447316,0.9963517846225158
6,YWHAG,-0.11374442,6.0380306,0.9094403979447316,0.9963517846225158
6,SPIN1,-0.11374442,5.0732837,0.9094403979447316,0.9963517846225158
6,RPL39L,-0.11374442,5.4270864,0.9094403979447316,0.9963517846225158
6,MKKS,-0.115829736,,0.9077874834964403,0.9963517846225158
6,ZBTB10,-0.11601931,6.463361,0.9076372382350425,0.9963517846225158
6,FAM43A,-0.11601931,7.125759,0.9076372382350425,0.9963517846225158
6,CDK19,-0.11601931,5.406825,0.9076372382350425,0.9963517846225158
6,TMEM234,-0.11601931,6.8567657,0.9076372382350425,0.9963517846225158
6,USP25,-0.11601931,7.102295,0.9076372382350425,0.9963517846225158
6,KLRC1,-0.11601931,10.190032,0.9076372382350425,0.9963517846225158
6,RP11-421L21.3,-0.1182942,5.8060174,0.9058345543720677,0.9963517846225158
6,ABHD17B,-0.1182942,5.116821,0.9058345543720677,0.9963517846225158
6,MDS2,-0.12056909,6.3181257,0.9040323555568437,0.9963517846225158
6,PITPNM1,-0.12056909,6.693546,0.9040323555568437,0.9963517846225158
6,DOHH,-0.12056909,6.749866,0.9040323555568437,0.9963517846225158
6,ISCA2,-0.12151696,,0.9032815847263226,0.9963517846225158
6,ADAL,-0.12284397,6.2547736,0.9022306509829113,0.9963517846225158
6,ZUFSP,-0.12284397,5.9259443,0.9022306509829113,0.9963517846225158
6,MRE11A,-0.12284397,6.0270753,0.9022306509829113,0.9963517846225158
6,CEP120,-0.12284397,6.062931,0.9022306509829113,0.9963517846225158
6,DHX8,-0.12284397,6.7131963,0.9022306509829113,0.9963517846225158
6,MARCKSL1,-0.123033546,,0.9020805315325874,0.9963517846225158
6,CELF1,-0.12436057,,0.901029793715353,0.9963517846225158
6,ZNF561,-0.12511887,5.1112356,0.9004294498361757,0.9963517846225158
6,ADIPOR2,-0.12511887,5.3401327,0.9004294498361757,0.9963517846225158
6,RNF25,-0.12511887,5.6308694,0.9004294498361757,0.9963517846225158
6,FCER1A,-0.12511887,6.708297,0.9004294498361757,0.9963517846225158
6,RNF26,-0.12511887,6.3713694,0.9004294498361757,0.9963517846225158
6,TBC1D23,-0.12511887,5.702946,0.9004294498361757,0.9963517846225158
6,NPHP3,-0.12511887,5.6543,0.9004294498361757,0.9963517846225158
6,RFXANK,-0.12720418,,0.8987787988707159,0.9963517846225158
6,CD2AP,-0.12739375,5.9566827,0.898628761294765,0.9963517846225158
6,METTL8,-0.12739375,5.9490933,0.898628761294765,0.9963517846225158
6,GOLGB1,-0.12739375,7.24002,0.898628761294765,0.9963517846225158
6,PJA1,-0.12739375,5.374727,0.898628761294765,0.9963517846225158
6,SMYD4,-0.12739375,6.6063867,0.898628761294765,0.9963517846225158
6,MAFB,-0.12758332,,0.89847872734226,0.9963517846225158
6,RUNDC1,-0.12966864,5.8533144,0.896828594528891,0.9963517846225158
6,UBE2Q1,-0.12966864,4.729301,0.896828594528891,0.9963517846225158
6,IDH1,-0.12966864,5.893176,0.896828594528891,0.9963517846225158
6,RCL1,-0.12966864,5.7314906,0.896828594528891,0.9963517846225158
6,SETD1B,-0.13194352,6.196929,0.8950289587007082,0.9963517846225158
6,SMC2,-0.13194352,5.3565025,0.8950289587007082,0.9963517846225158
6,ACBD3,-0.13194352,5.6396747,0.8950289587007082,0.9963517846225158
6,STT3A,-0.13194352,6.364096,0.8950289587007082,0.9963517846225158
6,C5AR1,-0.13402884,,0.8933797667571581,0.9963517846225158
6,KIAA1429,-0.13421841,5.720229,0.8932298629641746,0.9963517846225158
6,TMEM102,-0.13421841,6.4345303,0.8932298629641746,0.9963517846225158
6,ZNF567,-0.13421841,7.6775646,0.8932298629641746,0.9963517846225158
6,KIF3A,-0.13421841,7.6779523,0.8932298629641746,0.9963517846225158
6,ATXN1L,-0.13421841,5.545092,0.8932298629641746,0.9963517846225158
6,GYG1,-0.13592458,,0.8918809010988995,0.9963517846225158
6,YPEL2,-0.13649331,4.8486166,0.8914313164649117,0.9963517846225158
6,CHPF2,-0.13649331,5.6132383,0.8914313164649117,0.9963517846225158
6,AIM2,-0.13649331,5.6859536,0.8914313164649117,0.9963517846225158
6,PEMT,-0.13649331,5.5738854,0.8914313164649117,0.9963517846225158
6,DNMT3A,-0.13649331,5.6531234,0.8914313164649117,0.9963517846225158
6,RP11-468E2.4,-0.13649331,5.7370467,0.8914313164649117,0.9963517846225158
6,LINC00662,-0.1387682,5.329737,0.889633328340065,0.9963517846225158
6,CTBP2,-0.1387682,6.2081084,0.889633328340065,0.9963517846225158
6,JAZF1,-0.1387682,6.121322,0.889633328340065,0.9963517846225158
6,ANKHD1,-0.1387682,7.0820417,0.889633328340065,0.9963517846225158
6,DPH6,-0.1387682,5.1549625,0.889633328340065,0.9963517846225158
6,ARSG,-0.14104308,6.149989,0.8878359077181651,0.9963517846225158
6,CYB561,-0.14104308,7.4341326,0.8878359077181651,0.9963517846225158
6,SURF6,-0.14104308,4.906197,0.8878359077181651,0.9963517846225158
6,ZNF493,-0.14104308,4.8238287,0.8878359077181651,0.9963517846225158
6,CPNE2,-0.14104308,6.491478,0.8878359077181651,0.9963517846225158
6,FLOT1,-0.14218053,,0.8869374130710961,0.9963517846225158
6,C14orf80,-0.14331797,5.73707,0.8860390637189884,0.9963517846225158
6,NUDCD1,-0.14331797,6.172503,0.8860390637189884,0.9963517846225158
6,BANP,-0.14331797,6.571134,0.8860390637189884,0.9963517846225158
6,TCF12,-0.14331797,6.7284746,0.8860390637189884,0.9963517846225158
6,ZFYVE28,-0.14331797,7.5643125,0.8860390637189884,0.9963517846225158
6,AAR2,-0.14331797,7.4176564,0.8860390637189884,0.9963517846225158
6,UQCC1,-0.14331797,5.6787915,0.8860390637189884,0.9963517846225158
6,PIGU,-0.14331797,6.1425595,0.8860390637189884,0.9963517846225158
6,FRAT1,-0.14331797,5.9720826,0.8860390637189884,0.9963517846225158
6,SAMD9L,-0.14331797,,0.8860390637189884,0.9963517846225158
6,CLEC10A,-0.14331797,,0.8860390637189884,0.9963517846225158
6,RNF213,-0.14559285,,0.8842428054534183,0.9963517846225158
6,SLC4A7,-0.14559285,7.367959,0.8842428054534183,0.9963517846225158
6,DHRS4,-0.14559285,6.5927052,0.8842428054534183,0.9963517846225158
6,NNT-AS1,-0.14559285,6.3416305,0.8842428054534183,0.9963517846225158
6,SNAPIN,-0.14691988,,0.8831952622467437,0.9963517846225158
6,R3HDM2,-0.14786775,5.823792,0.8824471420233069,0.9963517846225158
6,URGCP,-0.14786775,6.514854,0.8824471420233069,0.9963517846225158
6,RBM48,-0.14786775,9.002455,0.8824471420233069,0.9963517846225158
6,CHD7,-0.14786775,5.835476,0.8824471420233069,0.9963517846225158
6,PDXDC1,-0.14786775,5.962238,0.8824471420233069,0.9963517846225158
6,RP5-1073O3.7,-0.14786775,6.6087937,0.8824471420233069,0.9963517846225158
6,FBXO11,-0.14786775,8.695883,0.8824471420233069,0.9963517846225158
6,ELL,-0.14786775,6.9554586,0.8824471420233069,0.9963517846225158
6,GTF2B,-0.14938433,,0.8812503680246381,0.9963517846225158
6,VMAC,-0.15014264,8.373915,0.8806520825213366,0.9963517846225158
6,MED7,-0.15014264,7.372901,0.8806520825213366,0.9963517846225158
6,SMARCD3,-0.15014264,5.899745,0.8806520825213366,0.9963517846225158
6,UBE2D4,-0.15014264,5.161581,0.8806520825213366,0.9963517846225158
6,PDCD2L,-0.15014264,5.858713,0.8806520825213366,0.9963517846225158
6,ABHD5,-0.15014264,5.374018,0.8806520825213366,0.9963517846225158
6,C1GALT1C1,-0.15241753,6.890045,0.8788576360308819,0.9963517846225158
6,MTERFD1,-0.15241753,7.5510736,0.8788576360308819,0.9963517846225158
6,FAAH,-0.15241753,6.9931493,0.8788576360308819,0.9963517846225158
6,EXOC6,-0.15469241,6.549832,0.8770638116258715,0.9963517846225158
6,RP5-827C21.4,-0.15469241,7.07857,0.8770638116258715,0.9963517846225158
6,KDM3B,-0.15469241,6.242017,0.8770638116258715,0.9963517846225158
6,FEM1A,-0.15469241,6.0253363,0.8770638116258715,0.9963517846225158
6,RPUSD2,-0.15469241,5.0137515,0.8770638116258715,0.9963517846225158
6,MTIF2,-0.15469241,5.36798,0.8770638116258715,0.9963517846225158
6,ZMAT3,-0.1569673,8.011546,0.8752706183706511,0.9963517846225158
6,STK32C,-0.1569673,7.2495933,0.8752706183706511,0.9963517846225158
6,SAAL1,-0.1569673,6.427486,0.8752706183706511,0.9963517846225158
6,ZNF836,-0.1569673,6.9483957,0.8752706183706511,0.9963517846225158
6,C9orf69,-0.1569673,6.177199,0.8752706183706511,0.9963517846225158
6,RFC5,-0.1569673,6.140658,0.8752706183706511,0.9963517846225158
6,KIAA0196,-0.15924218,5.60672,0.8734780653198455,0.9963517846225158
6,ING5,-0.15924218,5.5995555,0.8734780653198455,0.9963517846225158
6,CEP85L,-0.15924218,7.17211,0.8734780653198455,0.9963517846225158
6,CDV3,-0.16132751,,0.8718354618167791,0.9963517846225158
6,NXT2,-0.16151708,5.1464996,0.8716861615182221,0.9963517846225158
6,CD1C,-0.16151708,,0.8716861615182221,0.9963517846225158
6,C16orf13,-0.16151708,,0.8716861615182221,0.9963517846225158
6,RAB21,-0.16151708,7.529369,0.8716861615182221,0.9963517846225158
6,IGJ,-0.16151708,5.3765917,0.8716861615182221,0.9963517846225158
6,GSTZ1,-0.16379197,7.021783,0.8698949160005531,0.9963517846225158
6,DIS3,-0.16379197,7.251586,0.8698949160005531,0.9963517846225158
6,REEP3,-0.16379197,6.7753787,0.8698949160005531,0.9963517846225158
6,RASGRP4,-0.16379197,6.5457177,0.8698949160005531,0.9963517846225158
6,FBXO33,-0.16379197,8.926662,0.8698949160005531,0.9963517846225158
6,SELPLG,-0.16455026,,0.8692979820067624,0.9963517846225158
6,RABEP2,-0.16606686,6.3373137,0.8681043377914803,0.9963517846225158
6,TASP1,-0.16606686,6.3507547,0.8681043377914803,0.9963517846225158
6,MZB1,-0.16606686,,0.8681043377914803,0.9963517846225158
6,R3HDM1,-0.16606686,6.257535,0.8681043377914803,0.9963517846225158
6,CIDEB,-0.16606686,7.284497,0.8681043377914803,0.9963517846225158
6,AHSA1,-0.16663557,,0.8676567985627797,0.9963517846225158
6,DENND5A,-0.16834174,7.9800773,0.8663144359053773,0.9963517846225158
6,SPEN,-0.16834174,7.9976873,0.8663144359053773,0.9963517846225158
6,ARIH2OS,-0.16834174,7.075914,0.8663144359053773,0.9963517846225158
6,MUM1,-0.16834174,6.0178375,0.8663144359053773,0.9963517846225158
6,BRAT1,-0.17061663,7.997569,0.8645252193462145,0.9963517846225158
6,LPGAT1,-0.17061663,10.527003,0.8645252193462145,0.9963517846225158
6,LRRC8C,-0.17061663,9.141692,0.8645252193462145,0.9963517846225158
6,PGM2,-0.17061663,7.074514,0.8645252193462145,0.9963517846225158
6,CEP68,-0.17289153,6.1598673,0.8627366971074227,0.9963517846225158
6,ZNF350,-0.17289153,6.302328,0.8627366971074227,0.9963517846225158
6,RPUSD4,-0.17289153,7.7437596,0.8627366971074227,0.9963517846225158
6,FCGR2B,-0.17289153,,0.8627366971074227,0.9963517846225158
6,PPT1,-0.17364982,,0.8621406788741265,0.9963517846225158
6,OAS1,-0.17440811,,0.8615447391181399,0.9963517846225158
6,DOK3,-0.1774413,5.376706,0.8591617715111659,0.9963517846225158
6,ZNF195,-0.1774413,7.5468464,0.8591617715111659,0.9963517846225158
6,RNF14,-0.1774413,5.9487715,0.8591617715111659,0.9963517846225158
6,SLC35A1,-0.1774413,9.846763,0.8591617715111659,0.9963517846225158
6,PTPRN2,-0.1774413,8.352055,0.8591617715111659,0.9963517846225158
6,TMX3,-0.1774413,7.387234,0.8591617715111659,0.9963517846225158
6,TOP1MT,-0.1774413,9.417349,0.8591617715111659,0.9963517846225158
6,PAICS,-0.1774413,6.673763,0.8591617715111659,0.9963517846225158
6,FAM210B,-0.1774413,5.516032,0.8591617715111659,0.9963517846225158
6,SYVN1,-0.1774413,6.12622,0.8591617715111659,0.9963517846225158
6,SMCO4,-0.17763087,,0.8590128783883968,0.9963517846225158
6,ALKBH4,-0.17971618,12.057155,0.8573753860866472,0.9963517846225158
6,CD160,-0.17971618,10.478255,0.8573753860866472,0.9963517846225158
6,BAG5,-0.17971618,7.6068387,0.8573753860866472,0.9963517846225158
6,FEM1B,-0.17971618,8.761972,0.8573753860866472,0.9963517846225158
6,CLPX,-0.18199107,7.3427086,0.8555897308481224,0.9963517846225158
6,SLC6A6,-0.18199107,9.626208,0.8555897308481224,0.9963517846225158
6,SLC35A2,-0.18199107,7.2698336,0.8555897308481224,0.9963517846225158
6,POLR3E,-0.18199107,8.388603,0.8555897308481224,0.9963517846225158
6,ANAPC4,-0.18199107,7.9435134,0.8555897308481224,0.9963517846225158
6,KCNQ1OT1,-0.18199107,5.287143,0.8555897308481224,0.9963517846225158
6,PCYT1A,-0.18199107,6.7688813,0.8555897308481224,0.9963517846225158
6,MANBA,-0.18199107,12.276523,0.8555897308481224,0.9963517846225158
6,USP7,-0.18426596,7.0830655,0.8538048147342978,0.9963517846225158
6,PCNX,-0.18426596,8.691671,0.8538048147342978,0.9963517846225158
6,DEDD,-0.18426596,6.8825045,0.8538048147342978,0.9963517846225158
6,FAM173A,-0.18521383,,0.8530613199541965,0.9963517846225158
6,GID8,-0.18559298,,0.8527639585503728,0.9963517846225158
6,WTAP,-0.1861617,,0.8523179556895821,0.9963517846225158
6,PPIL2,-0.18654086,6.190998,0.8520206466725314,0.9963517846225158
6,STAU2,-0.18654086,7.814902,0.8520206466725314,0.9963517846225158
6,SIRT6,-0.18654086,10.631908,0.8520206466725314,0.9963517846225158
6,CCDC91,-0.18805744,,0.8508316212858754,0.9963517846225158
6,MLLT11,-0.18881574,5.0873294,0.8502372355786989,0.9963517846225158
6,SAMD4B,-0.18881574,9.451553,0.8502372355786989,0.9963517846225158
6,CTD-2006K23.1,-0.19109063,9.513925,0.8484545903570598,0.9963517846225158
6,ST3GAL2,-0.19109063,7.747449,0.8484545903570598,0.9963517846225158
6,ATP6V1C1,-0.19109063,7.539647,0.8484545903570598,0.9963517846225158
6,RP11-727F15.9,-0.19109063,,0.8484545903570598,0.9963517846225158
6,ANTXR2,-0.19336551,,0.846672719900125,0.9963517846225158
6,SEPT11,-0.19336551,6.684246,0.846672719900125,0.9963517846225158
6,CAPN12,-0.19336551,7.3111095,0.846672719900125,0.9963517846225158
6,GRAP,-0.19336551,7.530293,0.846672719900125,0.9963517846225158
6,SCAPER,-0.19336551,6.5719194,0.846672719900125,0.9963517846225158
6,IER3,-0.19336551,,0.846672719900125,0.9963517846225158
6,SSBP3,-0.19336551,6.885798,0.846672719900125,0.9963517846225158
6,ADSL,-0.19507168,,0.8453368308394648,0.9963517846225158
6,PKN2,-0.1956404,8.279695,0.844891633088523,0.9963517846225158
6,XCL1,-0.1956404,,0.844891633088523,0.9963517846225158
6,FOSL2,-0.1956404,9.587094,0.844891633088523,0.9963517846225158
6,NME6,-0.1956404,6.603572,0.844891633088523,0.9963517846225158
6,ARHGAP24,-0.1956404,6.5475664,0.844891633088523,0.9963517846225158
6,CRTC2,-0.1956404,6.5769234,0.844891633088523,0.9963517846225158
6,HELQ,-0.1956404,6.6790304,0.844891633088523,0.9963517846225158
6,ABHD12,-0.1956404,6.2287025,0.844891633088523,0.9963517846225158
6,ADAP2,-0.1956404,9.67835,0.844891633088523,0.9963517846225158
6,UBE2D1,-0.19582997,,0.8447432448385223,0.9963517846225158
6,NCKAP1L,-0.19620913,,0.8444464848697624,0.9963517846225158
6,SIN3A,-0.19791529,,0.8431113387908677,0.9963517846225158
6,CITED4,-0.19791529,8.923877,0.8431113387908677,0.9963517846225158
6,RNF168,-0.19791529,6.6959968,0.8431113387908677,0.9963517846225158
6,ATG4C,-0.19791529,,0.8431113387908677,0.9963517846225158
6,PUM1,-0.20019019,8.090516,0.8413318458636262,0.9963517846225158
6,RABL2B,-0.20019019,8.719477,0.8413318458636262,0.9963517846225158
6,FBXO4,-0.20019019,8.098592,0.8413318458636262,0.9963517846225158
6,IFI27,-0.20019019,,0.8413318458636262,0.9963517846225158
6,COLGALT1,-0.20019019,,0.8413318458636262,0.9963517846225158
6,IFFO1,-0.20019019,6.484434,0.8413318458636262,0.9963517846225158
6,TCEAL8,-0.20056933,,0.8410353422412831,0.9963517846225158
6,GBP1,-0.20113805,,0.8405906290959902,0.9963517846225158
6,MAPK1IP1L,-0.20170677,,0.8401459668192598,0.9963517846225158
6,MKLN1,-0.20246507,8.02665,0.8395531631509859,0.9963517846225158
6,NFAT5,-0.20246507,6.6120715,0.8395531631509859,0.9963517846225158
6,MAP3K7,-0.20246507,7.003803,0.8395531631509859,0.9963517846225158
6,RP11-589C21.6,-0.20246507,6.5008016,0.8395531631509859,0.9963517846225158
6,ICOS,-0.20473996,9.461895,0.8377752994847241,0.9963517846225158
6,GOT2,-0.20473996,7.025598,0.8377752994847241,0.9963517846225158
6,ADAM28,-0.20473996,,0.8377752994847241,0.9963517846225158
6,CLIP1,-0.20701484,,0.8359982636840755,0.9963517846225158
6,ACTR6,-0.20701484,7.4488425,0.8359982636840755,0.9963517846225158
6,KRBOX4,-0.20701484,7.3763094,0.8359982636840755,0.9963517846225158
6,DICER1,-0.20701484,,0.8359982636840755,0.9963517846225158
6,TLE4,-0.2081523,,0.8351100589859053,0.9963517846225158
6,FPR1,-0.2081523,,0.8351100589859053,0.9963517846225158
6,SNX29P2,-0.20928973,,0.8342220645556017,0.9963517846225158
6,PPIL4,-0.20928973,8.350131,0.8342220645556017,0.9963517846225158
6,EHMT2,-0.20928973,,0.8342220645556017,0.9963517846225158
6,VPS13A,-0.20928973,7.7193685,0.8342220645556017,0.9963517846225158
6,DNAJC10,-0.20928973,7.091064,0.8342220645556017,0.9963517846225158
6,S100B,-0.21156463,,0.8324467108930601,0.9963517846225158
6,KIAA0125,-0.21156463,,0.8324467108930601,0.9963517846225158
6,TFAM,-0.21156463,8.449164,0.8324467108930601,0.9963517846225158
6,AKAP8,-0.21156463,11.131944,0.8324467108930601,0.9963517846225158
6,AAGAB,-0.21156463,6.6074057,0.8324467108930601,0.9963517846225158
6,PHF12,-0.21383952,7.5673556,0.8306722114772738,0.9963517846225158
6,PCGF1,-0.21383952,9.36955,0.8306722114772738,0.9963517846225158
6,GPR56,-0.21383952,,0.8306722114772738,0.9963517846225158
6,ZNF467,-0.21383952,7.588095,0.8306722114772738,0.9963517846225158
6,FCRL6,-0.21383952,,0.8306722114772738,0.9963517846225158
6,CD19,-0.21383952,,0.8306722114772738,0.9963517846225158
6,AP3M2,-0.2161144,7.8182864,0.8288985750760014,0.9963517846225158
6,QSOX1,-0.2161144,7.432259,0.8288985750760014,0.9963517846225158
6,PNOC,-0.2161144,,0.8288985750760014,0.9963517846225158
6,ANKRD54,-0.2161144,6.864452,0.8288985750760014,0.9963517846225158
6,PGM1,-0.2161144,6.0721197,0.8288985750760014,0.9963517846225158
6,CHERP,-0.21838929,7.6101627,0.8271258104438067,0.9963517846225158
6,METTL3,-0.21838929,7.8533516,0.8271258104438067,0.9963517846225158
6,RIOK1,-0.22066417,7.093579,0.8253539263219304,0.9963517846225158
6,NFKBIL1,-0.22293906,6.6806593,0.8235829314381597,0.9963517846225158
6,AC093323.3,-0.22293906,,0.8235829314381597,0.9963517846225158
6,CEP164,-0.22293906,10.19097,0.8235829314381597,0.9963517846225158
6,XPOT,-0.22293906,7.6793456,0.8235829314381597,0.9963517846225158
6,MNAT1,-0.22293906,7.252026,0.8235829314381597,0.9963517846225158
6,SMARCD1,-0.22293906,,0.8235829314381597,0.9963517846225158
6,INTS12,-0.22293906,5.4931836,0.8235829314381597,0.9963517846225158
6,SPRTN,-0.22293906,8.772275,0.8235829314381597,0.9963517846225158
6,RP11-291B21.2,-0.22293906,,0.8235829314381597,0.9963517846225158
6,PPP6C,-0.22350779,,0.8231403226821674,0.9963517846225158
6,DIDO1,-0.22521396,12.232414,0.8218128345067008,0.9963517846225158
6,C19orf52,-0.22521396,6.748439,0.8218128345067008,0.9963517846225158
6,APOBEC3B,-0.22521396,,0.8218128345067008,0.9963517846225158
6,THUMPD3,-0.22748885,6.97733,0.8200436442280493,0.9963517846225158
6,MINA,-0.22748885,9.807918,0.8200436442280493,0.9963517846225158
6,PRSS23,-0.22748885,,0.8200436442280493,0.9963517846225158
6,IFIT5,-0.22748885,,0.8200436442280493,0.9963517846225158
6,CCDC124,-0.22748885,,0.8200436442280493,0.9963517846225158
6,TARSL2,-0.22748885,10.157011,0.8200436442280493,0.9963517846225158
6,ZNF263,-0.22976373,7.0755644,0.818275369288863,0.9963517846225158
6,BOLA1,-0.23203862,6.615948,0.8165080183618341,0.9963517846225158
6,PIGF,-0.23203862,7.7089963,0.8165080183618341,0.9963517846225158
6,SNAP47,-0.2343135,7.18404,0.8147416001055613,0.9963517846225158
6,DLST,-0.2343135,9.358671,0.8147416001055613,0.9963517846225158
6,RARA,-0.2343135,7.7113223,0.8147416001055613,0.9963517846225158
6,PAXIP1-AS1,-0.2343135,8.681826,0.8147416001055613,0.9963517846225158
6,TOP2B,-0.2365884,6.9138546,0.8129761231644234,0.9963517846225158
6,LTB4R,-0.2365884,,0.8129761231644234,0.9963517846225158
6,FBXO21,-0.2365884,8.296071,0.8129761231644234,0.9963517846225158
6,RGL2,-0.2365884,10.600526,0.8129761231644234,0.9963517846225158
6,RP11-792A8.4,-0.2365884,9.136395,0.8129761231644234,0.9963517846225158
6,GPATCH4,-0.2365884,8.154221,0.8129761231644234,0.9963517846225158
6,AKR1C3,-0.23886329,,0.8112115961684523,0.9963517846225158
6,NARG2,-0.23886329,8.688873,0.8112115961684523,0.9963517846225158
6,UBLCP1,-0.23886329,11.994041,0.8112115961684523,0.9963517846225158
6,ISOC1,-0.24113818,7.7130394,0.8094480277332071,0.9963517846225158
6,WDR55,-0.24113818,7.0884466,0.8094480277332071,0.9963517846225158
6,INIP,-0.24113818,7.51366,0.8094480277332071,0.9963517846225158
6,ATXN7L3B,-0.24113818,,0.8094480277332071,0.9963517846225158
6,USP36,-0.24113818,7.944558,0.8094480277332071,0.9963517846225158
6,CHI3L2,-0.24341306,11.072234,0.8076854264596479,0.9963517846225158
6,USP5,-0.24341306,7.596802,0.8076854264596479,0.9963517846225158
6,RMDN3,-0.24341306,7.975079,0.8076854264596479,0.9963517846225158
6,C12orf45,-0.24341306,8.236508,0.8076854264596479,0.9963517846225158
6,C12orf10,-0.24511923,,0.8063641153700494,0.9963517846225158
6,RCE1,-0.24568795,,0.8059238009340102,0.9963517846225158
6,THAP2,-0.24568795,10.099775,0.8059238009340102,0.9963517846225158
6,IGLL5,-0.24796283,,0.8041631597276802,0.9963517846225158
6,BLNK,-0.24796283,,0.8041631597276802,0.9963517846225158
6,BCL2A1,-0.24796283,,0.8041631597276802,0.9963517846225158
6,RP11-18H21.1,-0.24796283,,0.8041631597276802,0.9963517846225158
6,MRS2,-0.24796283,,0.8041631597276802,0.9963517846225158
6,SPIB,-0.24796283,,0.8041631597276802,0.9963517846225158
6,HCCS,-0.25023773,7.7712274,0.8024035113970692,0.9963517846225158
6,ABHD13,-0.25023773,,0.8024035113970692,0.9963517846225158
6,UBA5,-0.25023773,7.2732816,0.8024035113970692,0.9963517846225158
6,STAMBP,-0.25023773,6.8645997,0.8024035113970692,0.9963517846225158
6,RAB7A,-0.25156474,,0.8013775117836206,0.9963517846225158
6,ATP5C1,-0.25232303,,0.8007913799362334,0.9963517846225158
6,NR2C2AP,-0.2525126,,0.8006448644834905,0.9963517846225158
6,UBIAD1,-0.2525126,9.639509,0.8006448644834905,0.9963517846225158
6,TINF2,-0.25440836,,0.7991800965117989,0.9963517846225158
6,NOC4L,-0.2547875,7.812458,0.7988872275130339,0.9963517846225158
6,RETN,-0.2547875,,0.7988872275130339,0.9963517846225158
6,PEX19,-0.2547875,8.92876,0.7988872275130339,0.9963517846225158
6,GPKOW,-0.2570624,6.083009,0.7971306089964432,0.9963517846225158
6,SGK1,-0.2570624,,0.7971306089964432,0.9963517846225158
6,AP003733.1,-0.2570624,,0.7971306089964432,0.9963517846225158
6,RAB34,-0.2570624,11.450238,0.7971306089964432,0.9963517846225158
6,ACD,-0.2570624,,0.7971306089964432,0.9963517846225158
6,KLHL24,-0.2570624,9.547978,0.7971306089964432,0.9963517846225158
6,SCPEP1,-0.2570624,,0.7971306089964432,0.9963517846225158
6,FGL2,-0.25763112,,0.7966916144965936,0.9963517846225158
6,CISD1,-0.25933728,,0.7953750174289924,0.9963517846225158
6,SMARCC2,-0.25933728,10.192097,0.7953750174289924,0.9963517846225158
6,RIOK2,-0.25933728,6.812554,0.7953750174289924,0.9963517846225158
6,MESDC2,-0.25952685,,0.7952287647529683,0.9963517846225158
6,HOOK2,-0.26161218,10.26844,0.7936204612903629,0.9963517846225158
6,FCRLA,-0.26161218,,0.7936204612903629,0.9963517846225158
6,FBXO25,-0.26161218,8.424371,0.7936204612903629,0.9963517846225158
6,ATAD1,-0.26161218,,0.7936204612903629,0.9963517846225158
6,ACTL6A,-0.26161218,8.160221,0.7936204612903629,0.9963517846225158
6,NABP1,-0.26161218,11.446746,0.7936204612903629,0.9963517846225158
6,RABL6,-0.26388705,7.2018237,0.7918669490445214,0.9963517846225158
6,PELI1,-0.26388705,,0.7918669490445214,0.9963517846225158
6,RCHY1,-0.26388705,8.216739,0.7918669490445214,0.9963517846225158
6,ADPRM,-0.26388705,11.674822,0.7918669490445214,0.9963517846225158
6,CBX5,-0.26616195,,0.7901144891395974,0.9963517846225158
6,PBRM1,-0.26616195,,0.7901144891395974,0.9963517846225158
6,GOSR2,-0.26616195,8.608935,0.7901144891395974,0.9963517846225158
6,KIAA1430,-0.26843682,,0.7883630900077616,0.9963517846225158
6,CCDC66,-0.26843682,7.973637,0.7883630900077616,0.9963517846225158
6,FCGR1A,-0.26843682,,0.7883630900077616,0.9963517846225158
6,S1PR5,-0.26843682,,0.7883630900077616,0.9963517846225158
6,ZNF92,-0.26843682,9.144405,0.7883630900077616,0.9963517846225158
6,GNS,-0.27071172,9.079876,0.786612760065105,0.9963517846225158
6,PNPLA8,-0.27071172,,0.786612760065105,0.9963517846225158
6,USP8,-0.27298662,,0.7848635077115179,0.9963517846225158
6,PGRMC2,-0.27298662,,0.7848635077115179,0.9963517846225158
6,IL23A,-0.27298662,8.281593,0.7848635077115179,0.9963517846225158
6,CD47,-0.2737449,,0.7842806645073775,0.9963517846225158
6,USP33,-0.2752615,,0.783115341330569,0.9963517846225158
6,CD72,-0.2752615,,0.783115341330569,0.9963517846225158
6,TMEM251,-0.2752615,,0.783115341330569,0.9963517846225158
6,P2RY10,-0.2752615,,0.783115341330569,0.9963517846225158
6,OAT,-0.2752615,,0.783115341330569,0.9963517846225158
6,NUP54,-0.2752615,9.764076,0.783115341330569,0.9963517846225158
6,DNAJA3,-0.2775364,,0.7813682692893861,0.9963517846225158
6,HENMT1,-0.2775364,,0.7813682692893861,0.9963517846225158
6,NKIRAS2,-0.2775364,,0.7813682692893861,0.9963517846225158
6,PLCB2,-0.27981126,,0.7796222999385359,0.9963517846225158
6,MALT1,-0.27981126,8.596064,0.7796222999385359,0.9963517846225158
6,CCM2,-0.28094873,,0.7787497313769801,0.9963517846225158
6,HLA-DOB,-0.28208616,,0.7778774416119053,0.9963517846225158
6,STAU1,-0.28208616,,0.7778774416119053,0.9963517846225158
6,PRKACB,-0.28208616,,0.7778774416119053,0.9963517846225158
6,PRPS2,-0.28208616,7.8948455,0.7778774416119053,0.9963517846225158
6,VTI1A,-0.28208616,7.861095,0.7778774416119053,0.9963517846225158
6,SMARCA4,-0.28436106,7.122238,0.7761337026265822,0.9963517846225158
6,CCDC94,-0.28436106,10.05802,0.7761337026265822,0.9963517846225158
6,PLEKHF1,-0.28436106,,0.7761337026265822,0.9963517846225158
6,GNPTAB,-0.28436106,,0.7761337026265822,0.9963517846225158
6,NIT1,-0.28436106,,0.7761337026265822,0.9963517846225158
6,OTUD5,-0.28436106,,0.7761337026265822,0.9963517846225158
6,PEX16,-0.28455064,,0.7759884418305978,0.9963517846225158
6,PFDN2,-0.2854985,,0.7752622554813784,0.9963517846225158
6,GLB1,-0.28663594,9.709634,0.7743910912827372,0.9963517846225158
6,OASL,-0.28663594,,0.7743910912827372,0.9963517846225158
6,TM7SF3,-0.28663594,10.136388,0.7743910912827372,0.9963517846225158
6,PLD4,-0.28663594,,0.7743910912827372,0.9963517846225158
6,TAF10,-0.28663594,7.1716933,0.7743910912827372,0.9963517846225158
6,INO80C,-0.28891084,,0.7726496158635062,0.9963517846225158
6,TTC38,-0.28891084,,0.7726496158635062,0.9963517846225158
6,GUCD1,-0.2911857,,0.7709092846348722,0.9963517846225158
6,SNRNP35,-0.2911857,,0.7709092846348722,0.9963517846225158
6,RARS,-0.2911857,8.728253,0.7709092846348722,0.9963517846225158
6,CCDC22,-0.2911857,,0.7709092846348722,0.9963517846225158
6,STX18,-0.2911857,7.389377,0.7709092846348722,0.9963517846225158
6,C16orf74,-0.2911857,,0.7709092846348722,0.9963517846225158
6,YWHAE,-0.29440847,,0.7684457901039312,0.9963517846225158
6,MAP2K7,-0.2957355,,0.7674320877268624,0.9963517846225158
6,TIMM22,-0.2957355,,0.7674320877268624,0.9963517846225158
6,DCAF5,-0.2957355,,0.7674320877268624,0.9963517846225158
6,MLLT10,-0.2957355,,0.7674320877268624,0.9963517846225158
6,GMPR2,-0.2972521,,0.766274057855026,0.9963517846225158
6,TREX1,-0.2993374,,0.7646826194967644,0.9963517846225158
6,GCA,-0.299527,,0.7645379924316502,0.9963517846225158
6,PLEKHA3,-0.30028528,,0.7639595663390829,0.9963517846225158
6,TCEAL4,-0.30028528,9.225255,0.7639595663390829,0.9963517846225158
6,C18orf21,-0.30028528,,0.7639595663390829,0.9963517846225158
6,MRPL1,-0.30028528,,0.7639595663390829,0.9963517846225158
6,MRPL42,-0.30256015,8.013624,0.7622250794446687,0.9963517846225158
6,SIK1,-0.30256015,,0.7622250794446687,0.9963517846225158
6,GPR171,-0.30256015,,0.7622250794446687,0.9963517846225158
6,HMBOX1,-0.30483505,8.938435,0.7604917859700202,0.9963517846225158
6,PITPNA-AS1,-0.30483505,9.572325,0.7604917859700202,0.9963517846225158
6,PACS1,-0.30483505,9.020884,0.7604917859700202,0.9963517846225158
6,GLTP,-0.30483505,,0.7604917859700202,0.9963517846225158
6,CDC42EP3,-0.30673078,,0.7590482922563163,0.9963517846225158
6,DDX56,-0.30710995,7.964454,0.7587596940577992,0.9963517846225158
6,DHX15,-0.30710995,,0.7587596940577992,0.9963517846225158
6,MVD,-0.30710995,,0.7587596940577992,0.9963517846225158
6,TMEM80,-0.30710995,,0.7587596940577992,0.9963517846225158
6,LIX1L,-0.30710995,,0.7587596940577992,0.9963517846225158
6,EXOC4,-0.30710995,,0.7587596940577992,0.9963517846225158
6,PI4KB,-0.30938482,,0.7570288118325904,0.9963517846225158
6,HMGCL,-0.30938482,8.524874,0.7570288118325904,0.9963517846225158
6,NOL11,-0.30938482,,0.7570288118325904,0.9963517846225158
6,ITM2A,-0.30995354,,0.7565962812402532,0.9963517846225158
6,C16orf54,-0.31165972,,0.7552991474007882,0.9963517846225158
6,SCGB3A1,-0.3139346,,0.7535707088504836,0.9963517846225158
6,XCL2,-0.3139346,,0.7535707088504836,0.9963517846225158
6,ADAM10,-0.3162095,,0.7518435042513519,0.9963517846225158
6,CAMK1D,-0.3162095,11.988913,0.7518435042513519,0.9963517846225158
6,SNHG12,-0.3162095,,0.7518435042513519,0.9963517846225158
6,SHOC2,-0.3162095,8.116429,0.7518435042513519,0.9963517846225158
6,C7orf26,-0.3162095,,0.7518435042513519,0.9963517846225158
6,SPG7,-0.31848437,,0.7501175416545401,0.9963517846225158
6,HMGXB4,-0.31848437,,0.7501175416545401,0.9963517846225158
6,RAB8B,-0.31848437,,0.7501175416545401,0.9963517846225158
6,SNX17,-0.3192427,,0.7495424981783253,0.9963517846225158
6,ELP6,-0.32075927,8.641859,0.7483928290925552,0.9963517846225158
6,TRIM14,-0.32075927,,0.7483928290925552,0.9963517846225158
6,PIGX,-0.32075927,8.985563,0.7483928290925552,0.9963517846225158
6,TNFSF12,-0.32075927,,0.7483928290925552,0.9963517846225158
6,ATXN10,-0.32151756,,0.7478182040763801,0.9963517846225158
6,PRKD2,-0.32303417,,0.7466693745791537,0.9963517846225158
6,COMMD10,-0.32303417,,0.7466693745791537,0.9963517846225158
6,MVB12A,-0.32303417,,0.7466693745791537,0.9963517846225158
6,MID1IP1,-0.32455075,,0.7455211077683079,0.9963517846225158
6,PITHD1,-0.32511947,,0.7450906532644754,0.9963517846225158
6,GALK1,-0.32530904,9.296361,0.7449471861092299,0.9963517846225158
6,MCM3,-0.32530904,,0.7449471861092299,0.9963517846225158
6,P2RX5,-0.32530904,,0.7449471861092299,0.9963517846225158
6,OSCAR,-0.32758394,,0.7432262716587064,0.9963517846225158
6,XRRA1,-0.32758394,,0.7432262716587064,0.9963517846225158
6,MED30,-0.32815266,,0.7427962430444699,0.9963517846225158
6,MBOAT7,-0.3298588,,0.7415066391844236,0.9963517846225158
6,NPRL2,-0.3298588,7.8285728,0.7415066391844236,0.9963517846225158
6,KLRB1,-0.3298588,,0.7415066391844236,0.9963517846225158
6,TCEA2,-0.3298588,,0.7415066391844236,0.9963517846225158
6,EFCAB14,-0.3298588,,0.7415066391844236,0.9963517846225158
6,ATXN3,-0.3321337,,0.739788296624031,0.9963517846225158
6,MLLT6,-0.3321337,,0.739788296624031,0.9963517846225158
6,THEM4,-0.3321337,,0.739788296624031,0.9963517846225158
6,ISG20L2,-0.3321337,,0.739788296624031,0.9963517846225158
6,SDHAF2,-0.33383986,,0.7385003909738381,0.9963517846225158
6,DEXI,-0.3344086,9.618037,0.7380712518958785,0.9963517846225158
6,S100A12,-0.3344086,,0.7380712518958785,0.9963517846225158
6,C1orf50,-0.3344086,,0.7380712518958785,0.9963517846225158
6,SETD5,-0.3344086,,0.7380712518958785,0.9963517846225158
6,ARL16,-0.33668348,,0.7363555128989068,0.9963517846225158
6,PARL,-0.33668348,,0.7363555128989068,0.9963517846225158
6,TMEM208,-0.33801052,,0.7353552712787771,0.9963517846225158
6,XXbac-BPG299F13.17,-0.33838966,,0.735069570277969,0.9963517846225158
6,PLEKHA1,-0.33895838,10.49442,0.7346410875125412,0.9963517846225158
6,API5,-0.33895838,,0.7346410875125412,0.9963517846225158
6,FH,-0.33895838,,0.7346410875125412,0.9963517846225158
6,MAGEH1,-0.33895838,12.59931,0.7346410875125412,0.9963517846225158
6,GLRX3,-0.33914796,,0.7344982782717856,0.9963517846225158
6,LYRM4,-0.34047496,,0.7334988709208283,0.9963517846225158
6,ATP5SL,-0.34123325,,0.732927983596583,0.9963517846225158
6,GBP4,-0.34123325,,0.732927983596583,0.9963517846225158
6,LMF2,-0.34123325,,0.732927983596583,0.9963517846225158
6,UTP6,-0.34350815,,0.731216208991103,0.9963517846225158
6,BOLA3,-0.34350815,11.655353,0.731216208991103,0.9963517846225158
6,CAMK2G,-0.34350815,,0.731216208991103,0.9963517846225158
6,CEPT1,-0.34350815,,0.731216208991103,0.9963517846225158
6,PTGES2,-0.34350815,,0.731216208991103,0.9963517846225158
6,ZCCHC9,-0.34350815,,0.731216208991103,0.9963517846225158
6,CECR5,-0.34350815,,0.731216208991103,0.9963517846225158
6,C5orf15,-0.34578305,,0.7295057715163352,0.9963517846225158
6,IFIT2,-0.34578305,11.085339,0.7295057715163352,0.9963517846225158
6,LTV1,-0.34578305,,0.7295057715163352,0.9963517846225158
6,TDG,-0.34578305,9.137175,0.7295057715163352,0.9963517846225158
6,TSSC1,-0.34805793,,0.7277966789725707,0.9963517846225158
6,CPQ,-0.34805793,10.31507,0.7277966789725707,0.9963517846225158
6,GPS1,-0.34805793,,0.7277966789725707,0.9963517846225158
6,DUS3L,-0.34805793,,0.7277966789725707,0.9963517846225158
6,PHF5A,-0.34862664,,0.727369616894288,0.9963517846225158
6,TNFRSF4,-0.35033283,,0.7260889391400521,0.9963517846225158
6,BTN3A1,-0.35033283,,0.7260889391400521,0.9963517846225158
6,ZNF330,-0.35033283,,0.7260889391400521,0.9963517846225158
6,PRAF2,-0.35033283,,0.7260889391400521,0.9963517846225158
6,SDCCAG8,-0.35033283,,0.7260889391400521,0.9963517846225158
6,ZNF276,-0.35033283,,0.7260889391400521,0.9963517846225158
6,FOLR3,-0.35033283,,0.7260889391400521,0.9963517846225158
6,ZBP1,-0.35033283,10.787933,0.7260889391400521,0.9963517846225158
6,LARS,-0.35033283,,0.7260889391400521,0.9963517846225158
6,LPIN1,-0.3526077,,0.7243825597788693,0.9963517846225158
6,WHAMM,-0.3526077,,0.7243825597788693,0.9963517846225158
6,CCDC174,-0.3526077,,0.7243825597788693,0.9963517846225158
6,GINM1,-0.3526077,,0.7243825597788693,0.9963517846225158
6,SUCLG2,-0.35317641,,0.723956178419678,0.9963517846225158
6,RWDD4,-0.3548826,,0.7226775486288541,0.9963517846225158
6,SNRNP27,-0.3548826,,0.7226775486288541,0.9963517846225158
6,GGA2,-0.3548826,,0.7226775486288541,0.9963517846225158
6,DENND1C,-0.35715747,,0.7209739134094773,0.9963517846225158
6,SIRPG,-0.35715747,,0.7209739134094773,0.9963517846225158
6,MLEC,-0.35943237,,0.7192716618197438,0.9963517846225158
6,RPUSD3,-0.35943237,,0.7192716618197438,0.9963517846225158
6,ZCCHC11,-0.35943237,,0.7192716618197438,0.9963517846225158
6,PPP1R8,-0.36170727,,0.7175708015380915,0.9963517846225158
6,TIMM10B,-0.36170727,,0.7175708015380915,0.9963517846225158
6,PRR5,-0.36398214,,0.715871340222288,0.9963517846225158
6,PCNA,-0.36398214,,0.715871340222288,0.9963517846225158
6,PIK3R1,-0.36398214,,0.715871340222288,0.9963517846225158
6,CLIC3,-0.36625704,,0.714173285509328,0.9963517846225158
6,NUPL2,-0.3685319,,0.7124766450153333,0.9963517846225158
6,SDAD1,-0.3685319,,0.7124766450153333,0.9963517846225158
6,MARCH5,-0.3685319,,0.7124766450153333,0.9963517846225158
6,FXN,-0.3685319,,0.7124766450153333,0.9963517846225158
6,CXXC1,-0.3708068,,0.7107814263354508,0.9963517846225158
6,RALBP1,-0.3708068,,0.7107814263354508,0.9963517846225158
6,GOLT1B,-0.3708068,,0.7107814263354508,0.9963517846225158
6,GNPAT,-0.3730817,,0.7090876370437533,0.9963517846225158
6,RRS1,-0.3730817,,0.7090876370437533,0.9963517846225158
6,THYN1,-0.3732713,,0.7089465526940155,0.9963517846225158
6,DCP2,-0.37535658,,0.7073952846931384,0.9963517846225158
6,DMAP1,-0.37535658,,0.7073952846931384,0.9963517846225158
6,SKAP2,-0.37535658,,0.7073952846931384,0.9963517846225158
6,DDX1,-0.3776315,,0.7057043768152301,0.9963517846225158
6,ZNF593,-0.3776315,,0.7057043768152301,0.9963517846225158
6,TMEM222,-0.3776315,,0.7057043768152301,0.9963517846225158
6,MRPS18A,-0.3776315,,0.7057043768152301,0.9963517846225158
6,KIAA0040,-0.3776315,,0.7057043768152301,0.9963517846225158
6,GARS,-0.37990636,,0.7040149209202795,0.9963517846225158
6,CD320,-0.37990636,,0.7040149209202795,0.9963517846225158
6,POLD2,-0.37990636,,0.7040149209202795,0.9963517846225158
6,DSCR3,-0.37990636,10.838001,0.7040149209202795,0.9963517846225158
6,MIS18BP1,-0.38218126,,0.7023269244970671,0.9963517846225158
6,MPV17,-0.38218126,,0.7023269244970671,0.9963517846225158
6,ZMAT5,-0.38218126,,0.7023269244970671,0.9963517846225158
6,HDDC3,-0.38218126,,0.7023269244970671,0.9963517846225158
6,TNFRSF25,-0.38218126,,0.7023269244970671,0.9963517846225158
6,PHKG2,-0.38445616,,0.7006403950128045,0.9963517846225158
6,TRIM8,-0.38445616,,0.7006403950128045,0.9963517846225158
6,SLC39A1,-0.38445616,,0.7006403950128045,0.9963517846225158
6,PWP1,-0.38673103,,0.6989553399130375,0.9963517846225158
6,ISOC2,-0.38673103,,0.6989553399130375,0.9963517846225158
6,NAT9,-0.38673103,10.3553295,0.6989553399130375,0.9963517846225158
6,IRAK4,-0.38673103,,0.6989553399130375,0.9963517846225158
6,ACAT2,-0.38673103,,0.6989553399130375,0.9963517846225158
6,YIPF5,-0.38673103,,0.6989553399130375,0.9963517846225158
6,MAT2A,-0.38673103,,0.6989553399130375,0.9963517846225158
6,LRRC59,-0.38673103,10.294989,0.6989553399130375,0.9963517846225158
6,RNF125,-0.3912808,,0.6955896825402652,0.9963517846225158
6,PMF1,-0.39298698,,0.6943291012138398,0.9963517846225158
6,TNFAIP2,-0.3935557,,0.6939090950491551,0.9963517846225158
6,SEC31A,-0.3935557,,0.6939090950491551,0.9963517846225158
6,ERI3,-0.39583057,10.243167,0.6922300115061406,0.9963517846225158
6,TMEM138,-0.39583057,,0.6922300115061406,0.9963517846225158
6,LYRM2,-0.39583057,,0.6922300115061406,0.9963517846225158
6,NKAP,-0.39583057,,0.6922300115061406,0.9963517846225158
6,RBM5,-0.39810547,9.61332,0.6905524392469993,0.9963517846225158
6,COMMD4,-0.39810547,,0.6905524392469993,0.9963517846225158
6,PRPF19,-0.40038037,,0.6888763855852706,0.9963517846225158
6,C1orf35,-0.40038037,,0.6888763855852706,0.9963517846225158
6,PRDM2,-0.40038037,,0.6888763855852706,0.9963517846225158
6,RBM7,-0.40265524,10.139018,0.6872018578121635,0.9963517846225158
6,ATG16L2,-0.40493014,,0.6855288631964622,0.9963517846225158
6,ELP5,-0.40493014,,0.6855288631964622,0.9963517846225158
6,DHX9,-0.40493014,,0.6855288631964622,0.9963517846225158
6,ECSIT,-0.40720502,,0.6838574089844351,0.9963517846225158
6,DNAJC15,-0.40929034,,0.6823266019951659,0.9963517846225158
6,GALT,-0.40947992,,0.6821875023997426,0.9963517846225158
6,TMEM18,-0.41175482,,0.6805191506433452,0.9963517846225158
6,ETHE1,-0.41270268,,0.6798244646758831,0.9963517846225158
6,G0S2,-0.4140297,,0.6788523608934138,0.9963517846225158
6,RNF187,-0.41744202,,0.6763551206765599,0.9963517846225158
6,TIGIT,-0.41857946,,0.6755234960111411,0.9963517846225158
6,CWC27,-0.41857946,,0.6755234960111411,0.9963517846225158
6,CTNNB1,-0.42085436,,0.6738614351203833,0.9963517846225158
6,DIMT1,-0.42085436,,0.6738614351203833,0.9963517846225158
6,ALG5,-0.42085436,,0.6738614351203833,0.9963517846225158
6,CSRP1,-0.42312926,,0.6722009647190803,0.9963517846225158
6,NIT2,-0.42540413,,0.6705420918701122,0.9963517846225158
6,CTA-29F11.1,-0.42540413,,0.6705420918701122,0.9963517846225158
6,POLR2K,-0.42540413,,0.6705420918701122,0.9963517846225158
6,PRF1,-0.4271103,,0.6692989898627193,0.9963517846225158
6,PLRG1,-0.42767903,,0.6688848236130369,0.9963517846225158
6,MYO9B,-0.4299539,10.942444,0.6672291669640036,0.9963517846225158
6,TNFRSF1B,-0.4299539,,0.6672291669640036,0.9963517846225158
6,BTN3A2,-0.43450367,,0.663922716437095,0.9963517846225158
6,C15orf61,-0.43450367,,0.663922716437095,0.9963517846225158
6,SAFB2,-0.43450367,,0.663922716437095,0.9963517846225158
6,KLF13,-0.43677858,,0.6622719364736999,0.9963517846225158
6,METTL21A,-0.43677858,,0.6622719364736999,0.9963517846225158
6,ZAP70,-0.4373473,,0.6618594973750019,0.9963517846225158
6,BAZ2A,-0.44132835,,0.6589753017552273,0.9963517846225158
6,STMN1,-0.44132835,,0.6589753017552273,0.9963517846225158
6,GTPBP6,-0.44815302,,0.6540427658063929,0.9963517846225158
6,FNBP4,-0.45042792,,0.6524019254517389,0.9963517846225158
6,ATF7IP2,-0.45042792,,0.6524019254517389,0.9963517846225158
6,TCP1,-0.45080706,,0.6521286152550021,0.9963517846225158
6,TMEM242,-0.4549777,,0.6491252928855957,0.9963517846225158
6,CPSF3L,-0.45725256,,0.647489514155878,0.9963517846225158
6,IL8,-0.45725256,,0.647489514155878,0.9963517846225158
6,SCFD1,-0.45952746,,0.6458554360754895,0.9963517846225158
6,VPS25,-0.46180236,,0.644223065324066,0.9963517846225158
6,ZNF106,-0.46407723,,0.6425924085566026,0.9963517846225158
6,PPP2R3C,-0.46635213,,0.6409634724033755,0.9963517846225158
6,GRN,-0.46673128,,0.640692150790618,0.9963517846225158
6,CISH,-0.468627,,0.6393362634698655,0.9963517846225158
6,MRPL19,-0.4709019,,0.6377107883366823,0.9963517846225158
6,TPD52L2,-0.4731768,,0.6360870535594878,0.9963517846225158
6,BLCAP,-0.47772658,,0.6328448311705269,0.9963517846225158
6,C15orf57,-0.48227635,,0.6296096482464953,0.9963517846225158
6,TTC14,-0.48455122,,0.6279947127057981,0.9963517846225158
6,SPON2,-0.48455122,,0.6279947127057981,0.9963517846225158
6,RAB9A,-0.48682612,,0.6263815563270061,0.9963517846225158
6,NFU1,-0.48910102,,0.6247701854890819,0.9963517846225158
6,AC010642.1,-0.48910102,,0.6247701854890819,0.9963517846225158
6,LINC00926,-0.48910102,,0.6247701854890819,0.9963517846225158
6,FKBP5,-0.4913759,,0.6231606065454567,0.9963517846225158
6,MPHOSPH10,-0.4936508,,0.6215528258239602,0.9963517846225158
6,MGMT,-0.4936508,,0.6215528258239602,0.9963517846225158
6,RDH14,-0.49592566,,0.6199468496267513,0.9963517846225158
6,NPC2,-0.4972527,,0.6190108660147068,0.9963517846225158
6,DPY30,-0.50104415,,0.6163400334430655,0.9963517846225158
6,MTCH2,-0.50275034,,0.6151398108159283,0.9963517846225158
6,OARD1,-0.5050252,,0.6135411152216342,0.9963517846225158
6,COPS4,-0.5050252,,0.6135411152216342,0.9963517846225158
6,MYCBP2,-0.5050252,,0.6135411152216342,0.9963517846225158
6,LYPLA1,-0.50635225,,0.6126093901090583,0.9963517846225158
6,SRPR,-0.50730014,,0.6119442552749617,0.9963517846225158
6,EBNA1BP2,-0.5118499,,0.6087560668851559,0.9963517846225158
6,DNAJC7,-0.51336646,,0.6076949830235385,0.9963517846225158
6,PSMA1,-0.51336646,,0.6076949830235385,0.9963517846225158
6,POLDIP2,-0.5163997,,0.6055752945060597,0.9963517846225158
6,IGFBP7,-0.51867455,,0.6039877044742603,0.9963517846225158
6,SNHG8,-0.519812,,0.6031946111338483,0.9963517846225158
6,U2SURP,-0.5209494,,0.6024019865768998,0.9963517846225158
6,HERPUD2,-0.52322435,,0.6008181468028748,0.9963517846225158
6,STK38,-0.52322435,,0.6008181468028748,0.9963517846225158
6,SERPINB1,-0.52663666,,0.5984459216585214,0.9963517846225158
6,LYAR,-0.52682626,,0.5983142560725256,0.9963517846225158
6,RBPJ,-0.5277741,,0.5976561254477525,0.9963517846225158
6,COA6,-0.5277741,,0.5976561254477525,0.9963517846225158
6,SEPHS2,-0.530049,,0.5960779557116013,0.9963517846225158
6,EIF2B1,-0.5323239,,0.5945016877885574,0.9963517846225158
6,PRDX4,-0.5323239,,0.5945016877885574,0.9963517846225158
6,SLFN5,-0.5323239,,0.5945016877885574,0.9963517846225158
6,CD79A,-0.5338405,,0.5934519019621667,0.9963517846225158
6,TRIM69,-0.53459877,,0.5929273275343097,0.9963517846225158
6,CDC40,-0.53459877,,0.5929273275343097,0.9963517846225158
6,CRELD2,-0.53687364,,0.5913548807777274,0.9963517846225158
6,WNK1,-0.53914857,,0.5897843533208026,0.9963517846225158
6,C10orf32,-0.53914857,,0.5897843533208026,0.9963517846225158
6,DNAJC2,-0.5436983,,0.5866490793791612,0.9963517846225158
6,STUB1,-0.5448358,,0.5858664694468645,0.9963517846225158
6,EIF2S1,-0.54597324,,0.5850843443635282,0.9963517846225158
6,LAIR1,-0.5482481,,0.5835215515856078,0.9963517846225158
6,TGOLN2,-0.5499543,,0.5823507350055981,0.9963517846225158
6,ZNF32,-0.5527979,,0.5804018153827232,0.9963517846225158
6,GRPEL1,-0.5527979,,0.5804018153827232,0.9963517846225158
6,PRPF8,-0.5527979,,0.5804018153827232,0.9963517846225158
6,TNFSF13B,-0.5535562,,0.5798826200312809,0.9963517846225158
6,SMAP2,-0.5548832,,0.5789745525919948,0.9963517846225158
6,MTERFD2,-0.5550728,,0.5788448832095845,0.9963517846225158
6,CCDC115,-0.5560206,,0.5781967410227666,0.9963517846225158
6,ADD1,-0.55734766,,0.5772899157777037,0.9963517846225158
6,HNRNPL,-0.5596225,,0.5757369186446721,0.9963517846225158
6,RP11-139H15.1,-0.5596225,,0.5757369186446721,0.9963517846225158
6,ILF3,-0.5596225,,0.5757369186446721,0.9963517846225158
6,CLEC2B,-0.5596225,,0.5757369186446721,0.9963517846225158
6,OXLD1,-0.56189746,,0.5741858973406591,0.9963517846225158
6,LAT2,-0.56189746,,0.5741858973406591,0.9963517846225158
6,NARS,-0.56189746,,0.5741858973406591,0.9963517846225158
6,PTPN7,-0.5664472,,0.5710898042029507,0.9963517846225158
6,SLA,-0.5664472,,0.5710898042029507,0.9963517846225158
6,NCR3,-0.5664472,,0.5710898042029507,0.9963517846225158
6,FCER1G,-0.5727032,,0.5668456968469456,0.9963517846225158
6,IRF7,-0.5728927,,0.566717323917632,0.9963517846225158
6,SND1,-0.5732719,,0.5664606198858841,0.9963517846225158
6,ORMDL2,-0.5732719,,0.5664606198858841,0.9963517846225158
6,EAF2,-0.5732719,,0.5664606198858841,0.9963517846225158
6,TRABD2A,-0.5755468,,0.5649215681475581,0.9963517846225158
6,SRP72,-0.5782008,,0.5631285533385935,0.9963517846225158
6,CYB5B,-0.58009654,,0.5618495112844641,0.9963517846225158
6,LBR,-0.58009654,,0.5618495112844641,0.9963517846225158
6,FCGR3A,-0.582561,,0.5601888587474662,0.9963517846225158
6,NONO,-0.5831297,,0.5598059693378408,0.9963517846225158
6,CCT6A,-0.5848359,,0.5586580631950044,0.9963517846225158
6,EXOSC8,-0.5869212,,0.5572566217407312,0.9963517846225158
6,ITSN2,-0.5891961,,0.5557297316888185,0.9963517846225158
6,MORF4L2,-0.5937459,,0.552682092336619,0.9963517846225158
6,EAPP,-0.5950729,,0.5517947444377791,0.9963517846225158
6,C14orf1,-0.5982956,,0.5496426747872472,0.9963517846225158
6,DGKZ,-0.60057056,,0.5481260618832631,0.9963517846225158
6,TCL1A,-0.60057056,,0.5481260618832631,0.9963517846225158
6,SAT2,-0.6024663,,0.5468637993136602,0.9963517846225158
6,RAB2A,-0.60493076,,0.5452250124473743,0.9963517846225158
6,NUDT1,-0.6051203,,0.5450990529590013,0.9963517846225158
6,MRPS33,-0.6051203,,0.5450990529590013,0.9963517846225158
6,NOP58,-0.6051203,,0.5450990529590013,0.9963517846225158
6,GZMH,-0.6051203,,0.5450990529590013,0.9963517846225158
6,TMX2,-0.60739523,,0.5435886669107748,0.9963517846225158
6,EMG1,-0.611945,,0.5405741563596227,0.9963517846225158
6,ANAPC13,-0.611945,,0.5405741563596227,0.9963517846225158
6,HPRT1,-0.611945,,0.5405741563596227,0.9963517846225158
6,SMIM14,-0.6142199,,0.5390700416584813,0.9963517846225158
6,RBM4,-0.6210445,,0.5345703180656294,0.9963517846225158
6,KIF5B,-0.622182,,0.5338222109308066,0.9963517846225158
6,FAM96A,-0.6278692,,0.5300896257625584,0.9963517846225158
6,EMB,-0.6301441,,0.528600312908676,0.9963517846225158
6,CSRNP1,-0.6301441,,0.528600312908676,0.9963517846225158
6,PSMD14,-0.6301441,,0.528600312908676,0.9963517846225158
6,IL27RA,-0.632419,,0.5271131334655312,0.9963517846225158
6,PRNP,-0.632419,,0.5271131334655312,0.9963517846225158
6,PRPF31,-0.63469386,,0.5256280920623361,0.9963517846225158
6,LUC7L3,-0.63488346,,0.5255044352652319,0.9963517846225158
6,TMCO1,-0.63564175,,0.525009956924497,0.9963517846225158
6,SRA1,-0.64151853,,0.5211858419528632,0.9963517846225158
6,NR3C1,-0.64151853,,0.5211858419528632,0.9963517846225158
6,ABI3,-0.64360386,,0.5198323529192388,0.9963517846225158
6,NUDT16L1,-0.6437934,,0.5197093984257735,0.9963517846225158
6,PHF14,-0.6437934,,0.5197093984257735,0.9963517846225158
6,MRPL43,-0.6447413,,0.519094851088935,0.9963517846225158
6,SNX5,-0.6483432,,0.5167629980894427,0.9963517846225158
6,DERL1,-0.6506181,,0.5152930501635938,0.9963517846225158
6,C21orf33,-0.652893,,0.5138252762732939,0.9963517846225158
6,RGS14,-0.6551679,,0.5123596807878148,0.9963517846225158
6,ARID4A,-0.6551679,,0.5123596807878148,0.9963517846225158
6,SH3BP1,-0.6551679,,0.5123596807878148,0.9963517846225158
6,IGSF6,-0.6551679,,0.5123596807878148,0.9963517846225158
6,ECHDC1,-0.6597176,,0.5094350423633098,0.9963517846225158
6,TMEM141,-0.6597176,,0.5094350423633098,0.9963517846225158
6,FKBP3,-0.6597176,,0.5094350423633098,0.9963517846225158
6,POLR3K,-0.66199255,,0.5079760080176577,0.9963517846225158
6,GIT2,-0.6642674,,0.5065191692635278,0.9963517846225158
6,RPL7L1,-0.6642674,,0.5065191692635278,0.9963517846225158
6,IRF8,-0.6665423,,0.5050645303248823,0.9963517846225158
6,IFI44,-0.6665423,,0.5050645303248823,0.9963517846225158
6,AATF,-0.6665423,,0.5050645303248823,0.9963517846225158
6,FGFBP2,-0.6665423,,0.5050645303248823,0.9963517846225158
6,ALDH2,-0.6688172,,0.5036120953965537,0.9963517846225158
6,TXNDC17,-0.67564183,,0.49926805618441716,0.9963517846225158
6,LGALS3,-0.6771585,,0.4983054241971937,0.9963517846225158
6,TMEM205,-0.6824665,,0.49494400127838944,0.9963517846225158
6,GZMK,-0.68474144,,0.49350710942646336,0.9963517846225158
6,CCL4,-0.68474144,,0.49350710942646336,0.9963517846225158
6,MRPS23,-0.6870163,,0.49207245409246514,0.9963517846225158
6,CCT7,-0.6879642,,0.49147534205585275,0.9963517846225158
6,KLRG1,-0.6892912,,0.4906400392081922,0.9963517846225158
6,HAGH,-0.6892912,,0.4906400392081922,0.9963517846225158
6,CNPY3,-0.69004947,,0.4901630661331664,0.9963517846225158
6,ARL2,-0.693841,,0.48778194636944183,0.9963517846225158
6,BEX4,-0.693841,,0.48778194636944183,0.9963517846225158
6,IFT20,-0.69611585,,0.48635627613194565,0.9963517846225158
6,PARP1,-0.6983907,,0.48493286177810957,0.9963517846225158
6,SDHB,-0.7008552,,0.48339337965282225,0.9963517846225158
6,RORA,-0.7029405,,0.48209281583244457,0.9963517846225158
6,EIF1B,-0.70502585,,0.4807941570488464,0.9963517846225158
6,UQCRC1,-0.70635283,,0.4799687310057814,0.9963517846225158
6,SAMD3,-0.7074903,,0.47926183846064774,0.9963517846225158
6,IDH3G,-0.70919645,,0.47820256596531496,0.9963517846225158
6,CD96,-0.7097652,,0.4778497597138949,0.9963517846225158
6,ABT1,-0.7097652,,0.4778497597138949,0.9963517846225158
6,IDI1,-0.7097652,,0.4778497597138949,0.9963517846225158
6,SMIM12,-0.71204007,,0.47643995912051285,0.9963517846225158
6,NEMF,-0.71431494,,0.4750324402891726,0.9963517846225158
6,BLVRA,-0.71469414,,0.47479807590700907,0.9963517846225158
6,UBE2E1,-0.71658987,,0.4736272067991063,0.9963517846225158
6,NUDT5,-0.71658987,,0.4736272067991063,0.9963517846225158
6,SMCHD1,-0.71658987,,0.4736272067991063,0.9963517846225158
6,ARPC5L,-0.7186752,,0.4723410867409972,0.9963517846225158
6,MLX,-0.71886474,,0.4722242622001003,0.9963517846225158
6,PSMG2,-0.7228458,,0.4697746273678419,0.9963517846225158
6,COQ7,-0.72341454,,0.4694252537271424,0.9963517846225158
6,GPR183,-0.7302392,,0.4652439947514244,0.9963517846225158
6,PPIE,-0.7302392,,0.4652439947514244,0.9963517846225158
6,MRPL40,-0.73478895,,0.4624680309521074,0.9963517846225158
6,C19orf24,-0.7380117,,0.4605073272902407,0.9963517846225158
6,COMMD8,-0.7416136,,0.45832146510493965,0.9963517846225158
6,TTC3,-0.7416136,,0.45832146510493965,0.9963517846225158
6,HVCN1,-0.7438885,,0.4569439241659876,0.9963517846225158
6,CCDC69,-0.7438885,,0.4569439241659876,0.9963517846225158
6,NSA2,-0.74502593,,0.45625602694405276,0.9963517846225158
6,IRF9,-0.7461634,,0.45556871241674834,0.9963517846225158
6,MT-CO2,-0.74786955,,0.4545388340415607,0.9963517846225158
6,TTC1,-0.7484383,,0.4541958330237821,0.9963517846225158
6,RNF113A,-0.7484383,,0.4541958330237821,0.9963517846225158
6,BABAM1,-0.75071317,,0.45282528912415776,0.9963517846225158
6,RPN2,-0.75071317,,0.45282528912415776,0.9963517846225158
6,DYNLT1,-0.75071317,,0.45282528912415776,0.9963517846225158
6,C5orf56,-0.75071317,,0.45282528912415776,0.9963517846225158
6,EFHD2,-0.7518506,,0.4521408939566197,0.9963517846225158
6,APOBEC3A,-0.75298804,,0.451457083825456,0.9963517846225158
6,HLA-DRA,-0.75393593,,0.4508876892292496,0.9963517846225158
6,CDC37,-0.75393593,,0.4508876892292496,0.9963517846225158
6,NAPRT1,-0.755263,,0.45009122020577064,0.9963517846225158
6,DDT,-0.76208764,,0.4460077097595029,0.9963517846225158
6,YTHDF2,-0.76208764,,0.4460077097595029,0.9963517846225158
6,ITPA,-0.76208764,,0.4460077097595029,0.9963517846225158
6,ACTR2,-0.76474166,,0.4444253942996246,0.9963517846225158
6,NT5C,-0.7689123,,0.4419453824056795,0.9963517846225158
6,SLC25A11,-0.77346206,,0.4392489713360689,0.9963517846225158
6,S100A8,-0.77497864,,0.4383522714744357,0.9963517846225158
6,GIMAP2,-0.7753578,,0.43812826105437264,0.9963517846225158
6,RAD23A,-0.77952844,,0.43566849494084225,0.9963517846225158
6,C20orf27,-0.7825616,,0.4338845879256158,0.9963517846225158
6,STOML2,-0.78483653,,0.43254943283055813,0.9963517846225158
6,UBXN4,-0.79014456,,0.4294433375788117,0.9963517846225158
6,ATP6V0E1,-0.79090285,,0.4290006701540664,0.9963517846225158
6,JAGN1,-0.79166114,,0.42855826813445475,0.9963517846225158
6,RNF139,-0.7939361,,0.4272326554556938,0.9963517846225158
6,SRM,-0.7939361,,0.4272326554556938,0.9963517846225158
6,LRCH4,-0.7939361,,0.4272326554556938,0.9963517846225158
6,NKTR,-0.7984858,,0.42458860876230275,0.9963517846225158
6,TNFSF10,-0.8022773,,0.4223925600004258,0.9963517846225158
6,MMADHC,-0.8030356,,0.42195415026802463,0.9963517846225158
6,MAL,-0.8030356,,0.42195415026802463,0.9963517846225158
6,RCN2,-0.8053105,,0.42064052272825847,0.9963517846225158
6,MRP63,-0.8060688,,0.4202031810640048,0.9963517846225158
6,RPL22L1,-0.8119456,,0.4168228508864764,0.9963517846225158
6,CDC123,-0.81213516,,0.41671407567276453,0.9963517846225158
6,CHD2,-0.81213516,,0.41671407567276453,0.9963517846225158
6,PRDX3,-0.8212347,,0.41151258258106926,0.9963517846225158
6,CMTM7,-0.8221826,,0.4109729850083854,0.9963517846225158
6,NAA20,-0.8280594,,0.4076368684394528,0.9963517846225158
6,TMEM14B,-0.82976556,,0.406671350307239,0.9963517846225158
6,OLA1,-0.83488405,,0.40378299498640835,0.9963517846225158
6,ARL2BP,-0.83488405,,0.40378299498640835,0.9963517846225158
6,MRPS12,-0.83943385,,0.4012259071901607,0.9963517846225158
6,C14orf166,-0.8432253,,0.3991024460273539,0.9963517846225158
6,ECHS1,-0.8439836,,0.39867856687458647,0.9963517846225158
6,CAT,-0.8485334,,0.3961409894123127,0.9963517846225158
6,CCL3,-0.8485334,,0.3961409894123127,0.9963517846225158
6,SNW1,-0.85080826,,0.39487586642866834,0.9963517846225158
6,SARS,-0.85308313,,0.3936131897136381,0.9963517846225158
6,ITGB7,-0.85308313,,0.3936131897136381,0.9963517846225158
6,SF3B1,-0.85535806,,0.39235296105891004,0.9963517846225158
6,ELOF1,-0.85763294,,0.3910951822273858,0.9963517846225158
6,FCGRT,-0.86047655,,0.3895264063909829,0.9963517846225158
6,TBCB,-0.86483675,,0.38712839748199734,0.9963517846225158
6,PCSK7,-0.8667325,,0.3860885993854184,0.9963517846225158
6,BBX,-0.8712823,,0.3836000506281281,0.9963517846225158
6,POLR2I,-0.87810695,,0.3798856914546148,0.9963517846225158
6,CDA,-0.8803818,,0.37865250150264673,0.9963517846225158
6,LYZ,-0.88076097,,0.3784472096839844,0.9963517846225158
6,EIF5B,-0.8849316,,0.37619352498970304,0.9963517846225158
6,NDUFA10,-0.89403117,,0.3713052242908327,0.9963517846225158
6,FAM107B,-0.89403117,,0.3713052242908327,0.9963517846225158
6,HOPX,-0.89403117,,0.3713052242908327,0.9963517846225158
6,ARHGDIA,-0.8959269,,0.3702918107823828,0.9963517846225158
6,TMEM165,-0.9031307,,0.3664565297134533,0.9963517846225158
6,NME3,-0.91223025,,0.36164751856867194,0.9963517846225158
6,SMDT1,-0.91317815,,0.36114886494312726,0.9963517846225158
6,TAF1D,-0.9145051,,0.3604514746947468,0.9963517846225158
6,UBE2D2,-0.92114025,,0.35697721461452303,0.9963517846225158
6,JUND,-0.9258796,,0.3545085597530997,0.9963517846225158
6,HLA-DQA1,-0.92815447,,0.3533274442490265,0.9963517846225158
6,NDUFA2,-0.9317564,,0.3514624399479168,0.9963517846225158
6,ARL4A,-0.93270427,,0.35097268776827284,0.9963517846225158
6,C17orf62,-0.93952894,,0.3474592514342316,0.9963517846225158
6,SIVA1,-0.94464743,,0.3448389098394872,0.9963517846225158
6,MS4A1,-0.9463536,,0.34396827099258276,0.9963517846225158
6,DEF6,-0.9486285,,0.3428096042230494,0.9963517846225158
6,MRPL41,-0.95090336,,0.34165343518700453,0.9963517846225158
6,NDUFA12,-0.9527991,,0.34069186940477314,0.9963517846225158
6,HDAC1,-0.9531782,,0.3404997644704877,0.9963517846225158
6,MS4A6A,-0.95545316,,0.3393485926324423,0.9963517846225158
6,VAMP5,-0.95905507,,0.33753101573211197,0.9963517846225158
6,DENND2D,-0.9645527,,0.3347689042982708,0.9963517846225158
6,IFITM3,-0.96569014,,0.3341992566110429,0.9963517846225158
6,PQBP1,-0.9668276,,0.33363023429187433,0.9963517846225158
6,RALY,-0.9711878,,0.3314547762670875,0.9963517846225158
6,DRAM2,-0.9713774,,0.33136039964757025,0.9963517846225158
6,MRPL21,-0.9759271,,0.32910057449915864,0.9963517846225158
6,ILF3-AS1,-0.97820204,,0.327974416262762,0.9963517846225158
6,THOC7,-0.9804769,,0.3268507612794478,0.9963517846225158
6,SMIM7,-0.9804769,,0.3268507612794478,0.9963517846225158
6,DDX46,-0.9827518,,0.3257296097870246,0.9963517846225158
6,SH3KBP1,-0.9850267,,0.3246109619968883,0.9963517846225158
6,PCMT1,-0.9865433,,0.32386658784163946,0.9963517846225158
6,YPEL3,-0.98957646,,0.3223811782373319,0.9963517846225158
6,TRAPPC3,-0.99185133,,0.3212700425591437,0.9963517846225158
6,PHPT1,-0.99412626,,0.3201614111658194,0.9963517846225158
6,IFI30,-0.99640113,,0.31905528413753503,0.9963517846225158
6,LSM6,-1.0009509,,0.31685054336648477,0.9963517846225158
6,GNAI2,-1.0066382,,0.3141087048686354,0.9963517846225158
6,RNASEH2B,-1.0077755,,0.31356221545605667,0.9963517846225158
6,AQP3,-1.0077755,,0.31356221545605667,0.9963517846225158
6,RBM25,-1.0123254,,0.3113825184349378,0.9963517846225158
6,CWC15,-1.0214249,,0.30705317186832426,0.9963517846225158
6,PPIG,-1.0259746,,0.3049035192736185,0.9963517846225158
6,MED28,-1.0282496,,0.3038324472812901,0.9963517846225158
6,AHNAK,-1.0320411,,0.30205288818170584,0.9963517846225158
6,GADD45B,-1.0411406,,0.29781029788010815,0.9963517846225158
6,IL16,-1.0418988,,0.29745855482515693,0.9963517846225158
6,DDX17,-1.0464487,,0.2953539294879035,0.9963517846225158
6,CD79B,-1.0466383,,0.2952664537324471,0.9963517846225158
6,ALKBH7,-1.0481548,,0.29456727243685443,0.9963517846225158
6,SURF1,-1.0487236,,0.2943053657737116,0.9963517846225158
6,GGNBP2,-1.0532733,,0.29221573361063413,0.9963517846225158
6,NCF2,-1.0578231,,0.2901360913235418,0.9963517846225158
6,TRADD,-1.0737473,,0.28293593912640047,0.9963517846225158
6,ARGLU1,-1.080572,,0.27988754243396774,0.9963517846225158
6,GNLY,-1.0873966,,0.2768615434966052,0.9963517846225158
6,HNRNPH3,-1.0919465,,0.27485664196672344,0.9963517846225158
6,HLA-DMB,-1.0942214,,0.2738579176490641,0.9963517846225158
6,IFI35,-1.0987711,,0.2718679168734567,0.9963517846225158
6,EIF5,-1.0993398,,0.2716198646972806,0.9963517846225158
6,PSMC5,-1.1021835,,0.2703819290559827,0.9963517846225158
6,ZC3H15,-1.119245,,0.2630355877282149,0.9963517846225158
6,C1orf86,-1.1283447,,0.2591743898964517,0.9963517846225158
6,OSTC,-1.1397191,,0.2544033468135679,0.9963517846225158
6,MYADM,-1.1488186,,0.2506307655567255,0.9963517846225158
6,OCIAD1,-1.180667,,0.23773499912659257,0.9963517846225158
6,ARRB2,-1.181615,,0.23735851377209027,0.9963517846225158
6,CST7,-1.182942,,0.23683214225508165,0.9963517846225158
6,GZMA,-1.1897666,,0.23413812238070275,0.9963517846225158
6,EWSR1,-1.1897666,,0.23413812238070275,0.9963517846225158
6,PRDX1,-1.1943164,,0.23235421576373438,0.9963517846225158
6,PSMD7,-1.2011411,,0.22969647692565065,0.9963517846225158
6,FAM96B,-1.2182027,,0.2231469343102609,0.9963517846225158
6,UBE2D3,-1.2250274,,0.2205648906758204,0.9963517846225158
6,HLA-DMA,-1.2269231,,0.2198514739271391,0.9963517846225158
6,S100A9,-1.2394351,,0.21518443038547252,0.9963517846225158
6,KARS,-1.244364,,0.21336563773826678,0.9963517846225158
6,PDIA3,-1.2587715,,0.20811284288559173,0.9963517846225158
6,CCT4,-1.264838,,0.20592941915261542,0.9963517846225158
6,RGS19,-1.2654067,,0.20572557956862358,0.9963517846225158
6,AIF1,-1.2773498,,0.20147876136828213,0.9963517846225158
6,LGALS2,-1.2830371,,0.19947908850560936,0.9963517846225158
6,BUB3,-1.2944115,,0.19552331571534765,0.9963517846225158
6,CLNS1A,-1.3012362,,0.19317762500819546,0.9963517846225158
6,APOBEC3G,-1.3103358,,0.19008228435131946,0.9963517846225158
6,FUS,-1.3220893,,0.1861384087444341,0.9963517846225158
6,LINC00936,-1.3245537,,0.1853191926804545,0.9963517846225158
6,LAMTOR5,-1.3249329,,0.1851933964996365,0.9963517846225158
6,ABRACL,-1.3251225,,0.1851305221015721,0.9963517846225158
6,CEBPB,-1.3344116,,0.18206898891140533,0.9963517846225158
6,PPP1R2,-1.341805,,0.1796592232630636,0.9963517846225158
6,RER1,-1.3694829,,0.1708483977535037,0.9963517846225158
6,NOL7,-1.3740326,,0.16943155926328557,0.9963517846225158
6,MAF1,-1.3808572,,0.1673228492307237,0.9963517846225158
6,SF3B5,-1.3918526,,0.1639670476061148,0.9963517846225158
6,DNAJA1,-1.4200991,,0.15557883249088628,0.9963517846225158
6,FCN1,-1.4219948,,0.1550277490215197,0.9963517846225158
6,H2AFY,-1.4364024,,0.15088785177523312,0.9963517846225158
6,NKG7,-1.4477769,,0.14767945279164343,0.9963517846225158
6,HLA-DQB1,-1.449104,,0.14730856161625447,0.9963517846225158
6,CTSW,-1.4527059,,0.14630544667896034,0.9963517846225158
6,SSBP1,-1.4582034,,0.1447844647775689,0.9963517846225158
6,C9orf142,-1.4604784,,0.14415864826948385,0.9963517846225158
6,BLOC1S1,-1.4731798,,0.14070255249809951,0.9963517846225158
6,ATP5H,-1.5025638,,0.13295156299610755,0.9963517846225158
6,RNF7,-1.5173506,,0.12917819439227946,0.9963517846225158
6,LITAF,-1.5393412,,0.12372102866843222,0.9963517846225158
6,HNRNPM,-1.543891,,0.12261475424976463,0.9963517846225158
6,CD74,-1.5571611,,0.11943223514085557,0.9963517846225158
6,STK17A,-1.568346,,0.11680040725057277,0.9963517846225158
6,CASP4,-1.5702417,,0.11635888342739181,0.9963517846225158
6,TAPBP,-1.5764977,,0.11491115336576437,0.9963517846225158
6,LMAN2,-1.5787725,,0.11438823311698085,0.9963517846225158
6,TYMP,-1.5928011,,0.1112048305288637,0.9963517846225158
6,LST1,-1.601711,,0.10921952600198268,0.9963517846225158
6,CD247,-1.6128958,,0.1067671275706129,0.9963517846225158
6,ERH,-1.6591519,,0.09708517560262361,0.9963517846225158
6,NDUFB10,-1.6699576,,0.09492773736542792,0.9963517846225158
6,PSMB6,-1.6788677,,0.09317783904845292,0.9963517846225158
6,GIMAP5,-1.7175407,,0.08588041354199975,0.9963517846225158
6,TMBIM6,-1.7236072,,0.08477879052453441,0.9963517846225158
6,GSTP1,-1.730811,,0.08348548944679496,0.9963517846225158
6,RBM39,-1.7416166,,0.08157554360288194,0.9963517846225158
6,UBE2L6,-1.745029,,0.08097982179854389,0.9963517846225158
6,SNRPB,-1.7510954,,0.07992948448215764,0.9929128507100328
6,TMBIM4-1,-1.7584888,,0.07866438368327927,0.9833047960409909
6,PSMB8,-1.7728964,,0.07624587877596718,0.9590676575593357
6,ARF6,-1.7903372,,0.07339972095119358,0.9291103917872605
6,ACAP1,-1.8244605,,0.06808248021680134,0.8728523104718121
6,PPIB,-1.8722332,,0.06117435144689367,0.7944720967129049
6,CHMP4A,-1.8790579,,0.06023659611370569,0.7925867909698117
6,TYROBP,-1.9035128,,0.05697365341653648,0.7546179260468407
6,CD2,-1.9131812,,0.055724863846602045,0.7429981846213606
6,HLA-DRB1,-1.9139395,,0.05562789146888967,0.7429981846213606
6,PYCARD,-1.9160248,,0.05536194214408765,0.7429981846213606
6,LGALS1,-1.9328969,,0.053248904157137934,0.7294370432484649
6,SRP9,-2.0019019,,0.04529529254118485,0.6589263817697818
6,CTSS,-2.0108118,,0.04434533994829743,0.6569679992340359
6,ID2,-2.0219967,,0.04317669673983947,0.6444283095498428
6,C1orf162,-2.0314753,,0.042206796238259646,0.6346886652369871
6,PNRC1,-2.0335608,,0.04199590988636272,0.6346886652369871
6,CSNK2B,-2.0655987,,0.03886638825709963,0.593379973390834
6,GIMAP4,-2.0684423,,0.03859845103051597,0.593379973390834
6,VAMP8,-2.0762148,,0.0378740857499297,0.5871951279058869
6,NDUFB8-1,-2.1184897,,0.03413360398493335,0.5333375622645835
6,SRSF3,-2.1689165,,0.030089020851868906,0.47384284806092763
6,SELL,-2.2138455,,0.02683940300308727,0.42602226989027414
6,ATP5A1,-2.2223763,,0.026257877718288154,0.42012604349261046
6,ATP5D,-2.284936,,0.02231658961615516,0.3599449938089542
6,HSP90AA1,-2.3283484,,0.019893616372867996,0.3261248585716065
6,HLA-DPB1,-2.3291066,,0.019853419187381358,0.3261248585716065
6,ATP5O,-2.396974,,0.016531091995786867,0.28258276915874986
6,EIF3D,-2.429581,,0.015116293544871,0.2606257507736379
6,HLA-DPA1,-2.5473063,,0.010855809703209807,0.21079242142154966
6,S100A11,-2.5615244,,0.010421393065183466,0.20434104049379345
6,PSME1,-2.7806718,,0.00542465229715955,0.11541813398211809
6,YWHAB,-2.7937527,,0.00521003273909535,0.11204371481925483
6,TRAF3IP3,-2.9050326,,0.003672149461797852,0.0816033213732856
6,GIMAP7,-3.0051277,,0.002654694471723794,0.06396854148732034
6,UBXN1,-3.077924,,0.00208448041538875,0.05146865223182098
6,IL32,-3.100673,,0.001930814373060834,0.04827035932652085
6,S100A6,-3.1423793,,0.0016758084126199748,0.042425529433417083
6,GTF3A,-3.1484456,,0.001641412826187219,0.042425529433417083
6,PSMA7,-3.1732798,,0.0015072719991161003,0.03966505260831843
6,LIMD2,-3.2413368,,0.001189705088970253,0.03172546903920675
6,S100A4,-3.4398208,,0.0005820993123257652,0.016872443835529424
6,LTB,-3.6144185,,0.000301022418623148,0.009869587495840918
6,RBM3,-3.6870253,,0.0002268907047311768,0.007563023491039227
6,CD48,-3.7469308,,0.000179011436627,0.0061728081595517235
6,PTPRCAP,-3.8604856,,0.00011316188348266761,0.0040414958386667
6,HINT1,-3.8627605,,0.00011211288965516045,0.0040414958386667
6,CD37,-3.9256992,,8.647819607052209e-05,0.0032028961507600774
6,SRSF5,-4.273947,,1.9204302380007624e-05,0.000783849076735005
6,CYBA,-4.4511986,,8.539242084884995e-06,0.00037127139499499977
6,JUNB,-4.737076,,2.1682387256150743e-06,0.0001172020932764905
6,TPT1,-4.7564125,,1.970635482358048e-06,0.00010947974901989156
6,RPL34,-5.062764,,4.13220848276713e-07,2.7548056551780868e-05
6,RPS3A,-5.236414,,1.6372647216997528e-07,1.129148083930864e-05
6,RPL8,-5.458405,,4.804302561255764e-08,3.843442049004611e-06
6,RPS5,-5.5219126,,3.353294747298193e-08,3.3532947472981927e-06
6,RPS27A,-5.5272207,,3.2534381441074875e-08,3.3532947472981927e-06
6,RPL21,-5.7372684,,9.621559885021096e-09,1.202694985627637e-06
6,MALAT1,-5.8855157,,3.968151853644363e-09,5.290869138192485e-07
6,RPL18A,-5.91471,,3.324610114826561e-09,4.7494430211808013e-07
6,RPL13,-5.953762,,2.620475561105854e-09,4.3674592685097566e-07
7,KIAA0101,4.8757863,,1.0837591163387518e-06,0.0011696784308757875
7,ZWINT,4.860706,,1.1696784308757875e-06,0.0011696784308757875
7,PCNA,4.571398,,4.844819885743797e-06,0.0031898760039125603
7,CKS1B,4.4340515,,9.24785092983894e-06,0.003699140371935576
7,BIRC5,4.276985,,1.8944144909640077e-05,0.005636829372872789
7,ACTB,4.267937,,1.9728902805054762e-05,0.005636829372872789
7,STMN1,4.198336,,2.6888355231776084e-05,0.006722088807944021
7,HPRT1,4.157039,,3.223985381032392e-05,0.007164411957849761
7,SNRPB,4.000205,,6.328765771336258e-05,0.011319481042581916
7,PSMD14,3.9709725,,7.157985045263643e-05,0.011319481042581916
7,STOML2,3.9698124,,7.192922589436564e-05,0.011319481042581916
7,PRPF31,3.9268918,,8.605066723829301e-05,0.011319481042581916
7,SRSF3,3.9190037,,8.891575673451504e-05,0.011319481042581916
7,MCM3,3.9145956,,9.055584834065534e-05,0.011319481042581916
7,MMADHC,3.8568268,,0.0001148685235912774,0.013357043682538261
7,UBE2E1,3.8456905,,0.00012021339314284434,0.013357043682538261
7,HSP90AA1,3.8301463,,0.00012806708000440245,0.013480745263621311
7,HDGF,3.812978,,0.000137302301486807,0.0137302301486807
7,CD320,3.7317767,,0.00019013391164927304,0.01810799158564505
7,MTCH2,3.5777266,,0.00034659585975149715,0.03150871452286338
7,PRDX1,3.5603263,,0.00037039436761826576,0.0322082058798492
7,CRELD2,3.5329497,,0.0004109504926712526,0.03424587438927105
7,CARHSP1,3.5148535,,0.0004399965975621679,0.03519972780497343
7,DNAJC2,3.4979172,,0.0004689065639731154,0.03606973569023965
7,LBR,3.4598687,,0.0005404388626099317,0.040032508341476425
7,ODC1,3.4445565,,0.0005719971687121239,0.040204673011592064
7,TCP1,3.4331882,,0.0005965276935273127,0.040204673011592064
7,PSMC4,3.40674,,0.0006574375045314574,0.040204673011592064
7,ARGLU1,3.403956,,0.0006641749059156334,0.040204673011592064
7,IDH2,3.4023318,,0.0006681346468848977,0.040204673011592064
7,OTUB1,3.3956037,,0.0006847742579060864,0.040204673011592064
7,SNX5,3.3939798,,0.000688848021206839,0.040204673011592064
7,UQCRC1,3.3700833,,0.0007514545787602598,0.04174747659779222
7,TPM4,3.3547711,,0.0007943068356384133,0.04293550462910343
7,AHSA1,3.342939,,0.0008289614734798288,0.04362955123578047
7,TMEM208,3.3271627,,0.0008773514184513044,0.044992380433400224
7,ERH,3.3171866,,0.0009092889217963536,0.04546444608981768
7,ATXN10,3.291666,,0.000995957735012267,0.04762253802977648
7,PSMA1,3.2905061,,0.001000073298625306,0.04762253802977648
7,PSMD7,3.281226,,0.0010335690310989832,0.04807297819065039
7,ISOC2,3.269858,,0.0010760156229599192,0.04890980104363269
7,DTYMK,3.217889,,0.0012913778108100556,0.057394569369335804
7,FH,3.2067528,,0.0013424228092900634,0.05748409537720336
7,ATP5SL,3.2048967,,0.0013511091150164964,0.05748409537720336
7,POLR2E,3.1974728,,0.0013863753675104242,0.05748409537720336
7,SLBP,3.1900487,,0.0014224887959969365,0.05748409537720336
7,PSMB6,3.1812325,,0.0014664991222767322,0.05748409537720336
7,NDUFB8-1,3.1789124,,0.001478287546591865,0.05748409537720336
7,ITPA,3.1652243,,0.001549634936830018,0.05748409537720336
7,MRPL51,3.1605842,,0.0015745312621281275,0.05748409537720336
7,BUB3,3.159424,,0.0015808126228730923,0.05748409537720336
7,SLC25A11,3.1422558,,0.001676514669224018,0.059875523900857784
7,PSMB8,3.1341357,,0.0017236110995175475,0.06014363043522079
7,TMEM138,3.1306558,,0.001744165282621403,0.06014363043522079
7,RNF139,3.1100073,,0.0018708268134386339,0.06085373475837322
7,HDAC1,3.1053672,,0.001900428786894927,0.06085373475837322
7,ARHGDIA,3.1028152,,0.0019168926448887564,0.06085373475837322
7,HSPB11,3.1028152,,0.0019168926448887564,0.06085373475837322
7,PSMC5,3.092143,,0.0019871703650443163,0.06209907390763488
7,FNBP4,3.0647666,,0.002178398728836343,0.06640011483251572
7,PPIB,3.0615187,,0.0022021729255847235,0.06640011483251572
7,THOC7,3.0575745,,0.00223136120777319,0.06640011483251572
7,ARPC5L,3.0515425,,0.002276688373993041,0.06640011483251572
7,TOP2A,3.0496864,,0.0022908039617217926,0.06640011483251572
7,ACADM,3.0429583,,0.002342647621054856,0.06693278917299589
7,EBNA1BP2,3.02579,,0.0024798440535503934,0.06962788907488594
7,ILF3,3.019758,,0.0025297673968716176,0.06962788907488594
7,PCMT1,3.0183659,,0.0025414179512333367,0.06962788907488594
7,EWSR1,3.0060697,,0.0026464825899169876,0.07152655648424291
7,PPP2CA,2.9902935,,0.0027870947091585578,0.07432252557756154
7,LMAN2,2.9724293,,0.0029545327965182625,0.07775086306627006
7,EIF5B,2.961061,,0.0030658111859855953,0.07963145937624923
7,NUDT5,2.955725,,0.003119350698574277,0.07998335124549429
7,GSTP1,2.946445,,0.003214497140534906,0.08005318110776512
7,SIVA1,2.9434288,,0.003245984525720523,0.08005318110776512
7,ATP5A1,2.9376287,,0.0033073282600999876,0.08005318110776512
7,SRM,2.9362366,,0.003322207015972253,0.08005318110776512
7,FKBP3,2.9232445,,0.0034640436930350018,0.08118969050491016
7,ATP5C1,2.9197645,,0.003502960297387197,0.08118969050491016
7,NOP58,2.9195325,,0.0035055688295999392,0.08118969050491016
7,PPA2,2.9172125,,0.003531751536963592,0.08118969050491016
7,SMC2,2.901436,,0.003714564286192956,0.08353518531892627
7,DEF6,2.901204,,0.003717315746692219,0.08353518531892627
7,EXOSC8,2.8972602,,0.003764374921936383,0.08365277604303074
7,PSMG2,2.89378,,0.003806346675789102,0.08365597089646379
7,PRDX3,2.885196,,0.003911701218995986,0.08483640867305708
7,YWHAE,2.880324,,0.003972668576206807,0.08483640867305708
7,RALY,2.8791637,,0.003987311207633683,0.08483640867305708
7,PHPT1,2.8715076,,0.004085187916436913,0.08600395613551395
7,RNASEH2B,2.8673317,,0.004139489509335464,0.08623936477782217
7,H2AFY,2.8527155,,0.0043347417991949745,0.08846411835091784
7,GSTO1,2.8527155,,0.0043347417991949745,0.08846411835091784
7,MRPS33,2.8452914,,0.004437082079900583,0.08963802181617339
7,CTNNBL1,2.8350832,,0.0045813756275777774,0.09072030945698568
7,GLRX3,2.8350832,,0.0045813756275777774,0.09072030945698568
7,LSM14A,2.820931,,0.004788450726094182,0.09389119070772906
7,TALDO1,2.815595,,0.0048687018495720226,0.09453789999168977
7,STRA13,2.8058507,,0.005018393396732889,0.09650756532178634
7,MRS2,2.7949467,,0.005190829449201935,0.09887294188956068
7,RABL6,2.7905385,,0.005262044224347565,0.0992838532895767
7,APOBEC3G,2.7798662,,0.0054381277509607225,0.10164724768150883
7,THUMPD3,2.7710502,,0.005587581178191463,0.10258592084140233
7,POLR3K,2.7682662,,0.005635541154670927,0.10258592084140233
7,RFC2,2.763858,,0.00571223763175973,0.10258592084140233
7,MKKS,2.762234,,0.005740730685025081,0.10258592084140233
7,LYAR,2.762002,,0.005744811567118531,0.10258592084140233
7,ACTR2,2.7520258,,0.0059227834680863015,0.10482802598382834
7,CBX5,2.7341616,,0.006253933552269544,0.10926314796815985
7,SUMO3,2.7304497,,0.006324800681921339,0.10926314796815985
7,FAM96B,2.7274334,,0.006382911511079756,0.10926314796815985
7,PPIF,2.7269695,,0.006391894156137352,0.10926314796815985
7,TMCO1,2.7165294,,0.006597034183917561,0.11181413871046714
7,TM7SF3,2.7014492,,0.006903803848588491,0.11603031678299985
7,DHX15,2.688225,,0.007183298962758753,0.11972164937931255
7,ECHS1,2.6842809,,0.007268601250791541,0.12014216943457093
7,MVD,2.6715207,,0.007550841880188064,0.12373799019507334
7,MFF,2.6661847,,0.007671755392094547,0.12373799019507334
7,NDUFB10,2.6661847,,0.007671755392094547,0.12373799019507334
7,PARVB,2.6513364,,0.00801739492206656,0.12827831875306497
7,EIF1AY,2.6466963,,0.008128231310049295,0.12901954460395706
7,LRBA,2.640664,,0.008274368261791643,0.1303050119967188
7,GPS1,2.619552,,0.008804537600998644,0.13757090001560382
7,MPV17,2.6100397,,0.00905317030686659,0.13838339093111562
7,SUCLG2,2.6077197,,0.00911475546613844,0.13838339093111562
7,C16orf80,2.6070237,,0.009133303801453631,0.13838339093111562
7,PDIA3,2.6070237,,0.009133303801453631,0.13838339093111562
7,MED30,2.5975115,,0.009390196033745024,0.14120595539466202
7,VDAC3,2.5891595,,0.009621053926312446,0.14253413224166586
7,BLOC1S1,2.5891595,,0.009621053926312446,0.14253413224166586
7,COMMD4,2.5842874,,0.009758045629024199,0.14350067101506173
7,ACAT2,2.5789514,,0.009910076415266977,0.14402058750073995
7,RPL22L1,2.5768633,,0.009970138810045893,0.14402058750073995
7,GARS,2.5694392,,0.010186328571532299,0.14402058750073995
7,MRP63,2.567815,,0.01023417274669655,0.14402058750073995
7,C1orf35,2.567351,,0.010247879203048699,0.14402058750073995
7,OSTC,2.5664232,,0.010275341145688413,0.14402058750073995
7,CDC123,2.564567,,0.010330461613606675,0.14402058750073995
7,LRRC59,2.561319,,0.010427555900579517,0.14402058750073995
7,THYN1,2.560855,,0.010441492593803647,0.14402058750073995
7,NOL7,2.5562148,,0.01058177364487073,0.1449558033543936
7,DHX9,2.5460067,,0.010896307435527294,0.14824908075547338
7,PRF1,2.5427587,,0.010998114469769543,0.14862316851039922
7,PSMA7,2.5374227,,0.011167204550500777,0.14919238867557832
7,OLA1,2.5367267,,0.011189429150668374,0.14919238867557832
7,FAM107B,2.5283744,,0.011459204543264299,0.1517775436193947
7,RER1,2.5102782,,0.012063607040156871,0.15873167158101148
7,MPC2,2.484758,,0.012963958837320714,0.16946351421334266
7,C14orf166,2.4713016,,0.01346222148966451,0.17483404532031832
7,GZMK,2.4673576,,0.013611435792637579,0.17507178863953032
7,SRP9,2.4661975,,0.013655599513883366,0.17507178863953032
7,FAM32A,2.4615574,,0.013833522687709855,0.1762232189517179
7,PHF5A,2.4564533,,0.014031599576785292,0.1776151845162695
7,FBXO7,2.4504213,,0.014268914476350286,0.1778342700039784
7,NDUFA2,2.4436932,,0.014537782826641957,0.1778342700039784
7,MCM10,2.4432292,,0.01455648906609475,0.1778342700039784
7,C16orf13,2.4397492,,0.014697463597044718,0.1778342700039784
7,CCT6A,2.4378932,,0.014773140970866426,0.1778342700039784
7,CCT4,2.4369652,,0.014811108277265006,0.1778342700039784
7,UBE2C,2.4369652,,0.014811108277265006,0.1778342700039784
7,CDT1,2.4369652,,0.014811108277265006,0.1778342700039784
7,CD47,2.436037,,0.014849161545332196,0.1778342700039784
7,LSM6,2.425365,,0.01529300513349378,0.18205958492254498
7,CSNK1A1,2.4207249,,0.015489595970230837,0.18330882805006907
7,HDAC2,2.4142287,,0.01576855842440994,0.18551245205188163
7,NUDT1,2.3933485,,0.016695377044895453,0.19310907576646982
7,ACP1,2.3901005,,0.01684376761648499,0.19310907576646982
7,PLEKHJ1,2.3891723,,0.0168863770101375,0.19310907576646982
7,MAF1,2.3889403,,0.016897044129566108,0.19310907576646982
7,CWC15,2.352516,,0.018646896266894936,0.21189654848744247
7,HNRNPM,2.3388276,,0.019344356798674422,0.21858030280988047
7,GNAI2,2.3237474,,0.020139037047000263,0.22418588089203115
7,HNRNPH3,2.3223553,,0.020213808578814114,0.22418588089203115
7,NONO,2.3209634,,0.02028882222072882,0.22418588089203115
7,SND1,2.3186433,,0.02041438471338966,0.22433389794933695
7,TXNDC17,2.297531,,0.021588497391054742,0.2359398621973196
7,RASGRP2,2.2868588,,0.02220406457097395,0.24134852794536904
7,TCF12,2.2824507,,0.022462741494435837,0.24284044858849554
7,CCT7,2.2750266,,0.022904331447167196,0.24628313384050748
7,RFC5,2.2689946,,0.023268657061670816,0.24886264237081088
7,CCDC124,2.2634265,,0.02360941261903383,0.2511639640322748
7,PAICS,2.2583225,,0.023925567293402013,0.25306778515429895
7,RPN2,2.2564664,,0.024041439589658403,0.25306778515429895
7,SRA1,2.2411542,,0.02501609293295683,0.2619486170990244
7,ANAPC4,2.235586,,0.02537889954187432,0.26436353689452413
7,FGFBP2,2.227002,,0.025947145849088953,0.26858767195200667
7,C21orf33,2.223754,,0.026165008961097136,0.26858767195200667
7,GGNBP2,2.2216659,,0.026305897208513146,0.26858767195200667
7,ADSL,2.2214339,,0.026321591851296653,0.26858767195200667
7,SNAPIN,2.2163298,,0.026668926860809072,0.2707505265056758
7,TERF2IP,2.2130816,,0.026892013355571946,0.27163649854113076
7,REXO2,2.2086737,,0.0271973495180192,0.273340196160997
7,GOT2,2.2058897,,0.027391731088660616,0.27385058386309413
7,RGS14,2.2040336,,0.02752198367824096,0.27385058386309413
7,SMARCD1,2.1928973,,0.028314772460229225,0.28034428178444776
7,GYG1,2.177817,,0.029419651424909442,0.28984878251142304
7,DLST,2.175265,,0.029610254257956978,0.289987563938169
7,KIF5B,2.168305,,0.030135486709116865,0.289987563938169
7,NDUFA12,2.166913,,0.03024148856537635,0.289987563938169
7,C12orf45,2.161345,,0.030668705857875178,0.289987563938169
7,C19orf24,2.1604168,,0.030740410292299947,0.289987563938169
7,PEX19,2.159489,,0.03081225863095807,0.289987563938169
7,UNC45A,2.158561,,0.03088425110065146,0.289987563938169
7,USP5,2.158561,,0.03088425110065146,0.289987563938169
7,STAMBP,2.1576328,,0.03095638792838857,0.289987563938169
7,NT5C,2.156705,,0.03102866934138408,0.289987563938169
7,NR2C2AP,2.1474247,,0.031759485794941526,0.29493232494586397
7,XPNPEP1,2.1451046,,0.0319444793710983,0.29493232494586397
7,TTC1,2.1444087,,0.03200015725662624,0.29493232494586397
7,PPT1,2.1395366,,0.03239223646557892,0.29717648133558644
7,GZMA,2.1318805,,0.03301667447303223,0.3015221413062304
7,PRPS2,2.1270084,,0.03341938596065899,0.3017708783262091
7,BLVRA,2.1260803,,0.033496567494209206,0.3017708783262091
7,TAF10,2.1228323,,0.03376790480184395,0.3028511641420982
7,RBM3,2.1163363,,0.03431622155805506,0.30639483533977735
7,BABAM1,2.1144803,,0.0344742740697668,0.30643799173126046
7,ELOF1,2.111,,0.034772299158913486,0.30771946158330515
7,C20orf27,2.101024,,0.03563885988225205,0.3139987654823969
7,CASP4,2.097544,,0.03594545148449933,0.31531097793420465
7,MAP2K7,2.094528,,0.036212980653314304,0.3162705733913913
7,GMPR2,2.0908158,,0.0365445755838579,0.31777891812050346
7,HMGCL,2.08664,,0.03692070885309312,0.3193691125496178
7,MCUR1,2.0796797,,0.03755492394130879,0.321433010583481
7,SDHB,2.0782876,,0.037682873287863475,0.321433010583481
7,ELP6,2.0773597,,0.03776837874355902,0.321433010583481
7,HMGXB4,2.0717916,,0.03828488499937618,0.3244481779608151
7,COMMD10,2.0652955,,0.03889505366196781,0.3259580326334115
7,IDH3G,2.0634394,,0.039070897584690865,0.3259580326334115
7,NAP1L4,2.0634394,,0.039070897584690865,0.3259580326334115
7,P2RX5,2.0629754,,0.039114963916009375,0.3259580326334115
7,KARS,2.0578713,,0.0396024857009664,0.3281923410149607
7,API5,2.0536952,,0.04000519414958971,0.3281923410149607
7,CECR5,2.0532312,,0.04005015323006842,0.3281923410149607
7,ATXN3,2.0499833,,0.040366068437819896,0.3281923410149607
7,SPPL2A,2.0499833,,0.040366068437819896,0.3281923410149607
7,LMF2,2.0471992,,0.04063853229824594,0.3281923410149607
7,MIS18BP1,2.046271,,0.04072969932629297,0.3281923410149607
7,PFDN2,2.043951,,0.04095837557865435,0.3281923410149607
7,PTGES2,2.0420952,,0.041142099008066875,0.3281923410149607
7,MAGEH1,2.041631,,0.041188138797377566,0.3281923410149607
7,TBCB,2.039079,,0.04144213846772169,0.32890586085493406
7,LAMP2,2.030495,,0.04230625683683538,0.3334913147152698
7,EPN1,2.030031,,0.04235339696883927,0.3334913147152698
7,FXN,2.0226068,,0.043113702392727236,0.3381466854331548
7,ARF4,2.0191267,,0.043474047334257165,0.3396409947988841
7,POLD2,2.0063665,,0.04481715396529539,0.34857185788963285
7,NAA20,2.0049746,,0.04496576966776264,0.34857185788963285
7,TOMM40,2.0003345,,0.045464160066623065,0.3487682312752754
7,NKG7,1.9998704,,0.04551425418142344,0.3487682312752754
7,GNPAT,1.9998704,,0.04551425418142344,0.3487682312752754
7,PITHD1,1.9973184,,0.04579060398663566,0.3493482942939154
7,ERI3,1.9947664,,0.04606836600690388,0.3493482942939154
7,PRPF19,1.9929104,,0.046271264842207754,0.3493482942939154
7,MAT2A,1.9905903,,0.046525945977843756,0.3493482942939154
7,PAFAH1B1,1.9887342,,0.04673053949759239,0.3493482942939154
7,PDZD11,1.9887342,,0.04673053949759239,0.3493482942939154
7,MRPS12,1.9871103,,0.046910179388078774,0.3493482942939154
7,CHMP4A,1.9864142,,0.04698734558253163,0.3493482942939154
7,CIAPIN1,1.9808462,,0.04760852780207706,0.3526557614968671
7,SEC31A,1.9766701,,0.048078932436197624,0.3548260696398348
7,ATG16L2,1.974814,,0.048289251306095626,0.35506802430952666
7,TAF12,1.972262,,0.04857970120026966,0.3558952468884224
7,GZMH,1.96739,,0.04913827084102923,0.3586735097885345
7,DNAJC15,1.9653019,,0.04937930246830848,0.3591221997695162
7,ARPC4,1.9632139,,0.0496213252279485,0.35957482049238043
7,ALG5,1.9557898,,0.05048992281336191,0.3645481791578477
7,CSRP1,1.9520777,,0.05092897708311798,0.36639551858358255
7,DDT,1.9460456,,0.05164925800820431,0.3702455771197441
7,TMEM50A,1.9437256,,0.05192854975730857,0.37091821255220403
7,DIAPH1,1.9390855,,0.052490924382909844,0.37360088528761454
7,POLR2I,1.9284134,,0.053803730474005156,0.3815867409503912
7,RPS19BP1,1.9256294,,0.0541506743894407,0.3824525142197098
7,TMBIM4-1,1.9235413,,0.05441210581409669,0.3824525142197098
7,MRPL41,1.9228452,,0.054499483276308644,0.3824525142197098
7,NCOA4,1.9177412,,0.05514383423707664,0.3842775905022763
7,PRDX4,1.9177412,,0.05514383423707664,0.3842775905022763
7,CNPY3,1.908925,,0.05627175837591718,0.3898384154238238
7,GTPBP6,1.9084611,,0.05633165102874253,0.3898384154238238
7,MRPL19,1.903357,,0.05699397972572975,0.3930619291429638
7,ABRACL,1.9015009,,0.05723642722028175,0.3933775066686031
7,COTL1,1.899645,,0.057479731881551276,0.3936967937092553
7,DNAJC7,1.8931488,,0.05833808000932484,0.3982121502342993
7,PPP2R3C,1.8908288,,0.05864720202942191,0.3984490245813023
7,ARRB2,1.8899008,,0.05877123112574209,0.3984490245813023
7,TOR1A,1.8857247,,0.05933206031361089,0.40089229941628984
7,RBM25,1.8808527,,0.05999196676077229,0.4039863081533488
7,NFU1,1.8727325,,0.06110533042784665,0.40958966403562164
7,MPHOSPH10,1.8578843,,0.06318544734600323,0.42123631564002156
7,DNAJA1,1.8562603,,0.06341646934458292,0.4213718893327769
7,EIF5,1.8520842,,0.0640137322748864,0.4239320018204397
7,CST7,1.8495321,,0.06438100757715523,0.4249571457237969
7,WIBG,1.841644,,0.06552723380282188,0.4311002223869861
7,LYPLA1,1.8372359,,0.06617506643374928,0.433934861860651
7,ARPC1B,1.8286519,,0.06745178023214639,0.44086130870683915
7,SMS,1.8258678,,0.06787017667698095,0.4416241273777078
7,GUSB,1.8249398,,0.068010115616167,0.4416241273777078
7,HIST1H1B,1.8223877,,0.06839617159238724,0.4426936672646423
7,SEPHS2,1.8184437,,0.0689963454585453,0.4451377126357761
7,RBM39,1.8142676,,0.06963653272234983,0.4461472789743457
7,GRB2,1.8114836,,0.07006602752975517,0.4461472789743457
7,CTNNAL1,1.8112516,,0.07010191667860538,0.4461472789743457
7,EIF2S1,1.8091636,,0.07042559834470617,0.4461472789743457
7,EIF2B1,1.8086995,,0.0704976938553517,0.4461472789743457
7,PSMC6,1.8077716,,0.07064206650643982,0.4461472789743457
7,FUS,1.8073075,,0.07071434371743379,0.4461472789743457
7,FNTA,1.7980274,,0.07217266872728711,0.453916155517529
7,FAM96A,1.7952434,,0.07261493817562771,0.4549675909833868
7,DDX46,1.7938514,,0.07283690342582949,0.4549675909833868
7,SF3B5,1.7926913,,0.07302229835283358,0.4549675909833868
7,MFSD10,1.7910672,,0.07328249975333737,0.45517080592135006
7,TNFRSF17,1.7857312,,0.07414279200587592,0.4590884953924206
7,ACADVL,1.7824831,,0.07467047744170385,0.46092887309693736
7,RP11-139H15.1,1.7803952,,0.07501132097823858,0.4616081290968528
7,MTERFD2,1.777147,,0.07554404645382148,0.46346040769215635
7,PPIG,1.773667,,0.0761182462777997,0.46555502310580854
7,TADA2A,1.7599788,,0.07841140078776565,0.477131039748136
7,TIMMDC1,1.7595148,,0.07849010951561426,0.477131039748136
7,DERL1,1.7581228,,0.07872662155844244,0.477131039748136
7,C14orf1,1.7469866,,0.0806396617772269,0.48626616839503517
7,GZMB,1.7465225,,0.08072018395357584,0.48626616839503517
7,MED28,1.7428105,,0.08136671448643722,0.487225835248127
7,YWHAB,1.7428105,,0.08136671448643722,0.487225835248127
7,ITSN2,1.7358505,,0.0825902836916732,0.4930763205473027
7,MORF4L2,1.7335304,,0.08300143914292271,0.49405618537453994
7,CCL5,1.7251782,,0.08449535009898872,0.5014560836735235
7,ATP5D,1.7186822,,0.08567225977930408,0.5061896119695941
7,MZB1,1.7179861,,0.08579913922884622,0.5061896119695941
7,RPL39L,1.7140421,,0.08652099373285795,0.5074545086971141
7,YWHAG,1.7140421,,0.08652099373285795,0.5074545086971141
7,IGJ,1.70917,,0.0874194588950934,0.5092750001197516
7,DOHH,1.70685,,0.08784993752065713,0.5092750001197516
7,SURF1,1.70685,,0.08784993752065713,0.5092750001197516
7,ATP5O,1.704762,,0.08823882854300463,0.5100510320404893
7,FAM173A,1.6959459,,0.08989613980994203,0.5176871852342567
7,STT3A,1.6945539,,0.09016009646341251,0.5176871852342567
7,ACBD3,1.6936258,,0.0903364138233778,0.5176871852342567
7,AIM2,1.6889857,,0.09122216636185201,0.5197844237142565
7,DNMT3A,1.6889857,,0.09122216636185201,0.5197844237142565
7,DPH6,1.6868976,,0.09162302649089556,0.5205853777891793
7,GID8,1.6843456,,0.09211488781413014,0.521286649350513
7,SH3BP1,1.6829536,,0.09238406848966314,0.521286649350513
7,C14orf80,1.6813296,,0.09269891063534914,0.521286649350513
7,NUDCD1,1.6808656,,0.09278902358439131,0.521286649350513
7,TLE4,1.6769215,,0.09355782597362533,0.5241334788438394
7,SAAL1,1.6743695,,0.09405800348610646,0.5254637066262932
7,PHF14,1.6704254,,0.09483522011279426,0.5268623339599681
7,ECHDC1,1.6690334,,0.09511075732207301,0.526929403446388
7,LITAF,1.6634654,,0.0962193247811752,0.5315984794540066
7,UBE2D3,1.6606812,,0.09677747303831771,0.5332092178419708
7,FBXO33,1.6578972,,0.09733820781507481,0.5346444520532868
7,TASP1,1.6567372,,0.09757261249972483,0.5346444520532868
7,ITM2A,1.6518651,,0.09856204266313678,0.537638640010173
7,RPL7L1,1.6514012,,0.09865669044186674,0.537638640010173
7,STK17A,1.6474571,,0.0994641294321086,0.5405659208266772
7,IFI35,1.644673,,0.10003725414760986,0.542207339553441
7,RMND5A,1.642121,,0.10056492889666442,0.5435942102522401
7,CLPX,1.640729,,0.10085368512853694,0.5436856341161022
7,MRPS23,1.6356249,,0.10191811401066607,0.5479468495197101
7,GABARAPL2,1.6314489,,0.10279564551267312,0.5501324009966275
7,TRUB2,1.6300569,,0.10308948787701429,0.5501324009966275
7,KIAA0125,1.6270407,,0.10372843751239705,0.5501324009966275
7,CCL3,1.6263448,,0.10387633344699186,0.5501324009966275
7,SEPT11,1.6261128,,0.10392566930960144,0.5501324009966275
7,C12orf10,1.6258807,,0.1039750237883626,0.5501324009966275
7,BNIP2,1.6175287,,0.10576422019381274,0.5526819748320654
7,MAPK1IP1L,1.6175287,,0.10576422019381274,0.5526819748320654
7,FBXO4,1.6170646,,0.10586433166222124,0.5526819748320654
7,FERMT3,1.6166006,,0.10596451827539581,0.5526819748320654
7,RAB7A,1.6159046,,0.10611493916775655,0.5526819748320654
7,MAP3K7,1.6159046,,0.10611493916775655,0.5526819748320654
7,MRPL40,1.6124246,,0.10686958505131175,0.5551666755912299
7,IGLL5,1.6103365,,0.10732440994420585,0.5560850256176468
7,EHMT2,1.6082485,,0.10778076672916605,0.5566189923339547
7,TMEM9B,1.6073204,,0.10798408451278722,0.5566189923339547
7,PYCARD,1.6022164,,0.10910776479152483,0.558704418685651
7,CD19,1.6017524,,0.10921037438578857,0.558704418685651
7,MESDC2,1.5994323,,0.10972456740347701,0.558704418685651
7,INTS12,1.5980403,,0.11003400049602721,0.558704418685651
7,CHERP,1.5971123,,0.1102406720011841,0.558704418685651
7,METTL3,1.5966483,,0.11034412269041609,0.558704418685651
7,ABT1,1.5943283,,0.11086252688384907,0.5599117519386316
7,UBE2L6,1.5922402,,0.11133073305346164,0.5608601161383457
7,C19orf52,1.5899202,,0.11185279097108498,0.5620743264878643
7,BOLA1,1.5813361,,0.11380121376215346,0.5690060688107673
7,PPIE,1.5813361,,0.11380121376215346,0.5690060688107673
7,RP11-792A8.4,1.576232,,0.11497234542601507,0.5720864153983823
7,N4BP2L1,1.574376,,0.11540055454498518,0.5720864153983823
7,UBA5,1.573912,,0.11550780253527741,0.5720864153983823
7,NARG2,1.5736799,,0.11556145591047325,0.5720864153983823
7,C18orf21,1.5711279,,0.11615293707304708,0.5721011173301452
7,INIP,1.5711279,,0.11615293707304708,0.5721011173301452
7,PGRMC1,1.5699679,,0.11642257737668456,0.5721011173301452
7,SIAH2,1.5655599,,0.11745169766107544,0.5757436159856639
7,UIMC1,1.5613837,,0.11843322709850508,0.5791355848337657
7,CISD1,1.5599917,,0.11876182922585636,0.5793259962236896
7,GOSR2,1.5518717,,0.12069294163491798,0.5873135845981411
7,RAD23A,1.5497836,,0.12119346432444816,0.5883177879827581
7,RCHY1,1.5460715,,0.1220872901106004,0.5901972816885174
7,PNPLA8,1.5439835,,0.12259232678279212,0.5901972816885174
7,LYRM4,1.5432875,,0.12276103459121161,0.5901972816885174
7,SNW1,1.5432875,,0.12276103459121161,0.5901972816885174
7,LRCH4,1.5358634,,0.12457188892592566,0.5974670931699073
7,NKIRAS2,1.5330794,,0.12525630576474459,0.5993124677738976
7,UBB,1.5279753,,0.12651867835606295,0.6000538123731282
7,RPUSD3,1.5270473,,0.12674926122800267,0.6000538123731282
7,ZAP70,1.5261192,,0.1269801710954904,0.6000538123731282
7,CCDC94,1.5258873,,0.1270379496864259,0.6000538123731282
7,PLEKHF1,1.5254233,,0.1271535682461013,0.6000538123731282
7,VTI1A,1.5251912,,0.12721140822310317,0.6000538123731282
7,OTUD5,1.5226392,,0.12784899991685814,0.6013214395450215
7,INO80C,1.5217112,,0.12808146662308958,0.6013214395450215
7,RARS,1.5168391,,0.12930731263809186,0.6056548601315779
7,PLEKHA3,1.510807,,0.13083762878557217,0.611390788717627
7,RCN2,1.505703,,0.13214345150779894,0.615923882199694
7,DDX56,1.5036149,,0.13268055286888736,0.615923882199694
7,PARL,1.5033829,,0.13274033499877716,0.615923882199694
7,MRPL42,1.5022229,,0.13303955855513389,0.615923882199694
7,SCP2,1.4992068,,0.13381998347739107,0.6181061592489195
7,RAB8B,1.4908547,,0.13599964587115237,0.6244107213924952
7,GCA,1.4903907,,0.13612153726356396,0.6244107213924952
7,PRKD2,1.4825026,,0.138206618522207,0.6325245698956842
7,ATP5H,1.4811106,,0.13857711556539437,0.6327722171935816
7,ZNF593,1.4764705,,0.1398176330340393,0.6343504514418801
7,NKAP,1.4764705,,0.1398176330340393,0.6343504514418801
7,CD74,1.4755424,,0.14006675885905967,0.6343504514418801
7,THEM4,1.4750785,,0.1401914497686555,0.6343504514418801
7,TSSC1,1.4646384,,0.14301962552404446,0.645686796948282
7,LAMTOR1,1.4606942,,0.14409936926503072,0.6479068146865575
7,BOLA3,1.4562862,,0.14531352505590311,0.6479068146865575
7,UTP6,1.4562862,,0.14531352505590311,0.6479068146865575
7,TINF2,1.4555901,,0.1455059479606514,0.6479068146865575
7,SARS,1.4546622,,0.14576281525284937,0.6479068146865575
7,TDG,1.4541981,,0.14589137900527413,0.6479068146865575
7,ZNF330,1.449558,,0.14718179444506552,0.6479068146865575
7,RWDD4,1.449094,,0.14731131445780354,0.6479068146865575
7,LARS,1.4486301,,0.14744092158777183,0.6479068146865575
7,GINM1,1.446542,,0.14802523257037445,0.6479068146865575
7,ITGB7,1.444918,,0.14848091852499937,0.6479068146865575
7,LGALS1,1.444686,,0.14854610388065023,0.6479068146865575
7,MPST,1.444686,,0.14854610388065023,0.6479068146865575
7,SELL,1.44399,,0.1487417910747665,0.6479068146865575
7,SNRNP27,1.443526,,0.14887235851494443,0.6479068146865575
7,PLEKHB2,1.442366,,0.14919915992533017,0.6479068146865575
7,TIMM10B,1.4405099,,0.149723180663706,0.6479068146865575
7,MLEC,1.439814,,0.14992005002404815,0.6479068146865575
7,CRLS1,1.4395819,,0.14998571700282504,0.6479068146865575
7,TIGIT,1.438422,,0.15031438100728137,0.6479068146865575
7,TMEM199,1.438422,,0.15031438100728137,0.6479068146865575
7,SNX17,1.4305338,,0.15256387633324764,0.6540680499625717
7,GOLT1B,1.4293737,,0.15289683398754317,0.6540680499625717
7,GNLY,1.4277498,,0.1533639030663769,0.6540680499625717
7,TMEM222,1.4272858,,0.15349755046653527,0.6540680499625717
7,MRPS18A,1.4263577,,0.15376511091689632,0.6540680499625717
7,RALBP1,1.4256617,,0.1539660138159221,0.6540680499625717
7,RRS1,1.4254297,,0.15403302576618563,0.6540680499625717
7,RTFDC1,1.4210217,,0.15531046837688797,0.6561725863124166
7,DCP2,1.4205576,,0.1554454025214751,0.6561725863124166
7,DDX1,1.4203256,,0.15551290295604273,0.6561725863124166
7,PRMT2,1.4159175,,0.15679964224559842,0.6583911611858732
7,DSCR3,1.4154536,,0.1569355566946013,0.6583911611858732
7,RNF187,1.4129015,,0.15768468310401662,0.6583911611858732
7,ZMAT5,1.4129015,,0.15768468310401662,0.6583911611858732
7,HDDC3,1.4129015,,0.15768468310401662,0.6583911611858732
7,NIT2,1.4084934,,0.15898500527189163,0.6619170850758311
7,PWP1,1.4077975,,0.15919105896073737,0.6619170850758311
7,UBE2D2,1.4064054,,0.15960377243339396,0.6622563171510123
7,RAB1B,1.4052454,,0.15994831811175214,0.6623118762391393
7,PASK,1.4001414,,0.16147100298354455,0.6672355495187792
7,DESI1,1.3952693,,0.16293466176781857,0.6698385216405951
7,SNHG8,1.3931812,,0.1635649983899502,0.6698385216405951
7,TMEM18,1.3931812,,0.1635649983899502,0.6698385216405951
7,SRSF6,1.3924853,,0.1637755185411255,0.6698385216405951
7,RBM7,1.3908612,,0.1642675262384098,0.6704796989322849
7,ELP5,1.3873811,,0.16532557651014135,0.6734239369048528
7,ECSIT,1.384829,,0.16610473391423497,0.6745020134129266
7,SPNS1,1.383669,,0.1664598079976788,0.6745020134129266
7,TMEM165,1.383205,,0.16660199731299286,0.6745020134129266
7,MGMT,1.3813491,,0.16717166774170178,0.6754410817846537
7,METTL21A,1.377637,,0.16831539760333725,0.6779025185010406
7,RGS19,1.377173,,0.16845877584750857,0.6779025185010406
7,C17orf62,1.3725328,,0.16989760362910922,0.6823196932895953
7,CAPZB,1.3683568,,0.1712004075367688,0.6861739781032817
7,PLRG1,1.3651088,,0.17221886010783638,0.6888754404313455
7,MYO9B,1.3607007,,0.17360828644699622,0.6930470516846157
7,SAFB2,1.3569887,,0.17478481209197627,0.6952625927422544
7,CSNK2B,1.3567567,,0.174858542074677,0.6952625927422544
7,TMEM87A,1.3542047,,0.17567110459729662,0.6971075579257803
7,HINT1,1.3521166,,0.17633802063810178,0.6983683985667397
7,PHF3,1.3423724,,0.1794752652974394,0.709388400385136
7,ISY1,1.3393564,,0.1804546771213691,0.7118527697095427
7,CDC37,1.3351803,,0.18181733206301376,0.7158162679646211
7,CPSF3L,1.3286842,,0.1839521685054406,0.7216813902724073
7,AP3S1,1.3284522,,0.18402875451946388,0.7216813902724073
7,TMEM14C,1.3242762,,0.18541134276739646,0.7256804022207297
7,DYNLL1,1.314532,,0.18866723040399302,0.7369813687655977
7,SRP72,1.3103559,,0.19007544638629492,0.7410348786990055
7,TRAPPC3,1.2941157,,0.1956254566501816,0.7611885472769712
7,TMEM14B,1.2808915,,0.20023177658650027,0.7758529045274905
7,POLDIP2,1.2799635,,0.20055797582035628,0.7758529045274905
7,SRPR,1.2776434,,0.2013751704735658,0.7763276428423539
7,DENND2D,1.2774115,,0.20145702331759086,0.7763276428423539
7,COPS4,1.2755554,,0.20211271972917366,0.7773566143429756
7,STK38,1.2662753,,0.20541454263479408,0.7885395110740655
7,SMIM7,1.2579231,,0.2084195481696547,0.7985423301519337
7,ATP6V0E2,1.2528191,,0.2102715566696839,0.8028855761523429
7,MOB2,1.2525871,,0.21035602095191386,0.8028855761523429
7,CDC40,1.242379,,0.2140967895701552,0.81316112827351
7,SAMSN1,1.2419149,,0.21426795730006987,0.81316112827351
7,ADD1,1.2307787,,0.21840562789561258,0.8272940450591385
7,SSBP1,1.2293867,,0.21892684621547265,0.8277007418354353
7,OXLD1,1.2266027,,0.21997196159478005,0.8300828739425662
7,HLA-DRB1,1.2240506,,0.22093312453241953,0.8321398287473428
7,GRPEL1,1.2214986,,0.2218972946675889,0.8340389515876699
7,ATP6V1F,1.2196425,,0.222600399906287,0.8340389515876699
7,C9orf142,1.2194105,,0.2226884000739079,0.8340389515876699
7,OAS1,1.2170905,,0.2235697715988224,0.8347292152399391
7,HNRNPL,1.2156985,,0.22409979064211893,0.8347292152399391
7,LAT2,1.2150025,,0.22436513677014902,0.8347292152399391
7,NARS,1.2145385,,0.22454215889954365,0.8347292152399391
7,CDV3,1.2103624,,0.22613985076626064,0.8391089082236016
7,HLA-DPB1,1.2071143,,0.22738809659940462,0.8406214292029746
7,RPL8,1.2071143,,0.22738809659940462,0.8406214292029746
7,STUB1,1.2034023,,0.2288206681270648,0.8443567089559586
7,ORMDL2,1.2003863,,0.22998935470662696,0.8471062788457714
7,ANKRD9,1.1943542,,0.2323394489367805,0.8537215081075455
7,CYB5B,1.1931942,,0.2327933370804629,0.8537215081075455
7,ZC3H15,1.1924982,,0.23306597171335997,0.8537215081075455
7,FANCI,1.1901782,,0.23397638908993768,0.8554895396341413
7,ITGA2B,1.1878581,,0.23488932383414063,0.8572603059640168
7,IL16,1.18461,,0.23617166552073865,0.8592477442346862
7,RIC3,1.184146,,0.23635526061631673,0.8592477442346862
7,TSPAN33,1.183218,,0.23672275353665606,0.8592477442346862
7,COQ7,1.179042,,0.23838146983779573,0.8624732755766492
7,BLM,1.17881,,0.23847386069694354,0.8624732755766492
7,DDX17,1.176258,,0.23949182847527029,0.8645914385388819
7,GTF3A,1.1734738,,0.2406058292196932,0.866157735019437
7,SAMD9L,1.1730099,,0.2407918503354035,0.866157735019437
7,DGKZ,1.1679058,,0.24284477011855432,0.8696741245726597
7,HLA-DMA,1.1646577,,0.24415756305971148,0.8696741245726597
7,FASTKD1,1.1646577,,0.24415756305971148,0.8696741245726597
7,TRADD,1.1641937,,0.244345510958086,0.8696741245726597
7,MPP6,1.1641937,,0.244345510958086,0.8696741245726597
7,TMX2,1.1634977,,0.24462762322721532,0.8696741245726597
7,LIN52,1.1609457,,0.2456639906103275,0.8696741245726597
7,PPP2R1B,1.1600176,,0.24604161376957634,0.8696741245726597
7,JAKMIP1,1.1600176,,0.24604161376957634,0.8696741245726597
7,EMG1,1.1597856,,0.24613608310734325,0.8696741245726597
7,AP4S1,1.1576977,,0.24698745137863531,0.8696741245726597
7,SLC19A1,1.1553776,,0.24793583282594256,0.871479201497162
7,ZNF747,1.1507375,,0.24984023410543577,0.8766324003699502
7,PARP1,1.1467935,,0.25146699106853987,0.878725414030189
7,DDI2,1.1460974,,0.25175483111964914,0.878725414030189
7,TRIT1,1.1460974,,0.25175483111964914,0.878725414030189
7,CCP110,1.1414574,,0.2536796370123109,0.8823639548254293
7,CCDC91,1.1414574,,0.2536796370123109,0.8823639548254293
7,ARID4A,1.1386733,,0.2548394261386546,0.8848591185369953
7,RNF7,1.1328733,,0.25726748401470867,0.8912108171338493
7,ARHGAP18,1.1321772,,0.25755992615168244,0.8912108171338493
7,CUL4B,1.1289291,,0.25892770498238504,0.8943962175557343
7,SUV420H2,1.1228971,,0.26148119920946433,0.9016593076188426
7,ANKRD27,1.115937,,0.26444910504585817,0.9095881472218119
7,RP11-349A22.5,1.114313,,0.26514494491515816,0.9095881472218119
7,AATF,1.114313,,0.26514494491515816,0.9095881472218119
7,EIF1B,1.111761,,0.26624095422220395,0.9117840898020684
7,ADAL,1.1061928,,0.2686430587188644,0.9168705075729161
7,PEX26,1.1010888,,0.2708580249180481,0.9222430934238665
7,ADIPOR2,1.0996968,,0.27146427260302786,0.9222430934238665
7,UBXN4,1.0973767,,0.27247674943266675,0.9222430934238665
7,GIT2,1.0969127,,0.27267955448311176,0.9222430934238665
7,UBE2Q1,1.0964487,,0.27288246278257877,0.9222430934238665
7,ING5,1.0962167,,0.27298395565346445,0.9222430934238665
7,EFHD2,1.0908806,,0.2753254189832949,0.9259441970061862
7,TMEM102,1.0904166,,0.2755296703113378,0.9259441970061862
7,C9orf16,1.0880966,,0.27655247765714175,0.9259441970061862
7,ANKHD1,1.0867045,,0.27716740292403785,0.9259441970061862
7,C1orf86,1.0857766,,0.277577870261419,0.9259441970061862
7,PPP6C,1.0855446,,0.27768055174983397,0.9259441970061862
7,DHRS4,1.0853125,,0.27778325910185586,0.9259441970061862
7,MYADM,1.0825285,,0.27901776504339093,0.9276540805839598
7,MIS18A,1.0820645,,0.2792238782557719,0.9276540805839598
7,R3HDM2,1.0802084,,0.2800493663052359,0.9280102888281023
7,NNT-AS1,1.0788164,,0.2806695695117738,0.9280102888281023
7,RBM48,1.0778884,,0.2810835561265673,0.9280102888281023
7,SDHAF2,1.0776564,,0.281187117514915,0.9280102888281023
7,PDCD2L,1.0741763,,0.28274364631826665,0.9304198096829055
7,RFXANK,1.0739443,,0.28284762214360326,0.9304198096829055
7,AQP3,1.0660563,,0.2863982219678538,0.9405524530964
7,KIAA0196,1.0648962,,0.2869228971518464,0.9407308103339226
7,GSTZ1,1.0635042,,0.2875533634416302,0.9412548721493623
7,REEP3,1.0611842,,0.2886062163279478,0.9423070091953116
7,FLOT1,1.0607202,,0.288817098318363,0.9423070091953116
7,ACOT13,1.052832,,0.2924179807686603,0.9523368707872321
7,IDI1,1.051904,,0.29284358776707387,0.9523368707872321
7,VTI1B,1.048656,,0.2943364859358698,0.9534585907553874
7,NEMF,1.047264,,0.29497785861270387,0.9534585907553874
7,SMIM12,1.0451759,,0.29594167207177824,0.9534585907553874
7,BAG5,1.0449439,,0.2960488924295478,0.9534585907553874
7,FEM1B,1.0449439,,0.2960488924295478,0.9534585907553874
7,POLR3E,1.0416958,,0.29755270732422956,0.9564144100789194
7,PDK2,1.0403038,,0.29819875957029285,0.9564144100789194
7,NDUFS1,1.0375198,,0.29949367288967543,0.9564144100789194
7,SIRT6,1.0370559,,0.29970985592673616,0.9564144100789194
7,PPIL2,1.0370559,,0.29970985592673616,0.9564144100789194
7,SSBP3,1.0365918,,0.29992614301636855,0.9564144100789194
7,MLX,1.0351998,,0.300575628635406,0.9564144100789194
7,TAOK3,1.0347358,,0.30079233196982014,0.9564144100789194
7,OCIAD1,1.0314877,,0.3023121694400861,0.9597211728256702
7,CDC16,1.0300957,,0.3029650896685361,0.960269697840051
7,TAPBP,1.0284717,,0.3037280140823936,0.9611646015265619
7,ATG4C,1.0254556,,0.3051482573736213,0.964133514608598
7,RIT1,1.0235996,,0.30602443986504735,0.964547230938001
7,TTC3,1.0231355,,0.3062437458228153,0.964547230938001
7,COMMD8,1.0189595,,0.30822218592844663,0.9658216316835667
7,ICOS,1.0189595,,0.30822218592844663,0.9658216316835667
7,PPIL4,1.0166395,,0.3093249647095411,0.9658216316835667
7,RNF113A,1.0164075,,0.30943538581132,0.9658216316835667
7,ACTR6,1.0161755,,0.30954583295458316,0.9658216316835667
7,NKTR,1.0150155,,0.3100984592998982,0.9660388140183744
7,TFAM,1.0115354,,0.31176024481204945,0.9681995180498429
7,UCK1,1.0115354,,0.31176024481204945,0.9681995180498429
7,AP3M2,1.0101434,,0.31242659982355403,0.9687646506156714
7,HLA-DRA,1.0089834,,0.3129826119243009,0.9689864146263185
7,IRF9,1.0045753,,0.3151013965773303,0.9740383201772187
7,TMEM251,1.0022553,,0.31622032330903305,0.9759886521883736
7,APOBEC3B,1.0003992,,0.3171173401711167,0.9764364765260218
7,ALKBH7,0.9999352,,0.3173418548709571,0.9764364765260218
7,RBBP6,0.99691916,,0.31880374014092594,0.9792999614929186
7,CAPZA2,0.9911191,,0.3216274307446162,0.9792999614929186
7,YTHDF2,0.9908871,,0.321740716981303,0.9792999614929186
7,WDR55,0.99065506,,0.321854029264278,0.9792999614929186
7,PIGF,0.99065506,,0.321854029264278,0.9792999614929186
7,SNAP47,0.9883351,,0.32298858461381075,0.9792999614929186
7,FBXO21,0.986943,,0.32367056798693494,0.9792999614929186
7,BZRAP1-AS1,0.98647904,,0.3238981041316008,0.9792999614929186
7,GPATCH4,0.986015,,0.3241257444509613,0.9792999614929186
7,QRICH1,0.986015,,0.3241257444509613,0.9792999614929186
7,UBLCP1,0.983695,,0.3252655086197297,0.9792999614929186
7,XXbac-BPG299F13.17,0.98160696,,0.32629352292331526,0.9792999614929186
7,RMDN3,0.98044693,,0.32686555337655476,0.9792999614929186
7,MID1IP1,0.9799829,,0.32709454782853464,0.9792999614929186
7,HOPX,0.9792869,,0.32743823479052214,0.9792999614929186
7,CHI3L2,0.9790549,,0.3275528491859311,0.9792999614929186
7,S1PR5,0.97696686,,0.3285855503759799,0.9792999614929186
7,RBCK1,0.9767349,,0.32870042512899,0.9792999614929186
7,CD79A,0.97627085,,0.3289302527374779,0.9792999614929186
7,HLA-DPA1,0.97534287,,0.32939022035622045,0.9792999614929186
7,HCCS,0.9744148,,0.32985060449479586,0.9792999614929186
7,BLNK,0.9744148,,0.32985060449479586,0.9792999614929186
7,PGRMC2,0.97348684,,0.33031140513353385,0.9792999614929186
7,ABHD13,0.9720948,,0.3310033869846065,0.9792999614929186
7,DDB2,0.9720948,,0.3310033869846065,0.9792999614929186
7,SF3B1,0.9720948,,0.3310033869846065,0.9792999614929186
7,NOC4L,0.96745473,,0.33331675999756116,0.9846876218539472
7,RFC1,0.9642067,,0.3349423141757125,0.988030425297087
7,RIOK2,0.9628147,,0.3356405412022334,0.9884668640982712
7,UBAC2,0.96165466,,0.3362231123918107,0.9884668640982712
7,ACTL6A,0.96095866,,0.3365729672254614,0.9884668640982712
7,CTSW,0.9574786,,0.33832575224207684,0.9898420475715745
7,PACSIN2,0.9567826,,0.3386770113200912,0.9898420475715745
7,JAGN1,0.95492655,,0.33961484611682324,0.9898420475715745
7,LUC7L,0.9544625,,0.33984956477470807,0.9898420475715745
7,C17orf59,0.95353454,,0.34031931400975624,0.9898420475715745
7,HLA-DQA1,0.9530705,,0.3405543445778286,0.9898420475715745
7,CD72,0.9516785,,0.34126006002870934,0.9898420475715745
7,SNX14,0.9512145,,0.3414955064121932,0.9898420475715745
7,GNS,0.9512145,,0.3414955064121932,0.9898420475715745
7,IL23A,0.94889444,,0.3426742973613446,0.9918214105972347
7,NUP54,0.9465744,,0.3438556862392309,0.9931348064812946
7,GLB1,0.9451824,,0.3445657663036851,0.9931348064812946
7,DNAJA3,0.9442544,,0.34503967239851263,0.9931348064812946
7,CHD2,0.9430944,,0.34563263924834187,0.9931348064812946
7,HAVCR2,0.94239837,,0.34598873091475413,0.9931348064812946
7,PMF1,0.9421663,,0.34610748005873115,0.9931348064812946
7,PRKCB,0.9389183,,0.3477726935144576,0.9938628882265157
7,NIT1,0.93729424,,0.348607207649807,0.9938628882265157
7,TTC38,0.93729424,,0.348607207649807,0.9938628882265157
7,RELB,0.93729424,,0.348607207649807,0.9938628882265157
7,OASL,0.9368303,,0.348845873767507,0.9938628882265157
7,HLA-DQB1,0.9312622,,0.3517179593792613,0.9960553617463628
7,SNRNP35,0.93033415,,0.35219809229963606,0.9960553617463628
7,STX18,0.93033415,,0.35219809229963606,0.9960553617463628
7,SETX,0.9284781,,0.35315960220863685,0.9960553617463628
7,GSN,0.92476606,,0.3550875967046119,0.9960553617463628
7,CAT,0.9245341,,0.35520831652917007,0.9960553617463628
7,C3orf38,0.92337406,,0.35581230408196174,0.9960553617463628
7,MRPL1,0.921054,,0.3570222209543332,0.9960553617463628
7,RELT,0.91641396,,0.35944981831874834,0.9960553617463628
7,CAMK1D,0.9140939,,0.360667496773306,0.9960553617463628
7,TMEM80,0.9140939,,0.360667496773306,0.9960553617463628
7,LIX1L,0.9140939,,0.360667496773306,0.9960553617463628
7,CLNS1A,0.9136299,,0.36091134271156855,0.9960553617463628
7,NOL11,0.9122379,,0.3616435008657003,0.9960553617463628
7,PI4KB,0.91177386,,0.3618877603343539,0.9960553617463628
7,ADAM10,0.90481377,,0.36556405056616115,0.9960553617463628
7,ARL16,0.90156573,,0.36728760269295446,0.9960553617463628
7,MVB12A,0.9001737,,0.368027815392325,0.9960553617463628
7,GALK1,0.8955336,,0.37050189254606036,0.9960553617463628
7,FOPNL,0.8941416,,0.37124612506498145,0.9960553617463628
7,CCM2,0.8922856,,0.3722398768782804,0.9960553617463628
7,ACAP1,0.8913576,,0.3727373704996719,0.9960553617463628
7,EFCAB14,0.8908936,,0.3729862717008199,0.9960553617463628
7,SETD5,0.8867175,,0.37523101222324184,0.9960553617463628
7,DEXI,0.8862535,,0.37548094204252935,0.9960553617463628
7,TAF1D,0.88439745,,0.37648168919615876,0.9960553617463628
7,VAPA,0.8806854,,0.3784881148703433,0.9960553617463628
7,FN3KRP,0.87697333,,0.38050111058495417,0.9960553617463628
7,CEPT1,0.87697333,,0.38050111058495417,0.9960553617463628
7,MZT1,0.87650937,,0.3807531966929376,0.9960553617463628
7,CCND2,0.87465334,,0.38176256645774453,0.9960553617463628
7,LTV1,0.87465334,,0.38176256645774453,0.9960553617463628
7,DUS3L,0.8723333,,0.3830265847081463,0.9960553617463628
7,BTN3A1,0.87047726,,0.3840396431377603,0.9960553617463628
7,RABIF,0.87001324,,0.3842931637236232,0.9960553617463628
7,ATPAF1,0.86862123,,0.3850543396177769,0.9960553617463628
7,CCDC174,0.86862123,,0.3850543396177769,0.9960553617463628
7,MAP3K8,0.8676932,,0.38556230186077745,0.9960553617463628
7,TMBIM6,0.8672292,,0.38581643643601593,0.9960553617463628
7,BTN3A2,0.8667652,,0.38607067329570566,0.9960553617463628
7,GGA2,0.8653732,,0.3868339974453139,0.9960553617463628
7,DENND1C,0.86444515,,0.3873433913834644,0.9960553617463628
7,OAZ1,0.86351717,,0.38785319413018504,0.9960553617463628
7,NDUFA10,0.86282116,,0.38823581440391663,0.9960553617463628
7,CYTH2,0.8607331,,0.3893850541046532,0.9960553617463628
7,NUPL2,0.8602691,,0.38964072149693063,0.9960553617463628
7,PPP1R8,0.8584131,,0.39066441167606347,0.9960553617463628
7,NBR1,0.8584131,,0.39066441167606347,0.9960553617463628
7,SMDT1,0.855629,,0.3922030071828233,0.9960553617463628
7,MARCH5,0.852845,,0.39374527215589994,0.9960553617463628
7,CXXC1,0.85191697,,0.39426017536064917,0.9960553617463628
7,DMAP1,0.84449285,,0.39839405124097116,0.9960553617463628
7,KIAA0040,0.8421728,,0.39969122239118227,0.9960553617463628
7,YIPF5,0.8356767,,0.4033367917958831,0.9960553617463628
7,PPP1R2,0.8352127,,0.40359794950734695,0.9960553617463628
7,PHKG2,0.8352127,,0.40359794950734695,0.9960553617463628
7,IRAK4,0.83289266,,0.40490525617136985,0.9960553617463628
7,LUC7L3,0.83080465,,0.4060839941859776,0.9960553617463628
7,GFER,0.8282526,,0.4075274531344476,0.9960553617463628
7,RNF125,0.8282526,,0.4075274531344476,0.9960553617463628
7,ZYX,0.82175654,,0.41121548760519966,0.9960553617463628
7,NME3,0.8210605,,0.4116118058593681,0.9960553617463628
7,NDUFAF4,0.81062037,,0.41758372978471947,0.9960553617463628
7,ARF6,0.8096923,,0.41811702702933673,0.9960553617463628
7,IRF7,0.8036602,,0.4215932232754164,0.9960553617463628
7,DPY30,0.80342823,,0.4217272607707441,0.9960553617463628
7,CD82,0.8004122,,0.42347202106262083,0.9960553617463628
7,ARL4A,0.8004122,,0.42347202106262083,0.9960553617463628
7,NSA2,0.7994842,,0.42400971905439166,0.9960553617463628
7,TRAF3IP3,0.79925215,,0.42414420591569,0.9960553617463628
7,DIMT1,0.7980921,,0.42481701427161056,0.9960553617463628
7,CD247,0.79507613,,0.42656923163200255,0.9960553617463628
7,CTA-29F11.1,0.7934521,,0.4275144761370615,0.9960553617463628
7,VPS26B,0.79252404,,0.4280551631359628,0.9960553617463628
7,SRGN,0.7920601,,0.4283256558239552,0.9960553617463628
7,HBP1,0.78881204,,0.43022188746325374,0.9960553617463628
7,ASB8,0.78463596,,0.43266704643243403,0.9960553617463628
7,CCDC115,0.78393996,,0.43307535359453064,0.9960553617463628
7,MRPL21,0.7816199,,0.4344379864792347,0.9960553617463628
7,BAZ2A,0.7781398,,0.436486572197075,0.9960553617463628
7,ATF7IP2,0.7693237,,0.4417011618158285,0.9960553617463628
7,TMEM242,0.7651476,,0.44418362709460213,0.9960553617463628
7,VPS25,0.75957954,,0.4475059364211531,0.9960553617463628
7,SCFD1,0.75865155,,0.4480610248191733,0.9960553617463628
7,PQBP1,0.7570275,,0.4490333700967525,0.9960553617463628
7,MAEA,0.7540115,,0.4508423268541669,0.9960553617463628
7,TGOLN2,0.75192344,,0.45209709456509717,0.9960553617463628
7,SMAP2,0.7468194,,0.4551725997937607,0.9960553617463628
7,TPD52L2,0.74473137,,0.45643414840631424,0.9960553617463628
7,IL1B,0.7424113,,0.45783817157154416,0.9960553617463628
7,SH3KBP1,0.7421793,,0.4579787070661505,0.9960553617463628
7,BLCAP,0.74009126,,0.4592446151377906,0.9960553617463628
7,C15orf57,0.73962724,,0.4595261939995763,0.9960553617463628
7,CCNG1,0.7345232,,0.4626299344561212,0.9960553617463628
7,SPON2,0.73405915,,0.46291267131959746,0.9960553617463628
7,CNIH4,0.7331312,,0.4634784339755106,0.9960553617463628
7,FKBP5,0.7261711,,0.4677339117209002,0.9960553617463628
7,RDH14,0.721531,,0.47058288211387256,0.9960553617463628
7,BTK,0.71689093,,0.4734414066982936,0.9960553617463628
7,OARD1,0.71410686,,0.47516109512276083,0.9960553617463628
7,MYCBP2,0.7122508,,0.47630945576432826,0.9960553617463628
7,RAB2A,0.70181066,,0.482797232695804,0.9960553617463628
7,U2SURP,0.6992586,,0.4843904042103375,0.9960553617463628
7,RBPJ,0.6918345,,0.4890412456366654,0.9960553617463628
7,C10orf32,0.6895145,,0.4904995513617676,0.9960553617463628
7,GRN,0.6890505,,0.490791492804462,0.9960553617463628
7,EAF2,0.6885865,,0.4910835276028508,0.9960553617463628
7,ICAM2,0.6830184,,0.494595214849204,0.9960553617463628
7,TNFRSF1A,0.6820904,,0.49518179853173305,0.9960553617463628
7,WNK1,0.6774503,2.3646328,0.4981202828021035,0.9960553617463628
7,TMED5,0.6765223,,0.4987090909219466,0.9960553617463628
7,CMTM7,0.67489827,,0.4997403947560385,0.9960553617463628
7,ORAI1,0.67281026,,0.5010680184711689,0.9960553617463628
7,HLA-DMB,0.67211425,,0.5015109746264409,0.9960553617463628
7,PRPF8,0.66538614,,0.505803552055319,0.9960553617463628
7,GIMAP2,0.66399413,,0.5066940797412914,0.9960553617463628
7,LGALS3,0.66121006,,0.5084776046149613,0.9960553617463628
7,PTPN7,0.66121006,,0.5084776046149613,0.9960553617463628
7,FCGR3A,0.6519299,,0.5144463771448793,0.9960553617463628
7,NCR3,0.6514659,,0.5147457690189281,0.9960553617463628
7,NT5C3A,0.65100193,,0.5150452514082653,0.9960553617463628
7,ARPP19,0.64960986,,0.515944241296423,0.9960553617463628
7,ISCA2,0.6403298,,0.5219582425417095,0.9960553617463628
7,SELPLG,0.6380097,,0.5234673553816469,0.9960553617463628
7,ANAPC13,0.6366177,,0.5243738964101708,0.9960553617463628
7,GIMAP4,0.63452965,,0.5257352145995532,0.9960553617463628
7,YIPF3,0.6143454,,0.5389871370133712,0.9960553617463628
7,STX4,0.61109734,,0.5411351630743076,0.9960553617463628
7,CTD-2541M15.1,0.60761726,,0.5434413551345072,0.9960553617463628
7,RP11-110I1.14,0.60715324,,0.5437492166331075,0.9960553617463628
7,MARCKSL1,0.6050652,,0.5451356662287787,0.9960553617463628
7,RP11-647K16.1,0.6050652,,0.5451356662287787,0.9960553617463628
7,MYH10,0.6039052,,0.5459066736067295,0.9960553617463628
7,ARHGAP11A,0.6039052,,0.5459066736067295,0.9960553617463628
7,SMTN,0.60297716,,0.5465238685648341,0.9960553617463628
7,RP11-324I22.4,0.60297716,,0.5465238685648341,0.9960553617463628
7,LAMTOR5,0.60135317,,0.5476047908038557,0.9960553617463628
7,RPS6KL1,0.60088915,,0.547913819797049,0.9960553617463628
7,TTC8,0.60088915,,0.547913819797049,0.9960553617463628
7,HIST1H2AH,0.60088915,,0.547913819797049,0.9960553617463628
7,CXCR1,0.60019314,,0.5483775248507151,0.9960553617463628
7,POLA1,0.59880114,,0.5493055160610965,0.9960553617463628
7,LRRIQ3,0.59462506,,0.5520941281270211,0.9960553617463628
7,ATAD3C,0.59462506,,0.5520941281270211,0.9960553617463628
7,FBXL14,0.59462506,,0.5520941281270211,0.9960553617463628
7,NEFH,0.593001,,0.5531804625147092,0.9960553617463628
7,SEC61A2,0.590449,,0.5548896734469118,0.9960553617463628
7,RP11-145M9.4,0.590449,,0.5548896734469118,0.9960553617463628
7,OSBPL1A,0.58836097,,0.5562900362034207,0.9960553617463628
7,LYSMD4,0.58836097,,0.5562900362034207,0.9960553617463628
7,SLC16A5,0.58627295,,0.5576921203850899,0.9960553617463628
7,LZTS2,0.58627295,,0.5576921203850899,0.9960553617463628
7,PSME1,0.5860409,,0.5578480136034494,0.9960553617463628
7,GBP1,0.5851129,,0.5584717983941481,0.9960553617463628
7,CSRNP1,0.5846489,,0.5587838178626243,0.9960553617463628
7,EMB,0.5846489,,0.5587838178626243,0.9960553617463628
7,SERPINB1,0.5832569,,0.5597203840300413,0.9960553617463628
7,ZRANB3,0.5800088,,0.5619086613384866,0.9960553617463628
7,PPP6R1,0.5800088,,0.5619086613384866,0.9960553617463628
7,EOGT,0.57629675,,0.5644146014951964,0.9960553617463628
7,AL928768.3,0.5751368,,0.5651988094429372,0.9960553617463628
7,CTNND1,0.5695687,,0.5689702804567982,0.9960553617463628
7,CPNE5,0.5688727,,0.5694425582881432,0.9960553617463628
7,LDOC1L,0.5674806,,0.5703876748900262,0.9960553617463628
7,EVA1B,0.5674806,,0.5703876748900262,0.9960553617463628
7,ZNF232,0.5653926,,0.5718067498137143,0.9960553617463628
7,FAM212A,0.5653926,,0.5718067498137143,0.9960553617463628
7,IL6,0.5633046,,0.5732275010259731,0.9960553617463628
7,RP11-488C13.5,0.5633046,,0.5732275010259731,0.9960553617463628
7,CDKN2A,0.5575045,,0.5771827921642931,0.9960553617463628
7,NAPA-AS1,0.5570405,,0.5774997700816418,0.9960553617463628
7,TMEM141,0.55541646,,0.5786098377614273,0.9960553617463628
7,TTN-AS1,0.55286443,,0.5803562529802927,0.9960553617463628
7,GOLGA1,0.55077636,,0.5817869725895944,0.9960553617463628
7,PRR5L,0.54892033,,0.5830601055918359,0.9960553617463628
7,TKTL1,0.54868835,,0.5832193385275795,0.9960553617463628
7,TMEM62,0.54868835,,0.5832193385275795,0.9960553617463628
7,IRF8,0.5475283,,0.5840158071554051,0.9960553617463628
7,MTRF1,0.5445123,,0.5860889919395615,0.9960553617463628
7,CTC-444N24.11,0.5445123,,0.5860889919395615,0.9960553617463628
7,YEATS2,0.5445123,,0.5860889919395615,0.9960553617463628
7,FAM98A,0.54033625,,0.5889651781231637,0.9960553617463628
7,F13A1,0.54033625,,0.5889651781231637,0.9960553617463628
7,RP13-270P17.3,0.54033625,,0.5889651781231637,0.9960553617463628
7,RAD51B,0.54033625,,0.5889651781231637,0.9960553617463628
7,SLC25A12,0.5382482,,0.5904057099534854,0.9960553617463628
7,SNX3,0.5375522,,0.5908862474270917,0.9960553617463628
7,SREBF1,0.5345361,,0.5929706523039115,0.9960553617463628
7,AC113189.5,0.53407216,,0.5932916288215602,0.9960553617463628
7,EDC3,0.53291214,,0.5940944180479335,0.9960553617463628
7,TYW5,0.5324481,,0.5944156727815522,0.9960553617463628
7,GAS2L1,0.5319841,,0.5947370068940676,0.9960553617463628
7,HMG20A,0.5319841,,0.5947370068940676,0.9960553617463628
7,TMEM205,0.5312881,,0.5952191567897878,0.9960553617463628
7,MTIF3,0.53082407,,0.5955406891324996,0.9960553617463628
7,SENP2,0.5298961,,0.596183991383588,0.9960553617463628
7,STK11IP,0.527808,,0.59763257775985,0.9960553617463628
7,NAA25,0.52664804,,0.5984380384684324,0.9960553617463628
7,MLTK,0.526184,,0.5987603606182328,0.9960553617463628
7,PHRF1,0.52572,,0.5990827614735915,0.9960553617463628
7,DAGLB,0.52572,,0.5990827614735915,0.9960553617463628
7,WDYHV1,0.525256,,0.5994052409842967,0.9960553617463628
7,PXMP4,0.523632,,0.6005345379565978,0.9960553617463628
7,SLC25A14,0.523632,,0.6005345379565978,0.9960553617463628
7,PDE6B,0.523632,,0.6005345379565978,0.9960553617463628
7,ZFX,0.523632,,0.6005345379565978,0.9960553617463628
7,IFT20,0.522936,,0.6010188166073658,0.9960553617463628
7,RP5-1028K7.2,0.52270395,,0.6011802820092584,0.9960553617463628
7,ST20,0.5215439,,0.6019879026217406,0.9960553617463628
7,ZNF468,0.5215439,,0.6019879026217406,0.9960553617463628
7,BEX4,0.52061594,,0.6026343510557792,0.9960553617463628
7,ATG7,0.5194559,,0.6034428508630174,0.9960553617463628
7,CTC-378H22.1,0.5194559,,0.6034428508630174,0.9960553617463628
7,GLYCTK,0.5173679,,0.6048993780555915,0.9960553617463628
7,C9orf37,0.5173679,,0.6048993780555915,0.9960553617463628
7,CLYBL,0.5152798,,0.6063574795558311,0.9960553617463628
7,GGA3,0.5152798,,0.6063574795558311,0.9960553617463628
7,RORA,0.51365584,,0.6074926439267568,0.9960553617463628
7,ENTPD3-AS1,0.5111038,,0.6092783868110517,0.9960553617463628
7,SAMD3,0.50808775,,0.611391814499202,0.9960553617463628
7,TUBB1,0.5069277,,0.6122055351052822,0.9960553617463628
7,RP11-421L21.3,0.5057677,,0.6130197343564507,0.9960553617463628
7,CD96,0.50344765,,0.6146495655334256,0.9960553617463628
7,MDS2,0.50275165,,0.6151388866170385,0.9960553617463628
7,PITPNM1,0.50275165,,0.6151388866170385,0.9960553617463628
7,CNEP1R1,0.50112766,,0.6162813014912395,0.9960553617463628
7,HVCN1,0.50112766,,0.6162813014912395,0.9960553617463628
7,ZUFSP,0.50066364,,0.6166078766790977,0.9960553617463628
7,MRE11A,0.50066364,,0.6166078766790977,0.9960553617463628
7,RNF26,0.4985756,,0.6180784032280958,0.9960553617463628
7,ZNF561,0.4985756,,0.6180784032280958,0.9960553617463628
7,METTL8,0.49648756,,0.6195504614531141,0.9960553617463628
7,SMYD4,0.49648756,,0.6195504614531141,0.9960553617463628
7,IDH1,0.49486354,,0.6206964514738342,0.9960553617463628
7,RCL1,0.49439952,,0.6210240465248595,0.9960553617463628
7,SETD1B,0.4923115,,0.6224991535957098,0.9960553617463628
7,KIF3A,0.49022347,,0.6239757777997574,0.9960553617463628
7,KIAA1429,0.49022347,,0.6239757777997574,0.9960553617463628
7,PLAGL2,0.48906344,,0.6247967783341328,0.9960553617463628
7,EIF3D,0.48859945,,0.6251253090480833,0.9960553617463628
7,PPP1R14A,0.48813543,,0.6254539142528547,0.9960553617463628
7,GPR183,0.4872074,,0.6261113479193137,0.9960553617463628
7,LINC00662,0.4860474,,0.6269335580526583,0.9960553617463628
7,CPNE2,0.48395938,,0.628414704278676,0.9960553617463628
7,ARSG,0.48395938,,0.628414704278676,0.9960553617463628
7,BANP,0.48187134,,0.6298973479923111,0.9960553617463628
7,PIGU,0.48187134,,0.6298973479923111,0.9960553617463628
7,UQCC1,0.48187134,,0.6298973479923111,0.9960553617463628
7,AAR2,0.48187134,,0.6298973479923111,0.9960553617463628
7,CLEC10A,0.48187134,,0.6298973479923111,0.9960553617463628
7,TREX1,0.48024732,,0.6310515474528773,0.9960553617463628
7,UBE2D4,0.47560725,,0.6343542144023799,0.9960553617463628
7,ABHD5,0.47560725,,0.6343542144023799,0.9960553617463628
7,MTIF2,0.47514322,,0.6346848833155199,0.9960553617463628
7,ZBED5-AS1,0.4735192,,0.6358427983200778,0.9960553617463628
7,FAAH,0.4735192,,0.6358427983200778,0.9960553617463628
7,MTERFD1,0.4735192,,0.6358427983200778,0.9960553617463628
7,KDM3B,0.47143117,,0.6373328547624899,0.9960553617463628
7,ARMC7,0.46957514,,0.6386585814925111,0.9960553617463628
7,C9orf69,0.46934316,,0.6388243786833825,0.9960553617463628
7,STK32C,0.46934316,,0.6388243786833825,0.9960553617463628
7,CCDC69,0.46864712,,0.6393218785552598,0.9960553617463628
7,SEL1L,0.46725512,,0.64031736501875,0.9960553617463628
7,C5orf56,0.46679112,,0.6406493378485918,0.9960553617463628
7,NXT2,0.46516708,,0.6418118086868636,0.9960553617463628
7,CD1C,0.46516708,,0.6418118086868636,0.9960553617463628
7,MADD,0.46354306,,0.6429751580370147,0.9960553617463628
7,RASGRP4,0.46307907,,0.64330770458832,0.9960553617463628
7,NCOR2,0.46122304,,0.6446386048566363,0.9960553617463628
7,R3HDM1,0.46099102,,0.6448050476060917,0.9960553617463628
7,CIDEB,0.46099102,,0.6448050476060917,0.9960553617463628
7,SPEN,0.45890298,,0.6463038326055761,0.9960553617463628
7,MUM1,0.45890298,,0.6463038326055761,0.9960553617463628
7,NAPRT1,0.458439,,0.6466370912455388,0.9960553617463628
7,PGM2,0.45681494,,0.6478040544346466,0.9960553617463628
7,RPUSD4,0.45565495,,0.6486381299565076,0.9960553617463628
7,FAM210B,0.45565495,,0.6486381299565076,0.9960553617463628
7,CEP68,0.45472693,,0.6493057079237019,0.9960553617463628
7,CDK16,0.4531029,,0.6504746471071948,0.9960553617463628
7,PPBP,0.4526389,,0.6508087878857184,0.9960553617463628
7,PTPRN2,0.45101488,,0.6519788329509684,0.9960553617463628
7,SYVN1,0.45055085,,0.6523132891163005,0.9960553617463628
7,RNF14,0.45055085,,0.6523132891163005,0.9960553617463628
7,TCEAL8,0.45008686,,0.6526478152099398,0.9960553617463628
7,FGL2,0.45008686,,0.6526478152099398,0.9960553617463628
7,PCYT1A,0.44869483,,0.6536518124863022,0.9960553617463628
7,CD160,0.44846284,,0.6538192063937327,0.9960553617463628
7,ALKBH4,0.44846284,,0.6538192063937327,0.9960553617463628
7,GRSF1,0.44823083,,0.6539866177185618,0.9960553617463628
7,SLC35A2,0.4463748,,0.6553265344790311,0.9960553617463628
7,USP7,0.44428676,,0.6568352681159964,0.9960553617463628
7,AGPAT1,0.4401107,,0.6598569309343678,0.9960553617463628
7,SAMD4B,0.4401107,,0.6598569309343678,0.9960553617463628
7,ATP6V1C1,0.4389507,,0.6606972700334673,0.9960553617463628
7,ANTXR2,0.43871868,,0.6608653892427072,0.9960553617463628
7,SCAPER,0.43639866,,0.6625475213302842,0.9960553617463628
7,ABHD12,0.4338466,,0.6643998344104132,0.9960553617463628
7,HELQ,0.4338466,,0.6643998344104132,0.9960553617463628
7,SIN3A,0.43175858,,0.6659168900197937,0.9960553617463628
7,RABL2B,0.42967054,,0.6674353139098745,0.9960553617463628
7,VPS13A,0.42827854,,0.6684483539971795,0.9960553617463628
7,IL32,0.42827854,,0.6684483539971795,0.9960553617463628
7,NFAT5,0.4275825,,0.668955100688656,0.9960553617463628
7,MKLN1,0.4275825,,0.668955100688656,0.9960553617463628
7,ADAM28,0.42595848,,0.670138095854409,0.9960553617463628
7,MICU1,0.4254945,,0.6704762449474104,0.9960553617463628
7,KRBOX4,0.42387044,,0.671660292180877,0.9960553617463628
7,CLIP1,0.42340645,,0.6719987412607359,0.9960553617463628
7,DICER1,0.42340645,,0.6719987412607359,0.9960553617463628
7,SNX29P2,0.4213184,,0.6735225841866137,0.9960553617463628
7,DNAJC10,0.4213184,,0.6735225841866137,0.9960553617463628
7,JARID2,0.4213184,,0.6735225841866137,0.9960553617463628
7,GPR56,0.4199264,,0.6745392248937019,0.9960553617463628
7,AKAP8,0.41923037,,0.6750477682664646,0.9960553617463628
7,GPKOW,0.41783836,,0.6760653000355052,0.9960553617463628
7,PGM1,0.41737434,,0.6764046089298328,0.9960553617463628
7,PHF12,0.41714236,,0.6765742880252057,0.9960553617463628
7,MOCS2,0.41714236,,0.6765742880252057,0.9960553617463628
7,ZNF467,0.41714236,,0.6765742880252057,0.9960553617463628
7,PNOC,0.41598234,,0.6774229296823648,0.9960553617463628
7,QSOX1,0.41505432,,0.6781021379713069,0.9960553617463628
7,GMPPA,0.41505432,,0.6781021379713069,0.9960553617463628
7,ANKRD54,0.41505432,,0.6781021379713069,0.9960553617463628
7,NFATC1,0.4118063,,0.6804814244151128,0.9960553617463628
7,IP6K1,0.41087827,-3.1342504,0.6811618063775833,0.9960553617463628
7,RIOK1,0.41087827,,0.6811618063775833,0.9960553617463628
7,XPOT,0.40925422,,0.6823530988916235,0.9960553617463628
7,STX11,0.40925422,,0.6823530988916235,0.9960553617463628
7,MNAT1,0.40879023,,0.6826936137729845,0.9960553617463628
7,SPRTN,0.40879023,,0.6826936137729845,0.9960553617463628
7,CEP164,0.40879023,,0.6826936137729845,0.9960553617463628
7,MINA,0.40461415,,0.6857611471646814,0.9960553617463628
7,TARSL2,0.40461415,,0.6857611471646814,0.9960553617463628
7,SLC40A1,0.40252614,4.367756,0.6872968619990923,0.9960553617463628
7,GIMAP5,0.39997408,,0.6891755998366603,0.9960553617463628
7,CORO1B,0.39858207,,0.6902011752946087,0.9960553617463628
7,PAXIP1-AS1,0.39835006,,0.6903721599199595,0.9960553617463628
7,AKR1C3,0.39695805,,0.6913983992616912,0.9960553617463628
7,NFIC,0.39626202,,0.691911731748488,0.9960553617463628
7,RGL2,0.39626202,4.171822,0.691911731748488,0.9960553617463628
7,TYROBP,0.39301398,,0.6943091522011935,0.9960553617463628
7,SPIB,0.39278197,,0.6944805139536314,0.9960553617463628
7,ISOC1,0.39208597,,0.6949946928778994,0.9960553617463628
7,USP36,0.39208597,,0.6949946928778994,0.9960553617463628
7,FAM120A,0.38999793,2.8179393,0.696538070825897,0.9960553617463628
7,KPNA1,0.38790992,,0.698082706101336,0.9960553617463628
7,RCE1,0.38790992,,0.698082706101336,0.9960553617463628
7,GPX1,0.3860539,,0.6994567661489941,0.9960553617463628
7,UBIAD1,0.3816458,4.3639736,0.702724098658667,0.9960553617463628
7,RAB34,0.37839776,,0.7051351301074552,0.9960553617463628
7,ARL2BP,0.37770176,,0.7056521662135339,0.9960553617463628
7,BET1,0.37746975,,0.705824541801411,0.9960553617463628
7,APH1B,0.37746975,,0.705824541801411,0.9960553617463628
7,ACD,0.37746975,6.0790663,0.705824541801411,0.9960553617463628
7,PKIG,0.3742217,,0.7082393815229311,0.9960553617463628
7,FBXO25,0.3732937,4.3440576,0.7089298761364536,0.9960553617463628
7,VAMP8,0.37259766,,0.7094479041283503,0.9960553617463628
7,USP33,0.37050965,,0.7110027933906199,0.9960553617463628
7,JKAMP,0.36911762,5.3018236,0.7120400551396513,0.9960553617463628
7,USP8,0.36285353,,0.7167143050314002,0.9960553617463628
7,OAT,0.3607655,5.656446,0.7182747598475605,0.9960553617463628
7,HENMT1,0.35867748,7.2111635,0.7198363905808737,0.9960553617463628
7,DNAJB14,0.35867748,6.2158446,0.7198363905808737,0.9960553617463628
7,MALT1,0.35751745,,0.7207044691416264,0.9960553617463628
7,CORO1C,0.3561254,,0.721746638643423,0.9960553617463628
7,SH3GLB1,0.35496542,,0.722615508055696,0.9960553617463628
7,PRKACB,0.3545014,,0.7229631560743468,0.9960553617463628
7,GNPTAB,0.3538054,,0.723484735312603,0.9960553617463628
7,CASC4,0.35241336,5.909832,0.7245282789356511,0.9960553617463628
7,SMARCA4,0.35241336,4.2399955,0.7245282789356511,0.9960553617463628
7,CD79B,0.35102135,,0.725572334612141,0.9960553617463628
7,RNF213,0.35032535,,0.7260945539165305,0.9960553617463628
7,RAB11B,0.35032535,,0.7260945539165305,0.9960553617463628
7,PLD4,0.35032535,,0.7260945539165305,0.9960553617463628
7,CCDC22,0.34614927,6.522611,0.7292305362799327,0.9960553617463628
7,GUCD1,0.34614927,8.06598,0.7292305362799327,0.9960553617463628
7,C16orf74,0.34614927,0.35562,0.7292305362799327,0.9960553617463628
7,VPS13C,0.34614927,,0.7292305362799327,0.9960553617463628
7,PCSK7,0.34336522,,0.7313237144223859,0.9960553617463628
7,VAMP5,0.3422052,,0.732196463646707,0.9960553617463628
7,DCAF5,0.34197322,7.369162,0.7323710551070204,0.9960553617463628
7,MLLT10,0.34197322,6.3658648,0.7323710551070204,0.9960553617463628
7,BBX,0.33872515,,0.734816786280323,0.9960553617463628
7,GPR171,0.33570912,,0.7370902335310023,0.9960553617463628
7,SIK1,0.33570912,,0.7370902335310023,0.9960553617463628
7,PITPNA-AS1,0.33362108,5.9669533,0.7386655087850238,0.9960553617463628
7,HMBOX1,0.33362108,-0.50018287,0.7386655087850238,0.9960553617463628
7,LINC01003,0.33362108,,0.7386655087850238,0.9960553617463628
7,SHOC2,0.33338907,,0.7388406072420048,0.9960553617463628
7,EXOC4,0.33153304,2.5719101,0.7402418817756893,0.9960553617463628
7,ARAP1,0.329445,6.6096134,0.7418193463903967,0.9960553617463628
7,XCL2,0.32712498,,0.7435733576991695,0.9960553617463628
7,DCAF8,0.32526895,0.8652611,0.7449775259728268,0.9960553617463628
7,SCGB3A1,0.32526895,,0.7449775259728268,0.9960553617463628
7,C7orf26,0.3231809,,0.7465582286468542,0.9960553617463628
7,BRWD1,0.3224849,,0.7470853669624258,0.9960553617463628
7,UBE3A,0.31691682,4.483372,0.7513067141536341,0.9960553617463628
7,HDLBP,0.31250876,,0.7546539073662006,0.9960553617463628
7,KLRB1,0.31250876,,0.7546539073662006,0.9960553617463628
7,SPSB2,0.31111673,,0.7557118771466573,0.9960553617463628
7,NPRL2,0.31065273,5.3296943,0.7560646356729152,0.9960553617463628
7,MARCH6,0.31065273,,0.7560646356729152,0.9960553617463628
7,ISG20L2,0.3090287,,0.7572996905242841,0.9960553617463628
7,MARCH2,0.3085647,,0.7576526773440719,0.9960553617463628
7,C1orf50,0.30647665,,0.7592417425085151,0.9960553617463628
7,ZBP1,0.30114058,,0.76330729345125,0.9960553617463628
7,GBP4,0.30021256,5.5656085,0.7640150161678539,0.9960553617463628
7,ZCCHC9,0.29951656,,0.7645459376481911,0.9960553617463628
7,TYMP,0.29742852,,0.7661393652980453,0.9960553617463628
7,IFIT2,0.2960365,6.511278,0.7672022007277978,0.9960553617463628
7,PRAF2,0.29232445,,0.7700385651221097,0.9960553617463628
7,FOLR3,0.29186043,,0.770393327930593,0.9960553617463628
7,SDCCAG8,0.29186043,6.9530687,0.770393327930593,0.9960553617463628
7,SIRPG,0.28559634,,0.77518729991736,0.9960553617463628
7,RRAGC,0.28397232,,0.7764315897575202,0.9960553617463628
7,ZCCHC11,0.28350833,,0.7767872066957319,0.9960553617463628
7,ACTN4,0.2814203,,0.7783880608579714,0.9960553617463628
7,GADD45B,0.2807243,,0.7789218883320581,0.9960553617463628
7,PRR5,0.27933225,,0.7799898559814296,0.9960553617463628
7,DOCK10,0.27933225,,0.7799898559814296,0.9960553617463628
7,AKTIP,0.2772442,7.1345773,0.7815925856314745,0.9960553617463628
7,CLIC3,0.2772442,,0.7815925856314745,0.9960553617463628
7,MFSD1,0.2756202,,0.7828397951032144,0.9960553617463628
7,TMEM60,0.27098012,,0.7864063172166974,0.9960553617463628
7,ABI3,0.26471603,,0.7912282267603942,0.9960553617463628
7,CTNNBIP1,0.26471603,5.4505024,0.7912282267603942,0.9960553617463628
7,SLC39A1,0.261932,,0.7933738767907852,0.9960553617463628
7,DRAM2,0.25845194,,0.7960581386324609,0.9960553617463628
7,MS4A6A,0.25334784,,0.7999994166047553,0.9960553617463628
7,MPP1,0.25056383,,0.8021513602274088,0.9960553617463628
7,PRDM2,0.24592374,,0.805741262260662,0.9960553617463628
7,CEBPB,0.24267569,,0.8082566367843556,0.9960553617463628
7,TBPL1,0.23896363,,0.8111337777883976,0.9960553617463628
7,GALT,0.23757161,8.474266,0.8122133659434935,0.9960553617463628
7,NFE2L2,0.23548359,6.275014,0.8138334170912578,0.9960553617463628
7,ATP6V0E1,0.23316355,,0.8156344081156992,0.9960553617463628
7,DNTTIP1,0.23269954,-0.14400727,0.8159947235546368,0.9960553617463628
7,CWC27,0.2296835,5.3276734,0.8183377189820369,0.9960553617463628
7,POLR2K,0.2234194,5.5743604,0.8232091050203438,0.9960553617463628
7,YPEL3,0.22225939,,0.8241119676446842,0.9960553617463628
7,UBE2K,0.22086737,9.978935,0.8251957100019134,0.9960553617463628
7,C15orf61,0.21460328,,0.8300766457031497,0.9960553617463628
7,FCER1G,0.21274725,,0.8315241180359076,0.9960553617463628
7,KLF13,0.21251523,,0.8317050923706107,0.9960553617463628
7,ZNF688,0.21042721,,0.8333342618027538,0.9960553617463628
7,CRTAP,0.19720301,,0.8436686805926228,0.9960553617463628
7,IL8,0.19372295,,0.8463928206335674,0.9960553617463628
7,ZNF106,0.18745886,,0.8513008809355971,0.9960553617463628
7,SAT2,0.17400265,,0.8618633797336055,0.9960553617463628
7,ATP6V1D,0.1707546,,0.8644167283402036,0.9960553617463628
7,TTC14,0.16866657,,0.8660589163886955,0.9960553617463628
7,AC010642.1,0.1644905,,0.8693450208726677,0.9960553617463628
7,WDR45,0.16031444,,0.8726333834289555,0.9960553617463628
7,MRPL43,0.14987428,,0.8808638021911266,0.9960553617463628
7,AIF1,0.14685823,,0.8832439168967752,0.9960553617463628
7,PLBD1,0.14384219,,0.8856250860621642,0.9960553617463628
7,HERPUD2,0.14384219,,0.8856250860621642,0.9960553617463628
7,COA6,0.12899396,,0.8973624246315444,0.9960553617463628
7,SLFN5,0.1248179,,0.9006677154203552,0.9960553617463628
7,TRIM69,0.12272987,,0.9023210106083449,0.9960553617463628
7,SNX20,0.114377744,,0.9089383576404857,0.9960553617463628
7,LAIR1,0.114377744,,0.9089383576404857,0.9960553617463628
7,ZNF32,0.106025614,,0.9155620291910082,0.9960553617463628
7,CLEC2B,0.10068953,,0.9197969203058963,0.9960553617463628
7,SHARPIN,0.09628147,,0.9232970304908468,0.9960553617463628
7,SLA,0.093497425,,0.9255083962057519,0.9960553617463628
7,CELF1,0.08305726,,0.9338060060912277,0.9960553617463628
7,RBM4,0.06055292,,0.9517152673663581,0.9960553617463628
7,CCL4,0.04338466,,0.9653949051827415,0.9960553617463628
7,NR3C1,0.037120566,,0.9703888745909629,0.9960553617463628
7,PRNP,0.0329445,,0.97371884481359,0.9960553617463628
7,SMCO4,0.03085647,,0.9753840053619419,0.9960553617463628
7,NCKAP1L,0.027144413,,0.9783445510476745,0.9960553617463628
7,UBE2D1,0.022504343,,0.982045647895209,0.9960553617463628
7,ARL2,0.016936257,,0.9864874672751642,0.9960553617463628
7,IGSF6,0.012064184,,0.9903744075622527,0.9960553617463628
7,FPR1,0.012064184,,0.9903744075622527,0.9960553617463628
7,IFI44,0.0016240247,,0.9987042163097385,0.9987042163097385
7,RP11-356N1.2,-0.005568085,0.59179884,0.9955573340654896,0.9960553617463628
7,DPY19L2,-0.005568085,0.59508616,0.9955573340654896,0.9960553617463628
7,RP11-247A12.2,-0.005568085,0.6405074,0.9955573340654896,0.9960553617463628
7,LCN2,-0.005568085,0.61319345,0.9955573340654896,0.9960553617463628
7,RP4-773N10.4,-0.005568085,0.64212584,0.9955573340654896,0.9960553617463628
7,NUDT12,-0.005568085,0.60170025,0.9955573340654896,0.9960553617463628
7,RP11-544A12.4,-0.005568085,0.64240456,0.9955573340654896,0.9960553617463628
7,TACR2,-0.005568085,0.5916222,0.9955573340654896,0.9960553617463628
7,GLS2,-0.005568085,0.6208495,0.9955573340654896,0.9960553617463628
7,RP11-77H9.2,-0.005568085,0.58988464,0.9955573340654896,0.9960553617463628
7,RP11-977G19.12,-0.005568085,0.6161265,0.9955573340654896,0.9960553617463628
7,SPOCD1,-0.005568085,0.61463785,0.9955573340654896,0.9960553617463628
7,SEC14L5,-0.005568085,0.6682121,0.9955573340654896,0.9960553617463628
7,SCIN,-0.005568085,0.5998546,0.9955573340654896,0.9960553617463628
7,LINC00959,-0.005568085,0.62789506,0.9955573340654896,0.9960553617463628
7,FBXL22,-0.005568085,0.6092931,0.9955573340654896,0.9960553617463628
7,RP11-211G3.2,-0.005568085,0.67079556,0.9955573340654896,0.9960553617463628
7,CCDC163P,-0.005568085,0.5907887,0.9955573340654896,0.9960553617463628
7,KRTAP5-AS1,-0.005568085,0.61673075,0.9955573340654896,0.9960553617463628
7,RAB12,-0.005568085,0.6139544,0.9955573340654896,0.9960553617463628
7,AC068580.6,-0.005568085,0.6198778,0.9955573340654896,0.9960553617463628
7,CCDC62,-0.005568085,0.6335802,0.9955573340654896,0.9960553617463628
7,SERPINE1,-0.005568085,0.62703586,0.9955573340654896,0.9960553617463628
7,NPPA-AS1,-0.005568085,0.60014284,0.9955573340654896,0.9960553617463628
7,TAL1,-0.005568085,0.7003672,0.9955573340654896,0.9960553617463628
7,HRASLS,-0.005568085,0.65227026,0.9955573340654896,0.9960553617463628
7,ZNF425,-0.005568085,0.625501,0.9955573340654896,0.9960553617463628
7,WDR11-AS1,-0.005568085,0.6156295,0.9955573340654896,0.9960553617463628
7,ACVR2B,-0.005568085,0.63100576,0.9955573340654896,0.9960553617463628
7,GUCA1B,-0.005568085,0.5979116,0.9955573340654896,0.9960553617463628
7,CTC-444N24.6,-0.005568085,0.60308343,0.9955573340654896,0.9960553617463628
7,CALD1,-0.005568085,0.5936124,0.9955573340654896,0.9960553617463628
7,BHLHE40-AS1,-0.005568085,0.6104153,0.9955573340654896,0.9960553617463628
7,C10orf25,-0.005568085,0.61696196,0.9955573340654896,0.9960553617463628
7,AC093642.3,-0.005568085,0.59145164,0.9955573340654896,0.9960553617463628
7,RP11-359I18.5,-0.005568085,0.61933154,0.9955573340654896,0.9960553617463628
7,RP11-159H10.3,-0.005568085,0.60135937,0.9955573340654896,0.9960553617463628
7,RP11-420A6.2,-0.005568085,0.60097784,0.9955573340654896,0.9960553617463628
7,NCKAP1,-0.005568085,0.60521626,0.9955573340654896,0.9960553617463628
7,LRRC24,-0.005568085,0.61677784,0.9955573340654896,0.9960553617463628
7,SOX13,-0.005568085,0.6340414,0.9955573340654896,0.9960553617463628
7,RP11-805J14.5,-0.005568085,0.5993979,0.9955573340654896,0.9960553617463628
7,AC145110.1,-0.005568085,0.6101797,0.9955573340654896,0.9960553617463628
7,MEG3,-0.005568085,0.62489116,0.9955573340654896,0.9960553617463628
7,CLECL1,-0.005568085,0.6260068,0.9955573340654896,0.9960553617463628
7,RP11-559M23.1,-0.005568085,0.647326,0.9955573340654896,0.9960553617463628
7,MAP1A,-0.005568085,0.6324616,0.9955573340654896,0.9960553617463628
7,SYTL4,-0.005568085,0.6066346,0.9955573340654896,0.9960553617463628
7,PPT2-EGFL8,-0.005568085,0.695308,0.9955573340654896,0.9960553617463628
7,TLR3,-0.005568085,0.64467674,0.9955573340654896,0.9960553617463628
7,RP11-490M8.1,-0.005568085,0.6046962,0.9955573340654896,0.9960553617463628
7,NRN1L,-0.005568085,0.6098836,0.9955573340654896,0.9960553617463628
7,OMG,-0.005568085,0.63742626,0.9955573340654896,0.9960553617463628
7,MEIS1,-0.005568085,0.6191185,0.9955573340654896,0.9960553617463628
7,CTC-260E6.6,-0.005568085,0.6075878,0.9955573340654896,0.9960553617463628
7,BEND2,-0.005568085,0.63043195,0.9955573340654896,0.9960553617463628
7,AL928742.12,-0.005568085,0.6012598,0.9955573340654896,0.9960553617463628
7,RP13-314C10.5,-0.005568085,0.62901765,0.9955573340654896,0.9960553617463628
7,CTD-2012J19.3,-0.005568085,0.60643893,0.9955573340654896,0.9960553617463628
7,RP11-178L8.7,-0.005568085,0.6019164,0.9955573340654896,0.9960553617463628
7,KCNH3,-0.005568085,0.59671,0.9955573340654896,0.9960553617463628
7,ZNF433,-0.005568085,0.6156248,0.9955573340654896,0.9960553617463628
7,FAM209A,-0.005568085,0.6314157,0.9955573340654896,0.9960553617463628
7,ZNF763,-0.005568085,0.5993659,0.9955573340654896,0.9960553617463628
7,C19orf44,-0.005568085,0.61310416,0.9955573340654896,0.9960553617463628
7,LINC00174,-0.007424113,0.71684986,0.9940764692271221,0.9960553617463628
7,WNT5B,-0.007424113,0.7539825,0.9940764692271221,0.9960553617463628
7,TDRP,-0.007424113,0.7462868,0.9940764692271221,0.9960553617463628
7,C15orf26,-0.007424113,0.7243396,0.9940764692271221,0.9960553617463628
7,SUOX,-0.007424113,0.772172,0.9940764692271221,0.9960553617463628
7,CA6,-0.007424113,0.7190769,0.9940764692271221,0.9960553617463628
7,RP11-10K16.1,-0.007424113,0.7569616,0.9940764692271221,0.9960553617463628
7,GATA2,-0.007424113,0.72286034,0.9940764692271221,0.9960553617463628
7,U73166.2,-0.007424113,0.74603087,0.9940764692271221,0.9960553617463628
7,SAMD14,-0.007424113,0.73811305,0.9940764692271221,0.9960553617463628
7,CTC-454I21.3,-0.007424113,0.7297877,0.9940764692271221,0.9960553617463628
7,RP4-781K5.2,-0.007424113,0.7424558,0.9940764692271221,0.9960553617463628
7,LNP1,-0.007424113,0.7433699,0.9940764692271221,0.9960553617463628
7,CCDC153,-0.007424113,0.7883472,0.9940764692271221,0.9960553617463628
7,HOXA5,-0.007424113,0.74688554,0.9940764692271221,0.9960553617463628
7,RNASE3,-0.007424113,0.752822,0.9940764692271221,0.9960553617463628
7,RP11-932O9.7,-0.007424113,0.7256047,0.9940764692271221,0.9960553617463628
7,C1orf186,-0.007424113,0.7311723,0.9940764692271221,0.9960553617463628
7,IFT81,-0.007424113,0.73987323,0.9940764692271221,0.9960553617463628
7,AK4,-0.007424113,0.73626137,0.9940764692271221,0.9960553617463628
7,LIPC,-0.007424113,0.72213745,0.9940764692271221,0.9960553617463628
7,C2CD4D,-0.007424113,0.8567293,0.9940764692271221,0.9960553617463628
7,VIL1,-0.007424113,0.7383644,0.9940764692271221,0.9960553617463628
7,FAM65C,-0.007424113,0.7215666,0.9940764692271221,0.9960553617463628
7,RP11-308N19.1,-0.007424113,0.719478,0.9940764692271221,0.9960553617463628
7,NEDD4,-0.007424113,0.7226174,0.9940764692271221,0.9960553617463628
7,KCNJ14,-0.007424113,0.7272573,0.9940764692271221,0.9960553617463628
7,TMPRSS11E,-0.007424113,0.7995128,0.9940764692271221,0.9960553617463628
7,AURKC,-0.007424113,0.77669173,0.9940764692271221,0.9960553617463628
7,CTD-2227I18.1,-0.007424113,0.7280266,0.9940764692271221,0.9960553617463628
7,ABCG2,-0.007424113,0.74248475,0.9940764692271221,0.9960553617463628
7,NEUROD2,-0.007424113,0.7337053,0.9940764692271221,0.9960553617463628
7,RP13-270P17.1,-0.007424113,0.72344625,0.9940764692271221,0.9960553617463628
7,CACNA1C-AS1,-0.007424113,0.7322179,0.9940764692271221,0.9960553617463628
7,ARHGEF4,-0.007424113,0.7491265,0.9940764692271221,0.9960553617463628
7,AC007879.7,-0.007424113,0.717907,0.9940764692271221,0.9960553617463628
7,RP11-511B23.1,-0.007424113,0.72210914,0.9940764692271221,0.9960553617463628
7,LY6G5B,-0.009280141,0.86484027,0.9925956247939832,0.9960553617463628
7,RP1-20N2.6,-0.009280141,0.8660446,0.9925956247939832,0.9960553617463628
7,RP1-266L20.2,-0.009280141,0.8903513,0.9925956247939832,0.9960553617463628
7,C6orf99,-0.009280141,0.84274113,0.9925956247939832,0.9960553617463628
7,AC004069.2,-0.009280141,0.8664874,0.9925956247939832,0.9960553617463628
7,RP11-502I4.3,-0.009280141,0.8597543,0.9925956247939832,0.9960553617463628
7,ZNF594,-0.009280141,0.8478151,0.9925956247939832,0.9960553617463628
7,RAB6B,-0.009280141,0.8503374,0.9925956247939832,0.9960553617463628
7,CTD-2302E22.4,-0.009280141,0.8529058,0.9925956247939832,0.9960553617463628
7,CYTH3,-0.009280141,0.8551055,0.9925956247939832,0.9960553617463628
7,RP11-294J22.6,-0.009280141,0.858781,0.9925956247939832,0.9960553617463628
7,FZD2,-0.009280141,0.88431275,0.9925956247939832,0.9960553617463628
7,RP11-252A24.3,-0.009280141,0.83991003,0.9925956247939832,0.9960553617463628
7,SEPT4,-0.009280141,0.8725044,0.9925956247939832,0.9960553617463628
7,AC137932.6,-0.009280141,0.873866,0.9925956247939832,0.9960553617463628
7,PLXNA1,-0.009280141,0.8537516,0.9925956247939832,0.9960553617463628
7,RP11-408A13.4,-0.009280141,0.846627,0.9925956247939832,0.9960553617463628
7,RP11-314N13.3,-0.009280141,0.8452466,0.9925956247939832,0.9960553617463628
7,VSIG10L,-0.009280141,0.85600376,0.9925956247939832,0.9960553617463628
7,GPR55,-0.009280141,0.8797045,0.9925956247939832,0.9960553617463628
7,ARHGAP6,-0.009280141,0.817767,0.9925956247939832,0.9960553617463628
7,C1QC,-0.009280141,0.86429065,0.9925956247939832,0.9960553617463628
7,ATP9A,-0.009280141,0.86749303,0.9925956247939832,0.9960553617463628
7,RP11-493L12.4,-0.009280141,0.9129619,0.9925956247939832,0.9960553617463628
7,SYP,-0.009280141,0.8768101,0.9925956247939832,0.9960553617463628
7,RP11-879F14.2,-0.009280141,0.8910021,0.9925956247939832,0.9960553617463628
7,FCGBP,-0.009280141,0.8504074,0.9925956247939832,0.9960553617463628
7,RP11-378J18.3,-0.009280141,0.96107495,0.9925956247939832,0.9960553617463628
7,SCN1B,-0.009280141,0.88521266,0.9925956247939832,0.9960553617463628
7,RPA4,-0.009280141,0.87174666,0.9925956247939832,0.9960553617463628
7,DNAJC27,-0.009280141,0.8433317,0.9925956247939832,0.9960553617463628
7,CTD-3214H19.4,-0.009280141,0.85294366,0.9925956247939832,0.9960553617463628
7,RP11-141B14.1,-0.009280141,0.9235316,0.9925956247939832,0.9960553617463628
7,SDCBP2,-0.009280141,0.8682858,0.9925956247939832,0.9960553617463628
7,NIPSNAP3B,-0.009280141,0.8522251,0.9925956247939832,0.9960553617463628
7,ELOVL3,-0.009280141,0.8475237,0.9925956247939832,0.9960553617463628
7,RP11-423O2.5,-0.009280141,0.8557125,0.9925956247939832,0.9960553617463628
7,RNF165,-0.009280141,0.8537373,0.9925956247939832,0.9960553617463628
7,CLIP2,-0.009280141,0.8586068,0.9925956247939832,0.9960553617463628
7,PVALB,-0.009280141,0.8363427,0.9925956247939832,0.9960553617463628
7,RP11-1055B8.7,-0.009280141,0.875962,0.9925956247939832,0.9960553617463628
7,KDM4A-AS1,-0.009280141,0.85275805,0.9925956247939832,0.9960553617463628
7,LINC00957,-0.009280141,0.84622115,0.9925956247939832,0.9960553617463628
7,AHNAK,-0.009744149,,0.992225417471784,0.9960553617463628
7,RP11-219B4.7,-0.01113617,0.9695807,0.991114805866985,0.9960553617463628
7,LINC00984,-0.01113617,1.0417378,0.991114805866985,0.9960553617463628
7,CTD-2012K14.7,-0.01113617,0.98663646,0.991114805866985,0.9960553617463628
7,ENKUR,-0.01113617,0.9783545,0.991114805866985,0.9960553617463628
7,RP11-390B4.5,-0.01113617,0.9504427,0.991114805866985,0.9960553617463628
7,CCDC121,-0.01113617,0.97963643,0.991114805866985,0.9960553617463628
7,RSPH9,-0.01113617,1.0255208,0.991114805866985,0.9960553617463628
7,PBLD,-0.01113617,0.9615695,0.991114805866985,0.9960553617463628
7,CTTN,-0.01113617,0.98760074,0.991114805866985,0.9960553617463628
7,RP11-42I10.1,-0.01113617,0.95856625,0.991114805866985,0.9960553617463628
7,ARVCF,-0.01113617,1.221209,0.991114805866985,0.9960553617463628
7,TGFB1I1,-0.01113617,0.9699906,0.991114805866985,0.9960553617463628
7,IPO9-AS1,-0.01113617,0.97550577,0.991114805866985,0.9960553617463628
7,COLGALT2,-0.01113617,0.9460026,0.991114805866985,0.9960553617463628
7,C5AR2,-0.01113617,0.99541384,0.991114805866985,0.9960553617463628
7,INPP5A,-0.01113617,0.99181145,0.991114805866985,0.9960553617463628
7,PDZK1IP1,-0.01113617,0.97209847,0.991114805866985,0.9960553617463628
7,BGLAP,-0.01113617,0.95018023,0.991114805866985,0.9960553617463628
7,ZNF587B,-0.01113617,0.9602824,0.991114805866985,0.9960553617463628
7,hsa-mir-1199,-0.01113617,0.97867274,0.991114805866985,0.9960553617463628
7,ZNF436,-0.01113617,1.1913838,0.991114805866985,0.9960553617463628
7,CTD-2537I9.12,-0.01113617,1.0116678,0.991114805866985,0.9960553617463628
7,LGALSL,-0.01113617,0.9981913,0.991114805866985,0.9960553617463628
7,MMP9,-0.01113617,1.0006827,0.991114805866985,0.9960553617463628
7,TTC30A,-0.01113617,1.0138575,0.991114805866985,0.9960553617463628
7,RP11-545I5.3,-0.01113617,1.0695417,0.991114805866985,0.9960553617463628
7,SLC4A8,-0.01113617,1.021581,0.991114805866985,0.9960553617463628
7,SMIM5,-0.01113617,0.9767366,0.991114805866985,0.9960553617463628
7,LINC00494,-0.01113617,0.9553523,0.991114805866985,0.9960553617463628
7,ELANE,-0.01113617,0.9822907,0.991114805866985,0.9960553617463628
7,ITGB3,-0.01113617,0.92658037,0.991114805866985,0.9960553617463628
7,TNS1,-0.01113617,1.0148101,0.991114805866985,0.9960553617463628
7,RIN2,-0.01113617,0.9788591,0.991114805866985,0.9960553617463628
7,PRICKLE1,-0.012992198,1.0915314,0.9896340175467753,0.9960553617463628
7,TPM2,-0.012992198,1.0945642,0.9896340175467753,0.9960553617463628
7,PLA2G4C,-0.012992198,1.1324568,0.9896340175467753,0.9960553617463628
7,AP001462.6,-0.012992198,1.0594507,0.9896340175467753,0.9960553617463628
7,CAMK2N1,-0.012992198,1.1711267,0.9896340175467753,0.9960553617463628
7,SNTA1,-0.012992198,1.1045487,0.9896340175467753,0.9960553617463628
7,CTD-2015H6.3,-0.012992198,1.0737029,0.9896340175467753,0.9960553617463628
7,ZNF653,-0.012992198,1.0737457,0.9896340175467753,0.9960553617463628
7,RP11-219B17.1,-0.012992198,1.0915602,0.9896340175467753,0.9960553617463628
7,CD274,-0.012992198,1.1051096,0.9896340175467753,0.9960553617463628
7,RP11-527L4.5,-0.012992198,1.170021,0.9896340175467753,0.9960553617463628
7,YES1,-0.012992198,1.1490313,0.9896340175467753,0.9960553617463628
7,PARS2,-0.012992198,1.1040143,0.9896340175467753,0.9960553617463628
7,CLDN5,-0.012992198,1.0577292,0.9896340175467753,0.9960553617463628
7,LINC00886,-0.012992198,1.2468824,0.9896340175467753,0.9960553617463628
7,DRAXIN,-0.012992198,1.0543417,0.9896340175467753,0.9960553617463628
7,CCDC122,-0.012992198,1.0530937,0.9896340175467753,0.9960553617463628
7,HOMER2,-0.012992198,1.1154568,0.9896340175467753,0.9960553617463628
7,TEX2,-0.012992198,1.1043282,0.9896340175467753,0.9960553617463628
7,ARHGAP19,-0.012992198,1.1276436,0.9896340175467753,0.9960553617463628
7,FSTL1,-0.012992198,1.0506027,0.9896340175467753,0.9960553617463628
7,AP4B1-AS1,-0.012992198,1.0660824,0.9896340175467753,0.9960553617463628
7,LINC00211,-0.012992198,1.0831355,0.9896340175467753,0.9960553617463628
7,NT5M,-0.012992198,1.1016312,0.9896340175467753,0.9960553617463628
7,ATP8B3,-0.012992198,1.0843896,0.9896340175467753,0.9960553617463628
7,RP1-28O10.1,-0.012992198,1.2652388,0.9896340175467753,0.9960553617463628
7,RP11-950C14.3,-0.012992198,1.0666689,0.9896340175467753,0.9960553617463628
7,RP11-432I5.1,-0.012992198,1.1482778,0.9896340175467753,0.9960553617463628
7,HP,-0.012992198,1.0502394,0.9896340175467753,0.9960553617463628
7,HGD,-0.012992198,1.0667945,0.9896340175467753,0.9960553617463628
7,RP11-1000B6.3,-0.012992198,1.0893742,0.9896340175467753,0.9960553617463628
7,CRIP3,-0.012992198,1.1017938,0.9896340175467753,0.9960553617463628
7,SHPK-1,-0.012992198,1.0939118,0.9896340175467753,0.9960553617463628
7,KIF3C,-0.012992198,1.3560958,0.9896340175467753,0.9960553617463628
7,IDO1,-0.012992198,1.1085747,0.9896340175467753,0.9960553617463628
7,AC004257.3,-0.012992198,1.0780395,0.9896340175467753,0.9960553617463628
7,JAM3,-0.012992198,1.0795945,0.9896340175467753,0.9960553617463628
7,RP11-701P16.5,-0.014848226,1.3286065,0.9881532649336864,0.9960553617463628
7,RPH3A,-0.014848226,1.2073306,0.9881532649336864,0.9960553617463628
7,RFPL2,-0.014848226,1.2969406,0.9881532649336864,0.9960553617463628
7,DNASE1L3,-0.014848226,1.295705,0.9881532649336864,0.9960553617463628
7,CLEC4C,-0.014848226,1.2850295,0.9881532649336864,0.9960553617463628
7,EML6,-0.014848226,1.2423544,0.9881532649336864,0.9960553617463628
7,CTD-2368P22.1,-0.014848226,1.2642072,0.9881532649336864,0.9960553617463628
7,PROK2,-0.014848226,1.1560222,0.9881532649336864,0.9960553617463628
7,RP11-178G16.4,-0.014848226,1.222843,0.9881532649336864,0.9960553617463628
7,WBP2NL,-0.014848226,1.2025189,0.9881532649336864,0.9960553617463628
7,RP1-315G1.3,-0.014848226,1.2002764,0.9881532649336864,0.9960553617463628
7,FAXDC2,-0.014848226,1.2205135,0.9881532649336864,0.9960553617463628
7,RP11-798G7.6,-0.014848226,1.1923214,0.9881532649336864,0.9960553617463628
7,LY6G6F,-0.014848226,1.1932998,0.9881532649336864,0.9960553617463628
7,ACOT11,-0.014848226,1.2470258,0.9881532649336864,0.9960553617463628
7,PLCL1,-0.014848226,1.2202766,0.9881532649336864,0.9960553617463628
7,RP11-142C4.6,-0.014848226,1.1868731,0.9881532649336864,0.9960553617463628
7,THBS1,-0.014848226,1.2084936,0.9881532649336864,0.9960553617463628
7,CTB-152G17.6,-0.014848226,1.3551916,0.9881532649336864,0.9960553617463628
7,ZNF841,-0.014848226,1.1949892,0.9881532649336864,0.9960553617463628
7,PRKAR2B,-0.014848226,1.2256987,0.9881532649336864,0.9960553617463628
7,MYO1E,-0.014848226,1.1945858,0.9881532649336864,0.9960553617463628
7,SLC22A4,-0.014848226,1.3541347,0.9881532649336864,0.9960553617463628
7,CXCL3,-0.014848226,1.2444205,0.9881532649336864,0.9960553617463628
7,SPATA7,-0.014848226,1.2770131,0.9881532649336864,0.9960553617463628
7,C5orf42,-0.014848226,1.1884327,0.9881532649336864,0.9960553617463628
7,C1orf198,-0.014848226,1.2010121,0.9881532649336864,0.9960553617463628
7,S100P,-0.016704254,1.2848144,0.9866725531276809,0.9960553617463628
7,TUBG2,-0.016704254,1.3994752,0.9866725531276809,0.9960553617463628
7,C19orf33,-0.016704254,1.3609492,0.9866725531276809,0.9960553617463628
7,INSL3,-0.016704254,1.3051041,0.9866725531276809,0.9960553617463628
7,ACVR2A,-0.016704254,1.3417759,0.9866725531276809,0.9960553617463628
7,ZNF503,-0.016704254,1.4530371,0.9866725531276809,0.9960553617463628
7,GNE,-0.016704254,1.311773,0.9866725531276809,0.9960553617463628
7,GDF11,-0.016704254,1.312968,0.9866725531276809,0.9960553617463628
7,TCL1B,-0.016704254,1.3133748,0.9866725531276809,0.9960553617463628
7,MCF2L,-0.016704254,1.3061379,0.9866725531276809,0.9960553617463628
7,GNG3,-0.016704254,1.3002733,0.9866725531276809,0.9960553617463628
7,SERAC1,-0.016704254,1.3086816,0.9866725531276809,0.9960553617463628
7,AEBP1,-0.016704254,1.5180498,0.9866725531276809,0.9960553617463628
7,REPS2,-0.016704254,1.4436969,0.9866725531276809,0.9960553617463628
7,SCGB1C1,-0.016704254,1.3181608,0.9866725531276809,0.9960553617463628
7,SH3BGRL2,-0.016704254,1.2969807,0.9866725531276809,0.9960553617463628
7,AP003419.16,-0.016704254,1.3387233,0.9866725531276809,0.9960553617463628
7,PTGDR2,-0.018560283,1.5466201,0.9851918872283002,0.9960553617463628
7,DISP1,-0.018560283,1.4696343,0.9851918872283002,0.9960553617463628
7,LINC01013,-0.018560283,1.4159074,0.9851918872283002,0.9960553617463628
7,CCL2,-0.018560283,1.4652178,0.9851918872283002,0.9960553617463628
7,KIFC3,-0.018560283,1.3734103,0.9851918872283002,0.9960553617463628
7,EGFL7,-0.018560283,1.467872,0.9851918872283002,0.9960553617463628
7,C2orf88,-0.018560283,1.4080654,0.9851918872283002,0.9960553617463628
7,RP11-398C13.6,-0.018560283,1.4606794,0.9851918872283002,0.9960553617463628
7,RP1-111C20.4,-0.018560283,1.48278,0.9851918872283002,0.9960553617463628
7,C3orf18,-0.018560283,1.4095408,0.9851918872283002,0.9960553617463628
7,ESAM,-0.018560283,1.4079974,0.9851918872283002,0.9960553617463628
7,SLC22A18AS,-0.02041631,1.5775839,0.9837112723346112,0.9960553617463628
7,ARG2,-0.02041631,1.5664319,0.9837112723346112,0.9960553617463628
7,PALLD,-0.02041631,1.562203,0.9837112723346112,0.9960553617463628
7,RAB38,-0.02041631,1.5631697,0.9837112723346112,0.9960553617463628
7,PCP2,-0.02041631,1.5276712,0.9837112723346112,0.9960553617463628
7,ANKEF1,-0.02041631,1.5271132,0.9837112723346112,0.9960553617463628
7,ZNF404,-0.02041631,1.5410998,0.9837112723346112,0.9960553617463628
7,DLEU7,-0.02041631,1.5333321,0.9837112723346112,0.9960553617463628
7,FMO4,-0.02041631,1.5431356,0.9837112723346112,0.9960553617463628
7,PRELID2,-0.02041631,1.5856417,0.9837112723346112,0.9960553617463628
7,TNFRSF9,-0.02041631,1.5469471,0.9837112723346112,0.9960553617463628
7,ALOX12,-0.02041631,1.5131153,0.9837112723346112,0.9960553617463628
7,LILRA4,-0.02041631,1.5652773,0.9837112723346112,0.9960553617463628
7,SLC39A14,-0.02227234,1.6258103,0.9822307135451535,0.9960553617463628
7,RP3-325F22.5,-0.02227234,1.7990463,0.9822307135451535,0.9960553617463628
7,SEPT5,-0.02227234,1.637631,0.9822307135451535,0.9960553617463628
7,CCDC151,-0.02227234,1.6977595,0.9822307135451535,0.9960553617463628
7,TRAPPC12-AS1,-0.02227234,1.6905756,0.9822307135451535,0.9960553617463628
7,ZNF69,-0.02227234,1.6934181,0.9822307135451535,0.9960553617463628
7,CXCL10,-0.02227234,1.7869657,0.9822307135451535,0.9960553617463628
7,GFI1B,-0.02227234,1.6648701,0.9822307135451535,0.9960553617463628
7,RP11-162G10.5,-0.02227234,1.6741029,0.9822307135451535,0.9960553617463628
7,AC092295.7,-0.02227234,1.7051449,0.9822307135451535,0.9960553617463628
7,ACPP,-0.02227234,1.7519573,0.9822307135451535,0.9960553617463628
7,TMTC2,-0.02227234,1.7519726,0.9822307135451535,0.9960553617463628
7,CTB-113I20.2,-0.02227234,2.057435,0.9822307135451535,0.9960553617463628
7,RP11-532F6.3,-0.02227234,1.6880537,0.9822307135451535,0.9960553617463628
7,RP5-894A10.2,-0.02227234,1.6485512,0.9822307135451535,0.9960553617463628
7,RP11-5C23.1,-0.02227234,1.6892997,0.9822307135451535,0.9960553617463628
7,ZBTB41,-0.02227234,1.6815373,0.9822307135451535,0.9960553617463628
7,URB2,-0.024128368,1.8859624,0.9807502159578873,0.9960553617463628
7,SPTSSB,-0.024128368,1.7958404,0.9807502159578873,0.9960553617463628
7,KCNE1,-0.024128368,1.8605696,0.9807502159578873,0.9960553617463628
7,IL24,-0.024128368,1.9537158,0.9807502159578873,0.9960553617463628
7,PTCH1,-0.024128368,1.8004522,0.9807502159578873,0.9960553617463628
7,CDC42BPB,-0.024128368,1.8018185,0.9807502159578873,0.9960553617463628
7,PRRG2,-0.024128368,1.8064686,0.9807502159578873,0.9960553617463628
7,INVS,-0.024128368,1.8007812,0.9807502159578873,0.9960553617463628
7,FCAR,-0.024128368,1.8033692,0.9807502159578873,0.9960553617463628
7,FCGR3B,-0.024128368,1.8508027,0.9807502159578873,0.9960553617463628
7,PRSS57,-0.024128368,1.7856447,0.9807502159578873,0.9960553617463628
7,CLEC1B,-0.024128368,1.7458578,0.9807502159578873,0.9960553617463628
7,LAMP3,-0.024128368,2.041643,0.9807502159578873,0.9960553617463628
7,DENND5B,-0.024128368,1.7812501,0.9807502159578873,0.9960553617463628
7,ZNF256,-0.024128368,1.7831756,0.9807502159578873,0.9960553617463628
7,AC147651.3,-0.024128368,1.7551641,0.9807502159578873,0.9960553617463628
7,CMTM2,-0.024128368,1.7796764,0.9807502159578873,0.9960553617463628
7,IQCE,-0.024128368,1.8992686,0.9807502159578873,0.9960553617463628
7,FBXW9,-0.025984395,1.939251,0.9792697846701403,0.9960553617463628
7,ZNF175,-0.025984395,2.109744,0.9792697846701403,0.9960553617463628
7,C16orf52,-0.025984395,2.0212529,0.9792697846701403,0.9960553617463628
7,PDZD4,-0.025984395,1.9350799,0.9792697846701403,0.9960553617463628
7,EARS2,-0.025984395,2.1279125,0.9792697846701403,0.9960553617463628
7,AC074138.3,-0.025984395,1.923401,0.9792697846701403,0.9960553617463628
7,AP001189.4,-0.025984395,1.8197335,0.9792697846701403,0.9960553617463628
7,SARDH,-0.025984395,1.9719214,0.9792697846701403,0.9960553617463628
7,LARGE,-0.025984395,1.9156463,0.9792697846701403,0.9960553617463628
7,TMEM40,-0.025984395,1.8626629,0.9792697846701403,0.9960553617463628
7,ZNF615,-0.025984395,1.8811005,0.9792697846701403,0.9960553617463628
7,INTS2,-0.025984395,2.0947104,0.9792697846701403,0.9960553617463628
7,TBXA2R,-0.025984395,2.1920907,0.9792697846701403,0.9960553617463628
7,CMTM5,-0.025984395,1.8261937,0.9792697846701403,0.9960553617463628
7,NMNAT3,-0.027840424,2.1051726,0.9777894247785549,0.9960553617463628
7,HIST1H2BJ,-0.027840424,2.0881748,0.9777894247785549,0.9960553617463628
7,MANEA-AS1,-0.027840424,2.0737038,0.9777894247785549,0.9960553617463628
7,HEMGN,-0.027840424,2.0552518,0.9777894247785549,0.9960553617463628
7,PMEPA1,-0.027840424,2.0118878,0.9777894247785549,0.9960553617463628
7,ATP10A,-0.027840424,2.0046947,0.9777894247785549,0.9960553617463628
7,GP1BA,-0.027840424,2.0397153,0.9777894247785549,0.9960553617463628
7,RBM26-AS1,-0.027840424,2.1606326,0.9777894247785549,0.9960553617463628
7,TRIM16L,-0.029696452,2.1226873,0.9763091413790363,0.9960553617463628
7,ABCC3,-0.029696452,2.3014205,0.9763091413790363,0.9960553617463628
7,IL1RAP,-0.029696452,2.2293177,0.9763091413790363,0.9960553617463628
7,GP9,-0.029696452,1.9434518,0.9763091413790363,0.9960553617463628
7,USP30,-0.029696452,2.4022632,0.9763091413790363,0.9960553617463628
7,SYCE1,-0.029696452,2.299097,0.9763091413790363,0.9960553617463628
7,TRPM4,-0.029696452,2.2745013,0.9763091413790363,0.9960553617463628
7,TREML1,-0.03155248,1.9217418,0.9748289395666991,0.9960553617463628
7,C1QB,-0.03155248,2.30344,0.9748289395666991,0.9960553617463628
7,PDIA5,-0.03155248,2.2806504,0.9748289395666991,0.9960553617463628
7,ARRDC4,-0.03155248,2.3495705,0.9748289395666991,0.9960553617463628
7,SPHK1,-0.033408508,2.6155276,0.9733488244358149,0.9960553617463628
7,ZNF45,-0.033408508,2.6497111,0.9733488244358149,0.9960553617463628
7,IDUA,-0.033408508,2.8854127,0.9733488244358149,0.9960553617463628
7,RP11-430B1.2,-0.033408508,2.6037998,0.9733488244358149,0.9960553617463628
7,LYPD2,-0.033408508,2.1678023,0.9733488244358149,0.9960553617463628
7,SERPINE2,-0.033408508,2.4299433,0.9733488244358149,0.9960553617463628
7,SPATA6,-0.033408508,2.3543735,0.9733488244358149,0.9960553617463628
7,ZNF718,-0.033408508,2.5049274,0.9733488244358149,0.9960553617463628
7,F5,-0.033408508,2.5183558,0.9733488244358149,0.9960553617463628
7,PROCA1,-0.035264537,2.474506,0.9718688010797601,0.9960553617463628
7,ZSWIM6,-0.035264537,2.5946846,0.9718688010797601,0.9960553617463628
7,MYOM2,-0.035264537,2.4683564,0.9718688010797601,0.9960553617463628
7,OBSCN,-0.035264537,2.7942894,0.9718688010797601,0.9960553617463628
7,C9orf3,-0.035264537,2.6283636,0.9718688010797601,0.9960553617463628
7,ELOVL4,-0.035264537,2.7796755,0.9718688010797601,0.9960553617463628
7,WDR44,-0.035264537,2.5213907,0.9718688010797601,0.9960553617463628
7,ZNF799,-0.035264537,2.7897198,0.9718688010797601,0.9960553617463628
7,SPRY1,-0.035264537,2.6411836,0.9718688010797601,0.9960553617463628
7,TMEM194A,-0.035264537,2.5571094,0.9718688010797601,0.9960553617463628
7,C6orf25,-0.035264537,2.4967792,0.9718688010797601,0.9960553617463628
7,FRY-AS1,-0.037120566,2.7453053,0.9703888745909629,0.9960553617463628
7,ZNF682,-0.037120566,2.7864165,0.9703888745909629,0.9960553617463628
7,LONRF1,-0.037120566,2.684605,0.9703888745909629,0.9960553617463628
7,IL4I1,-0.037120566,2.735791,0.9703888745909629,0.9960553617463628
7,F11R,-0.037120566,2.7253003,0.9703888745909629,0.9960553617463628
7,DMTN,-0.037120566,2.6133401,0.9703888745909629,0.9960553617463628
7,TMEM177,-0.037120566,2.9614184,0.9703888745909629,0.9960553617463628
7,PTCRA,-0.037120566,2.0271327,0.9703888745909629,0.9960553617463628
7,AC005082.12,-0.037120566,2.9804678,0.9703888745909629,0.9960553617463628
7,EID2,-0.037120566,2.7298234,0.9703888745909629,0.9960553617463628
7,RASD1,-0.038976595,2.7391703,0.9689090500608505,0.9960553617463628
7,SAMD1,-0.038976595,3.0132637,0.9689090500608505,0.9960553617463628
7,KIR2DL3,-0.038976595,3.1311796,0.9689090500608505,0.9960553617463628
7,SLFN12,-0.038976595,2.7688165,0.9689090500608505,0.9960553617463628
7,LINC00936,-0.039672606,,0.9683541431872698,0.9960553617463628
7,TNFSF10,-0.040368617,,0.9677992516358724,0.9960553617463628
7,SERPINF1,-0.04083262,2.6366177,0.9674293325797972,0.9960553617463628
7,RP11-164H13.1,-0.04083262,3.2842577,0.9674293325797972,0.9960553617463628
7,ANKAR,-0.04083262,3.2309685,0.9674293325797972,0.9960553617463628
7,CES4A,-0.04083262,3.0861127,0.9674293325797972,0.9960553617463628
7,KCNG1,-0.04268865,3.0192363,0.9659497272370717,0.9960553617463628
7,TSPAN15,-0.04268865,2.962113,0.9659497272370717,0.9960553617463628
7,GYS1,-0.04268865,2.9185135,0.9659497272370717,0.9960553617463628
7,RPPH1,-0.04268865,3.065872,0.9659497272370717,0.9960553617463628
7,TRIM23,-0.04268865,3.4800045,0.9659497272370717,0.9960553617463628
7,GTPBP2,-0.04268865,3.2299752,0.9659497272370717,0.9960553617463628
7,SMCHD1,-0.044312675,,0.9646551685506187,0.9960553617463628
7,PAWR,-0.04454468,3.5401778,0.9644702391207841,0.9960553617463628
7,HBA1,-0.04454468,2.9417534,0.9644702391207841,0.9960553617463628
7,ARHGAP21,-0.04454468,3.1669548,0.9644702391207841,0.9960553617463628
7,MRM1,-0.04454468,3.507273,0.9644702391207841,0.9960553617463628
7,NAIP,-0.04454468,3.2336285,0.9644702391207841,0.9960553617463628
7,PDCD1,-0.04454468,3.6261725,0.9644702391207841,0.9960553617463628
7,SIRT1,-0.046400707,3.2690628,0.9629908733178341,0.9960553617463628
7,TGFBRAP1,-0.046400707,3.5110238,0.9629908733178341,0.9960553617463628
7,SLC48A1,-0.046400707,3.0730193,0.9629908733178341,0.9960553617463628
7,ZNF212,-0.046400707,3.743358,0.9629908733178341,0.9960553617463628
7,CEACAM4,-0.048256736,3.184909,0.9615116349138579,0.9960553617463628
7,ZFP69,-0.048256736,3.8652732,0.9615116349138579,0.9960553617463628
7,ENHO,-0.048256736,3.011737,0.9615116349138579,0.9960553617463628
7,RP11-367G6.3,-0.048256736,3.3002136,0.9615116349138579,0.9960553617463628
7,DTX3,-0.048256736,3.7159116,0.9615116349138579,0.9960553617463628
7,RP11-102N12.3,-0.048256736,3.3224525,0.9615116349138579,0.9960553617463628
7,ST3GAL3,-0.048256736,3.8410928,0.9615116349138579,0.9960553617463628
7,KLC4,-0.048256736,3.9795702,0.9615116349138579,0.9960553617463628
7,CCL4L1,-0.048256736,3.5466342,0.9615116349138579,0.9960553617463628
7,RAB40C,-0.048256736,4.1389956,0.9615116349138579,0.9960553617463628
7,RP11-70P17.1,-0.048256736,3.949737,0.9615116349138579,0.9960553617463628
7,RP11-706O15.1,-0.05011276,3.2883568,0.9600325289931761,0.9960553617463628
7,SLC2A13,-0.05011276,3.516436,0.9600325289931761,0.9960553617463628
7,DPY19L4,-0.05011276,3.7681766,0.9600325289931761,0.9960553617463628
7,MYL9,-0.05011276,2.6580567,0.9600325289931761,0.9960553617463628
7,ABCB1,-0.05011276,3.8069153,0.9600325289931761,0.9960553617463628
7,TNRC18,-0.05196879,3.788979,0.9585535606387415,0.9960553617463628
7,NEK8,-0.05196879,3.6106634,0.9585535606387415,0.9960553617463628
7,ZNF528,-0.05196879,3.9952345,0.9585535606387415,0.9960553617463628
7,LRIG2,-0.05196879,3.7929103,0.9585535606387415,0.9960553617463628
7,PEX16,-0.0526648,,0.9579989840093217,0.9960553617463628
7,C8orf44,-0.05382482,3.8983145,0.9570747349320861,0.9960553617463628
7,WDR91,-0.05382482,3.968017,0.9570747349320861,0.9960553617463628
7,PLD6,-0.05382482,4.1748357,0.9570747349320861,0.9960553617463628
7,ABCC10,-0.05382482,3.8657522,0.9570747349320861,0.9960553617463628
7,ARSD,-0.05382482,3.8361218,0.9570747349320861,0.9960553617463628
7,MBNL1-AS1,-0.05382482,3.8624392,0.9570747349320861,0.9960553617463628
7,NOG,-0.05382482,4.354034,0.9570747349320861,0.9960553617463628
7,DHX34,-0.05568085,3.878568,0.9555960569532689,0.9960553617463628
7,PDIK1L,-0.05568085,3.9076672,0.9555960569532689,0.9960553617463628
7,TMEM104,-0.05568085,3.8997524,0.9555960569532689,0.9960553617463628
7,AGO4,-0.05568085,4.0625033,0.9555960569532689,0.9960553617463628
7,OSBPL7,-0.05568085,4.168744,0.9555960569532689,0.9960553617463628
7,NECAB3,-0.05568085,3.6623316,0.9555960569532689,0.9960553617463628
7,ZNF628,-0.05568085,4.121098,0.9555960569532689,0.9960553617463628
7,HCFC2,-0.057536878,4.100449,0.9541175317808241,0.9960553617463628
7,RP11-428G5.5,-0.057536878,4.424901,0.9541175317808241,0.9960553617463628
7,ACRBP,-0.059392903,2.9654758,0.9526391644917082,0.9960553617463628
7,SENCR,-0.059392903,4.172663,0.9526391644917082,0.9960553617463628
7,PRUNE,-0.059392903,4.45792,0.9526391644917082,0.9960553617463628
7,FAM63A,-0.059392903,4.2992535,0.9526391644917082,0.9960553617463628
7,GBGT1,-0.059392903,3.4436514,0.9526391644917082,0.9960553617463628
7,GPR35,-0.059392903,4.0384893,0.9526391644917082,0.9960553617463628
7,PTGS1,-0.059392903,3.5634782,0.9526391644917082,0.9960553617463628
7,PTGDS,-0.059392903,3.7781434,0.9526391644917082,0.9960553617463628
7,SLC27A1,-0.061248932,4.078359,0.9511609601612476,0.9960553617463628
7,HEXIM2,-0.061248932,4.7679286,0.9511609601612476,0.9960553617463628
7,BACE2,-0.061248932,4.112252,0.9511609601612476,0.9960553617463628
7,WARS2,-0.061248932,4.25077,0.9511609601612476,0.9960553617463628
7,CLSTN3,-0.061248932,4.4973392,0.9511609601612476,0.9960553617463628
7,LIMD2,-0.061480936,,0.9509761963306805,0.9960553617463628
7,CYP27A1,-0.06310496,3.957204,0.9496829238630871,0.9960553617463628
7,TP53BP2,-0.06310496,5.2192073,0.9496829238630871,0.9960553617463628
7,CRTC1,-0.06310496,5.160884,0.9496829238630871,0.9960553617463628
7,PAX5,-0.06310496,5.2270513,0.9496829238630871,0.9960553617463628
7,ERCC6L2,-0.06310496,4.2056108,0.9496829238630871,0.9960553617463628
7,MED9,-0.06310496,4.337288,0.9496829238630871,0.9960553617463628
7,ICOSLG,-0.06310496,4.5633483,0.9496829238630871,0.9960553617463628
7,ARMCX5,-0.06310496,4.4897666,0.9496829238630871,0.9960553617463628
7,SPARC,-0.06496099,3.3465786,0.9482050606691365,0.9960553617463628
7,RP5-887A10.1,-0.06496099,4.8929896,0.9482050606691365,0.9960553617463628
7,SLC20A2,-0.06496099,4.300919,0.9482050606691365,0.9960553617463628
7,HBEGF,-0.06496099,4.886322,0.9482050606691365,0.9960553617463628
7,C1QA,-0.066817015,3.6375523,0.9467273756495196,0.9960553617463628
7,CD163,-0.066817015,4.5948305,0.9467273756495196,0.9960553617463628
7,ZFAND4,-0.066817015,4.473107,0.9467273756495196,0.9960553617463628
7,FBXW4,-0.066817015,4.9216847,0.9467273756495196,0.9960553617463628
7,BMPR2,-0.068673044,3.8591294,0.945249873872521,0.9960553617463628
7,TBCK,-0.068673044,4.2173414,0.945249873872521,0.9960553617463628
7,TAOK2,-0.068673044,4.4457526,0.945249873872521,0.9960553617463628
7,BCDIN3D,-0.068673044,5.081912,0.945249873872521,0.9960553617463628
7,RP11-400F19.6,-0.068673044,4.634501,0.945249873872521,0.9960553617463628
7,RABL2A,-0.068673044,4.932898,0.945249873872521,0.9960553617463628
7,GNG11,-0.07052907,2.8352633,0.9437725604045348,0.9960553617463628
7,SIGLEC14,-0.07052907,4.8820567,0.9437725604045348,0.9960553617463628
7,CDC42EP3,-0.07145709,,0.9430339758691396,0.9960553617463628
7,CHN2,-0.0723851,4.393673,0.9422954403100119,0.9960553617463628
7,ZNF333,-0.0723851,5.146419,0.9422954403100119,0.9960553617463628
7,TPTEP1,-0.0723851,4.5833273,0.9422954403100119,0.9960553617463628
7,SMPDL3A,-0.0723851,4.9657545,0.9422954403100119,0.9960553617463628
7,CTD-2267D19.2,-0.0723851,5.1643786,0.9422954403100119,0.9960553617463628
7,TANGO6,-0.0723851,5.5903773,0.9422954403100119,0.9960553617463628
7,NEIL1,-0.0723851,4.3627524,0.9422954403100119,0.9960553617463628
7,FADS1,-0.0723851,4.0612617,0.9422954403100119,0.9960553617463628
7,ZNF559,-0.0723851,4.921382,0.9422954403100119,0.9960553617463628
7,DENND6A,-0.0723851,5.3151746,0.9422954403100119,0.9960553617463628
7,C2orf76,-0.07424113,4.7756925,0.940818518651408,0.9960553617463628
7,LRRK2,-0.07424113,4.8666086,0.940818518651408,0.9960553617463628
7,PF4,-0.07609716,3.1100543,0.9393418004891316,0.9960553617463628
7,PLA2G7,-0.07609716,4.533186,0.9393418004891316,0.9960553617463628
7,C16orf58,-0.07609716,5.1568046,0.9393418004891316,0.9960553617463628
7,RHEBL1,-0.07609716,5.470314,0.9393418004891316,0.9960553617463628
7,APOBEC3A,-0.07725718,,0.9384189572233655,0.9960553617463628
7,RAMP1,-0.07795319,6.6568727,0.9378652908814924,0.9960553617463628
7,TTPAL,-0.07795319,5.668998,0.9378652908814924,0.9960553617463628
7,SDPR,-0.07795319,3.2540295,0.9378652908814924,0.9960553617463628
7,BBS2,-0.07980922,5.2917914,0.9363889948846486,0.9960553617463628
7,FCRL2,-0.07980922,6.157132,0.9363889948846486,0.9960553617463628
7,PGM2L1,-0.07980922,4.6153383,0.9363889948846486,0.9960553617463628
7,MAP3K7CL,-0.07980922,4.5108824,0.9363889948846486,0.9960553617463628
7,TMEM87B,-0.07980922,4.5919785,0.9363889948846486,0.9960553617463628
7,ATG16L1,-0.07980922,5.1999965,0.9363889948846486,0.9960553617463628
7,VIPR1,-0.08166524,4.8583136,0.9349129175525552,0.9960553617463628
7,NELFB,-0.08166524,4.6791363,0.9349129175525552,0.9960553617463628
7,KIR3DL2,-0.08166524,6.275497,0.9349129175525552,0.9960553617463628
7,HDAC9,-0.08166524,4.852533,0.9349129175525552,0.9960553617463628
7,PURA,-0.08166524,4.802486,0.9349129175525552,0.9960553617463628
7,EREG,-0.08166524,5.7348113,0.9349129175525552,0.9960553617463628
7,RFNG,-0.08352127,4.271221,0.933437063936913,0.9960553617463628
7,CR1,-0.08352127,5.0346885,0.933437063936913,0.9960553617463628
7,CD93,-0.08352127,4.724694,0.933437063936913,0.9960553617463628
7,PTPRCAP,-0.08421728,,0.9328836775386082,0.9960553617463628
7,TAF6L,-0.0853773,5.6714354,0.9319614390871147,0.9960553617463628
7,UBXN1,-0.08700132,,0.9306704589707213,0.9960553617463628
7,USP19,-0.08723333,5.911982,0.9304860480501953,0.9960553617463628
7,TRMT61A,-0.08723333,5.118561,0.9304860480501953,0.9960553617463628
7,ORC2,-0.08723333,5.0379286,0.9304860480501953,0.9960553617463628
7,CXCL2,-0.08723333,6.475231,0.9304860480501953,0.9960553617463628
7,LDLRAP1,-0.08816134,,0.9297484417881059,0.9960553617463628
7,SCAI,-0.08908936,4.7482076,0.9290108958707791,0.9960553617463628
7,GTF2H2,-0.08908936,6.137893,0.9290108958707791,0.9960553617463628
7,POMT1,-0.08908936,4.544385,0.9290108958707791,0.9960553617463628
7,NF1,-0.08908936,6.2111993,0.9290108958707791,0.9960553617463628
7,HEMK1,-0.08908936,4.796477,0.9290108958707791,0.9960553617463628
7,RP11-138A9.2,-0.08908936,6.5034347,0.9290108958707791,0.9960553617463628
7,NR2C1,-0.090945385,4.9832125,0.9275359875910281,0.9960553617463628
7,CA2,-0.090945385,3.9401445,0.9275359875910281,0.9960553617463628
7,ARHGEF7,-0.090945385,6.542059,0.9275359875910281,0.9960553617463628
7,TSC22D1,-0.092801414,4.035464,0.9260613282505901,0.9960553617463628
7,SPIN1,-0.092801414,4.999045,0.9260613282505901,0.9960553617463628
7,ZNF397,-0.092801414,6.5258794,0.9260613282505901,0.9960553617463628
7,CASC7,-0.092801414,5.540061,0.9260613282505901,0.9960553617463628
7,CST3,-0.09372943,,0.9253240935068034,0.9960553617463628
7,KLRC1,-0.09465744,8.656332,0.9245869228865479,0.9960553617463628
7,ZBTB10,-0.09465744,6.2723966,0.9245869228865479,0.9960553617463628
7,FAM43A,-0.09465744,6.832974,0.9245869228865479,0.9960553617463628
7,TMEM234,-0.09465744,6.610095,0.9245869228865479,0.9960553617463628
7,BLZF1,-0.09465744,6.0448427,0.9245869228865479,0.9960553617463628
7,USP25,-0.09465744,6.8137207,0.9245869228865479,0.9960553617463628
7,CDK19,-0.09465744,5.313164,0.9245869228865479,0.9960553617463628
7,CLU,-0.09465744,3.2660842,0.9245869228865479,0.9960553617463628
7,ARL6IP5,-0.09558546,,0.9238498170190492,0.9960553617463628
7,ABHD17B,-0.09651347,5.040174,0.9231127765333668,0.9960553617463628
7,C4orf33,-0.09651347,5.242486,0.9231127765333668,0.9960553617463628
7,GMPR,-0.0983695,4.396816,0.9216388942228433,0.9960553617463628
7,DHX8,-0.10022552,6.4880056,0.9201652809840536,0.9960553617463628
7,CEP120,-0.10022552,5.9163,0.9201652809840536,0.9960553617463628
7,VPS28,-0.10115354,,0.9194285768373889,0.9960553617463628
7,MMD,-0.10208155,5.0839767,0.9186919418433025,0.9960553617463628
7,FCER1A,-0.10208155,6.4840913,0.9186919418433025,0.9960553617463628
7,TBC1D23,-0.10208155,5.587974,0.9186919418433025,0.9960553617463628
7,NPHP3,-0.10208155,5.543031,0.9186919418433025,0.9960553617463628
7,RNF25,-0.10208155,5.5213666,0.9186919418433025,0.9960553617463628
7,GOLGB1,-0.10393758,6.9245796,0.9172188818240713,0.9960553617463628
7,CD2AP,-0.10393758,5.8200893,0.9172188818240713,0.9960553617463628
7,SNCA,-0.10393758,5.612755,0.9172188818240713,0.9960553617463628
7,PJA1,-0.10393758,5.282853,0.9172188818240713,0.9960553617463628
7,RUNDC1,-0.10579361,5.7257824,0.9157461059469667,0.9960553617463628
7,KLHL6,-0.10579361,5.5550227,0.9157461059469667,0.9960553617463628
7,BACH1,-0.10764964,6.294725,0.9142736192296697,0.9960553617463628
7,ZNF567,-0.10950567,7.263539,0.9128014266868839,0.9960553617463628
7,DUSP10,-0.10950567,5.567181,0.9128014266868839,0.9960553617463628
7,ATXN1L,-0.10950567,5.4415903,0.9128014266868839,0.9960553617463628
7,FCGR1B,-0.1113617,6.3850574,0.9113295333302849,0.9960553617463628
7,PEMT,-0.1113617,5.4682746,0.9113295333302849,0.9960553617463628
7,RP11-468E2.4,-0.1113617,5.619092,0.9113295333302849,0.9960553617463628
7,YPEL2,-0.1113617,4.784901,0.9113295333302849,0.9960553617463628
7,USP38,-0.1113617,5.083056,0.9113295333302849,0.9960553617463628
7,CHPF2,-0.1113617,5.5047956,0.9113295333302849,0.9960553617463628
7,CTBP2,-0.11321773,6.045958,0.9098579441684682,0.9960553617463628
7,JAZF1,-0.11321773,5.968314,0.9098579441684682,0.9960553617463628
7,SURF6,-0.115073755,4.8397017,0.9083866642068991,0.9960553617463628
7,ZNF493,-0.115073755,4.761103,0.9083866642068991,0.9960553617463628
7,CYB561,-0.115073755,7.076737,0.9083866642068991,0.9960553617463628
7,TRIP12,-0.11692978,5.386199,0.9069156984478606,0.9960553617463628
7,ZFYVE28,-0.11692978,7.17689,0.9069156984478606,0.9960553617463628
7,KLF11,-0.11692978,6.0606823,0.9069156984478606,0.9960553617463628
7,FRAT1,-0.11692978,5.833524,0.9069156984478606,0.9960553617463628
7,SLC4A7,-0.118785806,7.0245733,0.9054450518904033,0.9960553617463628
7,TNNI2,-0.118785806,5.6741858,0.9054450518904033,0.9960553617463628
7,ELL,-0.120641835,6.6906843,0.903974729530294,0.9960553617463628
7,FBXO11,-0.120641835,7.949359,0.903974729530294,0.9960553617463628
7,URGCP,-0.120641835,6.315724,0.903974729530294,0.9960553617463628
7,CHD7,-0.120641835,5.7089415,0.903974729530294,0.9960553617463628
7,PDXDC1,-0.120641835,5.824436,0.903974729530294,0.9960553617463628
7,RP5-1073O3.7,-0.120641835,6.3970222,0.903974729530294,0.9960553617463628
7,MED7,-0.122497864,7.028349,0.9025047363599646,0.9960553617463628
7,VMAC,-0.122497864,7.7489467,0.9025047363599646,0.9960553617463628
7,SMARCD3,-0.122497864,5.767597,0.9025047363599646,0.9960553617463628
7,C1GALT1C1,-0.12435389,6.635828,0.9010350773684618,0.9960553617463628
7,USP20,-0.12435389,8.290394,0.9010350773684618,0.9960553617463628
7,RP5-827C21.4,-0.12620991,6.7917447,0.8995657575413958,0.9960553617463628
7,RPUSD2,-0.12620991,4.9418077,0.8995657575413958,0.9960553617463628
7,FEM1A,-0.12620991,5.8813367,0.8995657575413958,0.9960553617463628
7,EXOC6,-0.12620991,6.3458486,0.8995657575413958,0.9960553617463628
7,ZNF836,-0.12806594,6.6842694,0.8980967818608898,0.9960553617463628
7,ZMAT3,-0.12806594,7.5035787,0.8980967818608898,0.9960553617463628
7,TMEM116,-0.12806594,7.7125893,0.8980967818608898,0.9960553617463628
7,CEP85L,-0.12992197,6.8676214,0.8966281553055293,0.9960553617463628
7,RAB21,-0.131778,7.148709,0.8951598828503117,0.9960553617463628
7,ASXL2,-0.13363403,6.3396435,0.8936919694665951,0.9960553617463628
7,DIS3,-0.13363403,6.9312205,0.8936919694665951,0.9960553617463628
7,SCPEP1,-0.13549006,,0.8922244201220488,0.9960553617463628
7,TPM1,-0.13549006,6.3389273,0.8922244201220488,0.9960553617463628
7,RABEP2,-0.13549006,6.1596265,0.8922244201220488,0.9960553617463628
7,DENND5A,-0.13734609,7.4804416,0.8907572397806018,0.9960553617463628
7,ARIH2OS,-0.13734609,6.7888327,0.8907572397806018,0.9960553617463628
7,BRAT1,-0.13920212,7.492555,0.8892904334023934,0.9960553617463628
7,LPGAT1,-0.13920212,8.749078,0.8892904334023934,0.9960553617463628
7,LRRC8C,-0.13920212,8.193985,0.8892904334023934,0.9960553617463628
7,PTAFR,-0.14105815,6.6820755,0.8878240059437222,0.9960553617463628
7,FCGR2B,-0.14105815,,0.8878240059437222,0.9960553617463628
7,ZNF350,-0.14105815,6.128344,0.8878240059437222,0.9960553617463628
7,B4GALT4,-0.14105815,6.8011675,0.8878240059437222,0.9960553617463628
7,ST7L,-0.14291418,6.5603037,0.8863579623569963,0.9960553617463628
7,CD9,-0.1447702,5.299019,0.8848923075906828,0.9960553617463628
7,SLC35A1,-0.1447702,8.514553,0.8848923075906828,0.9960553617463628
7,DOK3,-0.1447702,5.283786,0.8848923075906828,0.9960553617463628
7,ZNF195,-0.1447702,7.160866,0.8848923075906828,0.9960553617463628
7,TMX3,-0.1447702,7.0375366,0.8848923075906828,0.9960553617463628
7,TOP1MT,-0.1447702,8.328999,0.8848923075906828,0.9960553617463628
7,EIF2AK4,-0.14662623,5.9066234,0.8834270465892583,0.9960553617463628
7,MS4A1,-0.14801826,,0.8823283622185322,0.9960553617463628
7,KCNQ1OT1,-0.14848226,5.1996574,0.8819621842931579,0.9960553617463628
7,MANBA,-0.14848226,9.076679,0.8819621842931579,0.9960553617463628
7,SLC6A6,-0.14848226,8.422723,0.8819621842931579,0.9960553617463628
7,TMEM91,-0.14848226,6.6090264,0.8819621842931579,0.9960553617463628
7,NSMAF,-0.14848226,7.238703,0.8819621842931579,0.9960553617463628
7,PCNX,-0.15033829,7.941793,0.8804977256387262,0.9960553617463628
7,TMEM140,-0.15033829,6.0639277,0.8804977256387262,0.9960553617463628
7,TRIP11,-0.15033829,7.097874,0.8804977256387262,0.9960553617463628
7,DEDD,-0.15033829,6.6278715,0.8804977256387262,0.9960553617463628
7,STAU2,-0.15219432,7.3601136,0.879033675558167,0.9960553617463628
7,MLLT11,-0.15405035,5.0110745,0.8775700389794933,0.9960553617463628
7,TCTA,-0.15590638,7.3990316,0.876106820826478,0.9960553617463628
7,CTD-2006K23.1,-0.15590638,8.371447,0.876106820826478,0.9960553617463628
7,ST3GAL2,-0.15590638,7.3106494,0.876106820826478,0.9960553617463628
7,RP11-727F15.9,-0.15590638,,0.876106820826478,0.9960553617463628
7,NRGN,-0.15590638,8.087167,0.876106820826478,0.9960553617463628
7,FHL1,-0.15776241,6.468157,0.8746440260186037,0.9960553617463628
7,CAPN12,-0.15776241,6.976512,0.8746440260186037,0.9960553617463628
7,GRAP,-0.15776241,7.1472335,0.8746440260186037,0.9960553617463628
7,KCNK6,-0.15776241,6.3994455,0.8746440260186037,0.9960553617463628
7,IER3,-0.15776241,,0.8746440260186037,0.9960553617463628
7,XCL1,-0.15961844,,0.8731816594710137,0.9960553617463628
7,ADAP2,-0.15961844,8.4425125,0.8731816594710137,0.9960553617463628
7,ARHGAP24,-0.15961844,6.342245,0.8731816594710137,0.9960553617463628
7,PKN2,-0.15961844,7.682667,0.8731816594710137,0.9960553617463628
7,CRTC2,-0.15961844,6.367483,0.8731816594710137,0.9960553617463628
7,FOSL2,-0.15961844,8.402848,0.8731816594710137,0.9960553617463628
7,NME6,-0.15961844,6.3904767,0.8731816594710137,0.9960553617463628
7,ETHE1,-0.16124246,,0.8719024439097505,0.9960553617463628
7,RNF168,-0.16147447,6.4695964,0.8717197260944619,0.9960553617463628
7,CITED4,-0.16147447,8.073059,0.8717197260944619,0.9960553617463628
7,LST1,-0.16286647,,0.8706235632821656,0.9960553617463628
7,TBC1D15,-0.16333048,7.5610924,0.8702582307952638,0.9960553617463628
7,COLGALT1,-0.16333048,,0.8702582307952638,0.9960553617463628
7,PUM1,-0.16333048,7.554481,0.8702582307952638,0.9960553617463628
7,IFFO1,-0.16333048,6.2872396,0.8702582307952638,0.9960553617463628
7,IFI27,-0.16333048,,0.8702582307952638,0.9960553617463628
7,RGS18,-0.16518651,8.704473,0.8687971784752468,0.9960553617463628
7,RP11-589C21.6,-0.16518651,6.3012342,0.8687971784752468,0.9960553617463628
7,AAGAB,-0.17261063,6.3931956,0.8629574968637027,0.9960553617463628
7,MDP1,-0.17261063,7.5463204,0.8629574968637027,0.9960553617463628
7,S100B,-0.17261063,,0.8629574968637027,0.9960553617463628
7,PCGF1,-0.17446665,8.299861,0.8614987328064783,0.9960553617463628
7,FCRL6,-0.17446665,,0.8614987328064783,0.9960553617463628
7,TNFRSF1B,-0.17585868,,0.860404969439577,0.9960553617463628
7,HIST1H2AC,-0.17632268,6.3927913,0.8600404410423973,0.9960553617463628
7,AC093323.3,-0.18189077,,0.8556684481749238,0.9960553617463628
7,RP11-291B21.2,-0.18189077,,0.8556684481749238,0.9960553617463628
7,NFKBIL1,-0.18189077,6.45548,0.8556684481749238,0.9960553617463628
7,DIDO1,-0.1837468,9.059113,0.8542120942247302,0.9960553617463628
7,IFIT5,-0.18560283,,0.8527562368635714,0.9960553617463628
7,PHACTR4,-0.18560283,6.7555795,0.8527562368635714,0.9960553617463628
7,PRSS23,-0.18560283,,0.8527562368635714,0.9960553617463628
7,ZNF263,-0.18745886,6.785111,0.8513008809355971,0.9960553617463628
7,PRKACA,-0.19117092,6.719226,0.848391692730138,0.9960553617463628
7,RARA,-0.19117092,7.2804933,0.848391692730138,0.9960553617463628
7,TOP2B,-0.19302694,6.6514235,0.8469378701151468,0.9960553617463628
7,LTB4R,-0.19302694,,0.8469378701151468,0.9960553617463628
7,CYBA,-0.19534698,,0.8451213247271833,0.9960553617463628
7,ATXN7L3B,-0.196739,9.265361,0.8440317919774432,0.9960553617463628
7,THAP2,-0.20045105,8.596655,0.8411278353896186,0.9960553617463628
7,BCL2A1,-0.20230708,,0.839676664691686,0.9960553617463628
7,RP11-18H21.1,-0.20230708,,0.839676664691686,0.9960553617463628
7,ID2,-0.20601913,,0.8367759624693218,0.9960553617463628
7,HDAC5,-0.20601913,7.484627,0.8367759624693218,0.9960553617463628
7,RPUSD1,-0.20601913,,0.8367759624693218,0.9960553617463628
7,RETN,-0.20787516,,0.8353264405208182,0.9960553617463628
7,CGRRF1,-0.20787516,7.6174,0.8353264405208182,0.9960553617463628
7,KLHL24,-0.20973119,8.375205,0.8338774777220034,0.9960553617463628
7,SGK1,-0.20973119,12.100515,0.8338774777220034,0.9960553617463628
7,AP003733.1,-0.20973119,,0.8338774777220034,0.9960553617463628
7,SMARCC2,-0.21158722,8.626014,0.8324290788466977,0.9960553617463628
7,HOOK2,-0.21344325,8.650146,0.830981248662979,0.9960553617463628
7,SNX9,-0.21344325,,0.830981248662979,0.9960553617463628
7,ATAD1,-0.21344325,10.748063,0.830981248662979,0.9960553617463628
7,NABP1,-0.21344325,8.939111,0.830981248662979,0.9960553617463628
7,FCRLA,-0.21344325,10.16078,0.830981248662979,0.9960553617463628
7,PICALM,-0.21529928,9.433226,0.8295339919331354,0.9960553617463628
7,PELI1,-0.21529928,,0.8295339919331354,0.9960553617463628
7,ADPRM,-0.21529928,8.975377,0.8295339919331354,0.9960553617463628
7,PBRM1,-0.21715531,9.576264,0.8280873134136191,0.9960553617463628
7,CCDC66,-0.21901134,7.4670854,0.8266412178549989,0.9960553617463628
7,KIAA1430,-0.21901134,,0.8266412178549989,0.9960553617463628
7,ZNF92,-0.21901134,8.1808605,0.8266412178549989,0.9960553617463628
7,FCGR1A,-0.21901134,,0.8266412178549989,0.9960553617463628
7,PLA2G12A,-0.22086737,,0.8251957100019134,0.9960553617463628
7,ARRDC3,-0.22086737,,0.8251957100019134,0.9960553617463628
7,P2RY10,-0.22457942,12.20149,0.8223064763609735,0.9960553617463628
7,PHACTR1,-0.22829148,9.257738,0.8194196503275432,0.9960553617463628
7,PTGDR,-0.22829148,8.491961,0.8194196503275432,0.9960553617463628
7,PLCB2,-0.22829148,,0.8194196503275432,0.9960553617463628
7,STAU1,-0.23014751,,0.8179771519609105,0.9960553617463628
7,FAM127A,-0.23014751,,0.8179771519609105,0.9960553617463628
7,ERV3-1,-0.23014751,9.2774315,0.8179771519609105,0.9960553617463628
7,HLA-DOB,-0.23014751,,0.8179771519609105,0.9960553617463628
7,JUND,-0.2364116,,0.8131132955956232,0.9960553617463628
7,TIMM22,-0.24128367,,0.8093352630746546,0.9960553617463628
7,BBC3,-0.24128367,,0.8093352630746546,0.9960553617463628
7,NPC2,-0.2436037,,0.8075377548632463,0.9960553617463628
7,TCEAL4,-0.24499573,8.21759,0.8064597368464886,0.9960553617463628
7,SPG20,-0.24685176,,0.805022951626895,0.9960553617463628
7,RPS5,-0.24708377,,0.8048433996540649,0.9960553617463628
7,GLTP,-0.24870779,10.819412,0.8035868245393718,0.9960553617463628
7,PACS1,-0.24870779,8.112431,0.8035868245393718,0.9960553617463628
7,C4orf3,-0.25102782,,0.8017925982516203,0.9960553617463628
7,SWAP70,-0.25427586,,0.7992824384705387,0.9960553617463628
7,C16orf54,-0.25427586,,0.7992824384705387,0.9960553617463628
7,TMEM55A,-0.25798792,7.511655,0.7964162233692358,0.9960553617463628
7,SNHG12,-0.25798792,,0.7964162233692358,0.9960553617463628
7,SPG7,-0.25984395,,0.7949841423510732,0.9960553617463628
7,PIGX,-0.26169997,8.091292,0.793552751826975,0.9960553617463628
7,TNFSF12,-0.26169997,,0.793552751826975,0.9960553617463628
7,TRIM14,-0.26169997,,0.793552751826975,0.9960553617463628
7,XRRA1,-0.26726806,11.13177,0.7892627691398828,0.9960553617463628
7,PRKCD,-0.26726806,,0.7892627691398828,0.9960553617463628
7,OSCAR,-0.26726806,,0.7892627691398828,0.9960553617463628
7,MBOAT7,-0.2691241,,0.7878341864775853,0.9960553617463628
7,TCEA2,-0.2691241,,0.7878341864775853,0.9960553617463628
7,MLLT6,-0.27098012,,0.7864063172166974,0.9960553617463628
7,S100A12,-0.27283615,,0.7849791659172789,0.9960553617463628
7,RXRA,-0.27469218,10.336931,0.7835527371321518,0.9960553617463628
7,PLEKHA1,-0.2765482,8.704664,0.7821270354068562,0.9960553617463628
7,CAMK2G,-0.28026026,13.42811,0.7792778312812532,0.9960553617463628
7,C5orf15,-0.2821163,,0.77785433793523,0.9960553617463628
7,CPQ,-0.28397232,8.650435,0.7764315897575202,0.9960553617463628
7,TNFRSF4,-0.28582835,,0.7750095912566098,0.9960553617463628
7,ZNF276,-0.28582835,,0.7750095912566098,0.9960553617463628
7,WHAMM,-0.28768438,,0.7735883469334459,0.9960553617463628
7,LPIN1,-0.28768438,12.505375,0.7735883469334459,0.9960553617463628
7,PIK3R1,-0.29696453,,0.7664935949838575,0.9960553617463628
7,SLC50A1,-0.29882056,,0.7650769698195107,0.9960553617463628
7,SDAD1,-0.30067658,,0.7636611301248817,0.9960553617463628
7,TRPV2,-0.30067658,,0.7636611301248817,0.9960553617463628
7,IFI30,-0.30114058,,0.76330729345125,0.9960553617463628
7,TMEM167B,-0.30438864,,0.7608318248933105,0.9960553617463628
7,SKAP2,-0.30624467,,0.7594183682108,0.9960553617463628
7,CARS,-0.3081007,9.951243,0.7580057147067888,0.9960553617463628
7,YTHDC1,-0.31181276,,0.7551828348549645,0.9960553617463628
7,TNFRSF25,-0.31181276,,0.7551828348549645,0.9960553617463628
7,TRIM8,-0.3136688,,0.7537726172972565,0.9960553617463628
7,NAT9,-0.31552482,8.656786,0.7523632204981759,0.9960553617463628
7,EAPP,-0.3157568,,0.7521871038258483,0.9960553617463628
7,CORO7,-0.31923687,,0.7495469066661484,0.9960553617463628
7,TNFAIP2,-0.3210929,,0.7481399983576755,0.9960553617463628
7,LYRM2,-0.32294893,,0.746733928256698,0.9960553617463628
7,RBM5,-0.32480493,8.384032,0.7453287007046214,0.9960553617463628
7,G0S2,-0.33779714,,0.7355160621124013,0.9960553617463628
7,SAT1,-0.34058118,,0.7334188944799891,0.9960553617463628
7,CTNNB1,-0.34336522,,0.7313237144223859,0.9960553617463628
7,CHIC2,-0.3619255,,0.7174076949514469,0.9960553617463628
7,WTAP,-0.3816458,,0.702724098658667,0.9960553617463628
7,CISH,-0.38234183,,0.7022078369206722,0.9960553617463628
7,NUMB,-0.39162198,,0.6953375568051545,0.9960553617463628
7,ASGR1,-0.39162198,,0.6953375568051545,0.9960553617463628
7,RAB9A,-0.39719003,,0.6912273199351937,0.9960553617463628
7,LINC00926,-0.39904606,,0.6898592534835543,0.9960553617463628
7,IFIT1,-0.39904606,,0.6898592534835543,0.9960553617463628
7,STX16,-0.41575032,,0.6775927071970027,0.9960553617463628
7,FCGR2A,-0.41760635,,0.676234946264086,0.9960553617463628
7,IGFBP7,-0.42317444,,0.6721679907416976,0.9960553617463628
7,TMEM219,-0.42456648,,0.6711527433783395,0.9960553617463628
7,DYNLT1,-0.4468388,,0.6549914510295406,0.9960553617463628
7,TRABD2A,-0.46957514,,0.6386585814925111,0.9960553617463628
7,S100A8,-0.47096717,,0.6376641778815763,0.9960553617463628
7,MAFB,-0.4807113,,0.6307216841831531,0.9960553617463628
7,C5AR1,-0.48442337,,0.6280854310862227,0.9960553617463628
7,TCL1A,-0.48999146,,0.6241399405939759,0.9960553617463628
7,GTF2B,-0.48999146,,0.6241399405939759,0.9960553617463628
7,S100A11,-0.49509555,,0.6205326821501673,0.9960553617463628
7,SMIM14,-0.50112766,,0.6162813014912395,0.9960553617463628
7,IL27RA,-0.51597583,,0.6058712710867601,0.9960553617463628
7,S100A6,-0.5166719,,0.6053852371957866,0.9960553617463628
7,NUDT16L1,-0.525256,,0.5994052409842967,0.9960553617463628
7,ALDH2,-0.5456723,,0.5852912091933455,0.9960553617463628
7,KLRG1,-0.56237656,,0.5738594829737378,0.9960553617463628
7,HAGH,-0.56237656,,0.5738594829737378,0.9960553617463628
7,S100A9,-0.56794465,,0.5700725529741815,0.9960553617463628
7,FYB,-0.57258475,,0.5669259082068747,0.9960553617463628
7,CD2,-0.65100193,,0.5150452514082653,0.9960553617463628
7,MAL,-0.65517795,,0.5123531715632657,0.9960553617463628
7,FCGRT,-0.67489827,,0.4997403947560385,0.9960553617463628
7,LYZ,-0.7076108,,0.47918699909234197,0.9960553617463628
7,CDA,-0.71828294,,0.4725828478907401,0.9960553617463628
7,TNFSF13B,-0.79438007,,0.4269741871182148,0.9960553617463628
7,ILF3-AS1,-0.7980921,,0.42481701427161056,0.9960553617463628
7,MT-CO2,-0.84310085,,0.3991720493797325,0.9960553617463628
7,NCF2,-0.86305314,,0.38810824877200434,0.9960553617463628
7,RILPL2,-0.9354382,,0.3495624947136602,0.9944878939222197
7,FCN1,-1.0215116,,0.30701213677990846,0.9654469710060014
7,LGALS2,-1.0467999,,0.2951918574287268,0.9534585907553874
7,GIMAP7,-1.0890245,,0.27614304454472904,0.9259441970061862
7,IFITM3,-1.1061928,,0.2686430587188644,0.9168705075729161
7,C1orf162,-1.1576977,,0.24698745137863531,0.8696741245726597
7,FTH1,-1.246323,,0.21264584463272307,0.8100794081246593
7,H3F3B,-1.2866915,,0.19820180391700837,0.7697157433670228
7,PNRC1,-1.3936452,,0.16342476498169622,0.6698385216405951
7,FTL,-1.4936388,,0.13527006651054518,0.6233643617997474
7,CD48,-1.6001284,,0.10957010897886921,0.558704418685651
7,CTSS,-1.6704254,,0.09483522011279426,0.5268623339599681
7,SRSF5,-1.710562,,0.08716198973748644,0.5092750001197516
7,B2M,-1.8718045,,0.06123365477332543,0.40958966403562164
7,CD37,-2.0495193,,0.04041137121945344,0.3281923410149607
7,TPT1,-2.0852478,,0.03704681705575567,0.3193691125496178
7,RPS3A,-2.1270084,,0.03341938596065899,0.3017708783262091
7,S100A4,-2.1632009,,0.030525727795551263,0.289987563938169
7,LTB,-2.3311715,,0.019744318266801217,0.22184627266068785
7,RPS27A,-2.4081967,,0.01603154203011879,0.18750341555694489
7,RPL18A,-2.950157,,0.003176125629208717,0.08005318110776512
7,RPL13,-3.1074553,,0.0018870550641357654,0.06085373475837322
7,RPL34,-3.1691682,,0.0015287586386200538,0.05748409537720336
7,RPL21,-3.3881795,,0.0007035817777028612,0.040204673011592064
7,JUNB,-3.9538043,,7.691835830496237e-05,0.011319481042581916
7,MALAT1,-4.5133967,,6.379752007825121e-06,0.0031898760039125603
