stringId_A	stringId_B	preferredName_A	preferredName_B	ncbiTaxonId	score	nscore	fscore	pscore	ascore	escore	dscore	tscore
9606.ENSP00000013807	9606.ENSP00000315644	ERCC1	TYMS	9606	0.72	0	0	0	0	0	0	0.72
9606.ENSP00000013807	9606.ENSP00000372023	ERCC1	CHEK2	9606	0.739	0	0	0	0.049	0.065	0	0.73
9606.ENSP00000013807	9606.ENSP00000467024	ERCC1	RAD23A	9606	0.774	0	0	0	0.068	0	0	0.767
9606.ENSP00000013807	9606.ENSP00000216714	ERCC1	APEX1	9606	0.774	0	0	0	0.099	0.189	0	0.715
9606.ENSP00000013807	9606.ENSP00000451974	ERCC1	XRCC3	9606	0.86	0	0	0	0	0	0	0.86
9606.ENSP00000013807	9606.ENSP00000301764	ERCC1	DDB1	9606	0.893	0	0	0	0.049	0.079	0.5	0.785
9606.ENSP00000013807	9606.ENSP00000348089	ERCC1	ERCC6	9606	0.926	0	0	0	0	0	0	0.926
9606.ENSP00000013807	9606.ENSP00000418960	ERCC1	BRCA1	9606	0.93	0	0	0	0.055	0.439	0.54	0.747
9606.ENSP00000013807	9606.ENSP00000262887	ERCC1	XRCC1	9606	0.967	0	0	0	0.128	0	0.36	0.946
9606.ENSP00000013807	9606.ENSP00000278616	ERCC1	ATM	9606	0.975	0	0	0	0	0	0.9	0.769
9606.ENSP00000013807	9606.ENSP00000375809	ERCC1	ERCC2	9606	0.996	0	0	0	0.095	0	0.5	0.993
9606.ENSP00000013807	9606.ENSP00000498881	ERCC1	ERCC5	9606	0.997	0	0	0	0.062	0.271	0.9	0.973
9606.ENSP00000167588	9606.ENSP00000484824	KRT20	MUC1	9606	0.721	0	0	0	0.067	0.099	0	0.695
9606.ENSP00000167588	9606.ENSP00000406861	KRT20	MUC6	9606	0.738	0	0	0	0.057	0.1	0	0.716
9606.ENSP00000167588	9606.ENSP00000370408	KRT20	CDX2	9606	0.924	0	0	0	0.203	0	0	0.909
9606.ENSP00000201031	9606.ENSP00000250448	TFAP2C	FOXA1	9606	0.798	0	0	0	0.086	0.31	0	0.706
9606.ENSP00000201031	9606.ENSP00000275493	TFAP2C	EGFR	9606	0.82	0	0	0	0.054	0.078	0.75	0.274
9606.ENSP00000201031	9606.ENSP00000478887	TFAP2C	MYC	9606	0.96	0	0	0	0.073	0.459	0.5	0.861
9606.ENSP00000201031	9606.ENSP00000457230	TFAP2C	WWOX	9606	0.989	0	0	0	0	0.292	0.9	0.869
9606.ENSP00000215832	9606.ENSP00000384273	MAPK1	RELA	9606	0.717	0	0	0	0.049	0.189	0	0.662
9606.ENSP00000215832	9606.ENSP00000384849	MAPK1	CDKN1A	9606	0.732	0	0	0	0	0	0	0.732
9606.ENSP00000215832	9606.ENSP00000287820	MAPK1	PPARG	9606	0.736	0	0	0	0	0.51	0	0.483
9606.ENSP00000215832	9606.ENSP00000499900	MAPK1	JAK1	9606	0.745	0	0	0	0.13	0.11	0.4	0.516
9606.ENSP00000215832	9606.ENSP00000378974	MAPK1	MAPK8	9606	0.747	0	0	0.066	0.079	0	0.4	0.568
9606.ENSP00000215832	9606.ENSP00000398698	MAPK1	TNF	9606	0.757	0	0	0	0.083	0	0	0.746
9606.ENSP00000215832	9606.ENSP00000356438	MAPK1	PTGS2	9606	0.78	0	0	0	0.106	0.052	0	0.762
9606.ENSP00000215832	9606.ENSP00000371067	MAPK1	JAK2	9606	0.794	0	0	0	0.112	0.11	0.5	0.54
9606.ENSP00000215832	9606.ENSP00000341551	MAPK1	SMAD4	9606	0.816	0	0	0	0.141	0	0.4	0.672
9606.ENSP00000215832	9606.ENSP00000263967	MAPK1	PIK3CA	9606	0.822	0	0	0	0.103	0	0	0.809
9606.ENSP00000215832	9606.ENSP00000351273	MAPK1	CASP8	9606	0.839	0	0	0	0.123	0.294	0	0.761
9606.ENSP00000215832	9606.ENSP00000414303	MAPK1	BDNF	9606	0.845	0	0	0	0	0	0.75	0.407
9606.ENSP00000215832	9606.ENSP00000418915	MAPK1	CDKN2A	9606	0.846	0	0	0	0.049	0.35	0	0.771
9606.ENSP00000215832	9606.ENSP00000228872	MAPK1	CDKN1B	9606	0.858	0	0	0	0.082	0	0.75	0.433
9606.ENSP00000215832	9606.ENSP00000382423	MAPK1	MAP3K1	9606	0.858	0	0	0	0.119	0.796	0	0.272
9606.ENSP00000215832	9606.ENSP00000305422	MAPK1	CEBPB	9606	0.877	0	0	0	0.049	0.32	0.75	0.33
9606.ENSP00000215832	9606.ENSP00000257566	MAPK1	TBX3	9606	0.911	0	0	0	0.058	0.067	0.9	0.107
9606.ENSP00000215832	9606.ENSP00000496129	MAPK1	PRKCB	9606	0.928	0	0	0	0.126	0.102	0.9	0.196
9606.ENSP00000215832	9606.ENSP00000324804	MAPK1	PPP2R1A	9606	0.929	0	0	0	0.092	0	0.9	0.289
9606.ENSP00000215832	9606.ENSP00000385675	MAPK1	IL6	9606	0.936	0	0	0	0.055	0	0.4	0.897
9606.ENSP00000215832	9606.ENSP00000489597	MAPK1	PTPN11	9606	0.955	0	0	0	0.079	0.145	0.9	0.5
9606.ENSP00000215832	9606.ENSP00000311032	MAPK1	CASP3	9606	0.961	0	0	0	0.1	0.045	0.9	0.599
9606.ENSP00000215832	9606.ENSP00000407586	MAPK1	HRAS	9606	0.979	0	0	0	0.056	0.098	0.9	0.783
9606.ENSP00000215832	9606.ENSP00000478887	MAPK1	MYC	9606	0.983	0	0	0	0	0.643	0.9	0.582
9606.ENSP00000215832	9606.ENSP00000256078	MAPK1	KRAS	9606	0.988	0	0	0	0.088	0.495	0.9	0.771
9606.ENSP00000215832	9606.ENSP00000263025	MAPK1	MAPK3	9606	0.994	0	0	0.049	0.118	0.874	0.9	0.581
9606.ENSP00000215832	9606.ENSP00000264657	MAPK1	STAT3	9606	0.996	0	0	0	0.06	0.926	0	0.95
9606.ENSP00000215832	9606.ENSP00000269305	MAPK1	TP53	9606	0.998	0	0	0	0.045	0.806	0.9	0.912
9606.ENSP00000215832	9606.ENSP00000360266	MAPK1	JUN	9606	0.998	0	0	0	0	0.771	0.9	0.958
9606.ENSP00000216117	9606.ENSP00000363089	HMOX1	TLR4	9606	0.719	0	0	0	0.074	0	0	0.709
9606.ENSP00000216117	9606.ENSP00000412237	HMOX1	IL10	9606	0.726	0	0	0	0.054	0	0	0.722
9606.ENSP00000216117	9606.ENSP00000446252	HMOX1	SOD2	9606	0.743	0.043	0	0	0.062	0	0	0.737
9606.ENSP00000216117	9606.ENSP00000297494	HMOX1	NOS3	9606	0.77	0	0	0	0	0.186	0	0.729
9606.ENSP00000216117	9606.ENSP00000287820	HMOX1	PPARG	9606	0.784	0	0	0	0.049	0	0	0.782
9606.ENSP00000216117	9606.ENSP00000356438	HMOX1	PTGS2	9606	0.789	0	0	0	0.073	0	0	0.782
9606.ENSP00000216117	9606.ENSP00000398698	HMOX1	TNF	9606	0.792	0	0	0	0.044	0	0	0.792
9606.ENSP00000216117	9606.ENSP00000360266	HMOX1	JUN	9606	0.798	0	0	0	0.056	0	0	0.795
9606.ENSP00000216117	9606.ENSP00000311032	HMOX1	CASP3	9606	0.806	0	0	0	0.045	0	0	0.805
9606.ENSP00000216117	9606.ENSP00000385675	HMOX1	IL6	9606	0.81	0	0	0	0.07	0	0	0.804
9606.ENSP00000216117	9606.ENSP00000263341	HMOX1	IL1B	9606	0.817	0	0	0	0.067	0	0	0.812
9606.ENSP00000216117	9606.ENSP00000373477	HMOX1	GPX3	9606	0.844	0	0	0	0.06	0.067	0	0.836
9606.ENSP00000216117	9606.ENSP00000264657	HMOX1	STAT3	9606	0.849	0	0	0	0.056	0	0.4	0.755
9606.ENSP00000216117	9606.ENSP00000462521	HMOX1	TXNIP	9606	0.859	0	0	0	0	0	0.75	0.462
9606.ENSP00000216117	9606.ENSP00000263368	HMOX1	BLVRB	9606	0.952	0	0	0	0.067	0	0.913	0.46
9606.ENSP00000216714	9606.ENSP00000264657	APEX1	STAT3	9606	0.709	0	0	0	0.049	0.292	0	0.603
9606.ENSP00000216714	9606.ENSP00000451974	APEX1	XRCC3	9606	0.734	0	0	0	0.143	0.059	0	0.696
9606.ENSP00000216714	9606.ENSP00000375809	APEX1	ERCC2	9606	0.743	0.093	0	0	0.11	0	0	0.707
9606.ENSP00000216714	9606.ENSP00000296930	APEX1	NPM1	9606	0.871	0	0	0	0.203	0.469	0	0.72
9606.ENSP00000216714	9606.ENSP00000360025	APEX1	GADD45A	9606	0.935	0	0	0	0.049	0.301	0	0.911
9606.ENSP00000216714	9606.ENSP00000269305	APEX1	TP53	9606	0.944	0	0	0	0.104	0.51	0	0.884
9606.ENSP00000216714	9606.ENSP00000500891	APEX1	MUTYH	9606	0.975	0	0	0	0.061	0.647	0.5	0.87
9606.ENSP00000216714	9606.ENSP00000262887	APEX1	XRCC1	9606	0.999	0	0	0	0.065	0.48	0	0.999
9606.ENSP00000217182	9606.ENSP00000369757	EEF1A2	RPS6	9606	0.722	0	0	0	0.568	0.091	0	0.349
9606.ENSP00000217182	9606.ENSP00000466010	EEF1A2	RPS15	9606	0.736	0	0	0	0.531	0.095	0	0.428
9606.ENSP00000217182	9606.ENSP00000484824	EEF1A2	MUC1	9606	0.775	0	0	0	0.048	0.091	0	0.761
9606.ENSP00000217182	9606.ENSP00000307940	EEF1A2	EEF2	9606	0.854	0.095	0	0.11	0.609	0.237	0	0.486
9606.ENSP00000217182	9606.ENSP00000339063	EEF1A2	EEF1A1	9606	0.994	0	0	0.048	0.055	0.922	0.9	0.367
9606.ENSP00000221233	9606.ENSP00000363746	EXOSC5	WDR46	9606	0.777	0	0	0	0.307	0.507	0.4	0
9606.ENSP00000221233	9606.ENSP00000370589	EXOSC5	NOP56	9606	0.809	0	0	0	0.172	0.507	0.4	0.313
9606.ENSP00000221233	9606.ENSP00000232888	EXOSC5	RRP9	9606	0.848	0	0	0	0.438	0.507	0.4	0.194
9606.ENSP00000221419	9606.ENSP00000227524	HNRNPL	PRPF19	9606	0.764	0	0	0	0.729	0	0	0.164
9606.ENSP00000221419	9606.ENSP00000474096	HNRNPL	TAF15	9606	0.816	0	0	0	0.674	0.399	0	0.136
9606.ENSP00000223095	9606.ENSP00000384849	SERPINE1	CDKN1A	9606	0.701	0	0	0	0.172	0	0	0.654
9606.ENSP00000223095	9606.ENSP00000290866	SERPINE1	ACE	9606	0.71	0	0	0	0	0.046	0	0.708
9606.ENSP00000223095	9606.ENSP00000363089	SERPINE1	TLR4	9606	0.721	0	0	0	0.06	0	0	0.715
9606.ENSP00000223095	9606.ENSP00000287820	SERPINE1	PPARG	9606	0.732	0	0	0	0.043	0.045	0	0.731
9606.ENSP00000223095	9606.ENSP00000263341	SERPINE1	IL1B	9606	0.746	0	0	0	0.125	0	0	0.721
9606.ENSP00000223095	9606.ENSP00000398698	SERPINE1	TNF	9606	0.764	0	0	0	0.042	0	0	0.763
9606.ENSP00000223095	9606.ENSP00000260227	SERPINE1	MMP7	9606	0.787	0	0	0	0.071	0	0	0.78
9606.ENSP00000223095	9606.ENSP00000360034	SERPINE1	SERBP1	9606	0.798	0	0	0	0	0.049	0	0.797
9606.ENSP00000223095	9606.ENSP00000356438	SERPINE1	PTGS2	9606	0.815	0	0	0	0.167	0	0	0.787
9606.ENSP00000223095	9606.ENSP00000366307	SERPINE1	THBD	9606	0.846	0	0	0	0.081	0	0	0.839
9606.ENSP00000223095	9606.ENSP00000385675	SERPINE1	IL6	9606	0.849	0	0	0	0.258	0	0	0.804
9606.ENSP00000223095	9606.ENSP00000341551	SERPINE1	SMAD4	9606	0.873	0	0	0	0	0.045	0.5	0.755
9606.ENSP00000223095	9606.ENSP00000401645	SERPINE1	SERPINB2	9606	0.958	0	0	0.161	0.109	0	0.9	0.515
9606.ENSP00000223095	9606.ENSP00000361850	SERPINE1	PLAU	9606	0.999	0	0	0	0.259	0.977	0.54	0.999
9606.ENSP00000227266	9606.ENSP00000420384	CTSC	CST7	9606	0.725	0	0	0	0.119	0.292	0	0.594
9606.ENSP00000227266	9606.ENSP00000318822	CTSC	BID	9606	0.908	0	0	0	0.104	0	0.9	0.065
9606.ENSP00000227266	9606.ENSP00000365230	CTSC	BCL2L1	9606	0.91	0	0	0	0	0	0.9	0.137
9606.ENSP00000227507	9606.ENSP00000357625	CCND1	BNIP3	9606	0.702	0	0	0	0.047	0	0	0.701
9606.ENSP00000227507	9606.ENSP00000263967	CCND1	PIK3CA	9606	0.704	0	0	0	0	0	0	0.704
9606.ENSP00000227507	9606.ENSP00000244050	CCND1	SNAI1	9606	0.705	0	0	0	0.049	0	0	0.703
9606.ENSP00000227507	9606.ENSP00000386884	CCND1	CXCR4	9606	0.706	0	0	0	0.102	0	0	0.686
9606.ENSP00000227507	9606.ENSP00000264709	CCND1	DNMT3A	9606	0.708	0	0	0	0	0	0.5	0.441
9606.ENSP00000227507	9606.ENSP00000242261	CCND1	TWIST1	9606	0.711	0	0	0	0.074	0	0.4	0.522
9606.ENSP00000227507	9606.ENSP00000378974	CCND1	MAPK8	9606	0.724	0	0	0	0.078	0	0	0.713
9606.ENSP00000227507	9606.ENSP00000269141	CCND1	CDH2	9606	0.726	0	0	0	0.063	0	0	0.72
9606.ENSP00000227507	9606.ENSP00000419923	CCND1	KLF6	9606	0.728	0	0	0	0	0	0	0.728
9606.ENSP00000227507	9606.ENSP00000263025	CCND1	MAPK3	9606	0.744	0	0	0	0.06	0	0	0.739
9606.ENSP00000227507	9606.ENSP00000407586	CCND1	HRAS	9606	0.747	0	0	0	0.077	0.071	0	0.728
9606.ENSP00000227507	9606.ENSP00000301633	CCND1	BIRC5	9606	0.751	0	0	0	0.062	0	0.4	0.594
9606.ENSP00000227507	9606.ENSP00000320485	CCND1	ARID1A	9606	0.752	0	0	0	0.076	0	0.5	0.507
9606.ENSP00000227507	9606.ENSP00000385675	CCND1	IL6	9606	0.763	0	0	0	0.074	0	0	0.754
9606.ENSP00000227507	9606.ENSP00000384273	CCND1	RELA	9606	0.791	0	0	0	0.066	0.51	0	0.579
9606.ENSP00000227507	9606.ENSP00000296511	CCND1	ANXA5	9606	0.808	0	0	0	0.11	0.046	0	0.792
9606.ENSP00000227507	9606.ENSP00000365230	CCND1	BCL2L1	9606	0.808	0	0	0	0.052	0	0	0.806
9606.ENSP00000227507	9606.ENSP00000250448	CCND1	FOXA1	9606	0.832	0	0	0	0.086	0	0.5	0.662
9606.ENSP00000227507	9606.ENSP00000256078	CCND1	KRAS	9606	0.835	0	0	0	0.058	0.101	0	0.821
9606.ENSP00000227507	9606.ENSP00000275493	CCND1	EGFR	9606	0.841	0	0	0	0.141	0.106	0	0.809
9606.ENSP00000227507	9606.ENSP00000311032	CCND1	CASP3	9606	0.847	0	0	0	0.055	0	0	0.845
9606.ENSP00000227507	9606.ENSP00000261769	CCND1	CDH1	9606	0.851	0	0	0	0.056	0.292	0	0.796
9606.ENSP00000227507	9606.ENSP00000371067	CCND1	JAK2	9606	0.852	0	0	0	0.055	0	0.4	0.76
9606.ENSP00000227507	9606.ENSP00000382800	CCND1	RUNX3	9606	0.855	0	0	0	0.083	0.292	0.5	0.607
9606.ENSP00000227507	9606.ENSP00000302967	CCND1	HDAC3	9606	0.9	0	0	0	0.06	0.787	0	0.543
9606.ENSP00000227507	9606.ENSP00000269571	CCND1	ERBB2	9606	0.904	0	0	0	0.084	0.301	0	0.862
9606.ENSP00000227507	9606.ENSP00000360266	CCND1	JUN	9606	0.919	0	0	0	0.042	0.292	0.5	0.79
9606.ENSP00000227507	9606.ENSP00000245934	CCND1	SYMPK	9606	0.921	0	0	0	0	0.163	0.9	0.142
9606.ENSP00000227507	9606.ENSP00000418960	CCND1	BRCA1	9606	0.922	0	0	0	0	0.51	0	0.848
9606.ENSP00000227507	9606.ENSP00000258149	CCND1	MDM2	9606	0.926	0	0	0	0.055	0.292	0	0.898
9606.ENSP00000227507	9606.ENSP00000437125	CCND1	HSPA8	9606	0.945	0	0	0	0.055	0.515	0	0.891
9606.ENSP00000227507	9606.ENSP00000269305	CCND1	TP53	9606	0.946	0	0	0	0	0.292	0	0.928
9606.ENSP00000227507	9606.ENSP00000377224	CCND1	CDKN2D	9606	0.952	0	0	0	0	0	0.9	0.547
9606.ENSP00000227507	9606.ENSP00000478887	CCND1	MYC	9606	0.969	0	0	0	0.067	0	0.4	0.95
9606.ENSP00000227507	9606.ENSP00000264657	CCND1	STAT3	9606	0.98	0	0	0	0.054	0.644	0.5	0.898
9606.ENSP00000227507	9606.ENSP00000418915	CCND1	CDKN2A	9606	0.998	0	0	0	0	0.726	0.9	0.946
9606.ENSP00000227507	9606.ENSP00000228872	CCND1	CDKN1B	9606	0.999	0	0	0	0.098	0.991	0.9	0.992
9606.ENSP00000227507	9606.ENSP00000257904	CCND1	CDK4	9606	0.999	0	0	0	0.131	0.999	0.9	0.999
9606.ENSP00000227507	9606.ENSP00000384849	CCND1	CDKN1A	9606	0.999	0	0	0	0.118	0.996	0.9	0.995
9606.ENSP00000227524	9606.ENSP00000307940	PRPF19	EEF2	9606	0.751	0	0	0	0.33	0.639	0	0.052
9606.ENSP00000227524	9606.ENSP00000437125	PRPF19	HSPA8	9606	0.968	0	0	0	0.166	0.213	0.9	0.576
9606.ENSP00000227524	9606.ENSP00000489597	PRPF19	PTPN11	9606	0.987	0	0	0	0.093	0.292	0	0.982
9606.ENSP00000227524	9606.ENSP00000412566	PRPF19	SNRPB	9606	0.995	0	0	0	0.197	0.933	0.9	0.193
9606.ENSP00000228872	9606.ENSP00000278616	CDKN1B	ATM	9606	0.713	0	0	0	0.07	0	0	0.704
9606.ENSP00000228872	9606.ENSP00000311032	CDKN1B	CASP3	9606	0.721	0	0	0	0.051	0	0	0.717
9606.ENSP00000228872	9606.ENSP00000371067	CDKN1B	JAK2	9606	0.725	0	0	0	0.087	0.301	0.4	0.367
9606.ENSP00000228872	9606.ENSP00000275493	CDKN1B	EGFR	9606	0.736	0	0	0	0	0	0	0.736
9606.ENSP00000228872	9606.ENSP00000269571	CDKN1B	ERBB2	9606	0.739	0	0	0	0	0	0	0.739
9606.ENSP00000228872	9606.ENSP00000365230	CDKN1B	BCL2L1	9606	0.836	0	0	0	0.127	0	0	0.82
9606.ENSP00000228872	9606.ENSP00000478887	CDKN1B	MYC	9606	0.855	0	0	0	0.101	0.328	0	0.78
9606.ENSP00000228872	9606.ENSP00000377224	CDKN1B	CDKN2D	9606	0.925	0	0	0	0.062	0.049	0.5	0.852
9606.ENSP00000228872	9606.ENSP00000418915	CDKN1B	CDKN2A	9606	0.93	0	0	0	0	0.049	0.5	0.865
9606.ENSP00000228872	9606.ENSP00000301764	CDKN1B	DDB1	9606	0.952	0	0	0	0	0.333	0.9	0.34
9606.ENSP00000228872	9606.ENSP00000400175	CDKN1B	RHOA	9606	0.977	0	0	0	0.075	0.524	0.5	0.91
9606.ENSP00000228872	9606.ENSP00000384849	CDKN1B	CDKN1A	9606	0.982	0	0	0	0	0.642	0.9	0.555
9606.ENSP00000228872	9606.ENSP00000269305	CDKN1B	TP53	9606	0.991	0	0	0	0	0.076	0.9	0.911
9606.ENSP00000228872	9606.ENSP00000257904	CDKN1B	CDK4	9606	0.999	0	0	0	0.087	0.999	0.9	0.996
9606.ENSP00000230990	9606.ENSP00000260227	HBEGF	MMP7	9606	0.768	0	0	0	0.087	0.292	0.4	0.474
9606.ENSP00000230990	9606.ENSP00000379097	HBEGF	AREG	9606	0.785	0	0	0	0.186	0	0.4	0.596
9606.ENSP00000230990	9606.ENSP00000356438	HBEGF	PTGS2	9606	0.83	0	0	0	0.246	0	0	0.785
9606.ENSP00000230990	9606.ENSP00000404131	HBEGF	TGFA	9606	0.917	0	0	0	0.067	0	0.4	0.864
9606.ENSP00000230990	9606.ENSP00000269571	HBEGF	ERBB2	9606	0.944	0	0	0	0	0	0.4	0.911
9606.ENSP00000230990	9606.ENSP00000398632	HBEGF	CD44	9606	0.99	0	0	0	0.062	0.421	0	0.984
9606.ENSP00000230990	9606.ENSP00000275493	HBEGF	EGFR	9606	0.999	0	0	0	0	0.812	0.9	0.998
9606.ENSP00000231454	9606.ENSP00000275493	IL5	EGFR	9606	0.762	0	0	0	0	0	0.65	0.348
9606.ENSP00000231454	9606.ENSP00000357470	IL5	IL6R	9606	0.793	0	0	0	0	0	0.65	0.435
9606.ENSP00000231454	9606.ENSP00000306157	IL5	IL7R	9606	0.87	0	0	0	0	0	0.65	0.646
9606.ENSP00000231454	9606.ENSP00000371067	IL5	JAK2	9606	0.889	0	0	0	0	0	0.4	0.823
9606.ENSP00000231454	9606.ENSP00000398698	IL5	TNF	9606	0.93	0	0	0	0.054	0	0	0.929
9606.ENSP00000231454	9606.ENSP00000385675	IL5	IL6	9606	0.977	0	0	0	0.042	0	0	0.977
9606.ENSP00000231454	9606.ENSP00000412237	IL5	IL10	9606	0.982	0	0	0	0	0	0	0.982
9606.ENSP00000231454	9606.ENSP00000263341	IL5	IL1B	9606	0.998	0	0	0	0.104	0	0	0.998
9606.ENSP00000232219	9606.ENSP00000332296	RBP1	RARB	9606	0.71	0	0	0	0.064	0.05	0	0.7
9606.ENSP00000232219	9606.ENSP00000360522	RBP1	RBP4	9606	0.91	0	0	0	0.084	0	0.5	0.82
9606.ENSP00000232607	9606.ENSP00000315644	UMPS	TYMS	9606	0.856	0	0	0	0.247	0	0	0.816
9606.ENSP00000232607	9606.ENSP00000257770	UMPS	NT5E	9606	0.926	0.113	0	0	0.042	0	0.9	0.232
9606.ENSP00000232607	9606.ENSP00000356162	UMPS	KISS1	9606	0.957	0.115	0	0	0.809	0	0.673	0.315
9606.ENSP00000232607	9606.ENSP00000379038	UMPS	TYMP	9606	0.981	0.091	0	0	0	0	0.9	0.815
9606.ENSP00000232607	9606.ENSP00000359211	UMPS	DPYD	9606	0.999	0.12	0	0	0.831	0.073	0.978	0.873
9606.ENSP00000232888	9606.ENSP00000317376	RRP9	MRPS11	9606	0.715	0	0	0	0.099	0.604	0	0.266
9606.ENSP00000232888	9606.ENSP00000363384	RRP9	ZNF593	9606	0.763	0	0	0	0.686	0	0	0.275
9606.ENSP00000232888	9606.ENSP00000455106	RRP9	BOP1	9606	0.928	0	0	0	0.832	0	0.5	0.216
9606.ENSP00000232888	9606.ENSP00000470972	RRP9	RPS19	9606	0.97	0	0	0	0.081	0.969	0	0
9606.ENSP00000232888	9606.ENSP00000369757	RRP9	RPS6	9606	0.988	0	0	0	0.075	0.969	0.5	0.305
9606.ENSP00000232888	9606.ENSP00000370589	RRP9	NOP56	9606	0.999	0	0	0	0.379	0.992	0.8	0.964
9606.ENSP00000232888	9606.ENSP00000363746	RRP9	WDR46	9606	0.999	0	0	0	0.864	0.991	0.54	0.456
9606.ENSP00000234371	9606.ENSP00000263967	KISS1R	PIK3CA	9606	0.9	0	0	0	0	0	0.9	0
9606.ENSP00000234371	9606.ENSP00000356162	KISS1R	KISS1	9606	0.999	0	0	0	0	0	0.9	0.999
9606.ENSP00000236850	9606.ENSP00000379138	APOA1	AFP	9606	0.721	0	0	0	0.533	0.094	0	0.395
9606.ENSP00000236850	9606.ENSP00000354476	APOA1	SREBF2	9606	0.73	0	0	0	0	0	0	0.73
9606.ENSP00000236850	9606.ENSP00000336829	APOA1	FGG	9606	0.732	0	0	0	0.479	0.044	0	0.506
9606.ENSP00000236850	9606.ENSP00000360522	APOA1	RBP4	9606	0.814	0	0	0	0.259	0.096	0	0.745
9606.ENSP00000236850	9606.ENSP00000416066	APOA1	SERPINA1	9606	0.927	0	0	0	0.179	0.244	0	0.893
9606.ENSP00000236850	9606.ENSP00000295897	APOA1	ALB	9606	0.998	0	0	0	0.537	0.128	0.5	0.994
9606.ENSP00000242057	9606.ENSP00000378488	AHR	CYP1A1	9606	0.973	0	0	0	0.055	0	0.4	0.957
9606.ENSP00000242261	9606.ENSP00000245479	TWIST1	SOX9	9606	0.732	0	0	0	0.074	0.044	0	0.722
9606.ENSP00000242261	9606.ENSP00000320147	TWIST1	EZH2	9606	0.773	0	0	0	0.07	0	0	0.766
9606.ENSP00000242261	9606.ENSP00000384273	TWIST1	RELA	9606	0.79	0	0	0	0.074	0.679	0	0.351
9606.ENSP00000242261	9606.ENSP00000269141	TWIST1	CDH2	9606	0.823	0	0	0	0.099	0	0	0.812
9606.ENSP00000242261	9606.ENSP00000341551	TWIST1	SMAD4	9606	0.847	0	0	0	0.054	0	0	0.845
9606.ENSP00000242261	9606.ENSP00000261769	TWIST1	CDH1	9606	0.849	0	0	0	0	0	0	0.849
9606.ENSP00000242261	9606.ENSP00000478887	TWIST1	MYC	9606	0.852	0	0	0	0	0	0.4	0.764
9606.ENSP00000242261	9606.ENSP00000410294	TWIST1	FGFR2	9606	0.88	0	0	0	0.057	0	0	0.878
9606.ENSP00000242261	9606.ENSP00000264657	TWIST1	STAT3	9606	0.88	0	0	0	0.092	0.42	0.5	0.599
9606.ENSP00000242261	9606.ENSP00000244050	TWIST1	SNAI1	9606	0.901	0	0	0	0.11	0	0	0.893
9606.ENSP00000242261	9606.ENSP00000398632	TWIST1	CD44	9606	0.959	0	0	0	0.048	0	0.9	0.612
9606.ENSP00000242261	9606.ENSP00000269305	TWIST1	TP53	9606	0.967	0	0	0	0.068	0.628	0	0.914
9606.ENSP00000244050	9606.ENSP00000275493	SNAI1	EGFR	9606	0.711	0	0	0	0	0	0	0.711
9606.ENSP00000244050	9606.ENSP00000385675	SNAI1	IL6	9606	0.718	0	0	0	0.134	0	0	0.688
9606.ENSP00000244050	9606.ENSP00000398632	SNAI1	CD44	9606	0.721	0	0	0	0.044	0	0	0.72
9606.ENSP00000244050	9606.ENSP00000478887	SNAI1	MYC	9606	0.727	0	0	0	0.066	0	0	0.72
9606.ENSP00000244050	9606.ENSP00000317272	SNAI1	MET	9606	0.731	0	0	0	0	0	0	0.731
9606.ENSP00000244050	9606.ENSP00000245479	SNAI1	SOX9	9606	0.731	0	0	0	0.055	0.053	0	0.724
9606.ENSP00000244050	9606.ENSP00000311032	SNAI1	CASP3	9606	0.734	0	0	0	0	0	0	0.734
9606.ENSP00000244050	9606.ENSP00000372170	SNAI1	MSX1	9606	0.746	0	0	0	0.129	0	0	0.72
9606.ENSP00000244050	9606.ENSP00000440542	SNAI1	CHD4	9606	0.769	0	0	0	0.051	0.292	0.5	0.393
9606.ENSP00000244050	9606.ENSP00000264709	SNAI1	DNMT3A	9606	0.805	0	0	0	0.055	0	0	0.803
9606.ENSP00000244050	9606.ENSP00000264657	SNAI1	STAT3	9606	0.806	0	0	0	0	0	0	0.806
9606.ENSP00000244050	9606.ENSP00000302967	SNAI1	HDAC3	9606	0.815	0	0	0	0	0.549	0.5	0.248
9606.ENSP00000244050	9606.ENSP00000360266	SNAI1	JUN	9606	0.823	0	0	0	0.12	0	0.5	0.63
9606.ENSP00000244050	9606.ENSP00000253458	SNAI1	GSE1	9606	0.841	0	0	0	0	0.828	0	0.113
9606.ENSP00000244050	9606.ENSP00000258149	SNAI1	MDM2	9606	0.851	0	0	0	0	0.625	0	0.619
9606.ENSP00000244050	9606.ENSP00000269141	SNAI1	CDH2	9606	0.932	0	0	0	0	0	0	0.932
9606.ENSP00000244050	9606.ENSP00000341551	SNAI1	SMAD4	9606	0.96	0	0	0	0.055	0.095	0	0.957
9606.ENSP00000244050	9606.ENSP00000261769	SNAI1	CDH1	9606	0.965	0	0	0	0	0.143	0	0.961
9606.ENSP00000244050	9606.ENSP00000269305	SNAI1	TP53	9606	0.992	0	0	0	0	0.51	0.5	0.973
9606.ENSP00000244050	9606.ENSP00000352516	SNAI1	DNMT1	9606	0.995	0	0	0	0	0.51	0	0.991
9606.ENSP00000244050	9606.ENSP00000430432	SNAI1	HDAC2	9606	0.998	0	0	0	0	0.747	0.5	0.987
9606.ENSP00000244050	9606.ENSP00000320147	SNAI1	EZH2	9606	0.998	0	0	0	0.059	0.625	0.5	0.992
9606.ENSP00000245414	9606.ENSP00000263341	IRF1	IL1B	9606	0.711	0	0	0	0.214	0	0	0.647
9606.ENSP00000245414	9606.ENSP00000305422	IRF1	CEBPB	9606	0.721	0	0	0	0.187	0.047	0	0.669
9606.ENSP00000245414	9606.ENSP00000398698	IRF1	TNF	9606	0.751	0	0	0	0.294	0	0	0.662
9606.ENSP00000245414	9606.ENSP00000381601	IRF1	MX1	9606	0.766	0	0	0	0.237	0	0	0.706
9606.ENSP00000245414	9606.ENSP00000354822	IRF1	XAF1	9606	0.787	0	0	0	0.149	0.331	0	0.655
9606.ENSP00000245414	9606.ENSP00000499900	IRF1	JAK1	9606	0.789	0	0	0	0.119	0.094	0	0.757
9606.ENSP00000245414	9606.ENSP00000363089	IRF1	TLR4	9606	0.818	0	0	0	0.268	0	0	0.762
9606.ENSP00000245414	9606.ENSP00000264657	IRF1	STAT3	9606	0.9	0	0	0	0.197	0.292	0	0.838
9606.ENSP00000245414	9606.ENSP00000440542	IRF1	CHD4	9606	0.91	0	0	0	0.046	0.073	0.9	0.107
9606.ENSP00000245414	9606.ENSP00000360266	IRF1	JUN	9606	0.919	0	0	0	0.164	0.068	0	0.905
9606.ENSP00000245414	9606.ENSP00000430432	IRF1	HDAC2	9606	0.927	0	0	0	0	0.093	0.9	0.26
9606.ENSP00000245414	9606.ENSP00000258149	IRF1	MDM2	9606	0.97	0	0	0	0.049	0.626	0.9	0.272
9606.ENSP00000245479	9606.ENSP00000360266	SOX9	JUN	9606	0.701	0	0	0	0.056	0.091	0	0.68
9606.ENSP00000245479	9606.ENSP00000480291	SOX9	HNF1B	9606	0.705	0	0	0	0.085	0.292	0	0.581
9606.ENSP00000245479	9606.ENSP00000261769	SOX9	CDH1	9606	0.738	0	0	0	0.073	0	0	0.729
9606.ENSP00000245479	9606.ENSP00000492024	SOX9	PAX6	9606	0.773	0	0	0	0.118	0.183	0	0.71
9606.ENSP00000245479	9606.ENSP00000368104	SOX9	BMP2	9606	0.816	0	0	0	0.067	0.057	0	0.808
9606.ENSP00000245817	9606.ENSP00000363089	TNFSF9	TLR4	9606	0.792	0	0	0	0	0.292	0	0.719
9606.ENSP00000245817	9606.ENSP00000398698	TNFSF9	TNF	9606	0.839	0	0	0	0.164	0.231	0	0.77
9606.ENSP00000245817	9606.ENSP00000478699	TNFSF9	TNFRSF9	9606	0.999	0	0	0	0.072	0.961	0.9	0.999
9606.ENSP00000245934	9606.ENSP00000412566	SYMPK	SNRPB	9606	0.87	0	0	0	0.127	0.829	0	0.202
9606.ENSP00000245934	9606.ENSP00000257904	SYMPK	CDK4	9606	0.908	0	0	0	0.042	0	0.9	0.125
9606.ENSP00000245934	9606.ENSP00000484669	SYMPK	CPSF1	9606	0.999	0	0	0	0.072	0.992	0.8	0.96
9606.ENSP00000246957	9606.ENSP00000340019	TRAP1	HSPD1	9606	0.754	0	0	0	0.398	0.263	0	0.49
9606.ENSP00000247470	9606.ENSP00000398698	PYCARD	TNF	9606	0.705	0	0	0	0.135	0	0	0.673
9606.ENSP00000247470	9606.ENSP00000363089	PYCARD	TLR4	9606	0.76	0	0	0	0.107	0	0	0.742
9606.ENSP00000247470	9606.ENSP00000263341	PYCARD	IL1B	9606	0.989	0	0	0	0.129	0	0.9	0.893
9606.ENSP00000247470	9606.ENSP00000351273	PYCARD	CASP8	9606	0.992	0	0	0	0.092	0.737	0.9	0.736
9606.ENSP00000248553	9606.ENSP00000275493	HSPB1	EGFR	9606	0.794	0	0	0	0.08	0.627	0	0.448
9606.ENSP00000248553	9606.ENSP00000264657	HSPB1	STAT3	9606	0.797	0	0	0	0.113	0.297	0	0.7
9606.ENSP00000248553	9606.ENSP00000311032	HSPB1	CASP3	9606	0.867	0	0	0	0.067	0.294	0	0.815
9606.ENSP00000248553	9606.ENSP00000269305	HSPB1	TP53	9606	0.955	0	0	0	0	0.776	0	0.809
9606.ENSP00000248553	9606.ENSP00000437125	HSPB1	HSPA8	9606	0.988	0	0	0	0.159	0.23	0.8	0.923
9606.ENSP00000250448	9606.ENSP00000263967	FOXA1	PIK3CA	9606	0.706	0	0	0	0	0	0	0.706
9606.ENSP00000250448	9606.ENSP00000269305	FOXA1	TP53	9606	0.735	0	0	0	0	0	0	0.735
9606.ENSP00000250448	9606.ENSP00000370408	FOXA1	CDX2	9606	0.763	0	0	0	0.06	0	0	0.758
9606.ENSP00000250448	9606.ENSP00000478887	FOXA1	MYC	9606	0.764	0	0	0	0.067	0.221	0	0.702
9606.ENSP00000250448	9606.ENSP00000360266	FOXA1	JUN	9606	0.817	0	0	0	0	0.071	0.5	0.639
9606.ENSP00000250448	9606.ENSP00000262189	FOXA1	KMT2C	9606	0.825	0	0	0	0	0.292	0	0.764
9606.ENSP00000252102	9606.ENSP00000263368	NDUFA2	BLVRB	9606	0.782	0	0	0	0.308	0.571	0.253	0.135
9606.ENSP00000252102	9606.ENSP00000497587	NDUFA2	NDUFV1	9606	0.999	0	0	0	0.464	0.998	0.967	0.981
9606.ENSP00000252102	9606.ENSP00000392709	NDUFA2	NDUFS1	9606	0.999	0	0	0	0.715	0.999	0.967	0.989
9606.ENSP00000253458	9606.ENSP00000430432	GSE1	HDAC2	9606	0.868	0	0	0	0.043	0.643	0	0.646
9606.ENSP00000254301	9606.ENSP00000385675	LGALS3	IL6	9606	0.768	0	0	0	0.064	0	0	0.762
9606.ENSP00000254301	9606.ENSP00000295897	LGALS3	ALB	9606	0.77	0	0	0	0.055	0	0	0.766
9606.ENSP00000254301	9606.ENSP00000398632	LGALS3	CD44	9606	0.904	0	0	0	0.226	0.093	0	0.875
9606.ENSP00000254301	9606.ENSP00000263923	LGALS3	KDR	9606	0.911	0	0	0	0.074	0.067	0	0.906
9606.ENSP00000254301	9606.ENSP00000363089	LGALS3	TLR4	9606	0.938	0	0	0	0.121	0	0	0.932
9606.ENSP00000254301	9606.ENSP00000260010	LGALS3	TLR2	9606	0.948	0	0	0	0.104	0	0	0.944
9606.ENSP00000254301	9606.ENSP00000256078	LGALS3	KRAS	9606	0.959	0	0	0	0.042	0.164	0	0.953
9606.ENSP00000254301	9606.ENSP00000275493	LGALS3	EGFR	9606	0.964	0	0	0	0.073	0.6	0	0.913
9606.ENSP00000254301	9606.ENSP00000484824	LGALS3	MUC1	9606	0.995	0	0	0	0.086	0	0	0.995
9606.ENSP00000256078	9606.ENSP00000382800	KRAS	RUNX3	9606	0.71	0	0	0	0.058	0.083	0.4	0.506
9606.ENSP00000256078	9606.ENSP00000398698	KRAS	TNF	9606	0.717	0	0	0	0.067	0	0	0.71
9606.ENSP00000256078	9606.ENSP00000356438	KRAS	PTGS2	9606	0.718	0	0	0	0.055	0.045	0	0.713
9606.ENSP00000256078	9606.ENSP00000278616	KRAS	ATM	9606	0.718	0	0	0	0.063	0.071	0	0.702
9606.ENSP00000256078	9606.ENSP00000418960	KRAS	BRCA1	9606	0.721	0	0	0	0	0	0	0.721
9606.ENSP00000256078	9606.ENSP00000261769	KRAS	CDH1	9606	0.723	0	0	0	0	0.135	0	0.693
9606.ENSP00000256078	9606.ENSP00000257904	KRAS	CDK4	9606	0.743	0	0	0	0.067	0.195	0	0.684
9606.ENSP00000256078	9606.ENSP00000262189	KRAS	KMT2C	9606	0.756	0	0	0	0.056	0.046	0	0.751
9606.ENSP00000256078	9606.ENSP00000354207	KRAS	NTRK3	9606	0.757	0	0	0	0.074	0.11	0.5	0.481
9606.ENSP00000256078	9606.ENSP00000287820	KRAS	PPARG	9606	0.757	0	0	0	0.062	0.073	0	0.743
9606.ENSP00000256078	9606.ENSP00000404131	KRAS	TGFA	9606	0.762	0	0	0	0	0	0.5	0.543
9606.ENSP00000256078	9606.ENSP00000379097	KRAS	AREG	9606	0.766	0	0	0	0.058	0	0.5	0.543
9606.ENSP00000256078	9606.ENSP00000356621	KRAS	RASAL2	9606	0.773	0	0	0	0.042	0.216	0.65	0.239
9606.ENSP00000256078	9606.ENSP00000370989	KRAS	CD274	9606	0.774	0	0	0	0.053	0	0	0.772
9606.ENSP00000256078	9606.ENSP00000263923	KRAS	KDR	9606	0.78	0	0	0	0	0.092	0	0.767
9606.ENSP00000256078	9606.ENSP00000499900	KRAS	JAK1	9606	0.796	0	0	0	0.081	0.187	0.5	0.518
9606.ENSP00000256078	9606.ENSP00000296930	KRAS	NPM1	9606	0.803	0	0	0	0.057	0.081	0	0.79
9606.ENSP00000256078	9606.ENSP00000264657	KRAS	STAT3	9606	0.817	0	0	0	0.056	0.063	0	0.81
9606.ENSP00000256078	9606.ENSP00000385675	KRAS	IL6	9606	0.823	0	0	0	0.059	0	0	0.82
9606.ENSP00000256078	9606.ENSP00000324804	KRAS	PPP2R1A	9606	0.832	0	0	0	0.06	0.046	0.4	0.724
9606.ENSP00000256078	9606.ENSP00000371067	KRAS	JAK2	9606	0.85	0	0	0	0.079	0.11	0.5	0.677
9606.ENSP00000256078	9606.ENSP00000478887	KRAS	MYC	9606	0.872	0	0	0	0.059	0.075	0	0.865
9606.ENSP00000256078	9606.ENSP00000320485	KRAS	ARID1A	9606	0.873	0	0	0	0.049	0.068	0	0.869
9606.ENSP00000256078	9606.ENSP00000341551	KRAS	SMAD4	9606	0.917	0	0	0	0.118	0.051	0	0.908
9606.ENSP00000256078	9606.ENSP00000496129	KRAS	PRKCB	9606	0.923	0	0	0	0.062	0	0.9	0.251
9606.ENSP00000256078	9606.ENSP00000292408	KRAS	FGFR4	9606	0.948	0	0	0	0	0.099	0.9	0.47
9606.ENSP00000256078	9606.ENSP00000378974	KRAS	MAPK8	9606	0.948	0	0	0	0.147	0.145	0.9	0.38
9606.ENSP00000256078	9606.ENSP00000269305	KRAS	TP53	9606	0.949	0	0	0	0.074	0	0	0.947
9606.ENSP00000256078	9606.ENSP00000489597	KRAS	PTPN11	9606	0.953	0	0	0	0.074	0.153	0.5	0.895
9606.ENSP00000256078	9606.ENSP00000382423	KRAS	MAP3K1	9606	0.953	0	0	0	0.076	0.183	0.9	0.461
9606.ENSP00000256078	9606.ENSP00000269571	KRAS	ERBB2	9606	0.966	0	0	0	0.053	0.199	0.5	0.923
9606.ENSP00000256078	9606.ENSP00000360431	KRAS	PLCE1	9606	0.971	0	0	0	0	0.487	0.9	0.485
9606.ENSP00000256078	9606.ENSP00000410294	KRAS	FGFR2	9606	0.973	0	0	0	0	0.099	0.9	0.725
9606.ENSP00000256078	9606.ENSP00000317272	KRAS	MET	9606	0.979	0	0	0	0.074	0.337	0.9	0.703
9606.ENSP00000256078	9606.ENSP00000263025	KRAS	MAPK3	9606	0.982	0	0	0	0.056	0.098	0.9	0.816
9606.ENSP00000256078	9606.ENSP00000365230	KRAS	BCL2L1	9606	0.982	0	0	0	0.047	0.165	0.9	0.807
9606.ENSP00000256078	9606.ENSP00000407586	KRAS	HRAS	9606	0.992	0	0	0.05	0	0.883	0.9	0.411
9606.ENSP00000256078	9606.ENSP00000418915	KRAS	CDKN2A	9606	0.992	0	0	0	0.055	0.102	0.9	0.917
9606.ENSP00000256078	9606.ENSP00000275493	KRAS	EGFR	9606	0.997	0	0	0	0.053	0.662	0.9	0.918
9606.ENSP00000256078	9606.ENSP00000263967	KRAS	PIK3CA	9606	0.998	0	0	0	0.143	0.627	0.9	0.951
9606.ENSP00000256646	9606.ENSP00000275493	NOTCH2	EGFR	9606	0.744	0	0	0	0.08	0.142	0	0.701
9606.ENSP00000256759	9606.ENSP00000442656	FST	ACVR1B	9606	0.746	0	0	0	0	0	0	0.746
9606.ENSP00000256759	9606.ENSP00000368104	FST	BMP2	9606	0.823	0	0	0	0.07	0.113	0	0.802
9606.ENSP00000256759	9606.ENSP00000379204	FST	BMP7	9606	0.989	0	0	0	0.067	0.113	0	0.988
9606.ENSP00000256906	9606.ENSP00000498577	HRH4	TPM3	9606	0.702	0	0	0	0	0	0	0.702
9606.ENSP00000257430	9606.ENSP00000269141	APC	CDH2	9606	0.787	0	0	0	0.042	0	0.72	0.27
9606.ENSP00000257430	9606.ENSP00000311032	APC	CASP3	9606	0.823	0	0	0	0.042	0	0.75	0.321
9606.ENSP00000257430	9606.ENSP00000261769	APC	CDH1	9606	0.92	0	0	0	0	0	0.72	0.726
9606.ENSP00000257566	9606.ENSP00000263025	TBX3	MAPK3	9606	0.933	0	0	0	0.058	0.211	0.9	0.204
9606.ENSP00000257770	9606.ENSP00000359211	NT5E	DPYD	9606	0.826	0.114	0	0	0.087	0	0.771	0.174
9606.ENSP00000257770	9606.ENSP00000398632	NT5E	CD44	9606	0.901	0	0	0	0.149	0	0	0.889
9606.ENSP00000257770	9606.ENSP00000315644	NT5E	TYMS	9606	0.927	0.122	0	0	0.08	0	0.9	0.21
9606.ENSP00000257770	9606.ENSP00000379038	NT5E	TYMP	9606	0.931	0.215	0	0	0.044	0	0.9	0.199
9606.ENSP00000257904	9606.ENSP00000263967	CDK4	PIK3CA	9606	0.709	0	0	0	0	0	0	0.709
9606.ENSP00000257904	9606.ENSP00000261769	CDK4	CDH1	9606	0.712	0	0	0	0	0.31	0	0.6
9606.ENSP00000257904	9606.ENSP00000320485	CDK4	ARID1A	9606	0.713	0	0	0	0.044	0	0.5	0.448
9606.ENSP00000257904	9606.ENSP00000352516	CDK4	DNMT1	9606	0.738	0	0	0	0.168	0.066	0	0.69
9606.ENSP00000257904	9606.ENSP00000311032	CDK4	CASP3	9606	0.75	0	0	0	0.107	0	0	0.732
9606.ENSP00000257904	9606.ENSP00000360266	CDK4	JUN	9606	0.759	0	0	0	0	0.188	0	0.716
9606.ENSP00000257904	9606.ENSP00000301633	CDK4	BIRC5	9606	0.857	0	0	0	0.451	0.292	0	0.662
9606.ENSP00000257904	9606.ENSP00000258149	CDK4	MDM2	9606	0.884	0	0	0	0.042	0	0	0.884
9606.ENSP00000257904	9606.ENSP00000278616	CDK4	ATM	9606	0.937	0	0	0	0	0.054	0.8	0.696
9606.ENSP00000257904	9606.ENSP00000478887	CDK4	MYC	9606	0.966	0	0	0	0.1	0.642	0	0.904
9606.ENSP00000257904	9606.ENSP00000269305	CDK4	TP53	9606	0.966	0	0	0	0.117	0.554	0	0.922
9606.ENSP00000257904	9606.ENSP00000418960	CDK4	BRCA1	9606	0.972	0	0	0	0.127	0.625	0.8	0.633
9606.ENSP00000257904	9606.ENSP00000377224	CDK4	CDKN2D	9606	0.999	0	0	0	0	0.878	0.9	0.997
9606.ENSP00000257904	9606.ENSP00000418915	CDK4	CDKN2A	9606	0.999	0	0	0	0.058	0.994	0.9	0.999
9606.ENSP00000257904	9606.ENSP00000384849	CDK4	CDKN1A	9606	0.999	0	0	0	0.103	0.999	0.9	0.998
9606.ENSP00000258091	9606.ENSP00000348849	CCT7	RPS26	9606	0.7	0	0	0	0.674	0.06	0	0.098
9606.ENSP00000258091	9606.ENSP00000470972	CCT7	RPS19	9606	0.711	0	0	0	0.652	0.07	0	0.178
9606.ENSP00000258091	9606.ENSP00000443475	CCT7	TUBA1C	9606	0.722	0	0	0	0.384	0.126	0.5	0.091
9606.ENSP00000258091	9606.ENSP00000370589	CCT7	NOP56	9606	0.728	0	0	0	0.396	0	0.5	0.17
9606.ENSP00000258091	9606.ENSP00000307889	CCT7	RPL13	9606	0.774	0	0	0	0.774	0	0	0
9606.ENSP00000258091	9606.ENSP00000269305	CCT7	TP53	9606	0.823	0	0	0	0.056	0.608	0.5	0.158
9606.ENSP00000258091	9606.ENSP00000437125	CCT7	HSPA8	9606	0.922	0.043	0	0	0.579	0.126	0.54	0.594
9606.ENSP00000258149	9606.ENSP00000418582	MDM2	FHIT	9606	0.703	0	0	0	0	0.292	0	0.598
9606.ENSP00000258149	9606.ENSP00000264657	MDM2	STAT3	9606	0.715	0	0	0	0.085	0.292	0	0.595
9606.ENSP00000258149	9606.ENSP00000384273	MDM2	RELA	9606	0.746	0	0	0	0.053	0.334	0	0.63
9606.ENSP00000258149	9606.ENSP00000292408	MDM2	FGFR4	9606	0.747	0	0	0	0	0.045	0.65	0.305
9606.ENSP00000258149	9606.ENSP00000351273	MDM2	CASP8	9606	0.75	0	0	0	0.093	0.057	0	0.731
9606.ENSP00000258149	9606.ENSP00000369757	MDM2	RPS6	9606	0.791	0	0	0	0	0.469	0	0.622
9606.ENSP00000258149	9606.ENSP00000418960	MDM2	BRCA1	9606	0.794	0	0	0	0	0	0	0.794
9606.ENSP00000258149	9606.ENSP00000365230	MDM2	BCL2L1	9606	0.794	0	0	0	0.056	0.095	0	0.779
9606.ENSP00000258149	9606.ENSP00000339063	MDM2	EEF1A1	9606	0.795	0	0	0	0.055	0.628	0	0.464
9606.ENSP00000258149	9606.ENSP00000457230	MDM2	WWOX	9606	0.803	0	0	0	0.055	0.513	0.098	0.582
9606.ENSP00000258149	9606.ENSP00000360266	MDM2	JUN	9606	0.803	0	0	0	0.055	0.162	0	0.771
9606.ENSP00000258149	9606.ENSP00000478887	MDM2	MYC	9606	0.813	0	0	0	0	0.221	0	0.77
9606.ENSP00000258149	9606.ENSP00000301764	MDM2	DDB1	9606	0.831	0	0	0	0	0.49	0	0.683
9606.ENSP00000258149	9606.ENSP00000382800	MDM2	RUNX3	9606	0.836	0	0	0	0	0.292	0.7	0.292
9606.ENSP00000258149	9606.ENSP00000360025	MDM2	GADD45A	9606	0.85	0	0	0	0.042	0.292	0	0.797
9606.ENSP00000258149	9606.ENSP00000410294	MDM2	FGFR2	9606	0.867	0	0	0	0	0.045	0.65	0.634
9606.ENSP00000258149	9606.ENSP00000275493	MDM2	EGFR	9606	0.897	0	0	0	0	0	0.65	0.718
9606.ENSP00000258149	9606.ENSP00000466010	MDM2	RPS15	9606	0.925	0	0	0	0.06	0.292	0	0.896
9606.ENSP00000258149	9606.ENSP00000261769	MDM2	CDH1	9606	0.925	0	0	0	0.06	0.735	0	0.722
9606.ENSP00000258149	9606.ENSP00000320147	MDM2	EZH2	9606	0.945	0	0	0	0.055	0.536	0	0.884
9606.ENSP00000258149	9606.ENSP00000311032	MDM2	CASP3	9606	0.966	0	0	0	0.066	0.832	0	0.803
9606.ENSP00000258149	9606.ENSP00000296930	MDM2	NPM1	9606	0.974	0	0	0	0.074	0.785	0	0.88
9606.ENSP00000258149	9606.ENSP00000384849	MDM2	CDKN1A	9606	0.98	0	0	0	0.072	0.848	0	0.873
9606.ENSP00000258149	9606.ENSP00000372023	MDM2	CHEK2	9606	0.983	0	0	0	0.049	0.625	0.75	0.837
9606.ENSP00000258149	9606.ENSP00000278616	MDM2	ATM	9606	0.995	0	0	0	0.092	0.621	0.75	0.955
9606.ENSP00000258149	9606.ENSP00000418915	MDM2	CDKN2A	9606	0.999	0	0	0	0.068	0.992	0.9	0.999
9606.ENSP00000258149	9606.ENSP00000269305	MDM2	TP53	9606	0.999	0	0	0	0.116	0.999	0.9	0.999
9606.ENSP00000259206	9606.ENSP00000264657	IL1RN	STAT3	9606	0.701	0	0	0	0.123	0	0.5	0.373
9606.ENSP00000259206	9606.ENSP00000363089	IL1RN	TLR4	9606	0.752	0	0	0	0.171	0	0	0.713
9606.ENSP00000259206	9606.ENSP00000398698	IL1RN	TNF	9606	0.844	0	0	0	0.204	0	0	0.813
9606.ENSP00000259206	9606.ENSP00000412237	IL1RN	IL10	9606	0.923	0	0	0	0.072	0	0.4	0.874
9606.ENSP00000259206	9606.ENSP00000385675	IL1RN	IL6	9606	0.925	0	0	0	0.17	0	0	0.913
9606.ENSP00000259206	9606.ENSP00000263341	IL1RN	IL1B	9606	0.968	0	0	0	0.377	0	0	0.952
9606.ENSP00000259371	9606.ENSP00000407586	DAB2IP	HRAS	9606	0.728	0	0	0	0.063	0.334	0.5	0.232
9606.ENSP00000259371	9606.ENSP00000320147	DAB2IP	EZH2	9606	0.749	0	0	0	0	0	0	0.749
9606.ENSP00000259371	9606.ENSP00000356621	DAB2IP	RASAL2	9606	0.829	0	0	0.062	0.063	0.606	0.4	0.304
9606.ENSP00000259873	9606.ENSP00000306548	MRPS18B	MRPL13	9606	0.915	0	0	0	0.218	0.841	0	0.37
9606.ENSP00000259873	9606.ENSP00000317376	MRPS18B	MRPS11	9606	0.997	0	0	0	0.212	0.957	0.9	0.36
9606.ENSP00000260010	9606.ENSP00000495530	TLR2	ENO1	9606	0.709	0	0	0	0	0.109	0	0.687
9606.ENSP00000260010	9606.ENSP00000295897	TLR2	ALB	9606	0.733	0	0	0	0	0	0	0.733
9606.ENSP00000260010	9606.ENSP00000356438	TLR2	PTGS2	9606	0.756	0	0	0	0.15	0	0	0.725
9606.ENSP00000260010	9606.ENSP00000398632	TLR2	CD44	9606	0.874	0	0	0	0.155	0	0	0.858
9606.ENSP00000260010	9606.ENSP00000386884	TLR2	CXCR4	9606	0.894	0	0	0	0.151	0.541	0	0.75
9606.ENSP00000260010	9606.ENSP00000275493	TLR2	EGFR	9606	0.933	0	0	0	0	0.733	0	0.759
9606.ENSP00000260010	9606.ENSP00000385675	TLR2	IL6	9606	0.942	0	0	0	0.099	0	0	0.938
9606.ENSP00000260010	9606.ENSP00000398698	TLR2	TNF	9606	0.951	0	0	0	0.184	0	0	0.943
9606.ENSP00000260010	9606.ENSP00000437125	TLR2	HSPA8	9606	0.953	0	0	0	0	0.102	0.9	0.52
9606.ENSP00000260010	9606.ENSP00000384273	TLR2	RELA	9606	0.956	0	0	0	0.088	0.125	0.9	0.521
9606.ENSP00000260010	9606.ENSP00000412237	TLR2	IL10	9606	0.956	0	0	0	0.09	0.062	0	0.952
9606.ENSP00000260010	9606.ENSP00000263341	TLR2	IL1B	9606	0.969	0	0	0	0.259	0	0	0.96
9606.ENSP00000260010	9606.ENSP00000340019	TLR2	HSPD1	9606	0.976	0	0	0	0	0.315	0	0.966
9606.ENSP00000260010	9606.ENSP00000363089	TLR2	TLR4	9606	0.999	0	0	0	0.369	0	0.9	0.989
9606.ENSP00000260227	9606.ENSP00000269141	MMP7	CDH2	9606	0.72	0	0	0	0.042	0.06	0	0.715
9606.ENSP00000260227	9606.ENSP00000263341	MMP7	IL1B	9606	0.742	0	0	0	0.093	0.051	0	0.724
9606.ENSP00000260227	9606.ENSP00000361850	MMP7	PLAU	9606	0.746	0	0	0	0.088	0	0	0.732
9606.ENSP00000260227	9606.ENSP00000269305	MMP7	TP53	9606	0.774	0	0	0	0	0	0	0.774
9606.ENSP00000260227	9606.ENSP00000261769	MMP7	CDH1	9606	0.819	0	0	0	0.059	0.048	0.4	0.704
9606.ENSP00000260227	9606.ENSP00000279441	MMP7	MMP10	9606	0.85	0	0	0.078	0.175	0	0.5	0.653
9606.ENSP00000260227	9606.ENSP00000266085	MMP7	TIMP3	9606	0.922	0	0	0	0.062	0.307	0	0.89
9606.ENSP00000260227	9606.ENSP00000398632	MMP7	CD44	9606	0.973	0	0	0	0.093	0.292	0.5	0.926
9606.ENSP00000261523	9606.ENSP00000302967	RORA	HDAC3	9606	0.713	0	0	0	0	0	0.5	0.451
9606.ENSP00000261769	9606.ENSP00000378577	CDH1	CLDN3	9606	0.706	0	0	0	0.239	0	0	0.629
9606.ENSP00000261769	9606.ENSP00000418915	CDH1	CDKN2A	9606	0.713	0	0	0	0	0.046	0	0.712
9606.ENSP00000261769	9606.ENSP00000370989	CDH1	CD274	9606	0.718	0	0	0	0	0	0	0.718
9606.ENSP00000261769	9606.ENSP00000346671	CDH1	FYN	9606	0.719	0	0	0	0	0.311	0	0.61
9606.ENSP00000261769	9606.ENSP00000264657	CDH1	STAT3	9606	0.732	0	0	0	0.056	0	0	0.728
9606.ENSP00000261769	9606.ENSP00000295897	CDH1	ALB	9606	0.735	0	0	0	0	0	0	0.735
9606.ENSP00000261769	9606.ENSP00000386884	CDH1	CXCR4	9606	0.747	0	0	0	0	0	0	0.747
9606.ENSP00000261769	9606.ENSP00000400175	CDH1	RHOA	9606	0.751	0	0	0	0	0.14	0	0.722
9606.ENSP00000261769	9606.ENSP00000360266	CDH1	JUN	9606	0.755	0	0	0	0	0	0	0.755
9606.ENSP00000261769	9606.ENSP00000352516	CDH1	DNMT1	9606	0.768	0	0	0	0	0.095	0	0.755
9606.ENSP00000261769	9606.ENSP00000339191	CDH1	CAV1	9606	0.768	0	0	0	0.066	0	0	0.762
9606.ENSP00000261769	9606.ENSP00000263025	CDH1	MAPK3	9606	0.77	0	0	0	0.044	0.258	0	0.702
9606.ENSP00000261769	9606.ENSP00000263923	CDH1	KDR	9606	0.78	0	0	0	0.042	0.045	0	0.779
9606.ENSP00000261769	9606.ENSP00000345957	CDH1	RPS21	9606	0.801	0	0	0	0	0.8	0	0.048
9606.ENSP00000261769	9606.ENSP00000307889	CDH1	RPL13	9606	0.801	0	0	0	0	0.8	0	0.05
9606.ENSP00000261769	9606.ENSP00000447001	CDH1	RPL18	9606	0.802	0	0	0	0.055	0.8	0	0
9606.ENSP00000261769	9606.ENSP00000341551	CDH1	SMAD4	9606	0.804	0	0	0	0	0.045	0	0.803
9606.ENSP00000261769	9606.ENSP00000478887	CDH1	MYC	9606	0.804	0	0	0	0.042	0.101	0	0.791
9606.ENSP00000261769	9606.ENSP00000466010	CDH1	RPS15	9606	0.805	0	0	0	0	0.805	0	0
9606.ENSP00000261769	9606.ENSP00000348849	CDH1	RPS26	9606	0.808	0	0	0	0	0.808	0	0
9606.ENSP00000261769	9606.ENSP00000470972	CDH1	RPS19	9606	0.808	0	0	0	0	0.804	0	0.063
9606.ENSP00000261769	9606.ENSP00000309334	CDH1	RPL15	9606	0.816	0	0	0	0	0.808	0	0.085
9606.ENSP00000261769	9606.ENSP00000449404	CDH1	KRT8	9606	0.826	0	0	0	0.239	0.292	0	0.703
9606.ENSP00000261769	9606.ENSP00000369757	CDH1	RPS6	9606	0.839	0	0	0	0.052	0.8	0	0.22
9606.ENSP00000261769	9606.ENSP00000430432	CDH1	HDAC2	9606	0.842	0	0	0	0	0.597	0	0.625
9606.ENSP00000261769	9606.ENSP00000269305	CDH1	TP53	9606	0.853	0	0	0	0.049	0	0	0.852
9606.ENSP00000261769	9606.ENSP00000398632	CDH1	CD44	9606	0.927	0	0	0	0	0	0	0.927
9606.ENSP00000261769	9606.ENSP00000311032	CDH1	CASP3	9606	0.956	0	0	0	0.062	0.387	0.75	0.731
9606.ENSP00000261769	9606.ENSP00000317272	CDH1	MET	9606	0.959	0	0	0	0.05	0.311	0	0.943
9606.ENSP00000261769	9606.ENSP00000384638	CDH1	CTNNA2	9606	0.969	0	0	0	0	0.242	0.9	0.63
9606.ENSP00000261769	9606.ENSP00000269571	CDH1	ERBB2	9606	0.97	0	0	0	0.139	0.108	0	0.964
9606.ENSP00000261769	9606.ENSP00000269141	CDH1	CDH2	9606	0.995	0	0	0.055	0	0	0.72	0.983
9606.ENSP00000261769	9606.ENSP00000275493	CDH1	EGFR	9606	0.999	0	0	0	0.055	0.815	0	0.995
9606.ENSP00000262189	9606.ENSP00000320147	KMT2C	EZH2	9606	0.792	0	0	0	0.131	0.053	0.5	0.554
9606.ENSP00000262189	9606.ENSP00000346148	KMT2C	PRKAA1	9606	0.801	0	0	0	0.085	0.792	0	0
9606.ENSP00000262189	9606.ENSP00000320485	KMT2C	ARID1A	9606	0.823	0	0	0	0.214	0	0	0.784
9606.ENSP00000262189	9606.ENSP00000441369	KMT2C	PRKAB1	9606	0.826	0	0	0	0.049	0.825	0	0
9606.ENSP00000262189	9606.ENSP00000269305	KMT2C	TP53	9606	0.858	0	0	0	0	0.292	0	0.808
9606.ENSP00000262189	9606.ENSP00000436786	KMT2C	KMT2A	9606	0.947	0	0	0	0.288	0.326	0.4	0.838
9606.ENSP00000262189	9606.ENSP00000367203	KMT2C	KDM6A	9606	0.999	0	0	0	0.157	0.679	0.9	0.997
9606.ENSP00000262715	9606.ENSP00000412566	TEP1	SNRPB	9606	0.721	0	0	0	0.047	0	0.72	0
9606.ENSP00000262887	9606.ENSP00000500891	XRCC1	MUTYH	9606	0.728	0	0	0	0.173	0	0	0.685
9606.ENSP00000262887	9606.ENSP00000269305	XRCC1	TP53	9606	0.75	0	0	0	0.085	0.292	0	0.645
9606.ENSP00000262887	9606.ENSP00000392395	XRCC1	CHFR	9606	0.77	0	0	0	0	0	0	0.77
9606.ENSP00000262887	9606.ENSP00000418960	XRCC1	BRCA1	9606	0.817	0	0	0	0.067	0	0.36	0.719
9606.ENSP00000262887	9606.ENSP00000278616	XRCC1	ATM	9606	0.835	0	0	0	0.042	0	0.36	0.753
9606.ENSP00000262887	9606.ENSP00000348089	XRCC1	ERCC6	9606	0.86	0	0	0	0.049	0	0.4	0.775
9606.ENSP00000262887	9606.ENSP00000498881	XRCC1	ERCC5	9606	0.881	0	0	0	0.116	0	0.36	0.807
9606.ENSP00000262887	9606.ENSP00000451974	XRCC1	XRCC3	9606	0.911	0	0	0	0.096	0	0	0.906
9606.ENSP00000262887	9606.ENSP00000375809	XRCC1	ERCC2	9606	0.985	0	0	0	0.209	0	0.4	0.972
9606.ENSP00000263025	9606.ENSP00000365230	MAPK3	BCL2L1	9606	0.701	0	0	0	0.114	0	0	0.676
9606.ENSP00000263025	9606.ENSP00000351273	MAPK3	CASP8	9606	0.709	0	0	0	0.066	0.294	0	0.593
9606.ENSP00000263025	9606.ENSP00000292408	MAPK3	FGFR4	9606	0.713	0	0	0	0.058	0	0.4	0.533
9606.ENSP00000263025	9606.ENSP00000341551	MAPK3	SMAD4	9606	0.744	0	0	0	0.049	0	0.4	0.588
9606.ENSP00000263025	9606.ENSP00000398632	MAPK3	CD44	9606	0.751	0	0	0	0.089	0	0	0.738
9606.ENSP00000263025	9606.ENSP00000371067	MAPK3	JAK2	9606	0.783	0	0	0	0.086	0.11	0.5	0.531
9606.ENSP00000263025	9606.ENSP00000339191	MAPK3	CAV1	9606	0.803	0	0	0	0.056	0.292	0	0.73
9606.ENSP00000263025	9606.ENSP00000382423	MAPK3	MAP3K1	9606	0.819	0	0	0	0.094	0.752	0	0.26
9606.ENSP00000263025	9606.ENSP00000363089	MAPK3	TLR4	9606	0.824	0	0	0	0.088	0.041	0	0.815
9606.ENSP00000263025	9606.ENSP00000400175	MAPK3	RHOA	9606	0.833	0	0	0	0.13	0.125	0	0.798
9606.ENSP00000263025	9606.ENSP00000356438	MAPK3	PTGS2	9606	0.855	0	0	0	0.102	0.3	0	0.788
9606.ENSP00000263025	9606.ENSP00000263341	MAPK3	IL1B	9606	0.86	0	0	0	0.052	0	0	0.859
9606.ENSP00000263025	9606.ENSP00000264657	MAPK3	STAT3	9606	0.87	0	0	0	0.068	0.045	0	0.866
9606.ENSP00000263025	9606.ENSP00000385675	MAPK3	IL6	9606	0.905	0	0	0	0.055	0	0.4	0.846
9606.ENSP00000263025	9606.ENSP00000398698	MAPK3	TNF	9606	0.922	0	0	0	0.062	0	0	0.921
9606.ENSP00000263025	9606.ENSP00000324804	MAPK3	PPP2R1A	9606	0.932	0	0	0	0.129	0	0.9	0.287
9606.ENSP00000263025	9606.ENSP00000414303	MAPK3	BDNF	9606	0.942	0	0	0	0	0	0.75	0.779
9606.ENSP00000263025	9606.ENSP00000305422	MAPK3	CEBPB	9606	0.947	0	0	0	0.095	0.08	0.75	0.776
9606.ENSP00000263025	9606.ENSP00000496129	MAPK3	PRKCB	9606	0.949	0	0	0	0.062	0.102	0.9	0.468
9606.ENSP00000263025	9606.ENSP00000407586	MAPK3	HRAS	9606	0.983	0	0	0	0.061	0.098	0.9	0.829
9606.ENSP00000263025	9606.ENSP00000311032	MAPK3	CASP3	9606	0.985	0	0	0	0.067	0.045	0.9	0.858
9606.ENSP00000263025	9606.ENSP00000478887	MAPK3	MYC	9606	0.986	0	0	0	0	0.292	0.9	0.829
9606.ENSP00000263025	9606.ENSP00000360266	MAPK3	JUN	9606	0.987	0	0	0	0	0.323	0.9	0.824
9606.ENSP00000263025	9606.ENSP00000489597	MAPK3	PTPN11	9606	0.99	0	0	0	0.059	0.436	0.9	0.841
9606.ENSP00000263025	9606.ENSP00000269305	MAPK3	TP53	9606	0.994	0	0	0	0.06	0.626	0.9	0.871
9606.ENSP00000263056	9606.ENSP00000385675	MAP3K8	IL6	9606	0.764	0	0	0	0.213	0	0	0.713
9606.ENSP00000263056	9606.ENSP00000384273	MAP3K8	RELA	9606	0.892	0	0	0	0.076	0.738	0	0.59
9606.ENSP00000263341	9606.ENSP00000398632	IL1B	CD44	9606	0.707	0	0	0	0.11	0	0	0.684
9606.ENSP00000263341	9606.ENSP00000296511	IL1B	ANXA5	9606	0.716	0	0	0	0.122	0	0	0.689
9606.ENSP00000263341	9606.ENSP00000269305	IL1B	TP53	9606	0.718	0	0	0	0	0	0	0.718
9606.ENSP00000263341	9606.ENSP00000400175	IL1B	RHOA	9606	0.733	0	0	0	0.044	0	0	0.732
9606.ENSP00000263341	9606.ENSP00000462521	IL1B	TXNIP	9606	0.734	0	0	0	0	0	0	0.734
9606.ENSP00000263341	9606.ENSP00000370989	IL1B	CD274	9606	0.735	0	0	0	0.179	0	0	0.691
9606.ENSP00000263341	9606.ENSP00000373477	IL1B	GPX3	9606	0.742	0	0	0	0.067	0	0	0.735
9606.ENSP00000263341	9606.ENSP00000381601	IL1B	MX1	9606	0.746	0	0	0	0.138	0	0	0.717
9606.ENSP00000263341	9606.ENSP00000306157	IL1B	IL7R	9606	0.758	0	0	0	0.195	0	0	0.712
9606.ENSP00000263341	9606.ENSP00000365230	IL1B	BCL2L1	9606	0.764	0	0	0	0.055	0	0	0.761
9606.ENSP00000263341	9606.ENSP00000361850	IL1B	PLAU	9606	0.765	0	0	0	0.197	0	0	0.72
9606.ENSP00000263341	9606.ENSP00000478887	IL1B	MYC	9606	0.778	0	0	0	0.113	0.129	0	0.736
9606.ENSP00000263341	9606.ENSP00000371067	IL1B	JAK2	9606	0.806	0	0	0	0.11	0	0	0.79
9606.ENSP00000263341	9606.ENSP00000446252	IL1B	SOD2	9606	0.806	0	0	0	0.305	0	0	0.733
9606.ENSP00000263341	9606.ENSP00000295897	IL1B	ALB	9606	0.836	0	0	0	0	0	0	0.836
9606.ENSP00000263341	9606.ENSP00000386884	IL1B	CXCR4	9606	0.838	0	0	0	0.128	0	0	0.821
9606.ENSP00000263341	9606.ENSP00000414303	IL1B	BDNF	9606	0.844	0	0	0	0.042	0	0	0.844
9606.ENSP00000263341	9606.ENSP00000378974	IL1B	MAPK8	9606	0.845	0	0	0	0	0	0	0.845
9606.ENSP00000263341	9606.ENSP00000287820	IL1B	PPARG	9606	0.858	0	0	0	0.104	0	0	0.848
9606.ENSP00000263341	9606.ENSP00000275493	IL1B	EGFR	9606	0.873	0	0	0	0	0	0	0.873
9606.ENSP00000263341	9606.ENSP00000311032	IL1B	CASP3	9606	0.899	0	0	0	0.045	0	0	0.898
9606.ENSP00000263341	9606.ENSP00000264657	IL1B	STAT3	9606	0.938	0	0	0	0.069	0	0.5	0.877
9606.ENSP00000263341	9606.ENSP00000351273	IL1B	CASP8	9606	0.943	0	0	0	0.081	0.32	0.5	0.839
9606.ENSP00000263341	9606.ENSP00000356438	IL1B	PTGS2	9606	0.974	0	0	0	0.656	0	0	0.928
9606.ENSP00000263341	9606.ENSP00000357470	IL1B	IL6R	9606	0.975	0	0	0	0.094	0	0	0.973
9606.ENSP00000263341	9606.ENSP00000363089	IL1B	TLR4	9606	0.986	0	0	0	0.181	0	0	0.984
9606.ENSP00000263341	9606.ENSP00000360266	IL1B	JUN	9606	0.987	0	0	0	0.166	0	0.9	0.857
9606.ENSP00000263341	9606.ENSP00000384273	IL1B	RELA	9606	0.99	0	0	0	0.118	0	0.9	0.903
9606.ENSP00000263341	9606.ENSP00000412237	IL1B	IL10	9606	0.991	0	0	0	0.409	0	0.4	0.978
9606.ENSP00000263341	9606.ENSP00000385675	IL1B	IL6	9606	0.996	0	0	0	0.515	0	0.4	0.989
9606.ENSP00000263341	9606.ENSP00000398698	IL1B	TNF	9606	0.998	0	0	0	0.616	0	0.4	0.993
9606.ENSP00000263368	9606.ENSP00000392709	BLVRB	NDUFS1	9606	0.803	0	0	0	0.354	0.571	0.253	0.163
9606.ENSP00000263368	9606.ENSP00000497587	BLVRB	NDUFV1	9606	0.842	0	0	0	0.528	0.571	0.253	0.08
9606.ENSP00000263923	9606.ENSP00000297494	KDR	NOS3	9606	0.716	0	0	0	0.102	0	0	0.697
9606.ENSP00000263923	9606.ENSP00000478887	KDR	MYC	9606	0.723	0	0	0	0	0	0	0.723
9606.ENSP00000263923	9606.ENSP00000269305	KDR	TP53	9606	0.73	0	0	0	0.059	0.225	0	0.66
9606.ENSP00000263923	9606.ENSP00000498748	KDR	GREM1	9606	0.745	0	0	0	0.05	0.405	0	0.586
9606.ENSP00000263923	9606.ENSP00000379097	KDR	AREG	9606	0.754	0	0	0	0.074	0	0.65	0.302
9606.ENSP00000263923	9606.ENSP00000400175	KDR	RHOA	9606	0.755	0	0	0	0.059	0.071	0.5	0.506
9606.ENSP00000263923	9606.ENSP00000414303	KDR	BDNF	9606	0.795	0	0	0	0	0	0.65	0.438
9606.ENSP00000263923	9606.ENSP00000275493	KDR	EGFR	9606	0.805	0	0	0	0.075	0.139	0	0.774
9606.ENSP00000263923	9606.ENSP00000346671	KDR	FYN	9606	0.807	0	0	0	0.06	0.328	0.5	0.462
9606.ENSP00000263923	9606.ENSP00000404131	KDR	TGFA	9606	0.824	0	0	0	0	0	0.65	0.52
9606.ENSP00000263923	9606.ENSP00000317272	KDR	MET	9606	0.851	0	0	0	0	0.345	0	0.782
9606.ENSP00000263923	9606.ENSP00000489597	KDR	PTPN11	9606	0.919	0	0	0	0.06	0.402	0	0.867
9606.ENSP00000263923	9606.ENSP00000371067	KDR	JAK2	9606	0.926	0	0	0	0.055	0.074	0.9	0.26
9606.ENSP00000263923	9606.ENSP00000499900	KDR	JAK1	9606	0.947	0	0	0	0.055	0.074	0.9	0.474
9606.ENSP00000263923	9606.ENSP00000339191	KDR	CAV1	9606	0.962	0	0	0	0.071	0.301	0	0.947
9606.ENSP00000263923	9606.ENSP00000266085	KDR	TIMP3	9606	0.967	0	0	0	0.103	0	0	0.965
9606.ENSP00000263923	9606.ENSP00000263967	KDR	PIK3CA	9606	0.975	0	0	0	0	0.098	0.9	0.754
9606.ENSP00000263967	9606.ENSP00000360431	PIK3CA	PLCE1	9606	0.708	0	0	0	0	0	0.65	0.2
9606.ENSP00000263967	9606.ENSP00000296930	PIK3CA	NPM1	9606	0.712	0	0	0	0.055	0	0.5	0.441
9606.ENSP00000263967	9606.ENSP00000339191	PIK3CA	CAV1	9606	0.727	0	0	0	0	0.15	0.4	0.509
9606.ENSP00000263967	9606.ENSP00000418960	PIK3CA	BRCA1	9606	0.728	0	0	0	0	0	0	0.728
9606.ENSP00000263967	9606.ENSP00000478887	PIK3CA	MYC	9606	0.74	0	0	0	0	0.179	0	0.696
9606.ENSP00000263967	9606.ENSP00000400175	PIK3CA	RHOA	9606	0.743	0	0	0	0.056	0.105	0.5	0.465
9606.ENSP00000263967	9606.ENSP00000354207	PIK3CA	NTRK3	9606	0.745	0	0	0	0.05	0.069	0.5	0.492
9606.ENSP00000263967	9606.ENSP00000324804	PIK3CA	PPP2R1A	9606	0.773	0	0	0	0	0	0	0.773
9606.ENSP00000263967	9606.ENSP00000418915	PIK3CA	CDKN2A	9606	0.791	0	0	0	0	0	0	0.791
9606.ENSP00000263967	9606.ENSP00000341551	PIK3CA	SMAD4	9606	0.805	0	0	0	0.21	0	0	0.763
9606.ENSP00000263967	9606.ENSP00000292408	PIK3CA	FGFR4	9606	0.837	0	0	0	0	0.122	0.65	0.512
9606.ENSP00000263967	9606.ENSP00000264657	PIK3CA	STAT3	9606	0.859	0	0	0	0.053	0	0.5	0.727
9606.ENSP00000263967	9606.ENSP00000410294	PIK3CA	FGFR2	9606	0.908	0	0	0	0	0.087	0.65	0.737
9606.ENSP00000263967	9606.ENSP00000320485	PIK3CA	ARID1A	9606	0.913	0	0	0	0.067	0	0	0.911
9606.ENSP00000263967	9606.ENSP00000363089	PIK3CA	TLR4	9606	0.928	0	0	0	0.08	0.086	0.9	0.246
9606.ENSP00000263967	9606.ENSP00000269305	PIK3CA	TP53	9606	0.941	0	0	0	0	0.292	0	0.92
9606.ENSP00000263967	9606.ENSP00000346671	PIK3CA	FYN	9606	0.951	0	0	0	0.043	0.069	0.9	0.52
9606.ENSP00000263967	9606.ENSP00000317272	PIK3CA	MET	9606	0.961	0	0	0	0.042	0.069	0.9	0.617
9606.ENSP00000263967	9606.ENSP00000499900	PIK3CA	JAK1	9606	0.969	0	0	0	0.068	0.069	0.9	0.69
9606.ENSP00000263967	9606.ENSP00000371067	PIK3CA	JAK2	9606	0.98	0	0	0	0.263	0.069	0.9	0.754
9606.ENSP00000263967	9606.ENSP00000365016	PIK3CA	IRS2	9606	0.984	0	0	0	0.07	0.557	0.9	0.67
9606.ENSP00000263967	9606.ENSP00000489597	PIK3CA	PTPN11	9606	0.99	0	0	0	0.118	0.661	0.9	0.725
9606.ENSP00000263967	9606.ENSP00000269571	PIK3CA	ERBB2	9606	0.992	0	0	0	0	0.115	0.9	0.927
9606.ENSP00000263967	9606.ENSP00000407586	PIK3CA	HRAS	9606	0.995	0	0	0	0.1	0.758	0.9	0.8
9606.ENSP00000263967	9606.ENSP00000275493	PIK3CA	EGFR	9606	0.999	0	0	0	0	0.79	0.9	0.976
9606.ENSP00000264657	9606.ENSP00000404131	STAT3	TGFA	9606	0.714	0	0	0	0.045	0	0	0.713
9606.ENSP00000264657	9606.ENSP00000296511	STAT3	ANXA5	9606	0.73	0	0	0	0.097	0	0	0.714
9606.ENSP00000264657	9606.ENSP00000296930	STAT3	NPM1	9606	0.744	0	0	0	0.049	0	0.5	0.506
9606.ENSP00000264657	9606.ENSP00000306157	STAT3	IL7R	9606	0.746	0	0	0	0.053	0	0.5	0.507
9606.ENSP00000264657	9606.ENSP00000484824	STAT3	MUC1	9606	0.752	0	0	0	0.063	0.045	0.5	0.511
9606.ENSP00000264657	9606.ENSP00000339191	STAT3	CAV1	9606	0.759	0	0	0	0.044	0	0	0.759
9606.ENSP00000264657	9606.ENSP00000341551	STAT3	SMAD4	9606	0.768	0	0	0	0.067	0	0	0.762
9606.ENSP00000264657	9606.ENSP00000386884	STAT3	CXCR4	9606	0.775	0	0	0	0.069	0	0	0.768
9606.ENSP00000264657	9606.ENSP00000301633	STAT3	BIRC5	9606	0.796	0	0	0	0.05	0.301	0.5	0.459
9606.ENSP00000264657	9606.ENSP00000398632	STAT3	CD44	9606	0.802	0	0	0	0.098	0.292	0	0.715
9606.ENSP00000264657	9606.ENSP00000311032	STAT3	CASP3	9606	0.804	0	0	0	0.055	0	0	0.801
9606.ENSP00000264657	9606.ENSP00000418960	STAT3	BRCA1	9606	0.812	0	0	0	0	0	0	0.812
9606.ENSP00000264657	9606.ENSP00000287820	STAT3	PPARG	9606	0.826	0	0	0	0.055	0.045	0	0.823
9606.ENSP00000264657	9606.ENSP00000363089	STAT3	TLR4	9606	0.846	0	0	0	0.094	0.045	0	0.837
9606.ENSP00000264657	9606.ENSP00000410294	STAT3	FGFR2	9606	0.847	0	0	0	0.042	0.328	0	0.782
9606.ENSP00000264657	9606.ENSP00000302967	STAT3	HDAC3	9606	0.889	0	0	0	0.062	0.744	0.4	0.322
9606.ENSP00000264657	9606.ENSP00000346671	STAT3	FYN	9606	0.891	0	0	0	0.081	0.332	0.5	0.688
9606.ENSP00000264657	9606.ENSP00000378974	STAT3	MAPK8	9606	0.9	0	0	0	0.044	0.625	0	0.745
9606.ENSP00000264657	9606.ENSP00000430432	STAT3	HDAC2	9606	0.906	0	0	0	0.042	0.612	0.4	0.63
9606.ENSP00000264657	9606.ENSP00000356438	STAT3	PTGS2	9606	0.93	0	0	0	0.061	0	0.75	0.726
9606.ENSP00000264657	9606.ENSP00000398698	STAT3	TNF	9606	0.939	0	0	0	0.07	0	0.5	0.881
9606.ENSP00000264657	9606.ENSP00000269571	STAT3	ERBB2	9606	0.948	0	0	0	0.049	0.717	0	0.823
9606.ENSP00000264657	9606.ENSP00000365230	STAT3	BCL2L1	9606	0.949	0	0	0	0.055	0.095	0.75	0.79
9606.ENSP00000264657	9606.ENSP00000352516	STAT3	DNMT1	9606	0.957	0	0	0	0.049	0.512	0	0.915
9606.ENSP00000264657	9606.ENSP00000412237	STAT3	IL10	9606	0.968	0	0	0	0.057	0.301	0.5	0.916
9606.ENSP00000264657	9606.ENSP00000320147	STAT3	EZH2	9606	0.973	0	0	0	0.043	0.297	0	0.964
9606.ENSP00000264657	9606.ENSP00000317272	STAT3	MET	9606	0.981	0	0	0	0.063	0.332	0.5	0.948
9606.ENSP00000264657	9606.ENSP00000489597	STAT3	PTPN11	9606	0.984	0	0	0	0.087	0.526	0.5	0.935
9606.ENSP00000264657	9606.ENSP00000384849	STAT3	CDKN1A	9606	0.984	0	0	0	0.125	0.828	0.5	0.815
9606.ENSP00000264657	9606.ENSP00000305422	STAT3	CEBPB	9606	0.984	0	0	0	0.17	0.3	0.7	0.92
9606.ENSP00000264657	9606.ENSP00000385675	STAT3	IL6	9606	0.984	0	0	0	0.102	0.095	0.5	0.965
9606.ENSP00000264657	9606.ENSP00000478887	STAT3	MYC	9606	0.985	0	0	0	0.066	0.612	0.75	0.859
9606.ENSP00000264657	9606.ENSP00000370989	STAT3	CD274	9606	0.992	0	0	0	0.124	0	0.75	0.967
9606.ENSP00000264657	9606.ENSP00000384273	STAT3	RELA	9606	0.992	0	0	0	0.171	0.793	0	0.959
9606.ENSP00000264657	9606.ENSP00000357470	STAT3	IL6R	9606	0.993	0	0	0	0.131	0.292	0.9	0.902
9606.ENSP00000264657	9606.ENSP00000269305	STAT3	TP53	9606	0.994	0	0	0	0.063	0.164	0.8	0.97
9606.ENSP00000264657	9606.ENSP00000360266	STAT3	JUN	9606	0.995	0	0	0	0.061	0.328	0	0.993
9606.ENSP00000264657	9606.ENSP00000275493	STAT3	EGFR	9606	0.998	0	0	0	0.042	0.925	0	0.985
9606.ENSP00000264657	9606.ENSP00000499900	STAT3	JAK1	9606	0.999	0	0	0	0.184	0.839	0.9	0.999
9606.ENSP00000264657	9606.ENSP00000371067	STAT3	JAK2	9606	0.999	0	0	0	0.107	0.885	0.9	0.999
9606.ENSP00000264709	9606.ENSP00000320485	DNMT3A	ARID1A	9606	0.72	0	0	0	0.092	0	0.5	0.433
9606.ENSP00000264709	9606.ENSP00000436786	DNMT3A	KMT2A	9606	0.746	0	0	0	0.088	0.059	0	0.728
9606.ENSP00000264709	9606.ENSP00000296930	DNMT3A	NPM1	9606	0.794	0	0	0	0.058	0	0	0.791
9606.ENSP00000264709	9606.ENSP00000269305	DNMT3A	TP53	9606	0.835	0	0	0	0.049	0	0	0.833
9606.ENSP00000264709	9606.ENSP00000442788	DNMT3A	TET2	9606	0.946	0	0	0	0.056	0.292	0	0.926
9606.ENSP00000264709	9606.ENSP00000430432	DNMT3A	HDAC2	9606	0.97	0	0	0	0.071	0.052	0	0.969
9606.ENSP00000264709	9606.ENSP00000478887	DNMT3A	MYC	9606	0.991	0	0	0	0.103	0.516	0	0.983
9606.ENSP00000264709	9606.ENSP00000328547	DNMT3A	DNMT3B	9606	0.998	0	0	0.069	0.093	0.876	0.9	0.859
9606.ENSP00000264709	9606.ENSP00000320147	DNMT3A	EZH2	9606	0.999	0	0	0	0.078	0.519	0.5	0.998
9606.ENSP00000264709	9606.ENSP00000352516	DNMT3A	DNMT1	9606	0.999	0	0	0	0.069	0.633	0.9	0.995
9606.ENSP00000265462	9606.ENSP00000446252	PRDX5	SOD2	9606	0.818	0	0	0	0.295	0.33	0	0.645
9606.ENSP00000266085	9606.ENSP00000358045	TIMP3	ECM1	9606	0.73	0	0	0	0.144	0	0.4	0.517
9606.ENSP00000266085	9606.ENSP00000360973	TIMP3	AGTR2	9606	0.852	0	0	0	0	0.292	0	0.8
9606.ENSP00000269141	9606.ENSP00000293379	CDH2	ITGA5	9606	0.712	0	0	0	0.074	0	0	0.702
9606.ENSP00000269141	9606.ENSP00000478887	CDH2	MYC	9606	0.712	0	0	0	0.042	0.164	0	0.67
9606.ENSP00000269141	9606.ENSP00000269571	CDH2	ERBB2	9606	0.735	0	0	0	0	0.328	0	0.622
9606.ENSP00000269141	9606.ENSP00000317272	CDH2	MET	9606	0.75	0	0	0	0.06	0.184	0	0.701
9606.ENSP00000269141	9606.ENSP00000341551	CDH2	SMAD4	9606	0.751	0	0	0	0	0.045	0	0.75
9606.ENSP00000269141	9606.ENSP00000400175	CDH2	RHOA	9606	0.779	0	0	0	0	0.088	0	0.767
9606.ENSP00000269141	9606.ENSP00000275493	CDH2	EGFR	9606	0.78	0	0	0	0.067	0.328	0	0.678
9606.ENSP00000269141	9606.ENSP00000398632	CDH2	CD44	9606	0.84	0	0	0	0	0	0	0.84
9606.ENSP00000269141	9606.ENSP00000384638	CDH2	CTNNA2	9606	0.936	0	0	0	0.062	0.183	0.54	0.842
9606.ENSP00000269305	9606.ENSP00000369757	TP53	RPS6	9606	0.704	0	0	0	0.062	0.165	0	0.653
9606.ENSP00000269305	9606.ENSP00000367203	TP53	KDM6A	9606	0.71	0	0	0	0	0.292	0	0.608
9606.ENSP00000269305	9606.ENSP00000301764	TP53	DDB1	9606	0.711	0	0	0	0	0.221	0	0.645
9606.ENSP00000269305	9606.ENSP00000295897	TP53	ALB	9606	0.722	0	0	0	0	0	0	0.722
9606.ENSP00000269305	9606.ENSP00000470972	TP53	RPS19	9606	0.723	0	0	0	0.083	0.164	0	0.668
9606.ENSP00000269305	9606.ENSP00000371067	TP53	JAK2	9606	0.728	0	0	0	0.067	0	0	0.72
9606.ENSP00000269305	9606.ENSP00000302967	TP53	HDAC3	9606	0.741	0	0	0	0.109	0.295	0.4	0.393
9606.ENSP00000269305	9606.ENSP00000500891	TP53	MUTYH	9606	0.746	0	0	0	0.06	0	0	0.741
9606.ENSP00000269305	9606.ENSP00000440542	TP53	CHD4	9606	0.749	0	0	0	0.049	0.164	0.5	0.445
9606.ENSP00000269305	9606.ENSP00000348089	TP53	ERCC6	9606	0.752	0	0	0	0	0.625	0	0.368
9606.ENSP00000269305	9606.ENSP00000442788	TP53	TET2	9606	0.755	0	0	0	0	0.164	0	0.719
9606.ENSP00000269305	9606.ENSP00000412237	TP53	IL10	9606	0.756	0	0	0	0.082	0	0	0.746
9606.ENSP00000269305	9606.ENSP00000436786	TP53	KMT2A	9606	0.757	0	0	0	0.069	0.424	0	0.582
9606.ENSP00000269305	9606.ENSP00000449404	TP53	KRT8	9606	0.763	0	0	0	0.089	0.125	0	0.727
9606.ENSP00000269305	9606.ENSP00000346148	TP53	PRKAA1	9606	0.764	0	0	0	0.063	0.294	0.5	0.372
9606.ENSP00000269305	9606.ENSP00000499900	TP53	JAK1	9606	0.774	0	0	0	0.088	0.163	0	0.728
9606.ENSP00000269305	9606.ENSP00000315644	TP53	TYMS	9606	0.774	0	0	0	0.131	0	0	0.751
9606.ENSP00000269305	9606.ENSP00000354822	TP53	XAF1	9606	0.776	0	0	0	0.051	0.292	0	0.694
9606.ENSP00000269305	9606.ENSP00000370989	TP53	CD274	9606	0.776	0	0	0	0.074	0	0	0.769
9606.ENSP00000269305	9606.ENSP00000385675	TP53	IL6	9606	0.777	0	0	0	0	0	0	0.777
9606.ENSP00000269305	9606.ENSP00000317272	TP53	MET	9606	0.804	0	0	0	0	0.189	0	0.769
9606.ENSP00000269305	9606.ENSP00000375809	TP53	ERCC2	9606	0.804	0	0	0	0.06	0.51	0	0.61
9606.ENSP00000269305	9606.ENSP00000296511	TP53	ANXA5	9606	0.818	0	0	0	0	0	0	0.818
9606.ENSP00000269305	9606.ENSP00000307940	TP53	EEF2	9606	0.828	0	0	0	0.042	0.594	0	0.595
9606.ENSP00000269305	9606.ENSP00000462521	TP53	TXNIP	9606	0.855	0	0	0	0	0.51	0	0.717
9606.ENSP00000269305	9606.ENSP00000318822	TP53	BID	9606	0.856	0	0	0	0	0	0.75	0.449
9606.ENSP00000269305	9606.ENSP00000353734	TP53	PLAGL1	9606	0.856	0	0	0	0	0.294	0.75	0.249
9606.ENSP00000269305	9606.ENSP00000419923	TP53	KLF6	9606	0.857	0	0	0	0.057	0.046	0	0.854
9606.ENSP00000269305	9606.ENSP00000479488	TP53	PHB	9606	0.86	0	0	0	0.049	0.638	0	0.626
9606.ENSP00000269305	9606.ENSP00000305422	TP53	CEBPB	9606	0.862	0	0	0	0	0.292	0	0.814
9606.ENSP00000269305	9606.ENSP00000398698	TP53	TNF	9606	0.865	0	0	0	0	0	0	0.865
9606.ENSP00000269305	9606.ENSP00000382423	TP53	MAP3K1	9606	0.866	0	0	0	0.085	0.51	0	0.727
9606.ENSP00000269305	9606.ENSP00000341551	TP53	SMAD4	9606	0.875	0	0	0	0.059	0	0	0.873
9606.ENSP00000269305	9606.ENSP00000398632	TP53	CD44	9606	0.876	0	0	0	0.042	0.422	0	0.794
9606.ENSP00000269305	9606.ENSP00000320147	TP53	EZH2	9606	0.899	0	0	0	0.085	0.13	0.5	0.776
9606.ENSP00000269305	9606.ENSP00000370473	TP53	IGFBP3	9606	0.901	0	0	0	0	0	0.75	0.622
9606.ENSP00000269305	9606.ENSP00000313950	TP53	AURKB	9606	0.908	0	0	0	0.129	0.51	0.5	0.621
9606.ENSP00000269305	9606.ENSP00000364929	TP53	ING1	9606	0.914	0	0	0	0	0.625	0	0.781
9606.ENSP00000269305	9606.ENSP00000457230	TP53	WWOX	9606	0.914	0	0	0	0	0.746	0	0.676
9606.ENSP00000269305	9606.ENSP00000407586	TP53	HRAS	9606	0.925	0	0	0	0.083	0.292	0	0.894
9606.ENSP00000269305	9606.ENSP00000301633	TP53	BIRC5	9606	0.93	0	0	0	0.143	0	0.75	0.703
9606.ENSP00000269305	9606.ENSP00000269571	TP53	ERBB2	9606	0.935	0	0	0	0.06	0.172	0	0.924
9606.ENSP00000269305	9606.ENSP00000382800	TP53	RUNX3	9606	0.936	0	0	0	0	0.292	0.7	0.723
9606.ENSP00000269305	9606.ENSP00000286186	TP53	CASP10	9606	0.939	0	0	0	0.081	0	0.75	0.759
9606.ENSP00000269305	9606.ENSP00000275493	TP53	EGFR	9606	0.943	0	0	0	0	0.329	0	0.919
9606.ENSP00000269305	9606.ENSP00000324804	TP53	PPP2R1A	9606	0.946	0	0	0	0.072	0.678	0.5	0.684
9606.ENSP00000269305	9606.ENSP00000287820	TP53	PPARG	9606	0.949	0	0	0	0	0.305	0.5	0.866
9606.ENSP00000269305	9606.ENSP00000384273	TP53	RELA	9606	0.955	0	0	0	0.126	0.45	0	0.914
9606.ENSP00000269305	9606.ENSP00000311032	TP53	CASP3	9606	0.956	0	0	0	0.093	0.292	0	0.937
9606.ENSP00000269305	9606.ENSP00000320485	TP53	ARID1A	9606	0.961	0	0	0	0.067	0.292	0	0.945
9606.ENSP00000269305	9606.ENSP00000484824	TP53	MUC1	9606	0.966	0	0	0	0	0.294	0	0.954
9606.ENSP00000269305	9606.ENSP00000356438	TP53	PTGS2	9606	0.974	0	0	0	0	0.82	0	0.866
9606.ENSP00000269305	9606.ENSP00000354476	TP53	SREBF2	9606	0.978	0	0	0	0.108	0.363	0	0.965
9606.ENSP00000269305	9606.ENSP00000437125	TP53	HSPA8	9606	0.987	0	0	0	0.055	0.834	0	0.928
9606.ENSP00000269305	9606.ENSP00000430432	TP53	HDAC2	9606	0.99	0	0	0	0.102	0.837	0.5	0.888
9606.ENSP00000269305	9606.ENSP00000351273	TP53	CASP8	9606	0.991	0	0	0	0.086	0.292	0.9	0.879
9606.ENSP00000269305	9606.ENSP00000360025	TP53	GADD45A	9606	0.991	0	0	0	0	0.069	0.9	0.913
9606.ENSP00000269305	9606.ENSP00000352516	TP53	DNMT1	9606	0.997	0	0	0	0.059	0.597	0	0.994
9606.ENSP00000269305	9606.ENSP00000360266	TP53	JUN	9606	0.997	0	0	0	0	0.324	0.5	0.992
9606.ENSP00000269305	9606.ENSP00000478887	TP53	MYC	9606	0.997	0	0	0	0.067	0.3	0	0.997
9606.ENSP00000269305	9606.ENSP00000296930	TP53	NPM1	9606	0.997	0	0	0	0.124	0.847	0.5	0.967
9606.ENSP00000269305	9606.ENSP00000378974	TP53	MAPK8	9606	0.997	0	0	0	0.086	0.845	0.9	0.861
9606.ENSP00000269305	9606.ENSP00000278616	TP53	ATM	9606	0.999	0	0	0	0.103	0.928	0.9	0.975
9606.ENSP00000269305	9606.ENSP00000372023	TP53	CHEK2	9606	0.999	0	0	0	0.072	0.833	0.75	0.992
9606.ENSP00000269305	9606.ENSP00000365230	TP53	BCL2L1	9606	0.999	0	0	0	0.074	0.986	0	0.998
9606.ENSP00000269305	9606.ENSP00000418960	TP53	BRCA1	9606	0.999	0	0	0	0.067	0.895	0.5	0.999
9606.ENSP00000269305	9606.ENSP00000384849	TP53	CDKN1A	9606	0.999	0	0	0	0	0.925	0.9	0.96
9606.ENSP00000269305	9606.ENSP00000418915	TP53	CDKN2A	9606	0.999	0	0	0	0	0.874	0.9	0.97
9606.ENSP00000269571	9606.ENSP00000301633	ERBB2	BIRC5	9606	0.7	0	0	0	0	0.13	0	0.669
9606.ENSP00000269571	9606.ENSP00000341551	ERBB2	SMAD4	9606	0.708	0	0	0	0.056	0	0	0.704
9606.ENSP00000269571	9606.ENSP00000354207	ERBB2	NTRK3	9606	0.717	0	0	0	0.107	0.617	0	0.239
9606.ENSP00000269571	9606.ENSP00000386884	ERBB2	CXCR4	9606	0.729	0	0	0	0	0.048	0	0.728
9606.ENSP00000269571	9606.ENSP00000339191	ERBB2	CAV1	9606	0.735	0	0	0	0.058	0.127	0	0.704
9606.ENSP00000269571	9606.ENSP00000410294	ERBB2	FGFR2	9606	0.744	0	0	0	0.088	0.621	0	0.318
9606.ENSP00000269571	9606.ENSP00000414303	ERBB2	BDNF	9606	0.746	0	0	0	0	0	0.65	0.305
9606.ENSP00000269571	9606.ENSP00000278616	ERBB2	ATM	9606	0.748	0	0	0	0	0	0	0.748
9606.ENSP00000269571	9606.ENSP00000385675	ERBB2	IL6	9606	0.752	0	0	0	0	0	0	0.752
9606.ENSP00000269571	9606.ENSP00000296511	ERBB2	ANXA5	9606	0.758	0	0	0	0	0	0	0.758
9606.ENSP00000269571	9606.ENSP00000360266	ERBB2	JUN	9606	0.759	0	0	0	0	0.071	0	0.751
9606.ENSP00000269571	9606.ENSP00000365230	ERBB2	BCL2L1	9606	0.767	0	0	0	0.048	0	0	0.765
9606.ENSP00000269571	9606.ENSP00000478699	ERBB2	TNFRSF9	9606	0.768	0	0	0	0	0	0	0.768
9606.ENSP00000269571	9606.ENSP00000418915	ERBB2	CDKN2A	9606	0.773	0	0	0	0.062	0.045	0	0.767
9606.ENSP00000269571	9606.ENSP00000400175	ERBB2	RHOA	9606	0.79	0	0	0	0.068	0.096	0.5	0.562
9606.ENSP00000269571	9606.ENSP00000370989	ERBB2	CD274	9606	0.798	0	0	0	0	0	0	0.798
9606.ENSP00000269571	9606.ENSP00000346671	ERBB2	FYN	9606	0.807	0	0	0	0	0.45	0.4	0.462
9606.ENSP00000269571	9606.ENSP00000305372	ERBB2	ADRB2	9606	0.822	0	0	0	0	0.314	0	0.752
9606.ENSP00000269571	9606.ENSP00000356438	ERBB2	PTGS2	9606	0.828	0	0	0	0.068	0.292	0	0.76
9606.ENSP00000269571	9606.ENSP00000292408	ERBB2	FGFR4	9606	0.829	0	0	0	0.084	0.645	0	0.516
9606.ENSP00000269571	9606.ENSP00000317272	ERBB2	MET	9606	0.847	0	0	0	0.072	0.617	0	0.604
9606.ENSP00000269571	9606.ENSP00000478887	ERBB2	MYC	9606	0.886	0	0	0	0	0.166	0	0.87
9606.ENSP00000269571	9606.ENSP00000407586	ERBB2	HRAS	9606	0.907	0	0	0	0.053	0.328	0.5	0.742
9606.ENSP00000269571	9606.ENSP00000418960	ERBB2	BRCA1	9606	0.918	0	0	0	0	0	0	0.918
9606.ENSP00000269571	9606.ENSP00000499900	ERBB2	JAK1	9606	0.959	0	0	0	0	0.253	0.9	0.5
9606.ENSP00000269571	9606.ENSP00000379097	ERBB2	AREG	9606	0.959	0	0	0	0	0	0.65	0.888
9606.ENSP00000269571	9606.ENSP00000371067	ERBB2	JAK2	9606	0.966	0	0	0	0	0.328	0.9	0.534
9606.ENSP00000269571	9606.ENSP00000489597	ERBB2	PTPN11	9606	0.971	0	0	0	0	0.847	0	0.82
9606.ENSP00000269571	9606.ENSP00000484824	ERBB2	MUC1	9606	0.979	0	0	0	0.067	0.512	0	0.958
9606.ENSP00000269571	9606.ENSP00000404131	ERBB2	TGFA	9606	0.998	0	0	0	0	0.409	0.9	0.978
9606.ENSP00000269571	9606.ENSP00000275493	ERBB2	EGFR	9606	0.999	0	0	0.064	0.08	0.998	0.9	0.983
9606.ENSP00000269571	9606.ENSP00000398632	ERBB2	CD44	9606	0.999	0	0	0	0	0.695	0.9	0.992
9606.ENSP00000271971	9606.ENSP00000501093	CAPN9	GKN1	9606	0.945	0	0	0	0.108	0	0	0.941
9606.ENSP00000275493	9606.ENSP00000384273	EGFR	RELA	9606	0.701	0	0	0	0.044	0.075	0	0.689
9606.ENSP00000275493	9606.ENSP00000381607	EGFR	GSTP1	9606	0.713	0	0	0	0.055	0.51	0	0.431
9606.ENSP00000275493	9606.ENSP00000372313	EGFR	MSLN	9606	0.715	0	0	0	0.084	0	0	0.702
9606.ENSP00000275493	9606.ENSP00000478699	EGFR	TNFRSF9	9606	0.718	0	0	0	0	0	0	0.718
9606.ENSP00000275493	9606.ENSP00000418112	EGFR	PTPRG	9606	0.735	0	0	0	0.126	0.41	0	0.527
9606.ENSP00000275493	9606.ENSP00000341551	EGFR	SMAD4	9606	0.735	0	0	0	0.061	0	0	0.729
9606.ENSP00000275493	9606.ENSP00000351273	EGFR	CASP8	9606	0.737	0	0	0	0.054	0	0	0.734
9606.ENSP00000275493	9606.ENSP00000363089	EGFR	TLR4	9606	0.739	0	0	0	0	0.331	0	0.626
9606.ENSP00000275493	9606.ENSP00000320147	EGFR	EZH2	9606	0.741	0	0	0	0	0	0	0.741
9606.ENSP00000275493	9606.ENSP00000296511	EGFR	ANXA5	9606	0.745	0	0	0	0.062	0.194	0	0.69
9606.ENSP00000275493	9606.ENSP00000311032	EGFR	CASP3	9606	0.747	0	0	0	0.061	0	0	0.741
9606.ENSP00000275493	9606.ENSP00000365016	EGFR	IRS2	9606	0.749	0	0	0	0.044	0.406	0	0.594
9606.ENSP00000275493	9606.ENSP00000384849	EGFR	CDKN1A	9606	0.752	0	0	0	0.061	0	0	0.746
9606.ENSP00000275493	9606.ENSP00000449404	EGFR	KRT8	9606	0.754	0	0	0	0.078	0.163	0	0.708
9606.ENSP00000275493	9606.ENSP00000293379	EGFR	ITGA5	9606	0.792	0	0	0	0.059	0.292	0	0.714
9606.ENSP00000275493	9606.ENSP00000418960	EGFR	BRCA1	9606	0.8	0	0	0	0	0.103	0	0.786
9606.ENSP00000275493	9606.ENSP00000295897	EGFR	ALB	9606	0.808	0	0	0	0	0	0	0.808
9606.ENSP00000275493	9606.ENSP00000378974	EGFR	MAPK8	9606	0.83	0	0	0	0.047	0.621	0	0.567
9606.ENSP00000275493	9606.ENSP00000356438	EGFR	PTGS2	9606	0.836	0	0	0	0.068	0	0	0.831
9606.ENSP00000275493	9606.ENSP00000287820	EGFR	PPARG	9606	0.843	0	0	0	0.112	0.329	0	0.758
9606.ENSP00000275493	9606.ENSP00000365230	EGFR	BCL2L1	9606	0.847	0	0	0	0.048	0	0	0.846
9606.ENSP00000275493	9606.ENSP00000370989	EGFR	CD274	9606	0.87	0	0	0	0	0	0	0.87
9606.ENSP00000275493	9606.ENSP00000360266	EGFR	JUN	9606	0.871	0	0	0	0.059	0.25	0	0.832
9606.ENSP00000275493	9606.ENSP00000346671	EGFR	FYN	9606	0.873	0	0	0	0	0.115	0.4	0.78
9606.ENSP00000275493	9606.ENSP00000478887	EGFR	MYC	9606	0.875	0	0	0	0.044	0.103	0	0.866
9606.ENSP00000275493	9606.ENSP00000414303	EGFR	BDNF	9606	0.877	0	0	0	0.107	0	0.65	0.639
9606.ENSP00000275493	9606.ENSP00000398698	EGFR	TNF	9606	0.89	0	0	0	0	0	0	0.89
9606.ENSP00000275493	9606.ENSP00000412237	EGFR	IL10	9606	0.899	0	0	0	0	0	0.65	0.724
9606.ENSP00000275493	9606.ENSP00000400175	EGFR	RHOA	9606	0.903	0	0	0	0.075	0.258	0.5	0.752
9606.ENSP00000275493	9606.ENSP00000418915	EGFR	CDKN2A	9606	0.91	0	0	0	0.069	0.045	0	0.906
9606.ENSP00000275493	9606.ENSP00000495530	EGFR	ENO1	9606	0.928	0	0	0	0.052	0.62	0	0.816
9606.ENSP00000275493	9606.ENSP00000437125	EGFR	HSPA8	9606	0.932	0	0	0	0.061	0.832	0	0.608
9606.ENSP00000275493	9606.ENSP00000499900	EGFR	JAK1	9606	0.97	0	0	0	0.045	0.417	0.9	0.537
9606.ENSP00000275493	9606.ENSP00000385675	EGFR	IL6	9606	0.979	0	0	0	0.042	0	0.65	0.943
9606.ENSP00000275493	9606.ENSP00000370473	EGFR	IGFBP3	9606	0.981	0	0	0	0.169	0.292	0	0.971
9606.ENSP00000275493	9606.ENSP00000371067	EGFR	JAK2	9606	0.986	0	0	0	0	0.723	0.9	0.564
9606.ENSP00000275493	9606.ENSP00000407586	EGFR	HRAS	9606	0.994	0	0	0	0.053	0.315	0.9	0.931
9606.ENSP00000275493	9606.ENSP00000317272	EGFR	MET	9606	0.996	0	0	0	0.25	0.806	0	0.978
9606.ENSP00000275493	9606.ENSP00000398632	EGFR	CD44	9606	0.998	0	0	0	0.072	0.785	0	0.995
9606.ENSP00000275493	9606.ENSP00000489597	EGFR	PTPN11	9606	0.999	0	0	0	0.042	0.995	0.9	0.991
9606.ENSP00000275493	9606.ENSP00000404131	EGFR	TGFA	9606	0.999	0	0	0	0.062	0.983	0.9	0.998
9606.ENSP00000275493	9606.ENSP00000339191	EGFR	CAV1	9606	0.999	0	0	0	0.206	0.882	0.8	0.986
9606.ENSP00000275493	9606.ENSP00000484824	EGFR	MUC1	9606	0.999	0	0	0	0.074	0.835	0	0.994
9606.ENSP00000275493	9606.ENSP00000379097	EGFR	AREG	9606	0.999	0	0	0	0	0.777	0.9	0.996
9606.ENSP00000276297	9606.ENSP00000339191	DLC1	CAV1	9606	0.785	0	0	0	0.098	0.51	0	0.554
9606.ENSP00000276297	9606.ENSP00000400175	DLC1	RHOA	9606	0.903	0	0	0	0.07	0.438	0.4	0.726
9606.ENSP00000276914	9606.ENSP00000287820	PLIN2	PPARG	9606	0.727	0	0	0	0.097	0	0	0.71
9606.ENSP00000276914	9606.ENSP00000437125	PLIN2	HSPA8	9606	0.969	0	0	0	0.049	0.1	0.7	0.896
9606.ENSP00000278483	9606.ENSP00000437125	HIKESHI	HSPA8	9606	0.75	0	0	0	0.147	0.328	0.5	0.23
9606.ENSP00000278616	9606.ENSP00000311032	ATM	CASP3	9606	0.702	0	0	0	0.104	0	0	0.681
9606.ENSP00000278616	9606.ENSP00000410294	ATM	FGFR2	9606	0.705	0	0	0	0.052	0	0	0.702
9606.ENSP00000278616	9606.ENSP00000367203	ATM	KDM6A	9606	0.712	0	0	0	0.081	0.241	0	0.62
9606.ENSP00000278616	9606.ENSP00000360025	ATM	GADD45A	9606	0.746	0	0	0	0	0	0	0.746
9606.ENSP00000278616	9606.ENSP00000378974	ATM	MAPK8	9606	0.792	0	0	0	0.09	0.292	0.5	0.432
9606.ENSP00000278616	9606.ENSP00000457230	ATM	WWOX	9606	0.806	0	0	0	0	0.51	0	0.622
9606.ENSP00000278616	9606.ENSP00000384849	ATM	CDKN1A	9606	0.807	0	0	0	0	0	0	0.807
9606.ENSP00000278616	9606.ENSP00000418915	ATM	CDKN2A	9606	0.847	0	0	0	0.042	0.053	0	0.845
9606.ENSP00000278616	9606.ENSP00000478887	ATM	MYC	9606	0.871	0	0	0	0.06	0.129	0	0.855
9606.ENSP00000278616	9606.ENSP00000375809	ATM	ERCC2	9606	0.914	0	0	0	0.049	0	0.5	0.834
9606.ENSP00000278616	9606.ENSP00000451974	ATM	XRCC3	9606	0.918	0	0	0	0	0.134	0.5	0.826
9606.ENSP00000278616	9606.ENSP00000351273	ATM	CASP8	9606	0.961	0	0	0	0.197	0	0.9	0.56
9606.ENSP00000278616	9606.ENSP00000498881	ATM	ERCC5	9606	0.975	0	0	0	0.098	0.176	0.9	0.706
9606.ENSP00000278616	9606.ENSP00000418960	ATM	BRCA1	9606	0.999	0	0	0	0.042	0.847	0.9	0.999
9606.ENSP00000278616	9606.ENSP00000372023	ATM	CHEK2	9606	0.999	0	0	0	0.044	0.836	0.5	0.999
9606.ENSP00000281182	9606.ENSP00000357535	ACAD8	ECHS1	9606	0.962	0.046	0	0	0.3	0.091	0.918	0.352
9606.ENSP00000285379	9606.ENSP00000495530	CA2	ENO1	9606	0.766	0	0	0	0.105	0	0	0.749
9606.ENSP00000285379	9606.ENSP00000340019	CA2	HSPD1	9606	0.79	0	0	0	0.054	0.488	0	0.601
9606.ENSP00000285379	9606.ENSP00000430656	CA2	CA1	9606	0.833	0	0	0.061	0.134	0	0.7	0.399
9606.ENSP00000286186	9606.ENSP00000311032	CASP10	CASP3	9606	0.969	0	0	0	0.109	0.544	0.9	0.332
9606.ENSP00000286186	9606.ENSP00000318822	CASP10	BID	9606	0.976	0	0	0	0.087	0.45	0.9	0.587
9606.ENSP00000286186	9606.ENSP00000351273	CASP10	CASP8	9606	0.999	0	0	0	0.149	0.88	0.9	0.985
9606.ENSP00000287820	9606.ENSP00000412237	PPARG	IL10	9606	0.733	0	0	0	0.047	0	0	0.731
9606.ENSP00000287820	9606.ENSP00000356438	PPARG	PTGS2	9606	0.735	0	0	0	0.063	0	0	0.729
9606.ENSP00000287820	9606.ENSP00000363089	PPARG	TLR4	9606	0.738	0	0	0	0.119	0.066	0	0.708
9606.ENSP00000287820	9606.ENSP00000339191	PPARG	CAV1	9606	0.765	0	0	0	0.085	0.516	0	0.512
9606.ENSP00000287820	9606.ENSP00000320147	PPARG	EZH2	9606	0.778	0	0	0	0.056	0.311	0.5	0.397
9606.ENSP00000287820	9606.ENSP00000430432	PPARG	HDAC2	9606	0.784	0	0	0	0	0.051	0.5	0.583
9606.ENSP00000287820	9606.ENSP00000398698	PPARG	TNF	9606	0.807	0	0	0	0.099	0	0	0.795
9606.ENSP00000287820	9606.ENSP00000385675	PPARG	IL6	9606	0.82	0	0	0	0.082	0	0	0.812
9606.ENSP00000287820	9606.ENSP00000360266	PPARG	JUN	9606	0.849	0	0	0	0	0.057	0.5	0.706
9606.ENSP00000287820	9606.ENSP00000370473	PPARG	IGFBP3	9606	0.85	0	0	0	0.042	0.292	0	0.797
9606.ENSP00000287820	9606.ENSP00000320485	PPARG	ARID1A	9606	0.914	0	0	0	0	0.076	0.9	0.153
9606.ENSP00000287820	9606.ENSP00000354476	PPARG	SREBF2	9606	0.94	0	0	0	0	0	0.75	0.772
9606.ENSP00000287820	9606.ENSP00000302967	PPARG	HDAC3	9606	0.965	0	0	0	0	0.746	0.5	0.748
9606.ENSP00000287820	9606.ENSP00000363817	PPARG	RXRB	9606	0.98	0	0	0	0.049	0.632	0.9	0.503
9606.ENSP00000287820	9606.ENSP00000305422	PPARG	CEBPB	9606	0.989	0	0	0	0.049	0.512	0.75	0.923
9606.ENSP00000287820	9606.ENSP00000384273	PPARG	RELA	9606	0.998	0	0	0	0.087	0.834	0.75	0.976
9606.ENSP00000290378	9606.ENSP00000498577	ACTC1	TPM3	9606	0.996	0	0	0	0.282	0.915	0.9	0.473
9606.ENSP00000290866	9606.ENSP00000398698	ACE	TNF	9606	0.72	0	0	0	0.044	0	0	0.72
9606.ENSP00000290866	9606.ENSP00000297494	ACE	NOS3	9606	0.731	0	0	0	0.066	0	0	0.724
9606.ENSP00000290866	9606.ENSP00000385675	ACE	IL6	9606	0.776	0	0	0	0	0	0	0.776
9606.ENSP00000290866	9606.ENSP00000365770	ACE	MTHFR	9606	0.818	0	0	0	0	0	0	0.818
9606.ENSP00000290866	9606.ENSP00000295897	ACE	ALB	9606	0.912	0	0	0	0	0	0	0.912
9606.ENSP00000290866	9606.ENSP00000360973	ACE	AGTR2	9606	0.948	0	0	0	0.042	0	0	0.948
9606.ENSP00000292408	9606.ENSP00000414303	FGFR4	BDNF	9606	0.708	0	0	0	0	0	0.65	0.201
9606.ENSP00000292408	9606.ENSP00000379097	FGFR4	AREG	9606	0.712	0	0	0	0.051	0	0.65	0.203
9606.ENSP00000292408	9606.ENSP00000404131	FGFR4	TGFA	9606	0.717	0	0	0	0	0	0.65	0.227
9606.ENSP00000292408	9606.ENSP00000407586	FGFR4	HRAS	9606	0.943	0	0	0	0.042	0.099	0.9	0.425
9606.ENSP00000293379	9606.ENSP00000361850	ITGA5	PLAU	9606	0.781	0	0	0	0.193	0	0	0.74
9606.ENSP00000293379	9606.ENSP00000398632	ITGA5	CD44	9606	0.785	0	0	0	0.162	0	0	0.753
9606.ENSP00000293379	9606.ENSP00000367316	ITGA5	ITGA8	9606	0.833	0	0	0.055	0.086	0	0.72	0.393
9606.ENSP00000293860	9606.ENSP00000331111	POLR3K	ZNRD1	9606	0.828	0	0	0	0.158	0.195	0	0.766
9606.ENSP00000294119	9606.ENSP00000418960	UBXN1	BRCA1	9606	0.79	0	0	0	0	0.292	0.5	0.456
9606.ENSP00000295666	9606.ENSP00000370473	IGFBP7	IGFBP3	9606	0.764	0	0	0	0.127	0	0	0.74
9606.ENSP00000295666	9606.ENSP00000360266	IGFBP7	JUN	9606	0.85	0	0	0	0.062	0.292	0.75	0.205
9606.ENSP00000295897	9606.ENSP00000361850	ALB	PLAU	9606	0.708	0	0	0	0.059	0.052	0	0.699
9606.ENSP00000295897	9606.ENSP00000437125	ALB	HSPA8	9606	0.712	0	0	0	0	0.161	0	0.671
9606.ENSP00000295897	9606.ENSP00000373477	ALB	GPX3	9606	0.716	0	0	0	0.044	0	0	0.715
9606.ENSP00000295897	9606.ENSP00000398632	ALB	CD44	9606	0.739	0	0	0	0	0	0	0.739
9606.ENSP00000295897	9606.ENSP00000339191	ALB	CAV1	9606	0.743	0	0	0	0.06	0	0	0.738
9606.ENSP00000295897	9606.ENSP00000478887	ALB	MYC	9606	0.759	0	0	0	0.057	0.161	0	0.72
9606.ENSP00000295897	9606.ENSP00000356438	ALB	PTGS2	9606	0.772	0	0	0	0.055	0	0	0.769
9606.ENSP00000295897	9606.ENSP00000360522	ALB	RBP4	9606	0.785	0	0	0	0.299	0.099	0	0.687
9606.ENSP00000295897	9606.ENSP00000296511	ALB	ANXA5	9606	0.786	0	0	0	0.055	0	0	0.783
9606.ENSP00000295897	9606.ENSP00000311032	ALB	CASP3	9606	0.815	0	0	0	0	0	0	0.815
9606.ENSP00000295897	9606.ENSP00000363089	ALB	TLR4	9606	0.821	0	0	0	0	0	0	0.821
9606.ENSP00000295897	9606.ENSP00000368104	ALB	BMP2	9606	0.828	0	0	0	0.05	0	0	0.826
9606.ENSP00000295897	9606.ENSP00000412237	ALB	IL10	9606	0.847	0	0	0	0	0	0	0.847
9606.ENSP00000295897	9606.ENSP00000398698	ALB	TNF	9606	0.87	0	0	0	0	0	0	0.87
9606.ENSP00000295897	9606.ENSP00000385675	ALB	IL6	9606	0.926	0	0	0	0	0	0	0.926
9606.ENSP00000295897	9606.ENSP00000379138	ALB	AFP	9606	0.927	0	0	0.079	0.521	0	0	0.848
9606.ENSP00000295897	9606.ENSP00000336829	ALB	FGG	9606	0.945	0	0	0	0.792	0.05	0.4	0.594
9606.ENSP00000295897	9606.ENSP00000416066	ALB	SERPINA1	9606	0.998	0	0	0	0.263	0.074	0.4	0.996
9606.ENSP00000296511	9606.ENSP00000398632	ANXA5	CD44	9606	0.733	0	0	0	0.118	0	0	0.71
9606.ENSP00000296511	9606.ENSP00000478887	ANXA5	MYC	9606	0.741	0	0	0	0.087	0.124	0	0.703
9606.ENSP00000296511	9606.ENSP00000385675	ANXA5	IL6	9606	0.75	0	0	0	0.106	0	0	0.731
9606.ENSP00000296511	9606.ENSP00000398698	ANXA5	TNF	9606	0.758	0	0	0	0.088	0	0	0.745
9606.ENSP00000296511	9606.ENSP00000365230	ANXA5	BCL2L1	9606	0.796	0	0	0	0.052	0	0	0.794
9606.ENSP00000296511	9606.ENSP00000351273	ANXA5	CASP8	9606	0.842	0	0	0	0.074	0	0	0.837
9606.ENSP00000296511	9606.ENSP00000311032	ANXA5	CASP3	9606	0.921	0	0	0	0.063	0	0	0.919
9606.ENSP00000296930	9606.ENSP00000370589	NPM1	NOP56	9606	0.717	0	0	0	0.356	0.362	0	0.367
9606.ENSP00000296930	9606.ENSP00000419425	NPM1	PPIA	9606	0.728	0	0	0	0.435	0.297	0	0.371
9606.ENSP00000296930	9606.ENSP00000369757	NPM1	RPS6	9606	0.728	0	0	0	0.397	0.427	0	0.276
9606.ENSP00000296930	9606.ENSP00000309334	NPM1	RPL15	9606	0.733	0	0	0	0.507	0.421	0	0.139
9606.ENSP00000296930	9606.ENSP00000455106	NPM1	BOP1	9606	0.757	0	0	0	0.206	0.496	0	0.442
9606.ENSP00000296930	9606.ENSP00000418960	NPM1	BRCA1	9606	0.773	0	0	0	0.085	0.304	0	0.673
9606.ENSP00000296930	9606.ENSP00000442788	NPM1	TET2	9606	0.776	0	0	0	0	0	0	0.776
9606.ENSP00000296930	9606.ENSP00000489597	NPM1	PTPN11	9606	0.789	0	0	0	0.075	0.059	0	0.777
9606.ENSP00000296930	9606.ENSP00000305422	NPM1	CEBPB	9606	0.803	0	0	0	0	0	0.75	0.245
9606.ENSP00000296930	9606.ENSP00000430432	NPM1	HDAC2	9606	0.838	0	0	0	0.158	0.292	0	0.75
9606.ENSP00000296930	9606.ENSP00000376568	NPM1	MLF1	9606	0.838	0	0	0	0.042	0	0	0.838
9606.ENSP00000296930	9606.ENSP00000339063	NPM1	EEF1A1	9606	0.842	0	0	0	0.364	0.292	0	0.677
9606.ENSP00000296930	9606.ENSP00000498577	NPM1	TPM3	9606	0.846	0	0	0	0.121	0	0.5	0.678
9606.ENSP00000296930	9606.ENSP00000302886	NPM1	PA2G4	9606	0.856	0	0	0	0.322	0.749	0	0.224
9606.ENSP00000296930	9606.ENSP00000340019	NPM1	HSPD1	9606	0.872	0	0	0	0.435	0	0.75	0.167
9606.ENSP00000296930	9606.ENSP00000478887	NPM1	MYC	9606	0.896	0	0	0	0.092	0.311	0	0.848
9606.ENSP00000296930	9606.ENSP00000418915	NPM1	CDKN2A	9606	0.999	0	0	0	0	0.874	0	0.995
9606.ENSP00000297494	9606.ENSP00000412237	NOS3	IL10	9606	0.701	0	0	0	0.044	0	0	0.7
9606.ENSP00000297494	9606.ENSP00000385675	NOS3	IL6	9606	0.718	0	0	0	0.042	0	0	0.718
9606.ENSP00000297494	9606.ENSP00000339191	NOS3	CAV1	9606	0.999	0	0	0	0.044	0.736	0.8	0.995
9606.ENSP00000299198	9606.ENSP00000495530	CKB	ENO1	9606	0.736	0.042	0	0	0.133	0.259	0	0.621
9606.ENSP00000301258	9606.ENSP00000372313	PSCA	MSLN	9606	0.721	0	0	0	0.1	0	0	0.702
9606.ENSP00000301258	9606.ENSP00000406861	PSCA	MUC6	9606	0.732	0	0	0	0.063	0.066	0	0.719
9606.ENSP00000301633	9606.ENSP00000478887	BIRC5	MYC	9606	0.825	0	0	0	0.091	0.051	0.4	0.702
9606.ENSP00000301633	9606.ENSP00000315644	BIRC5	TYMS	9606	0.862	0	0	0	0.616	0	0	0.657
9606.ENSP00000301633	9606.ENSP00000477613	BIRC5	BIRC2	9606	0.878	0	0	0	0	0.625	0	0.688
9606.ENSP00000301633	9606.ENSP00000311032	BIRC5	CASP3	9606	0.916	0	0	0	0.132	0.583	0	0.786
9606.ENSP00000301633	9606.ENSP00000313950	BIRC5	AURKB	9606	0.999	0	0	0	0.764	0.944	0.8	0.996
9606.ENSP00000301764	9606.ENSP00000498881	DDB1	ERCC5	9606	0.794	0	0	0	0.047	0.068	0.5	0.592
9606.ENSP00000301764	9606.ENSP00000384849	DDB1	CDKN1A	9606	0.837	0	0	0	0	0.616	0	0.593
9606.ENSP00000301764	9606.ENSP00000375809	DDB1	ERCC2	9606	0.862	0	0	0	0.049	0.065	0.5	0.727
9606.ENSP00000301764	9606.ENSP00000467024	DDB1	RAD23A	9606	0.868	0	0	0	0.06	0.069	0.5	0.734
9606.ENSP00000301764	9606.ENSP00000446039	DDB1	COPS7A	9606	0.874	0	0	0	0.049	0.656	0.5	0.322
9606.ENSP00000301764	9606.ENSP00000348089	DDB1	ERCC6	9606	0.988	0	0	0	0	0.95	0.5	0.57
9606.ENSP00000302886	9606.ENSP00000339063	PA2G4	EEF1A1	9606	0.896	0	0	0	0.425	0.8	0	0.169
9606.ENSP00000302886	9606.ENSP00000345957	PA2G4	RPS21	9606	0.906	0	0	0	0.305	0.84	0	0.223
9606.ENSP00000302886	9606.ENSP00000369757	PA2G4	RPS6	9606	0.909	0.057	0	0	0.311	0.856	0	0.148
9606.ENSP00000302886	9606.ENSP00000370589	PA2G4	NOP56	9606	0.911	0	0	0	0.872	0.053	0	0.324
9606.ENSP00000302886	9606.ENSP00000470972	PA2G4	RPS19	9606	0.913	0	0	0	0.348	0.855	0	0.158
9606.ENSP00000302886	9606.ENSP00000348849	PA2G4	RPS26	9606	0.922	0	0	0	0.421	0.84	0	0.222
9606.ENSP00000302886	9606.ENSP00000455106	PA2G4	BOP1	9606	0.929	0	0	0	0.879	0	0	0.438
9606.ENSP00000302886	9606.ENSP00000360034	PA2G4	SERBP1	9606	0.929	0	0	0	0.409	0.862	0	0.203
9606.ENSP00000302886	9606.ENSP00000307940	PA2G4	EEF2	9606	0.957	0.069	0	0	0.634	0.845	0	0.295
9606.ENSP00000302886	9606.ENSP00000363384	PA2G4	ZNF593	9606	0.965	0	0	0	0.236	0.928	0	0.42
9606.ENSP00000302886	9606.ENSP00000466010	PA2G4	RPS15	9606	0.966	0.111	0	0	0.705	0.855	0	0.215
9606.ENSP00000302886	9606.ENSP00000307889	PA2G4	RPL13	9606	0.993	0	0	0	0.538	0.985	0	0.115
9606.ENSP00000302886	9606.ENSP00000309334	PA2G4	RPL15	9606	0.995	0	0	0	0.469	0.991	0	0.138
9606.ENSP00000302886	9606.ENSP00000447001	PA2G4	RPL18	9606	0.996	0.047	0	0	0.466	0.992	0	0.093
9606.ENSP00000302967	9606.ENSP00000360266	HDAC3	JUN	9606	0.754	0	0	0	0	0.329	0.5	0.326
9606.ENSP00000302967	9606.ENSP00000384273	HDAC3	RELA	9606	0.764	0	0	0	0.067	0.645	0	0.344
9606.ENSP00000302967	9606.ENSP00000364929	HDAC3	ING1	9606	0.778	0	0	0	0.053	0.48	0	0.587
9606.ENSP00000302967	9606.ENSP00000430432	HDAC3	HDAC2	9606	0.906	0	0	0.059	0.067	0	0.9	0.056
9606.ENSP00000302967	9606.ENSP00000478887	HDAC3	MYC	9606	0.949	0	0	0	0.049	0.785	0	0.771
9606.ENSP00000302967	9606.ENSP00000320147	HDAC3	EZH2	9606	0.989	0.042	0	0	0.067	0.585	0.5	0.954
9606.ENSP00000305372	9606.ENSP00000398698	ADRB2	TNF	9606	0.718	0	0	0	0.087	0	0	0.704
9606.ENSP00000305372	9606.ENSP00000498577	ADRB2	TPM3	9606	0.825	0	0	0	0.06	0	0	0.822
9606.ENSP00000305372	9606.ENSP00000386884	ADRB2	CXCR4	9606	0.826	0	0	0	0.078	0	0	0.819
9606.ENSP00000305372	9606.ENSP00000358301	ADRB2	ADRB1	9606	0.956	0	0	0	0.049	0.237	0.9	0.469
9606.ENSP00000305422	9606.ENSP00000356438	CEBPB	PTGS2	9606	0.706	0	0	0	0.166	0.292	0	0.542
9606.ENSP00000305422	9606.ENSP00000398698	CEBPB	TNF	9606	0.76	0	0	0	0.075	0	0	0.752
9606.ENSP00000305422	9606.ENSP00000310170	CEBPB	FOSL1	9606	0.811	0	0	0	0.104	0.102	0	0.784
9606.ENSP00000305422	9606.ENSP00000385675	CEBPB	IL6	9606	0.896	0	0	0	0.118	0.292	0.5	0.706
9606.ENSP00000305422	9606.ENSP00000360266	CEBPB	JUN	9606	0.927	0	0	0	0.153	0.21	0	0.899
9606.ENSP00000305422	9606.ENSP00000341551	CEBPB	SMAD4	9606	0.928	0	0	0	0	0.625	0	0.818
9606.ENSP00000305422	9606.ENSP00000478887	CEBPB	MYC	9606	0.958	0	0	0	0.14	0.369	0.75	0.732
9606.ENSP00000305422	9606.ENSP00000384273	CEBPB	RELA	9606	0.967	0	0	0	0.135	0.785	0.5	0.694
9606.ENSP00000306157	9606.ENSP00000398698	IL7R	TNF	9606	0.717	0	0	0	0.115	0	0	0.694
9606.ENSP00000306157	9606.ENSP00000346671	IL7R	FYN	9606	0.724	0	0	0	0.19	0.292	0	0.558
9606.ENSP00000306157	9606.ENSP00000478699	IL7R	TNFRSF9	9606	0.748	0	0	0	0.08	0	0	0.737
9606.ENSP00000306157	9606.ENSP00000398632	IL7R	CD44	9606	0.755	0	0	0	0.132	0	0	0.729
9606.ENSP00000306157	9606.ENSP00000371067	IL7R	JAK2	9606	0.9	0	0	0	0.098	0.046	0.8	0.489
9606.ENSP00000306157	9606.ENSP00000385675	IL7R	IL6	9606	0.916	0	0	0	0.109	0	0.65	0.753
9606.ENSP00000306157	9606.ENSP00000412237	IL7R	IL10	9606	0.919	0	0	0	0.058	0	0.65	0.776
9606.ENSP00000306157	9606.ENSP00000499900	IL7R	JAK1	9606	0.994	0	0	0	0.121	0.095	0.9	0.942
9606.ENSP00000306548	9606.ENSP00000378974	MRPL13	MAPK8	9606	0.791	0	0	0	0.098	0.767	0	0.087
9606.ENSP00000306548	9606.ENSP00000307940	MRPL13	EEF2	9606	0.829	0.074	0	0	0.58	0.479	0	0.257
9606.ENSP00000306548	9606.ENSP00000446252	MRPL13	SOD2	9606	0.875	0.056	0	0	0.113	0.842	0	0.166
9606.ENSP00000306548	9606.ENSP00000345957	MRPL13	RPS21	9606	0.956	0	0	0	0.71	0.786	0	0.35
9606.ENSP00000306548	9606.ENSP00000348849	MRPL13	RPS26	9606	0.958	0	0	0	0.752	0.784	0	0.289
9606.ENSP00000306548	9606.ENSP00000309334	MRPL13	RPL15	9606	0.965	0	0	0	0.771	0.783	0	0.358
9606.ENSP00000306548	9606.ENSP00000369757	MRPL13	RPS6	9606	0.968	0	0	0	0.805	0.811	0	0.21
9606.ENSP00000306548	9606.ENSP00000470972	MRPL13	RPS19	9606	0.97	0	0	0	0.798	0.784	0	0.377
9606.ENSP00000306548	9606.ENSP00000466010	MRPL13	RPS15	9606	0.973	0.115	0	0	0.809	0.785	0	0.346
9606.ENSP00000306548	9606.ENSP00000447001	MRPL13	RPL18	9606	0.977	0.115	0	0	0.811	0.81	0	0.379
9606.ENSP00000306548	9606.ENSP00000307889	MRPL13	RPL13	9606	0.983	0	0	0	0.81	0.869	0	0.4
9606.ENSP00000306548	9606.ENSP00000317376	MRPL13	MRPS11	9606	0.998	0.091	0	0	0.621	0.991	0	0.64
9606.ENSP00000307889	9606.ENSP00000363384	RPL13	ZNF593	9606	0.896	0	0	0	0.17	0.879	0	0
9606.ENSP00000307889	9606.ENSP00000317376	RPL13	MRPS11	9606	0.939	0	0	0	0.689	0.784	0	0.166
9606.ENSP00000307889	9606.ENSP00000455106	RPL13	BOP1	9606	0.939	0	0	0	0.128	0.871	0.5	0.049
9606.ENSP00000307889	9606.ENSP00000360034	RPL13	SERBP1	9606	0.984	0	0	0	0.447	0.972	0	0
9606.ENSP00000307889	9606.ENSP00000339063	RPL13	EEF1A1	9606	0.991	0	0	0	0.761	0.867	0.5	0.503
9606.ENSP00000307889	9606.ENSP00000447001	RPL13	RPL18	9606	0.999	0	0	0	0.991	0.996	0	0.381
9606.ENSP00000307889	9606.ENSP00000345957	RPL13	RPS21	9606	0.999	0	0	0	0.987	0.993	0	0.138
9606.ENSP00000307889	9606.ENSP00000470972	RPL13	RPS19	9606	0.999	0	0	0	0.991	0.993	0	0.493
9606.ENSP00000307889	9606.ENSP00000309334	RPL13	RPL15	9606	0.999	0.075	0	0	0.991	0.996	0	0.405
9606.ENSP00000307889	9606.ENSP00000466010	RPL13	RPS15	9606	0.999	0	0	0	0.987	0.993	0	0.248
9606.ENSP00000307889	9606.ENSP00000369757	RPL13	RPS6	9606	0.999	0	0	0	0.991	0.995	0	0.377
9606.ENSP00000307889	9606.ENSP00000348849	RPL13	RPS26	9606	0.999	0	0	0	0.99	0.993	0	0.37
9606.ENSP00000307889	9606.ENSP00000307940	RPL13	EEF2	9606	0.999	0	0	0	0.909	0.991	0.5	0.206
9606.ENSP00000307940	9606.ENSP00000317376	EEF2	MRPS11	9606	0.808	0.079	0	0	0.57	0.479	0	0.181
9606.ENSP00000307940	9606.ENSP00000437125	EEF2	HSPA8	9606	0.841	0	0	0	0.521	0.261	0	0.587
9606.ENSP00000307940	9606.ENSP00000495530	EEF2	ENO1	9606	0.876	0.057	0	0	0.453	0.211	0	0.731
9606.ENSP00000307940	9606.ENSP00000360034	EEF2	SERBP1	9606	0.971	0	0	0	0.22	0.955	0	0.233
9606.ENSP00000307940	9606.ENSP00000339063	EEF2	EEF1A1	9606	0.982	0.095	0	0	0.79	0.409	0.5	0.739
9606.ENSP00000307940	9606.ENSP00000345957	EEF2	RPS21	9606	0.998	0	0	0	0.553	0.991	0.5	0.191
9606.ENSP00000307940	9606.ENSP00000348849	EEF2	RPS26	9606	0.998	0	0	0	0.652	0.991	0.5	0.256
9606.ENSP00000307940	9606.ENSP00000369757	EEF2	RPS6	9606	0.999	0	0	0	0.817	0.992	0.5	0.844
9606.ENSP00000307940	9606.ENSP00000466010	EEF2	RPS15	9606	0.999	0.111	0	0	0.757	0.991	0.5	0.393
9606.ENSP00000307940	9606.ENSP00000309334	EEF2	RPL15	9606	0.999	0.044	0	0	0.861	0.991	0.5	0.343
9606.ENSP00000307940	9606.ENSP00000470972	EEF2	RPS19	9606	0.999	0	0	0	0.791	0.992	0.5	0.48
9606.ENSP00000307940	9606.ENSP00000447001	EEF2	RPL18	9606	0.999	0	0	0	0.767	0.992	0.5	0.337
9606.ENSP00000309334	9606.ENSP00000363384	RPL15	ZNF593	9606	0.888	0	0	0	0.108	0.879	0	0
9606.ENSP00000309334	9606.ENSP00000455106	RPL15	BOP1	9606	0.929	0	0	0	0.108	0.842	0.5	0.122
9606.ENSP00000309334	9606.ENSP00000317376	RPL15	MRPS11	9606	0.96	0	0	0	0.791	0.782	0	0.204
9606.ENSP00000309334	9606.ENSP00000339063	RPL15	EEF1A1	9606	0.99	0	0	0	0.845	0.834	0.5	0.316
9606.ENSP00000309334	9606.ENSP00000360034	RPL15	SERBP1	9606	0.991	0	0	0	0.691	0.972	0	0.042
9606.ENSP00000309334	9606.ENSP00000447001	RPL15	RPL18	9606	0.999	0	0	0	0.991	0.995	0	0.759
9606.ENSP00000309334	9606.ENSP00000345957	RPL15	RPS21	9606	0.999	0	0	0	0.967	0.992	0	0.298
9606.ENSP00000309334	9606.ENSP00000470972	RPL15	RPS19	9606	0.999	0	0	0	0.991	0.994	0	0.744
9606.ENSP00000309334	9606.ENSP00000466010	RPL15	RPS15	9606	0.999	0	0	0	0.981	0.993	0	0.644
9606.ENSP00000309334	9606.ENSP00000369757	RPL15	RPS6	9606	0.999	0	0	0	0.998	0.995	0	0.574
9606.ENSP00000309334	9606.ENSP00000348849	RPL15	RPS26	9606	0.999	0	0	0	0.99	0.995	0	0.745
9606.ENSP00000310170	9606.ENSP00000384273	FOSL1	RELA	9606	0.876	0	0	0	0.097	0.094	0	0.861
9606.ENSP00000310170	9606.ENSP00000378974	FOSL1	MAPK8	9606	0.948	0	0	0	0	0.166	0.9	0.429
9606.ENSP00000310170	9606.ENSP00000360266	FOSL1	JUN	9606	0.999	0	0	0	0.09	0.872	0.9	0.996
9606.ENSP00000311032	9606.ENSP00000317272	CASP3	MET	9606	0.708	0	0	0	0	0.403	0	0.53
9606.ENSP00000311032	9606.ENSP00000414303	CASP3	BDNF	9606	0.72	0	0	0	0	0	0	0.72
9606.ENSP00000311032	9606.ENSP00000363089	CASP3	TLR4	9606	0.74	0	0	0	0.092	0.062	0	0.719
9606.ENSP00000311032	9606.ENSP00000373477	CASP3	GPX3	9606	0.741	0	0	0	0.052	0	0	0.738
9606.ENSP00000311032	9606.ENSP00000412237	CASP3	IL10	9606	0.786	0	0	0	0	0	0	0.786
9606.ENSP00000311032	9606.ENSP00000340019	CASP3	HSPD1	9606	0.806	0	0	0	0.042	0.525	0	0.609
9606.ENSP00000311032	9606.ENSP00000360266	CASP3	JUN	9606	0.809	0	0	0	0	0.046	0	0.808
9606.ENSP00000311032	9606.ENSP00000318822	CASP3	BID	9606	0.827	0	0	0	0.125	0.516	0	0.623
9606.ENSP00000311032	9606.ENSP00000356438	CASP3	PTGS2	9606	0.865	0	0	0	0.055	0	0	0.863
9606.ENSP00000311032	9606.ENSP00000385675	CASP3	IL6	9606	0.881	0	0	0	0.103	0	0	0.873
9606.ENSP00000311032	9606.ENSP00000478887	CASP3	MYC	9606	0.881	0	0	0	0	0	0	0.881
9606.ENSP00000311032	9606.ENSP00000496129	CASP3	PRKCB	9606	0.931	0	0	0	0.104	0	0.9	0.301
9606.ENSP00000311032	9606.ENSP00000382423	CASP3	MAP3K1	9606	0.934	0	0	0	0.099	0	0.9	0.333
9606.ENSP00000311032	9606.ENSP00000398698	CASP3	TNF	9606	0.939	0	0	0	0.098	0.096	0	0.932
9606.ENSP00000311032	9606.ENSP00000378974	CASP3	MAPK8	9606	0.943	0	0	0	0.049	0.292	0	0.922
9606.ENSP00000311032	9606.ENSP00000365230	CASP3	BCL2L1	9606	0.95	0	0	0	0.044	0.209	0	0.94
9606.ENSP00000311032	9606.ENSP00000384849	CASP3	CDKN1A	9606	0.996	0	0	0	0.057	0.828	0.9	0.806
9606.ENSP00000311032	9606.ENSP00000477613	CASP3	BIRC2	9606	0.997	0	0	0	0.124	0.843	0.9	0.81
9606.ENSP00000311032	9606.ENSP00000351273	CASP3	CASP8	9606	0.999	0	0	0.088	0.105	0.786	0.9	0.983
9606.ENSP00000311469	9606.ENSP00000381607	GSTM1	GSTP1	9606	0.808	0	0	0	0.069	0.112	0.7	0.317
9606.ENSP00000311469	9606.ENSP00000373477	GSTM1	GPX3	9606	0.844	0	0	0	0.093	0	0.65	0.547
9606.ENSP00000311469	9606.ENSP00000440689	GSTM1	CYP2E1	9606	0.976	0	0	0	0.069	0.045	0.9	0.77
9606.ENSP00000311469	9606.ENSP00000378488	GSTM1	CYP1A1	9606	0.991	0	0	0	0.067	0.045	0.9	0.918
9606.ENSP00000313950	9606.ENSP00000418915	AURKB	CDKN2A	9606	0.733	0	0	0	0.07	0.33	0	0.606
9606.ENSP00000313950	9606.ENSP00000315644	AURKB	TYMS	9606	0.738	0	0	0	0.623	0	0	0.333
9606.ENSP00000313950	9606.ENSP00000478887	AURKB	MYC	9606	0.761	0	0	0	0.112	0.128	0	0.716
9606.ENSP00000315602	9606.ENSP00000371067	CHRNA3	JAK2	9606	0.902	0	0	0	0	0.043	0.9	0.061
9606.ENSP00000315644	9606.ENSP00000379038	TYMS	TYMP	9606	0.927	0.224	0	0	0.042	0	0	0.91
9606.ENSP00000315644	9606.ENSP00000359211	TYMS	DPYD	9606	0.979	0	0	0	0.083	0	0	0.978
9606.ENSP00000315644	9606.ENSP00000365770	TYMS	MTHFR	9606	0.991	0.061	0	0	0	0	0.9	0.916
9606.ENSP00000316244	9606.ENSP00000414303	HTR1A	BDNF	9606	0.816	0	0	0	0.095	0	0	0.805
9606.ENSP00000317272	9606.ENSP00000414303	MET	BDNF	9606	0.742	0	0	0	0.072	0.044	0.65	0.27
9606.ENSP00000317272	9606.ENSP00000370989	MET	CD274	9606	0.743	0	0	0	0.055	0	0	0.74
9606.ENSP00000317272	9606.ENSP00000484824	MET	MUC1	9606	0.762	0	0	0	0.067	0.331	0	0.649
9606.ENSP00000317272	9606.ENSP00000361850	MET	PLAU	9606	0.765	0	0	0	0.086	0.181	0	0.712
9606.ENSP00000317272	9606.ENSP00000400175	MET	RHOA	9606	0.793	0	0	0	0.074	0.274	0.5	0.457
9606.ENSP00000317272	9606.ENSP00000386884	MET	CXCR4	9606	0.797	0	0	0	0	0	0	0.797
9606.ENSP00000317272	9606.ENSP00000379097	MET	AREG	9606	0.804	0	0	0	0.118	0	0.65	0.418
9606.ENSP00000317272	9606.ENSP00000404131	MET	TGFA	9606	0.85	0	0	0	0.08	0	0.65	0.573
9606.ENSP00000317272	9606.ENSP00000385675	MET	IL6	9606	0.856	0	0	0	0.067	0	0	0.852
9606.ENSP00000317272	9606.ENSP00000499900	MET	JAK1	9606	0.917	0	0	0	0.049	0.071	0.9	0.174
9606.ENSP00000317272	9606.ENSP00000371067	MET	JAK2	9606	0.92	0	0	0	0.049	0.071	0.9	0.209
9606.ENSP00000317272	9606.ENSP00000431775	MET	IL32	9606	0.921	0	0	0	0.049	0	0	0.921
9606.ENSP00000317272	9606.ENSP00000489597	MET	PTPN11	9606	0.927	0	0	0	0.049	0.407	0.4	0.81
9606.ENSP00000317272	9606.ENSP00000407586	MET	HRAS	9606	0.961	0	0	0	0.074	0.368	0.9	0.414
9606.ENSP00000317272	9606.ENSP00000398632	MET	CD44	9606	0.995	0	0	0	0.076	0.487	0	0.991
9606.ENSP00000317376	9606.ENSP00000446252	MRPS11	SOD2	9606	0.824	0	0	0	0.188	0.76	0	0.17
9606.ENSP00000317376	9606.ENSP00000378974	MRPS11	MAPK8	9606	0.833	0	0	0	0.102	0.767	0	0.267
9606.ENSP00000317376	9606.ENSP00000447001	MRPS11	RPL18	9606	0.965	0.115	0	0	0.808	0.783	0	0.166
9606.ENSP00000317376	9606.ENSP00000345957	MRPS11	RPS21	9606	0.975	0	0	0	0.701	0.786	0.54	0.25
9606.ENSP00000317376	9606.ENSP00000470972	MRPS11	RPS19	9606	0.975	0	0	0	0.693	0.781	0.54	0.303
9606.ENSP00000317376	9606.ENSP00000369757	MRPS11	RPS6	9606	0.978	0	0	0	0.767	0.782	0.54	0.197
9606.ENSP00000317376	9606.ENSP00000348849	MRPS11	RPS26	9606	0.979	0	0	0	0.693	0.823	0.54	0.272
9606.ENSP00000317376	9606.ENSP00000466010	MRPS11	RPS15	9606	0.986	0.115	0	0	0.812	0.784	0.54	0.313
9606.ENSP00000318822	9606.ENSP00000400175	BID	RHOA	9606	0.782	0	0	0	0.102	0.745	0	0.124
9606.ENSP00000318822	9606.ENSP00000345344	BID	CTSL	9606	0.913	0	0	0	0.096	0	0.9	0.118
9606.ENSP00000318822	9606.ENSP00000378974	BID	MAPK8	9606	0.954	0	0	0	0.044	0.448	0.9	0.245
9606.ENSP00000318822	9606.ENSP00000351273	BID	CASP8	9606	0.992	0	0	0	0.111	0.618	0.9	0.817
9606.ENSP00000318822	9606.ENSP00000365230	BID	BCL2L1	9606	0.999	0	0	0	0.055	0.99	0.9	0.616
9606.ENSP00000320147	9606.ENSP00000384849	EZH2	CDKN1A	9606	0.739	0	0	0	0.044	0	0	0.738
9606.ENSP00000320147	9606.ENSP00000371067	EZH2	JAK2	9606	0.768	0	0	0	0.043	0.318	0	0.673
9606.ENSP00000320147	9606.ENSP00000418915	EZH2	CDKN2A	9606	0.813	0	0	0	0.055	0.106	0	0.796
9606.ENSP00000320147	9606.ENSP00000360266	EZH2	JUN	9606	0.852	0	0	0	0	0	0.5	0.717
9606.ENSP00000320147	9606.ENSP00000442788	EZH2	TET2	9606	0.875	0	0	0	0.052	0	0	0.874
9606.ENSP00000320147	9606.ENSP00000320485	EZH2	ARID1A	9606	0.877	0	0	0	0.057	0.516	0	0.752
9606.ENSP00000320147	9606.ENSP00000384273	EZH2	RELA	9606	0.915	0	0	0	0.054	0.314	0	0.879
9606.ENSP00000320147	9606.ENSP00000418960	EZH2	BRCA1	9606	0.926	0	0	0	0.227	0.516	0	0.818
9606.ENSP00000320147	9606.ENSP00000417132	EZH2	BAP1	9606	0.937	0	0	0	0.087	0	0.9	0.369
9606.ENSP00000320147	9606.ENSP00000367203	EZH2	KDM6A	9606	0.965	0	0	0	0.075	0.271	0.5	0.91
9606.ENSP00000320147	9606.ENSP00000478887	EZH2	MYC	9606	0.984	0	0	0	0.097	0.742	0	0.94
9606.ENSP00000320147	9606.ENSP00000440542	EZH2	CHD4	9606	0.993	0	0	0	0.062	0.797	0.5	0.937
9606.ENSP00000320147	9606.ENSP00000352516	EZH2	DNMT1	9606	0.999	0	0	0	0.253	0.826	0.5	0.997
9606.ENSP00000320147	9606.ENSP00000328547	EZH2	DNMT3B	9606	0.999	0	0	0	0.169	0.79	0.5	0.997
9606.ENSP00000320147	9606.ENSP00000430432	EZH2	HDAC2	9606	0.999	0.042	0	0	0.102	0.812	0.9	0.985
9606.ENSP00000320485	9606.ENSP00000418915	ARID1A	CDKN2A	9606	0.72	0	0	0	0	0	0	0.72
9606.ENSP00000320485	9606.ENSP00000440542	ARID1A	CHD4	9606	0.726	0	0	0	0.335	0.314	0	0.447
9606.ENSP00000320485	9606.ENSP00000418960	ARID1A	BRCA1	9606	0.801	0	0	0	0.049	0.439	0	0.657
9606.ENSP00000320485	9606.ENSP00000324804	ARID1A	PPP2R1A	9606	0.914	0	0	0	0.074	0	0	0.911
9606.ENSP00000321326	9606.ENSP00000366307	F2R	THBD	9606	0.966	0	0	0	0.043	0.091	0	0.965
9606.ENSP00000324804	9606.ENSP00000496129	PPP2R1A	PRKCB	9606	0.906	0	0	0	0.044	0	0.9	0.101
9606.ENSP00000324804	9606.ENSP00000384273	PPP2R1A	RELA	9606	0.933	0	0	0	0.115	0.295	0.9	0.055
9606.ENSP00000324804	9606.ENSP00000377036	PPP2R1A	PTPA	9606	0.998	0	0	0	0.129	0.941	0.72	0.899
9606.ENSP00000328547	9606.ENSP00000418915	DNMT3B	CDKN2A	9606	0.727	0	0	0	0.049	0.093	0	0.709
9606.ENSP00000328547	9606.ENSP00000478887	DNMT3B	MYC	9606	0.842	0	0	0	0.103	0.292	0	0.772
9606.ENSP00000328547	9606.ENSP00000442788	DNMT3B	TET2	9606	0.852	0	0	0	0	0	0	0.852
9606.ENSP00000328547	9606.ENSP00000430432	DNMT3B	HDAC2	9606	0.994	0	0	0	0.089	0.518	0.8	0.946
9606.ENSP00000328547	9606.ENSP00000352516	DNMT3B	DNMT1	9606	0.999	0	0	0	0.095	0.837	0.9	0.999
9606.ENSP00000332256	9606.ENSP00000378488	ALDH1A3	CYP1A1	9606	0.958	0	0	0	0.085	0.045	0.91	0.532
9606.ENSP00000332296	9606.ENSP00000363817	RARB	RXRB	9606	0.992	0	0	0	0.067	0.716	0.9	0.754
9606.ENSP00000332353	9606.ENSP00000379258	PTCH1	GLI3	9606	0.989	0	0	0	0.071	0.15	0.75	0.954
9606.ENSP00000336829	9606.ENSP00000416066	FGG	SERPINA1	9606	0.886	0	0	0	0.474	0.071	0.4	0.659
9606.ENSP00000339063	9606.ENSP00000437125	EEF1A1	HSPA8	9606	0.941	0	0.025	0	0.441	0.693	0	0.683
9606.ENSP00000339063	9606.ENSP00000345957	EEF1A1	RPS21	9606	0.946	0	0	0	0.363	0.8	0.5	0.249
9606.ENSP00000339063	9606.ENSP00000348849	EEF1A1	RPS26	9606	0.965	0	0	0	0.619	0.8	0.5	0.208
9606.ENSP00000339063	9606.ENSP00000466010	EEF1A1	RPS15	9606	0.98	0	0	0	0.609	0.811	0.5	0.522
9606.ENSP00000339063	9606.ENSP00000470972	EEF1A1	RPS19	9606	0.981	0	0	0	0.583	0.843	0.5	0.496
9606.ENSP00000339063	9606.ENSP00000447001	EEF1A1	RPL18	9606	0.989	0	0	0	0.777	0.834	0.5	0.478
9606.ENSP00000339063	9606.ENSP00000369757	EEF1A1	RPS6	9606	0.995	0	0	0	0.835	0.903	0.5	0.526
9606.ENSP00000339191	9606.ENSP00000385675	CAV1	IL6	9606	0.714	0	0	0	0.084	0	0	0.701
9606.ENSP00000339191	9606.ENSP00000386884	CAV1	CXCR4	9606	0.715	0	0	0	0	0.289	0	0.616
9606.ENSP00000339191	9606.ENSP00000489597	CAV1	PTPN11	9606	0.739	0	0	0	0.044	0.655	0	0.273
9606.ENSP00000339191	9606.ENSP00000371067	CAV1	JAK2	9606	0.781	0	0	0	0.051	0.095	0	0.766
9606.ENSP00000339191	9606.ENSP00000356438	CAV1	PTGS2	9606	0.826	0	0	0	0.061	0.625	0	0.547
9606.ENSP00000339191	9606.ENSP00000400175	CAV1	RHOA	9606	0.898	0	0	0	0.056	0.377	0.4	0.745
9606.ENSP00000339191	9606.ENSP00000363089	CAV1	TLR4	9606	0.962	0	0	0	0.051	0.292	0	0.949
9606.ENSP00000339191	9606.ENSP00000407586	CAV1	HRAS	9606	0.974	0	0	0	0.048	0.294	0	0.965
9606.ENSP00000339191	9606.ENSP00000399376	CAV1	PRNP	9606	0.99	0	0	0	0.072	0	0.9	0.902
9606.ENSP00000339191	9606.ENSP00000346671	CAV1	FYN	9606	0.997	0	0	0	0.051	0.511	0.9	0.944
9606.ENSP00000340019	9606.ENSP00000419425	HSPD1	PPIA	9606	0.709	0	0	0	0.185	0	0	0.657
9606.ENSP00000340019	9606.ENSP00000479488	HSPD1	PHB	9606	0.791	0.044	0	0	0.324	0.365	0	0.551
9606.ENSP00000340019	9606.ENSP00000399376	HSPD1	PRNP	9606	0.814	0	0	0	0.059	0.317	0	0.734
9606.ENSP00000340019	9606.ENSP00000437125	HSPD1	HSPA8	9606	0.933	0.043	0	0	0.551	0.66	0	0.595
9606.ENSP00000340019	9606.ENSP00000363089	HSPD1	TLR4	9606	0.999	0	0	0	0	0.315	0.9	0.994
9606.ENSP00000341551	9606.ENSP00000385675	SMAD4	IL6	9606	0.704	0	0	0	0.054	0	0	0.7
9606.ENSP00000341551	9606.ENSP00000407586	SMAD4	HRAS	9606	0.714	0	0	0	0.057	0.133	0	0.678
9606.ENSP00000341551	9606.ENSP00000382800	SMAD4	RUNX3	9606	0.74	0	0	0	0.055	0.091	0.5	0.466
9606.ENSP00000341551	9606.ENSP00000379204	SMAD4	BMP7	9606	0.777	0	0	0	0	0.095	0	0.763
9606.ENSP00000341551	9606.ENSP00000418915	SMAD4	CDKN2A	9606	0.851	0	0	0	0.042	0.046	0	0.85
9606.ENSP00000341551	9606.ENSP00000478887	SMAD4	MYC	9606	0.931	0	0	0	0.044	0	0.5	0.868
9606.ENSP00000341551	9606.ENSP00000384849	SMAD4	CDKN1A	9606	0.94	0	0	0	0.103	0.6	0.5	0.707
9606.ENSP00000341551	9606.ENSP00000368104	SMAD4	BMP2	9606	0.954	0	0	0	0	0.313	0.5	0.877
9606.ENSP00000341551	9606.ENSP00000442656	SMAD4	ACVR1B	9606	0.957	0	0	0	0.062	0.091	0.5	0.911
9606.ENSP00000341551	9606.ENSP00000378974	SMAD4	MAPK8	9606	0.98	0	0	0	0.103	0	0.9	0.799
9606.ENSP00000341551	9606.ENSP00000360266	SMAD4	JUN	9606	0.989	0	0	0	0	0.166	0	0.987
9606.ENSP00000345344	9606.ENSP00000365230	CTSL	BCL2L1	9606	0.919	0	0	0	0	0	0.9	0.23
9606.ENSP00000345344	9606.ENSP00000420384	CTSL	CST7	9606	0.941	0	0	0	0.108	0.307	0	0.913
9606.ENSP00000345957	9606.ENSP00000360034	RPS21	SERBP1	9606	0.989	0	0	0	0.428	0.979	0	0.188
9606.ENSP00000345957	9606.ENSP00000348849	RPS21	RPS26	9606	0.999	0	0	0	0.99	0.992	0.9	0.565
9606.ENSP00000345957	9606.ENSP00000466010	RPS21	RPS15	9606	0.999	0	0	0	0.99	0.991	0.9	0.577
9606.ENSP00000345957	9606.ENSP00000369757	RPS21	RPS6	9606	0.999	0	0	0	0.976	0.992	0.9	0.557
9606.ENSP00000345957	9606.ENSP00000447001	RPS21	RPL18	9606	0.999	0	0	0	0.978	0.992	0.9	0.483
9606.ENSP00000345957	9606.ENSP00000470972	RPS21	RPS19	9606	0.999	0	0	0	0.991	0.993	0.9	0.553
9606.ENSP00000346148	9606.ENSP00000441369	PRKAA1	PRKAB1	9606	0.999	0	0	0	0.095	0.985	0.9	0.98
9606.ENSP00000346671	9606.ENSP00000371067	FYN	JAK2	9606	0.777	0	0	0	0.076	0.292	0.4	0.5
9606.ENSP00000346671	9606.ENSP00000414303	FYN	BDNF	9606	0.828	0	0	0	0	0.073	0.5	0.658
9606.ENSP00000346671	9606.ENSP00000398632	FYN	CD44	9606	0.84	0	0	0	0.117	0.295	0	0.763
9606.ENSP00000346671	9606.ENSP00000407586	FYN	HRAS	9606	0.855	0	0	0	0.074	0.303	0.5	0.605
9606.ENSP00000346671	9606.ENSP00000400175	FYN	RHOA	9606	0.966	0	0	0	0.077	0.225	0.9	0.586
9606.ENSP00000346671	9606.ENSP00000489597	FYN	PTPN11	9606	0.988	0	0	0	0.086	0.538	0.8	0.878
9606.ENSP00000346671	9606.ENSP00000399376	FYN	PRNP	9606	0.99	0	0	0	0.072	0.098	0.9	0.894
9606.ENSP00000348089	9606.ENSP00000418960	ERCC6	BRCA1	9606	0.727	0	0	0	0.049	0.51	0	0.461
9606.ENSP00000348089	9606.ENSP00000375809	ERCC6	ERCC2	9606	0.973	0	0	0	0.049	0.314	0.5	0.929
9606.ENSP00000348089	9606.ENSP00000498881	ERCC6	ERCC5	9606	0.999	0	0	0	0.097	0.994	0.8	0.966
9606.ENSP00000348849	9606.ENSP00000360034	RPS26	SERBP1	9606	0.99	0	0	0	0.326	0.983	0	0.168
9606.ENSP00000348849	9606.ENSP00000466010	RPS26	RPS15	9606	0.999	0	0	0	0.981	0.992	0.9	0.717
9606.ENSP00000348849	9606.ENSP00000369757	RPS26	RPS6	9606	0.999	0	0	0	0.99	0.995	0.9	0.594
9606.ENSP00000348849	9606.ENSP00000447001	RPS26	RPL18	9606	0.999	0	0	0	0.99	0.995	0.9	0.675
9606.ENSP00000348849	9606.ENSP00000470972	RPS26	RPS19	9606	0.999	0	0	0	0.988	0.995	0.9	0.925
9606.ENSP00000350937	9606.ENSP00000355809	TES	ENAH	9606	0.967	0	0	0	0.055	0.96	0	0.187
9606.ENSP00000351273	9606.ENSP00000356438	CASP8	PTGS2	9606	0.7	0	0	0	0.098	0	0	0.681
9606.ENSP00000351273	9606.ENSP00000384273	CASP8	RELA	9606	0.704	0	0	0	0.089	0.061	0	0.681
9606.ENSP00000351273	9606.ENSP00000385675	CASP8	IL6	9606	0.739	0	0	0	0.087	0	0	0.726
9606.ENSP00000351273	9606.ENSP00000360266	CASP8	JUN	9606	0.782	0	0	0	0	0	0	0.782
9606.ENSP00000351273	9606.ENSP00000478887	CASP8	MYC	9606	0.79	0	0	0	0.067	0.124	0	0.763
9606.ENSP00000351273	9606.ENSP00000363089	CASP8	TLR4	9606	0.885	0	0	0	0.14	0.062	0.5	0.749
9606.ENSP00000351273	9606.ENSP00000378974	CASP8	MAPK8	9606	0.89	0	0	0	0.042	0.448	0	0.809
9606.ENSP00000351273	9606.ENSP00000365230	CASP8	BCL2L1	9606	0.933	0	0	0	0.042	0.51	0	0.869
9606.ENSP00000351273	9606.ENSP00000477613	CASP8	BIRC2	9606	0.971	0	0	0	0.085	0.784	0	0.865
9606.ENSP00000351273	9606.ENSP00000398698	CASP8	TNF	9606	0.999	0	0	0	0.101	0.994	0	0.928
9606.ENSP00000352516	9606.ENSP00000418915	DNMT1	CDKN2A	9606	0.703	0	0	0	0.057	0	0	0.698
9606.ENSP00000352516	9606.ENSP00000492024	DNMT1	PAX6	9606	0.77	0	0	0	0	0.292	0	0.689
9606.ENSP00000352516	9606.ENSP00000418960	DNMT1	BRCA1	9606	0.799	0	0	0	0.167	0.164	0	0.735
9606.ENSP00000352516	9606.ENSP00000367203	DNMT1	KDM6A	9606	0.829	0	0	0	0	0.045	0	0.828
9606.ENSP00000352516	9606.ENSP00000440542	DNMT1	CHD4	9606	0.831	0	0	0	0.107	0.525	0	0.634
9606.ENSP00000352516	9606.ENSP00000478887	DNMT1	MYC	9606	0.837	0	0	0	0.072	0.394	0	0.735
9606.ENSP00000352516	9606.ENSP00000442788	DNMT1	TET2	9606	0.874	0	0	0	0	0	0	0.874
9606.ENSP00000352516	9606.ENSP00000430432	DNMT1	HDAC2	9606	0.999	0	0	0	0.057	0.742	0.8	0.996
9606.ENSP00000353030	9606.ENSP00000365016	PTPRF	IRS2	9606	0.915	0	0	0	0.044	0.106	0.9	0.125
9606.ENSP00000353030	9606.ENSP00000489597	PTPRF	PTPN11	9606	0.922	0	0	0	0.109	0.097	0.9	0.144
9606.ENSP00000354207	9606.ENSP00000498577	NTRK3	TPM3	9606	0.725	0	0	0	0	0	0	0.725
9606.ENSP00000354207	9606.ENSP00000407586	NTRK3	HRAS	9606	0.783	0	0	0	0.074	0.251	0.5	0.448
9606.ENSP00000354207	9606.ENSP00000414303	NTRK3	BDNF	9606	0.999	0	0	0	0.065	0.065	0	0.999
9606.ENSP00000354822	9606.ENSP00000381601	XAF1	MX1	9606	0.925	0	0	0	0.779	0.041	0	0.675
9606.ENSP00000356162	9606.ENSP00000359211	KISS1	DPYD	9606	0.855	0.102	0	0	0.66	0	0.449	0.24
9606.ENSP00000356438	9606.ENSP00000478887	PTGS2	MYC	9606	0.715	0	0	0	0.091	0	0	0.699
9606.ENSP00000356438	9606.ENSP00000384273	PTGS2	RELA	9606	0.737	0	0	0	0.061	0	0	0.731
9606.ENSP00000356438	9606.ENSP00000363089	PTGS2	TLR4	9606	0.787	0	0	0	0.179	0	0	0.751
9606.ENSP00000356438	9606.ENSP00000412237	PTGS2	IL10	9606	0.789	0	0	0	0.056	0	0	0.786
9606.ENSP00000356438	9606.ENSP00000360266	PTGS2	JUN	9606	0.866	0	0	0	0.166	0	0	0.846
9606.ENSP00000356438	9606.ENSP00000398698	PTGS2	TNF	9606	0.916	0	0	0	0.185	0	0	0.901
9606.ENSP00000356438	9606.ENSP00000440689	PTGS2	CYP2E1	9606	0.943	0	0	0	0.056	0	0.9	0.451
9606.ENSP00000356438	9606.ENSP00000385675	PTGS2	IL6	9606	0.96	0	0	0	0.484	0	0	0.926
9606.ENSP00000356438	9606.ENSP00000363512	PTGS2	ALOX5	9606	0.973	0	0	0	0.072	0	0.9	0.741
9606.ENSP00000356621	9606.ENSP00000407586	RASAL2	HRAS	9606	0.779	0	0	0	0	0.214	0.65	0.26
9606.ENSP00000357470	9606.ENSP00000363089	IL6R	TLR4	9606	0.712	0	0	0	0.159	0	0	0.671
9606.ENSP00000357470	9606.ENSP00000489597	IL6R	PTPN11	9606	0.805	0	0	0	0.1	0	0.5	0.602
9606.ENSP00000357470	9606.ENSP00000412237	IL6R	IL10	9606	0.923	0	0	0	0.06	0	0.65	0.787
9606.ENSP00000357470	9606.ENSP00000371067	IL6R	JAK2	9606	0.963	0	0	0	0.123	0	0.9	0.614
9606.ENSP00000357470	9606.ENSP00000398698	IL6R	TNF	9606	0.982	0	0	0	0.117	0.203	0	0.976
9606.ENSP00000357470	9606.ENSP00000499900	IL6R	JAK1	9606	0.986	0	0	0	0.13	0.292	0.9	0.8
9606.ENSP00000357470	9606.ENSP00000385675	IL6R	IL6	9606	0.999	0	0	0	0.082	0.988	0.9	0.999
9606.ENSP00000357535	9606.ENSP00000369134	ECHS1	PDHA1	9606	0.7	0	0	0	0.463	0.125	0	0.412
9606.ENSP00000357535	9606.ENSP00000377446	ECHS1	SUCLG1	9606	0.719	0	0	0	0.423	0.162	0	0.465
9606.ENSP00000357625	9606.ENSP00000365230	BNIP3	BCL2L1	9606	0.998	0	0	0	0	0.294	0.9	0.982
9606.ENSP00000358301	9606.ENSP00000498577	ADRB1	TPM3	9606	0.708	0	0	0	0.06	0	0	0.703
9606.ENSP00000359211	9606.ENSP00000497587	DPYD	NDUFV1	9606	0.732	0	0.709	0	0	0	0	0.115
9606.ENSP00000359211	9606.ENSP00000365770	DPYD	MTHFR	9606	0.736	0.11	0	0	0.105	0	0	0.695
9606.ENSP00000359211	9606.ENSP00000379038	DPYD	TYMP	9606	0.996	0.06	0	0	0.078	0	0.978	0.839
9606.ENSP00000359991	9606.ENSP00000497767	PGAM1	ALDOB	9606	0.902	0.053	0	0	0.105	0.053	0.8	0.486
9606.ENSP00000359991	9606.ENSP00000495530	PGAM1	ENO1	9606	0.996	0.057	0	0	0.619	0.226	0.925	0.852
9606.ENSP00000360025	9606.ENSP00000418960	GADD45A	BRCA1	9606	0.71	0	0	0	0	0	0	0.71
9606.ENSP00000360025	9606.ENSP00000384849	GADD45A	CDKN1A	9606	0.974	0	0	0	0.163	0.625	0	0.926
9606.ENSP00000360034	9606.ENSP00000447001	SERBP1	RPL18	9606	0.98	0	0	0	0.295	0.972	0	0.068
9606.ENSP00000360034	9606.ENSP00000369757	SERBP1	RPS6	9606	0.991	0	0	0	0.46	0.981	0	0.194
9606.ENSP00000360034	9606.ENSP00000470972	SERBP1	RPS19	9606	0.993	0	0	0	0.512	0.986	0	0
9606.ENSP00000360034	9606.ENSP00000466010	SERBP1	RPS15	9606	0.994	0	0	0	0.611	0.986	0	0
9606.ENSP00000360266	9606.ENSP00000365230	JUN	BCL2L1	9606	0.706	0	0	0	0	0	0	0.706
9606.ENSP00000360266	9606.ENSP00000484824	JUN	MUC1	9606	0.714	0	0	0	0.052	0.292	0	0.608
9606.ENSP00000360266	9606.ENSP00000379138	JUN	AFP	9606	0.734	0	0	0	0	0	0	0.734
9606.ENSP00000360266	9606.ENSP00000363089	JUN	TLR4	9606	0.741	0	0	0	0	0	0	0.741
9606.ENSP00000360266	9606.ENSP00000407586	JUN	HRAS	9606	0.778	0	0	0	0.067	0.181	0	0.733
9606.ENSP00000360266	9606.ENSP00000418915	JUN	CDKN2A	9606	0.779	0	0	0	0.051	0	0	0.776
9606.ENSP00000360266	9606.ENSP00000418960	JUN	BRCA1	9606	0.794	0	0	0	0	0.589	0	0.52
9606.ENSP00000360266	9606.ENSP00000400175	JUN	RHOA	9606	0.808	0	0	0	0.069	0.073	0	0.795
9606.ENSP00000360266	9606.ENSP00000419923	JUN	KLF6	9606	0.822	0	0	0	0.42	0.091	0	0.69
9606.ENSP00000360266	9606.ENSP00000384849	JUN	CDKN1A	9606	0.831	0	0	0	0.122	0.51	0	0.639
9606.ENSP00000360266	9606.ENSP00000430432	JUN	HDAC2	9606	0.846	0	0	0	0	0.177	0.5	0.657
9606.ENSP00000360266	9606.ENSP00000382423	JUN	MAP3K1	9606	0.872	0	0	0	0.042	0.516	0	0.746
9606.ENSP00000360266	9606.ENSP00000457230	JUN	WWOX	9606	0.877	0	0	0	0	0	0	0.877
9606.ENSP00000360266	9606.ENSP00000381607	JUN	GSTP1	9606	0.927	0	0	0	0.045	0.131	0	0.92
9606.ENSP00000360266	9606.ENSP00000478887	JUN	MYC	9606	0.97	0	0	0	0.079	0.626	0	0.922
9606.ENSP00000360266	9606.ENSP00000384273	JUN	RELA	9606	0.986	0	0	0	0.087	0.271	0	0.98
9606.ENSP00000360266	9606.ENSP00000398698	JUN	TNF	9606	0.989	0	0	0	0.151	0	0.9	0.881
9606.ENSP00000360266	9606.ENSP00000385675	JUN	IL6	9606	0.989	0	0	0	0.14	0	0.9	0.882
9606.ENSP00000360266	9606.ENSP00000378974	JUN	MAPK8	9606	0.999	0	0	0	0.049	0.997	0.9	0.978
9606.ENSP00000360431	9606.ENSP00000496129	PLCE1	PRKCB	9606	0.909	0	0	0	0.069	0	0.9	0.107
9606.ENSP00000360431	9606.ENSP00000400175	PLCE1	RHOA	9606	0.944	0	0	0	0	0.13	0.9	0.41
9606.ENSP00000360431	9606.ENSP00000407586	PLCE1	HRAS	9606	0.973	0	0	0	0	0.487	0.9	0.516
9606.ENSP00000361850	9606.ENSP00000478887	PLAU	MYC	9606	0.708	0	0	0	0.133	0.165	0	0.629
9606.ENSP00000361850	9606.ENSP00000398698	PLAU	TNF	9606	0.751	0	0	0	0.118	0.066	0	0.723
9606.ENSP00000361850	9606.ENSP00000385675	PLAU	IL6	9606	0.763	0	0	0	0.14	0	0	0.736
9606.ENSP00000361850	9606.ENSP00000366307	PLAU	THBD	9606	0.802	0	0	0	0.182	0.094	0.54	0.488
9606.ENSP00000361850	9606.ENSP00000401645	PLAU	SERPINB2	9606	0.986	0	0	0	0.109	0.362	0.5	0.959
9606.ENSP00000363089	9606.ENSP00000366307	TLR4	THBD	9606	0.739	0	0	0	0.19	0.125	0	0.661
9606.ENSP00000363089	9606.ENSP00000371067	TLR4	JAK2	9606	0.793	0	0	0	0.18	0.1	0	0.741
9606.ENSP00000363089	9606.ENSP00000477613	TLR4	BIRC2	9606	0.804	0	0	0	0.076	0.514	0.4	0.358
9606.ENSP00000363089	9606.ENSP00000386884	TLR4	CXCR4	9606	0.824	0	0	0	0.128	0	0	0.807
9606.ENSP00000363089	9606.ENSP00000412237	TLR4	IL10	9606	0.943	0	0	0	0.068	0.079	0	0.939
9606.ENSP00000363089	9606.ENSP00000384273	TLR4	RELA	9606	0.966	0	0	0	0.068	0.125	0.9	0.639
9606.ENSP00000363089	9606.ENSP00000398698	TLR4	TNF	9606	0.969	0	0	0	0.125	0	0	0.966
9606.ENSP00000363089	9606.ENSP00000385675	TLR4	IL6	9606	0.973	0	0	0	0.104	0	0	0.971
9606.ENSP00000363089	9606.ENSP00000398632	TLR4	CD44	9606	0.983	0	0	0	0.128	0	0	0.982
9606.ENSP00000363384	9606.ENSP00000363746	ZNF593	WDR46	9606	0.785	0	0	0	0.711	0	0	0.287
9606.ENSP00000363384	9606.ENSP00000447001	ZNF593	RPL18	9606	0.885	0	0	0	0.082	0.879	0	0
9606.ENSP00000363512	9606.ENSP00000440689	ALOX5	CYP2E1	9606	0.92	0	0	0	0.062	0.065	0.9	0.205
9606.ENSP00000363512	9606.ENSP00000373477	ALOX5	GPX3	9606	0.94	0	0	0	0.068	0.093	0.9	0.378
9606.ENSP00000363746	9606.ENSP00000455106	WDR46	BOP1	9606	0.969	0	0	0	0.918	0.208	0.5	0.156
9606.ENSP00000363746	9606.ENSP00000470972	WDR46	RPS19	9606	0.976	0	0	0	0.061	0.975	0	0
9606.ENSP00000363746	9606.ENSP00000369757	WDR46	RPS6	9606	0.994	0	0	0	0.055	0.973	0.8	0
9606.ENSP00000363746	9606.ENSP00000370589	WDR46	NOP56	9606	0.999	0	0	0	0.753	0.991	0.54	0.415
9606.ENSP00000364929	9606.ENSP00000430432	ING1	HDAC2	9606	0.985	0	0	0	0.053	0.859	0.54	0.791
9606.ENSP00000365016	9606.ENSP00000499900	IRS2	JAK1	9606	0.835	0	0	0	0.082	0.334	0.4	0.604
9606.ENSP00000365016	9606.ENSP00000489597	IRS2	PTPN11	9606	0.887	0	0	0	0	0.392	0	0.823
9606.ENSP00000365016	9606.ENSP00000378974	IRS2	MAPK8	9606	0.936	0	0	0	0.06	0.046	0.9	0.372
9606.ENSP00000365016	9606.ENSP00000371067	IRS2	JAK2	9606	0.979	0	0	0	0	0.098	0.9	0.788
9606.ENSP00000365230	9606.ENSP00000384849	BCL2L1	CDKN1A	9606	0.704	0	0	0	0.134	0	0	0.673
9606.ENSP00000365230	9606.ENSP00000489597	BCL2L1	PTPN11	9606	0.725	0	0	0	0.085	0	0.5	0.448
9606.ENSP00000365230	9606.ENSP00000477613	BCL2L1	BIRC2	9606	0.759	0	0	0	0.132	0.051	0	0.731
9606.ENSP00000365230	9606.ENSP00000371067	BCL2L1	JAK2	9606	0.763	0	0	0	0.049	0	0	0.761
9606.ENSP00000365230	9606.ENSP00000384273	BCL2L1	RELA	9606	0.773	0	0	0	0.08	0.292	0	0.68
9606.ENSP00000365230	9606.ENSP00000385675	BCL2L1	IL6	9606	0.809	0	0	0	0.055	0	0	0.806
9606.ENSP00000365230	9606.ENSP00000418915	BCL2L1	CDKN2A	9606	0.814	0	0	0	0.049	0.294	0	0.745
9606.ENSP00000365230	9606.ENSP00000478887	BCL2L1	MYC	9606	0.863	0	0	0	0.065	0	0	0.859
9606.ENSP00000365230	9606.ENSP00000398698	BCL2L1	TNF	9606	0.878	0	0	0	0.052	0.093	0	0.87
9606.ENSP00000365230	9606.ENSP00000378974	BCL2L1	MAPK8	9606	0.986	0	0	0	0.057	0.678	0.9	0.593
9606.ENSP00000365770	9606.ENSP00000381607	MTHFR	GSTP1	9606	0.725	0	0	0	0	0	0	0.725
9606.ENSP00000367203	9606.ENSP00000436786	KDM6A	KMT2A	9606	0.869	0	0	0	0.1	0.479	0	0.744
9606.ENSP00000367705	9606.ENSP00000418960	BCOR	BRCA1	9606	0.904	0	0	0	0.049	0.065	0.9	0.055
9606.ENSP00000368104	9606.ENSP00000398698	BMP2	TNF	9606	0.731	0	0	0	0.058	0	0	0.726
9606.ENSP00000368104	9606.ENSP00000372170	BMP2	MSX1	9606	0.797	0	0	0	0.05	0	0	0.795
9606.ENSP00000368104	9606.ENSP00000442656	BMP2	ACVR1B	9606	0.807	0	0	0	0.053	0.457	0	0.656
9606.ENSP00000368104	9606.ENSP00000379204	BMP2	BMP7	9606	0.988	0	0	0	0.082	0.268	0.4	0.975
9606.ENSP00000368104	9606.ENSP00000498748	BMP2	GREM1	9606	0.995	0	0	0	0	0.069	0.65	0.987
9606.ENSP00000369134	9606.ENSP00000392709	PDHA1	NDUFS1	9606	0.752	0	0	0	0.168	0.207	0	0.654
9606.ENSP00000369134	9606.ENSP00000377446	PDHA1	SUCLG1	9606	0.83	0	0	0	0.551	0.091	0	0.618
9606.ENSP00000369134	9606.ENSP00000497587	PDHA1	NDUFV1	9606	0.878	0.048	0	0	0.262	0.329	0	0.772
9606.ENSP00000369757	9606.ENSP00000455106	RPS6	BOP1	9606	0.755	0	0	0	0.1	0.245	0.5	0.364
9606.ENSP00000369757	9606.ENSP00000370589	RPS6	NOP56	9606	0.995	0	0	0	0.236	0.986	0.5	0.238
9606.ENSP00000369757	9606.ENSP00000466010	RPS6	RPS15	9606	0.999	0	0	0	0.991	0.995	0.9	0.594
9606.ENSP00000369757	9606.ENSP00000447001	RPS6	RPL18	9606	0.999	0	0	0	0.99	0.995	0	0.574
9606.ENSP00000369757	9606.ENSP00000470972	RPS6	RPS19	9606	0.999	0	0	0	0.991	0.995	0.9	0.88
9606.ENSP00000369927	9606.ENSP00000440689	AKR1C3	CYP2E1	9606	0.91	0	0	0	0.055	0.045	0.9	0.129
9606.ENSP00000369927	9606.ENSP00000378488	AKR1C3	CYP1A1	9606	0.935	0	0	0	0.067	0.045	0.9	0.358
9606.ENSP00000370408	9606.ENSP00000406861	CDX2	MUC6	9606	0.772	0	0	0	0	0.053	0	0.77
9606.ENSP00000370473	9606.ENSP00000385675	IGFBP3	IL6	9606	0.733	0	0	0	0.081	0	0	0.722
9606.ENSP00000370473	9606.ENSP00000398632	IGFBP3	CD44	9606	0.739	0	0	0	0.073	0.48	0	0.502
9606.ENSP00000370589	9606.ENSP00000455106	NOP56	BOP1	9606	0.974	0	0	0	0.849	0.426	0.5	0.472
9606.ENSP00000370589	9606.ENSP00000470972	NOP56	RPS19	9606	0.987	0	0	0	0.224	0.976	0	0.371
9606.ENSP00000370989	9606.ENSP00000386884	CD274	CXCR4	9606	0.752	0	0	0	0	0	0	0.752
9606.ENSP00000370989	9606.ENSP00000385675	CD274	IL6	9606	0.799	0	0	0	0.157	0	0	0.772
9606.ENSP00000370989	9606.ENSP00000398698	CD274	TNF	9606	0.807	0	0	0	0.162	0	0	0.779
9606.ENSP00000370989	9606.ENSP00000412237	CD274	IL10	9606	0.877	0	0	0	0.049	0	0	0.876
9606.ENSP00000370989	9606.ENSP00000478699	CD274	TNFRSF9	9606	0.899	0	0	0	0.167	0	0	0.884
9606.ENSP00000370989	9606.ENSP00000489597	CD274	PTPN11	9606	0.95	0	0	0	0.099	0.292	0.5	0.863
9606.ENSP00000371067	9606.ENSP00000407586	JAK2	HRAS	9606	0.781	0	0	0	0.074	0.11	0.5	0.531
9606.ENSP00000371067	9606.ENSP00000398698	JAK2	TNF	9606	0.801	0	0	0	0.118	0.057	0	0.78
9606.ENSP00000371067	9606.ENSP00000412237	JAK2	IL10	9606	0.838	0	0	0	0.067	0.052	0	0.832
9606.ENSP00000371067	9606.ENSP00000386884	JAK2	CXCR4	9606	0.874	0	0	0	0.111	0.292	0.65	0.498
9606.ENSP00000371067	9606.ENSP00000442788	JAK2	TET2	9606	0.917	0	0	0	0.156	0	0	0.906
9606.ENSP00000371067	9606.ENSP00000410294	JAK2	FGFR2	9606	0.921	0	0	0	0	0.074	0.9	0.215
9606.ENSP00000371067	9606.ENSP00000385675	JAK2	IL6	9606	0.995	0	0	0	0.092	0	0.9	0.952
9606.ENSP00000371067	9606.ENSP00000489597	JAK2	PTPN11	9606	0.998	0	0	0	0.075	0.75	0.9	0.947
9606.ENSP00000371067	9606.ENSP00000499900	JAK2	JAK1	9606	0.999	0	0	0	0.113	0.51	0.9	0.982
9606.ENSP00000371897	9606.ENSP00000400175	ARHGAP5	RHOA	9606	0.992	0	0	0	0	0.708	0.9	0.757
9606.ENSP00000372023	9606.ENSP00000500891	CHEK2	MUTYH	9606	0.739	0	0	0	0.11	0	0	0.719
9606.ENSP00000372023	9606.ENSP00000418915	CHEK2	CDKN2A	9606	0.758	0	0	0	0.044	0	0	0.758
9606.ENSP00000372023	9606.ENSP00000384849	CHEK2	CDKN1A	9606	0.761	0	0	0	0.105	0.292	0	0.654
9606.ENSP00000372023	9606.ENSP00000451974	CHEK2	XRCC3	9606	0.809	0	0	0	0.134	0.222	0	0.739
9606.ENSP00000372023	9606.ENSP00000418960	CHEK2	BRCA1	9606	0.999	0	0	0	0.218	0.842	0.5	0.997
9606.ENSP00000372313	9606.ENSP00000484824	MSLN	MUC1	9606	0.829	0	0	0	0.121	0	0	0.814
9606.ENSP00000373477	9606.ENSP00000398698	GPX3	TNF	9606	0.727	0	0	0	0	0	0	0.727
9606.ENSP00000373477	9606.ENSP00000385675	GPX3	IL6	9606	0.733	0	0	0	0.044	0	0	0.732
9606.ENSP00000373477	9606.ENSP00000381607	GPX3	GSTP1	9606	0.84	0	0	0	0.078	0	0.65	0.545
9606.ENSP00000373477	9606.ENSP00000446252	GPX3	SOD2	9606	0.904	0	0	0	0.086	0.096	0.301	0.853
9606.ENSP00000375809	9606.ENSP00000467024	ERCC2	RAD23A	9606	0.761	0	0	0	0.055	0.054	0.5	0.529
9606.ENSP00000375809	9606.ENSP00000418960	ERCC2	BRCA1	9606	0.88	0	0	0	0.073	0	0.5	0.762
9606.ENSP00000375809	9606.ENSP00000451974	ERCC2	XRCC3	9606	0.897	0.057	0	0	0.217	0	0	0.872
9606.ENSP00000375809	9606.ENSP00000498881	ERCC2	ERCC5	9606	0.999	0	0	0	0.061	0.994	0.5	0.973
9606.ENSP00000377224	9606.ENSP00000418915	CDKN2D	CDKN2A	9606	0.81	0	0	0	0.084	0.329	0.5	0.457
9606.ENSP00000377224	9606.ENSP00000384849	CDKN2D	CDKN1A	9606	0.854	0	0	0	0.042	0.049	0.5	0.718
9606.ENSP00000377446	9606.ENSP00000392709	SUCLG1	NDUFS1	9606	0.752	0.057	0	0	0.464	0.096	0	0.52
9606.ENSP00000377446	9606.ENSP00000497587	SUCLG1	NDUFV1	9606	0.836	0.057	0	0	0.637	0	0	0.56
9606.ENSP00000377446	9606.ENSP00000446252	SUCLG1	SOD2	9606	0.844	0	0	0	0.71	0.182	0	0.396
9606.ENSP00000377446	9606.ENSP00000482773	SUCLG1	IDH3B	9606	0.931	0.069	0	0	0.495	0.138	0.54	0.689
9606.ENSP00000378488	9606.ENSP00000440689	CYP1A1	CYP2E1	9606	0.939	0	0	0.148	0.065	0	0.913	0.225
9606.ENSP00000378488	9606.ENSP00000381607	CYP1A1	GSTP1	9606	0.974	0	0	0	0.109	0.045	0.9	0.735
9606.ENSP00000378974	9606.ENSP00000446252	MAPK8	SOD2	9606	0.715	0	0	0	0.087	0.515	0	0.408
9606.ENSP00000378974	9606.ENSP00000384849	MAPK8	CDKN1A	9606	0.808	0	0	0	0	0.51	0	0.626
9606.ENSP00000378974	9606.ENSP00000418915	MAPK8	CDKN2A	9606	0.838	0	0	0	0.049	0.314	0	0.772
9606.ENSP00000378974	9606.ENSP00000457230	MAPK8	WWOX	9606	0.846	0	0	0	0.068	0.524	0	0.68
9606.ENSP00000378974	9606.ENSP00000398698	MAPK8	TNF	9606	0.89	0	0	0	0	0	0	0.89
9606.ENSP00000378974	9606.ENSP00000437125	MAPK8	HSPA8	9606	0.932	0	0	0	0.065	0.126	0.9	0.276
9606.ENSP00000378974	9606.ENSP00000385675	MAPK8	IL6	9606	0.938	0	0	0	0	0	0	0.938
9606.ENSP00000378974	9606.ENSP00000381607	MAPK8	GSTP1	9606	0.974	0	0	0	0.042	0.805	0	0.875
9606.ENSP00000378974	9606.ENSP00000384273	MAPK8	RELA	9606	0.975	0	0	0	0.054	0.045	0.9	0.758
9606.ENSP00000378974	9606.ENSP00000407586	MAPK8	HRAS	9606	0.985	0	0	0	0.103	0.522	0.9	0.694
9606.ENSP00000378974	9606.ENSP00000400175	MAPK8	RHOA	9606	0.988	0	0	0	0.092	0.769	0.9	0.53
9606.ENSP00000378974	9606.ENSP00000382423	MAPK8	MAP3K1	9606	0.993	0	0	0	0.049	0.836	0.9	0.628
9606.ENSP00000379097	9606.ENSP00000410294	AREG	FGFR2	9606	0.824	0	0	0	0.051	0	0.65	0.513
9606.ENSP00000379097	9606.ENSP00000404131	AREG	TGFA	9606	0.96	0	0	0	0.084	0	0.4	0.933
9606.ENSP00000379138	9606.ENSP00000419153	AFP	ZBTB20	9606	0.774	0	0	0	0	0	0	0.774
9606.ENSP00000379138	9606.ENSP00000416066	AFP	SERPINA1	9606	0.927	0	0	0	0.223	0.071	0	0.907
9606.ENSP00000379204	9606.ENSP00000442656	BMP7	ACVR1B	9606	0.711	0	0	0	0.044	0.167	0	0.667
9606.ENSP00000379204	9606.ENSP00000498748	BMP7	GREM1	9606	0.911	0	0	0	0	0.069	0.65	0.75
9606.ENSP00000381601	9606.ENSP00000499900	MX1	JAK1	9606	0.753	0	0	0	0.067	0.041	0.4	0.594
9606.ENSP00000381607	9606.ENSP00000440689	GSTP1	CYP2E1	9606	0.979	0	0	0	0.109	0.045	0.9	0.784
9606.ENSP00000382423	9606.ENSP00000418960	MAP3K1	BRCA1	9606	0.77	0	0	0	0	0	0	0.77
9606.ENSP00000382423	9606.ENSP00000477613	MAP3K1	BIRC2	9606	0.86	0	0	0	0.06	0.152	0	0.839
9606.ENSP00000382423	9606.ENSP00000400175	MAP3K1	RHOA	9606	0.861	0	0	0	0.128	0.759	0	0.391
9606.ENSP00000382423	9606.ENSP00000407586	MAP3K1	HRAS	9606	0.945	0	0	0	0.058	0.183	0.9	0.379
9606.ENSP00000382800	9606.ENSP00000418915	RUNX3	CDKN2A	9606	0.789	0	0	0	0.044	0	0.4	0.661
9606.ENSP00000382800	9606.ENSP00000478887	RUNX3	MYC	9606	0.837	0	0	0	0.056	0.061	0.5	0.677
9606.ENSP00000382800	9606.ENSP00000384849	RUNX3	CDKN1A	9606	0.846	0	0	0	0.05	0	0.75	0.405
9606.ENSP00000384273	9606.ENSP00000412237	RELA	IL10	9606	0.701	0	0	0	0	0	0	0.701
9606.ENSP00000384273	9606.ENSP00000442788	RELA	TET2	9606	0.702	0	0	0	0	0	0	0.702
9606.ENSP00000384273	9606.ENSP00000384849	RELA	CDKN1A	9606	0.745	0	0	0	0.142	0.512	0	0.439
9606.ENSP00000384273	9606.ENSP00000484824	RELA	MUC1	9606	0.787	0	0	0	0.089	0.098	0	0.762
9606.ENSP00000384273	9606.ENSP00000477613	RELA	BIRC2	9606	0.795	0	0	0	0.049	0.525	0	0.583
9606.ENSP00000384273	9606.ENSP00000418915	RELA	CDKN2A	9606	0.851	0	0	0	0.064	0.334	0	0.78
9606.ENSP00000384273	9606.ENSP00000478887	RELA	MYC	9606	0.852	0	0	0	0.118	0.621	0	0.594
9606.ENSP00000384273	9606.ENSP00000418960	RELA	BRCA1	9606	0.878	0	0	0	0	0.617	0	0.695
9606.ENSP00000384273	9606.ENSP00000430432	RELA	HDAC2	9606	0.986	0	0	0	0.055	0.874	0	0.895
9606.ENSP00000384273	9606.ENSP00000385675	RELA	IL6	9606	0.986	0	0	0	0.108	0.292	0.9	0.816
9606.ENSP00000384273	9606.ENSP00000398698	RELA	TNF	9606	0.997	0	0	0	0.118	0.516	0.9	0.944
9606.ENSP00000384849	9606.ENSP00000418960	CDKN1A	BRCA1	9606	0.809	0	0	0	0	0.292	0	0.742
9606.ENSP00000384849	9606.ENSP00000418915	CDKN1A	CDKN2A	9606	0.966	0	0	0	0.06	0.049	0.5	0.933
9606.ENSP00000384849	9606.ENSP00000478887	CDKN1A	MYC	9606	0.981	0	0	0	0.105	0.32	0.5	0.945
9606.ENSP00000384899	9606.ENSP00000430432	GATAD2A	HDAC2	9606	0.999	0	0	0	0.083	0.836	0.9	0.986
9606.ENSP00000384899	9606.ENSP00000440542	GATAD2A	CHD4	9606	0.999	0	0	0	0.338	0.891	0.9	0.986
9606.ENSP00000385675	9606.ENSP00000484824	IL6	MUC1	9606	0.73	0	0	0	0.044	0	0	0.73
9606.ENSP00000385675	9606.ENSP00000478887	IL6	MYC	9606	0.73	0	0	0	0.129	0	0	0.702
9606.ENSP00000385675	9606.ENSP00000489597	IL6	PTPN11	9606	0.79	0	0	0	0.102	0	0.5	0.571
9606.ENSP00000385675	9606.ENSP00000398632	IL6	CD44	9606	0.821	0	0	0	0.095	0	0	0.811
9606.ENSP00000385675	9606.ENSP00000414303	IL6	BDNF	9606	0.846	0	0	0	0.05	0	0	0.844
9606.ENSP00000385675	9606.ENSP00000386884	IL6	CXCR4	9606	0.921	0	0	0	0.1	0	0	0.916
9606.ENSP00000385675	9606.ENSP00000398698	IL6	TNF	9606	0.994	0	0	0	0.261	0	0.4	0.989
9606.ENSP00000385675	9606.ENSP00000499900	IL6	JAK1	9606	0.996	0	0	0	0.077	0.224	0.9	0.96
9606.ENSP00000385675	9606.ENSP00000412237	IL6	IL10	9606	0.997	0	0	0	0.13	0	0.8	0.988
9606.ENSP00000386884	9606.ENSP00000398698	CXCR4	TNF	9606	0.814	0	0	0	0.131	0	0	0.795
9606.ENSP00000386884	9606.ENSP00000398632	CXCR4	CD44	9606	0.994	0	0	0	0.106	0	0	0.994
9606.ENSP00000392709	9606.ENSP00000497587	NDUFS1	NDUFV1	9606	0.999	0.231	0	0.421	0.986	0.999	0.98	0.999
9606.ENSP00000397261	9606.ENSP00000430656	SELENBP1	CA1	9606	0.726	0	0	0	0.629	0	0	0.292
9606.ENSP00000397261	9606.ENSP00000495530	SELENBP1	ENO1	9606	0.751	0	0	0	0.042	0	0	0.751
9606.ENSP00000398632	9606.ENSP00000410294	CD44	FGFR2	9606	0.709	0	0	0	0.054	0.23	0	0.632
9606.ENSP00000398632	9606.ENSP00000463978	CD44	SLC16A3	9606	0.717	0	0	0	0.084	0.292	0	0.599
9606.ENSP00000398632	9606.ENSP00000478887	CD44	MYC	9606	0.772	0	0	0	0.067	0.161	0	0.732
9606.ENSP00000398632	9606.ENSP00000400175	CD44	RHOA	9606	0.783	0	0	0	0.109	0.162	0	0.732
9606.ENSP00000398632	9606.ENSP00000412237	CD44	IL10	9606	0.795	0	0	0	0.049	0	0	0.793
9606.ENSP00000398632	9606.ENSP00000484824	CD44	MUC1	9606	0.818	0	0	0	0.072	0	0	0.812
9606.ENSP00000398632	9606.ENSP00000398698	CD44	TNF	9606	0.822	0	0	0	0.098	0	0	0.811
9606.ENSP00000398632	9606.ENSP00000415283	CD44	ICAM2	9606	0.851	0	0	0	0.096	0	0	0.842
9606.ENSP00000398698	9606.ENSP00000478887	TNF	MYC	9606	0.702	0	0	0	0.062	0	0	0.696
9606.ENSP00000398698	9606.ENSP00000431775	TNF	IL32	9606	0.712	0	0	0	0.079	0	0	0.701
9606.ENSP00000398698	9606.ENSP00000440689	TNF	CYP2E1	9606	0.729	0	0	0	0	0	0	0.729
9606.ENSP00000398698	9606.ENSP00000414303	TNF	BDNF	9606	0.739	0	0	0	0	0	0	0.739
9606.ENSP00000398698	9606.ENSP00000400175	TNF	RHOA	9606	0.779	0	0	0	0.087	0	0	0.767
9606.ENSP00000398698	9606.ENSP00000478699	TNF	TNFRSF9	9606	0.816	0	0	0	0.167	0	0	0.788
9606.ENSP00000398698	9606.ENSP00000499900	TNF	JAK1	9606	0.828	0	0	0	0.096	0.49	0	0.658
9606.ENSP00000398698	9606.ENSP00000404131	TNF	TGFA	9606	0.833	0	0	0	0.044	0	0	0.833
9606.ENSP00000398698	9606.ENSP00000412237	TNF	IL10	9606	0.992	0	0	0	0.234	0	0.4	0.984
9606.ENSP00000398698	9606.ENSP00000477613	TNF	BIRC2	9606	0.999	0	0	0	0.069	0.994	0.5	0.785
9606.ENSP00000400175	9606.ENSP00000478887	RHOA	MYC	9606	0.727	0	0	0	0.049	0.045	0	0.724
9606.ENSP00000404131	9606.ENSP00000407586	TGFA	HRAS	9606	0.704	0	0	0	0	0	0.5	0.433
9606.ENSP00000404131	9606.ENSP00000410294	TGFA	FGFR2	9606	0.771	0	0	0	0	0	0.65	0.374
9606.ENSP00000406861	9606.ENSP00000484824	MUC6	MUC1	9606	0.977	0	0	0	0.066	0.098	0.5	0.953
9606.ENSP00000407586	9606.ENSP00000478887	HRAS	MYC	9606	0.871	0	0	0	0.059	0.045	0	0.868
9606.ENSP00000407586	9606.ENSP00000496129	HRAS	PRKCB	9606	0.919	0	0	0	0.06	0	0.9	0.207
9606.ENSP00000407586	9606.ENSP00000489597	HRAS	PTPN11	9606	0.926	0	0	0	0.067	0.153	0.5	0.836
9606.ENSP00000407586	9606.ENSP00000410294	HRAS	FGFR2	9606	0.961	0	0	0	0	0.099	0.9	0.607
9606.ENSP00000407586	9606.ENSP00000418915	HRAS	CDKN2A	9606	0.99	0	0	0	0.055	0.16	0.9	0.893
9606.ENSP00000408025	9606.ENSP00000497767	FBP1	ALDOB	9606	0.982	0.046	0	0	0.234	0.071	0.938	0.648
9606.ENSP00000410294	9606.ENSP00000489597	FGFR2	PTPN11	9606	0.802	0	0	0	0.06	0.24	0.4	0.593
9606.ENSP00000410294	9606.ENSP00000414303	FGFR2	BDNF	9606	0.827	0	0	0	0	0	0.65	0.525
9606.ENSP00000410294	9606.ENSP00000499900	FGFR2	JAK1	9606	0.913	0	0	0	0	0.074	0.9	0.145
9606.ENSP00000412237	9606.ENSP00000484824	IL10	MUC1	9606	0.707	0	0	0	0.067	0	0	0.699
9606.ENSP00000412237	9606.ENSP00000499900	IL10	JAK1	9606	0.976	0	0	0	0.055	0.052	0.5	0.953
9606.ENSP00000417132	9606.ENSP00000430432	BAP1	HDAC2	9606	0.913	0	0	0	0	0	0.9	0.169
9606.ENSP00000417132	9606.ENSP00000418960	BAP1	BRCA1	9606	0.995	0	0	0	0	0.292	0.5	0.987
9606.ENSP00000418112	9606.ENSP00000418582	PTPRG	FHIT	9606	0.72	0	0	0	0.103	0.071	0	0.692
9606.ENSP00000418582	9606.ENSP00000418915	FHIT	CDKN2A	9606	0.701	0	0	0	0	0.047	0	0.7
9606.ENSP00000418582	9606.ENSP00000457230	FHIT	WWOX	9606	0.938	0	0	0	0.068	0	0	0.936
9606.ENSP00000418915	9606.ENSP00000463069	CDKN2A	RNF43	9606	0.7	0	0	0	0	0	0	0.7
9606.ENSP00000418915	9606.ENSP00000418960	CDKN2A	BRCA1	9606	0.832	0	0	0	0.045	0.309	0	0.766
9606.ENSP00000418915	9606.ENSP00000478887	CDKN2A	MYC	9606	0.998	0	0	0	0.055	0.783	0.9	0.929
9606.ENSP00000418960	9606.ENSP00000498881	BRCA1	ERCC5	9606	0.911	0	0	0	0.074	0.292	0.54	0.739
9606.ENSP00000418960	9606.ENSP00000451974	BRCA1	XRCC3	9606	0.953	0	0	0	0.058	0.045	0.5	0.908
9606.ENSP00000418960	9606.ENSP00000430432	BRCA1	HDAC2	9606	0.953	0	0	0	0.064	0.61	0	0.883
9606.ENSP00000418960	9606.ENSP00000478887	BRCA1	MYC	9606	0.999	0	0	0	0.049	0.825	0	0.995
9606.ENSP00000419425	9606.ENSP00000437125	PPIA	HSPA8	9606	0.777	0	0.004	0	0.378	0.095	0	0.636
9606.ENSP00000419425	9606.ENSP00000495530	PPIA	ENO1	9606	0.87	0	0	0	0.342	0.479	0	0.652
9606.ENSP00000430432	9606.ENSP00000478887	HDAC2	MYC	9606	0.838	0	0	0	0.056	0.426	0	0.726
9606.ENSP00000430432	9606.ENSP00000442788	HDAC2	TET2	9606	0.989	0	0	0	0	0.095	0	0.989
9606.ENSP00000430432	9606.ENSP00000440542	HDAC2	CHD4	9606	0.999	0	0	0	0.115	0.929	0.9	0.993
9606.ENSP00000437125	9606.ENSP00000478887	HSPA8	MYC	9606	0.716	0	0	0	0.092	0.216	0	0.634
9606.ENSP00000437125	9606.ENSP00000495530	HSPA8	ENO1	9606	0.876	0.046	0	0	0.436	0.181	0	0.751
9606.ENSP00000447001	9606.ENSP00000455106	RPL18	BOP1	9606	0.933	0	0	0	0.072	0.858	0.5	0.108
9606.ENSP00000447001	9606.ENSP00000470972	RPL18	RPS19	9606	0.999	0	0	0	0.981	0.994	0	0.731
9606.ENSP00000447001	9606.ENSP00000466010	RPL18	RPS15	9606	0.999	0.05	0	0	0.999	0.993	0	0.667
9606.ENSP00000451974	9606.ENSP00000498881	XRCC3	ERCC5	9606	0.729	0.057	0	0	0.136	0.176	0	0.644
9606.ENSP00000462521	9606.ENSP00000489597	TXNIP	PTPN11	9606	0.972	0	0	0	0	0.971	0	0.102
9606.ENSP00000466010	9606.ENSP00000470972	RPS15	RPS19	9606	0.999	0	0	0	0.991	0.995	0.9	0.795
9606.ENSP00000467024	9606.ENSP00000498881	RAD23A	ERCC5	9606	0.747	0	0	0	0.072	0.053	0.5	0.492
9606.ENSP00000482773	9606.ENSP00000497587	IDH3B	NDUFV1	9606	0.896	0.045	0	0	0.84	0.093	0	0.34
9606.ENSP00000489597	9606.ENSP00000499900	PTPN11	JAK1	9606	0.994	0	0	0	0.082	0.75	0.9	0.772
9606.ENSP00000495530	9606.ENSP00000497767	ENO1	ALDOB	9606	0.936	0	0	0	0.211	0.072	0.82	0.571
9606.ENSP00000498748	9606.ENSP00000500891	GREM1	MUTYH	9606	0.701	0	0	0	0	0	0	0.701
